{
  "type": "Feature",
  "properties": {
    "id": "henry-coe",
    "name": "Henry Coe build boundary",
    "boundaryVersion": "henry-coe-boundary-v1",
    "sourceNamedAreaIds": [
      "osm:relation/11341366",
      "osm:relation/16859470"
    ]
  },
  "geometry": {
    "type": "MultiPolygon",
    "coordinates": [
      [
        [
          [
            -121.596281,
            37.1331042
          ],
          [
            -121.5957861,
            37.1322665
          ],
          [
            -121.5955731,
            37.1320303
          ],
          [
            -121.5951819,
            37.1317593
          ],
          [
            -121.5951976,
            37.1314168
          ],
          [
            -121.5949864,
            37.1311877
          ],
          [
            -121.5946055,
            37.1309269
          ],
          [
            -121.5943026,
            37.1303161
          ],
          [
            -121.5937736,
            37.129486
          ],
          [
            -121.5930293,
            37.1286716
          ],
          [
            -121.59282,
            37.1285332
          ],
          [
            -121.5925163,
            37.1283166
          ],
          [
            -121.5917296,
            37.1278555
          ],
          [
            -121.5915786,
            37.1279121
          ],
          [
            -121.5912317,
            37.1277852
          ],
          [
            -121.5909835,
            37.1275873
          ],
          [
            -121.5906188,
            37.1273814
          ],
          [
            -121.5902099,
            37.127504
          ],
          [
            -121.5900739,
            37.1273864
          ],
          [
            -121.5901231,
            37.1271491
          ],
          [
            -121.5898463,
            37.1267294
          ],
          [
            -121.5900323,
            37.12665
          ],
          [
            -121.5896931,
            37.1261314
          ],
          [
            -121.5907814,
            37.1257108
          ],
          [
            -121.5898691,
            37.124166
          ],
          [
            -121.5897456,
            37.1242137
          ],
          [
            -121.5896439,
            37.1240416
          ],
          [
            -121.5872516,
            37.124879
          ],
          [
            -121.5861994,
            37.123097
          ],
          [
            -121.5737939,
            37.1273973
          ],
          [
            -121.5710585,
            37.1231419
          ],
          [
            -121.56739,
            37.1176388
          ],
          [
            -121.5853994,
            37.1112699
          ],
          [
            -121.5844717,
            37.1095903
          ],
          [
            -121.5844591,
            37.1095947
          ],
          [
            -121.5840164,
            37.1087932
          ],
          [
            -121.584029,
            37.1087887
          ],
          [
            -121.5827793,
            37.1065256
          ],
          [
            -121.5869299,
            37.1050552
          ],
          [
            -121.5866547,
            37.1049809
          ],
          [
            -121.5869382,
            37.1048805
          ],
          [
            -121.5816028,
            37.0951866
          ],
          [
            -121.5750737,
            37.0974871
          ],
          [
            -121.5733028,
            37.0942617
          ],
          [
            -121.5711161,
            37.0950344
          ],
          [
            -121.571025,
            37.0948685
          ],
          [
            -121.568619,
            37.0957187
          ],
          [
            -121.5627905,
            37.0850963
          ],
          [
            -121.5589202,
            37.0864637
          ],
          [
            -121.5576845,
            37.0858007
          ],
          [
            -121.5554946,
            37.0836225
          ],
          [
            -121.5551769,
            37.0837347
          ],
          [
            -121.5551313,
            37.0836517
          ],
          [
            -121.5550276,
            37.0836884
          ],
          [
            -121.5532125,
            37.0803723
          ],
          [
            -121.5463845,
            37.0827645
          ],
          [
            -121.5434109,
            37.0773301
          ],
          [
            -121.5408437,
            37.0781757
          ],
          [
            -121.5368999,
            37.0720659
          ],
          [
            -121.5323694,
            37.0653328
          ],
          [
            -121.5319804,
            37.0647092
          ],
          [
            -121.5323707,
            37.0647175
          ],
          [
            -121.5319362,
            37.0639996
          ],
          [
            -121.5316221,
            37.0635511
          ],
          [
            -121.5311619,
            37.0628641
          ],
          [
            -121.530863,
            37.0629927
          ],
          [
            -121.5263325,
            37.056204
          ],
          [
            -121.5280798,
            37.0539411
          ],
          [
            -121.527309,
            37.0533803
          ],
          [
            -121.5271332,
            37.0534666
          ],
          [
            -121.5269466,
            37.0535452
          ],
          [
            -121.526109,
            37.0538419
          ],
          [
            -121.5260425,
            37.0538688
          ],
          [
            -121.5259792,
            37.0539005
          ],
          [
            -121.5259009,
            37.0539495
          ],
          [
            -121.5258473,
            37.053991
          ],
          [
            -121.5257667,
            37.0540669
          ],
          [
            -121.5257147,
            37.0541099
          ],
          [
            -121.5256581,
            37.0541489
          ],
          [
            -121.5255974,
            37.0541837
          ],
          [
            -121.5254884,
            37.0542317
          ],
          [
            -121.5251041,
            37.0543631
          ],
          [
            -121.5251446,
            37.0544238
          ],
          [
            -121.5248306,
            37.0545383
          ],
          [
            -121.5242986,
            37.0550105
          ],
          [
            -121.5240205,
            37.0551272
          ],
          [
            -121.5236775,
            37.0553497
          ],
          [
            -121.5232523,
            37.0558895
          ],
          [
            -121.5231643,
            37.056149
          ],
          [
            -121.5233012,
            37.0564197
          ],
          [
            -121.5233409,
            37.0568687
          ],
          [
            -121.5229409,
            37.0565079
          ],
          [
            -121.5227172,
            37.0564052
          ],
          [
            -121.52251,
            37.0563515
          ],
          [
            -121.5219735,
            37.0564283
          ],
          [
            -121.521696,
            37.056477
          ],
          [
            -121.5214276,
            37.0565755
          ],
          [
            -121.5210578,
            37.0566895
          ],
          [
            -121.5207275,
            37.0570991
          ],
          [
            -121.5206717,
            37.0574987
          ],
          [
            -121.5205932,
            37.0579263
          ],
          [
            -121.5205945,
            37.0581328
          ],
          [
            -121.5206082,
            37.0583335
          ],
          [
            -121.5207705,
            37.0588229
          ],
          [
            -121.520815,
            37.0590679
          ],
          [
            -121.5208942,
            37.0592154
          ],
          [
            -121.5210271,
            37.0596288
          ],
          [
            -121.5211401,
            37.060031
          ],
          [
            -121.5207282,
            37.0596997
          ],
          [
            -121.5202354,
            37.0593352
          ],
          [
            -121.520152,
            37.0593083
          ],
          [
            -121.5199551,
            37.0593275
          ],
          [
            -121.5197733,
            37.0589844
          ],
          [
            -121.5195436,
            37.0587644
          ],
          [
            -121.5194975,
            37.0587814
          ],
          [
            -121.5199608,
            37.0595725
          ],
          [
            -121.5205077,
            37.0604455
          ],
          [
            -121.5208594,
            37.0608561
          ],
          [
            -121.5211952,
            37.0612978
          ],
          [
            -121.5219218,
            37.0625344
          ],
          [
            -121.5219434,
            37.0634007
          ],
          [
            -121.5222026,
            37.0644221
          ],
          [
            -121.5222321,
            37.0651286
          ],
          [
            -121.5224525,
            37.0657732
          ],
          [
            -121.5224826,
            37.0661068
          ],
          [
            -121.5227328,
            37.0667862
          ],
          [
            -121.5225755,
            37.0671353
          ],
          [
            -121.5224892,
            37.0676022
          ],
          [
            -121.5221529,
            37.0677867
          ],
          [
            -121.521503,
            37.0680156
          ],
          [
            -121.5177327,
            37.0736369
          ],
          [
            -121.516507,
            37.0742119
          ],
          [
            -121.5162632,
            37.0746298
          ],
          [
            -121.5155783,
            37.0748162
          ],
          [
            -121.5152544,
            37.0750216
          ],
          [
            -121.5151453,
            37.0750932
          ],
          [
            -121.5143578,
            37.0759755
          ],
          [
            -121.5135578,
            37.0760099
          ],
          [
            -121.5125219,
            37.0762083
          ],
          [
            -121.5119265,
            37.0760177
          ],
          [
            -121.5126661,
            37.0771296
          ],
          [
            -121.5136892,
            37.0773192
          ],
          [
            -121.5138974,
            37.078066
          ],
          [
            -121.514358,
            37.0782015
          ],
          [
            -121.5153193,
            37.0785383
          ],
          [
            -121.5161491,
            37.0790805
          ],
          [
            -121.517153,
            37.0793922
          ],
          [
            -121.5178666,
            37.0797896
          ],
          [
            -121.5181051,
            37.0799912
          ],
          [
            -121.5183164,
            37.080532
          ],
          [
            -121.5189496,
            37.0806197
          ],
          [
            -121.519299,
            37.0804458
          ],
          [
            -121.5197258,
            37.0804566
          ],
          [
            -121.5204238,
            37.0806853
          ],
          [
            -121.5210546,
            37.0810366
          ],
          [
            -121.5214391,
            37.0810958
          ],
          [
            -121.5219864,
            37.0813323
          ],
          [
            -121.5219853,
            37.0815478
          ],
          [
            -121.5223695,
            37.0814258
          ],
          [
            -121.523211,
            37.0817702
          ],
          [
            -121.5244904,
            37.0825234
          ],
          [
            -121.5246272,
            37.0831484
          ],
          [
            -121.525386,
            37.0829593
          ],
          [
            -121.5258907,
            37.0833677
          ],
          [
            -121.526248,
            37.0840997
          ],
          [
            -121.5265703,
            37.084438
          ],
          [
            -121.5268861,
            37.0849699
          ],
          [
            -121.5273561,
            37.0853414
          ],
          [
            -121.5272562,
            37.0856098
          ],
          [
            -121.5276198,
            37.0856388
          ],
          [
            -121.5278282,
            37.08575
          ],
          [
            -121.5281624,
            37.086069
          ],
          [
            -121.5285211,
            37.0864523
          ],
          [
            -121.5287975,
            37.0868183
          ],
          [
            -121.5290672,
            37.0872063
          ],
          [
            -121.5295001,
            37.0876586
          ],
          [
            -121.529806,
            37.0879658
          ],
          [
            -121.5310598,
            37.0883597
          ],
          [
            -121.5311307,
            37.0887352
          ],
          [
            -121.5313717,
            37.0888661
          ],
          [
            -121.5315997,
            37.089014
          ],
          [
            -121.5317341,
            37.0894022
          ],
          [
            -121.5320996,
            37.0903482
          ],
          [
            -121.5323762,
            37.0907862
          ],
          [
            -121.5331894,
            37.0911472
          ],
          [
            -121.5331458,
            37.0918551
          ],
          [
            -121.5331009,
            37.0920786
          ],
          [
            -121.5327928,
            37.0923136
          ],
          [
            -121.5331201,
            37.092417
          ],
          [
            -121.5331168,
            37.0928888
          ],
          [
            -121.5334664,
            37.0932973
          ],
          [
            -121.5336507,
            37.0935601
          ],
          [
            -121.5336552,
            37.0938131
          ],
          [
            -121.5334719,
            37.0941247
          ],
          [
            -121.5339489,
            37.0941357
          ],
          [
            -121.5343347,
            37.0943779
          ],
          [
            -121.53448,
            37.0946627
          ],
          [
            -121.5351931,
            37.095434
          ],
          [
            -121.5353882,
            37.0959618
          ],
          [
            -121.5356725,
            37.096316
          ],
          [
            -121.53632,
            37.0966825
          ],
          [
            -121.5362017,
            37.0970858
          ],
          [
            -121.5366851,
            37.0970755
          ],
          [
            -121.5369237,
            37.0975734
          ],
          [
            -121.5374067,
            37.0978542
          ],
          [
            -121.5380663,
            37.0985236
          ],
          [
            -121.5384504,
            37.0991351
          ],
          [
            -121.5387428,
            37.099695
          ],
          [
            -121.5389821,
            37.0998417
          ],
          [
            -121.5391881,
            37.1003161
          ],
          [
            -121.5394715,
            37.1001014
          ],
          [
            -121.5396468,
            37.1001598
          ],
          [
            -121.5400814,
            37.100664
          ],
          [
            -121.540331,
            37.1011834
          ],
          [
            -121.5403663,
            37.1012431
          ],
          [
            -121.5403304,
            37.1017687
          ],
          [
            -121.5401249,
            37.1019525
          ],
          [
            -121.5408242,
            37.1024998
          ],
          [
            -121.540968,
            37.1032197
          ],
          [
            -121.5409715,
            37.1032545
          ],
          [
            -121.5409619,
            37.1033121
          ],
          [
            -121.5409472,
            37.1033449
          ],
          [
            -121.5409261,
            37.1033755
          ],
          [
            -121.5401324,
            37.1041621
          ],
          [
            -121.540794,
            37.1044011
          ],
          [
            -121.5413327,
            37.1043074
          ],
          [
            -121.5413658,
            37.104306
          ],
          [
            -121.5414093,
            37.1043121
          ],
          [
            -121.5414585,
            37.1043318
          ],
          [
            -121.5414975,
            37.104363
          ],
          [
            -121.5416291,
            37.1045548
          ],
          [
            -121.5416515,
            37.1049828
          ],
          [
            -121.5416018,
            37.1053827
          ],
          [
            -121.5419106,
            37.1055731
          ],
          [
            -121.5420557,
            37.1058714
          ],
          [
            -121.5420043,
            37.1062148
          ],
          [
            -121.5426928,
            37.1075334
          ],
          [
            -121.5421729,
            37.1077309
          ],
          [
            -121.5416488,
            37.1083282
          ],
          [
            -121.5418358,
            37.1082665
          ],
          [
            -121.5419293,
            37.1082491
          ],
          [
            -121.5419868,
            37.1082454
          ],
          [
            -121.5420444,
            37.1082469
          ],
          [
            -121.5421015,
            37.1082535
          ],
          [
            -121.5421572,
            37.1082653
          ],
          [
            -121.5433308,
            37.1086489
          ],
          [
            -121.5433971,
            37.1086805
          ],
          [
            -121.5434703,
            37.1087306
          ],
          [
            -121.5435307,
            37.1087907
          ],
          [
            -121.5435682,
            37.1088446
          ],
          [
            -121.5435895,
            37.1088877
          ],
          [
            -121.5437834,
            37.1093552
          ],
          [
            -121.5437576,
            37.1120206
          ],
          [
            -121.544887,
            37.1120233
          ],
          [
            -121.5458576,
            37.112809
          ],
          [
            -121.5458255,
            37.1162215
          ],
          [
            -121.5358141,
            37.1162979
          ],
          [
            -121.5261925,
            37.1164815
          ],
          [
            -121.5263724,
            37.1274274
          ],
          [
            -121.5264476,
            37.1311715
          ],
          [
            -121.5457163,
            37.131083
          ],
          [
            -121.5458247,
            37.1460805
          ],
          [
            -121.5506511,
            37.1460583
          ],
          [
            -121.550727,
            37.1565624
          ],
          [
            -121.5546672,
            37.1562726
          ],
          [
            -121.5546652,
            37.1500126
          ],
          [
            -121.5564262,
            37.1488798
          ],
          [
            -121.5563186,
            37.148783
          ],
          [
            -121.5562364,
            37.1486873
          ],
          [
            -121.556169,
            37.1485844
          ],
          [
            -121.5561202,
            37.1484832
          ],
          [
            -121.5560857,
            37.1483782
          ],
          [
            -121.5560638,
            37.1482483
          ],
          [
            -121.5560638,
            37.1481172
          ],
          [
            -121.5560299,
            37.1480637
          ],
          [
            -121.5559659,
            37.1480326
          ],
          [
            -121.555891,
            37.148033
          ],
          [
            -121.5558276,
            37.148065
          ],
          [
            -121.55552,
            37.1471131
          ],
          [
            -121.5586532,
            37.1473907
          ],
          [
            -121.5600755,
            37.1473809
          ],
          [
            -121.5608614,
            37.146787
          ],
          [
            -121.5624721,
            37.1466592
          ],
          [
            -121.5639578,
            37.1475669
          ],
          [
            -121.5641415,
            37.1480258
          ],
          [
            -121.5657772,
            37.1487552
          ],
          [
            -121.5659406,
            37.1488082
          ],
          [
            -121.5661153,
            37.1488269
          ],
          [
            -121.5662904,
            37.1488104
          ],
          [
            -121.5664548,
            37.1487595
          ],
          [
            -121.5665707,
            37.1486968
          ],
          [
            -121.5666795,
            37.1486487
          ],
          [
            -121.5667888,
            37.1486285
          ],
          [
            -121.566901,
            37.1486316
          ],
          [
            -121.5670083,
            37.1486579
          ],
          [
            -121.5671034,
            37.1487056
          ],
          [
            -121.568764,
            37.1493736
          ],
          [
            -121.5696328,
            37.1495223
          ],
          [
            -121.5697919,
            37.1504163
          ],
          [
            -121.5699989,
            37.151263
          ],
          [
            -121.5700138,
            37.1520594
          ],
          [
            -121.5721502,
            37.1534033
          ],
          [
            -121.5727831,
            37.1548846
          ],
          [
            -121.5743876,
            37.1552868
          ],
          [
            -121.5744811,
            37.1560315
          ],
          [
            -121.5755091,
            37.1569703
          ],
          [
            -121.5757149,
            37.1574372
          ],
          [
            -121.5761269,
            37.1576932
          ],
          [
            -121.5768806,
            37.1579101
          ],
          [
            -121.5765817,
            37.1583889
          ],
          [
            -121.5768476,
            37.1591641
          ],
          [
            -121.5785914,
            37.1596038
          ],
          [
            -121.5785952,
            37.1595215
          ],
          [
            -121.5785674,
            37.1588817
          ],
          [
            -121.5785599,
            37.1531858
          ],
          [
            -121.5774456,
            37.1515174
          ],
          [
            -121.5776229,
            37.1510023
          ],
          [
            -121.5776444,
            37.1509305
          ],
          [
            -121.5776709,
            37.1508217
          ],
          [
            -121.5776847,
            37.1507487
          ],
          [
            -121.5776956,
            37.1506753
          ],
          [
            -121.577706,
            37.1505648
          ],
          [
            -121.5777095,
            37.150454
          ],
          [
            -121.577708,
            37.1503802
          ],
          [
            -121.5777033,
            37.1503064
          ],
          [
            -121.5776956,
            37.1502328
          ],
          [
            -121.5776848,
            37.1501594
          ],
          [
            -121.5776629,
            37.15005
          ],
          [
            -121.5776445,
            37.1499776
          ],
          [
            -121.5776231,
            37.1499057
          ],
          [
            -121.5775986,
            37.1498345
          ],
          [
            -121.5775712,
            37.1497639
          ],
          [
            -121.5775246,
            37.1496596
          ],
          [
            -121.5774715,
            37.1495572
          ],
          [
            -121.5774121,
            37.1494571
          ],
          [
            -121.5773465,
            37.1493596
          ],
          [
            -121.5773065,
            37.1492863
          ],
          [
            -121.5772639,
            37.1492139
          ],
          [
            -121.5771951,
            37.1491074
          ],
          [
            -121.577146,
            37.1490377
          ],
          [
            -121.5770944,
            37.1489692
          ],
          [
            -121.5770404,
            37.1489019
          ],
          [
            -121.5769839,
            37.1488359
          ],
          [
            -121.5768948,
            37.1487395
          ],
          [
            -121.5768325,
            37.148677
          ],
          [
            -121.5767348,
            37.148586
          ],
          [
            -121.576667,
            37.1485273
          ],
          [
            -121.5765971,
            37.1484701
          ],
          [
            -121.5753993,
            37.1473096
          ],
          [
            -121.5750954,
            37.1467704
          ],
          [
            -121.5749794,
            37.1467253
          ],
          [
            -121.5745018,
            37.1457736
          ],
          [
            -121.5743411,
            37.1456586
          ],
          [
            -121.5742315,
            37.1455841
          ],
          [
            -121.5741201,
            37.1455115
          ],
          [
            -121.5739494,
            37.1454061
          ],
          [
            -121.5737747,
            37.145305
          ],
          [
            -121.5735962,
            37.1452084
          ],
          [
            -121.5734751,
            37.1451464
          ],
          [
            -121.5733525,
            37.1450865
          ],
          [
            -121.5731656,
            37.1450004
          ],
          [
            -121.5730392,
            37.1449457
          ],
          [
            -121.5729115,
            37.144893
          ],
          [
            -121.5728024,
            37.144812
          ],
          [
            -121.5727323,
            37.1447559
          ],
          [
            -121.5726644,
            37.144698
          ],
          [
            -121.5725668,
            37.1446081
          ],
          [
            -121.5725047,
            37.1445463
          ],
          [
            -121.5724159,
            37.1444507
          ],
          [
            -121.5723599,
            37.1443852
          ],
          [
            -121.5722805,
            37.1442844
          ],
          [
            -121.5716366,
            37.1439514
          ],
          [
            -121.5714612,
            37.1435989
          ],
          [
            -121.5714488,
            37.1435501
          ],
          [
            -121.5714369,
            37.1435182
          ],
          [
            -121.5714222,
            37.1434871
          ],
          [
            -121.5714047,
            37.143457
          ],
          [
            -121.5713846,
            37.1434279
          ],
          [
            -121.5713619,
            37.1434001
          ],
          [
            -121.5713367,
            37.1433737
          ],
          [
            -121.5713092,
            37.1433487
          ],
          [
            -121.5712796,
            37.1433255
          ],
          [
            -121.5712314,
            37.1432939
          ],
          [
            -121.5711971,
            37.1432752
          ],
          [
            -121.5711611,
            37.1432586
          ],
          [
            -121.57109,
            37.1432381
          ],
          [
            -121.5710211,
            37.1432132
          ],
          [
            -121.5709549,
            37.1431839
          ],
          [
            -121.5709125,
            37.1431621
          ],
          [
            -121.5697735,
            37.142162
          ],
          [
            -121.5697181,
            37.1420853
          ],
          [
            -121.5696686,
            37.1420062
          ],
          [
            -121.5696251,
            37.1419247
          ],
          [
            -121.5695878,
            37.1418414
          ],
          [
            -121.5695568,
            37.1417564
          ],
          [
            -121.5695322,
            37.14167
          ],
          [
            -121.5695141,
            37.1415827
          ],
          [
            -121.5695108,
            37.1415258
          ],
          [
            -121.5695048,
            37.1414881
          ],
          [
            -121.5694959,
            37.1414508
          ],
          [
            -121.569477,
            37.1413959
          ],
          [
            -121.5694517,
            37.1413427
          ],
          [
            -121.5694202,
            37.1412916
          ],
          [
            -121.5693827,
            37.1412432
          ],
          [
            -121.5693397,
            37.1411978
          ],
          [
            -121.5692944,
            37.1411577
          ],
          [
            -121.5692668,
            37.1411291
          ],
          [
            -121.5692415,
            37.1410993
          ],
          [
            -121.5692081,
            37.1410522
          ],
          [
            -121.5690508,
            37.1406793
          ],
          [
            -121.5687308,
            37.1404226
          ],
          [
            -121.5683717,
            37.139693
          ],
          [
            -121.568103,
            37.1394735
          ],
          [
            -121.5679265,
            37.1393252
          ],
          [
            -121.5677521,
            37.1391753
          ],
          [
            -121.5674946,
            37.1389475
          ],
          [
            -121.567242,
            37.1387162
          ],
          [
            -121.5670764,
            37.13856
          ],
          [
            -121.566913,
            37.1384024
          ],
          [
            -121.5666721,
            37.1381632
          ],
          [
            -121.5664364,
            37.1379207
          ],
          [
            -121.5662059,
            37.137675
          ],
          [
            -121.5659028,
            37.1374814
          ],
          [
            -121.565244,
            37.137556
          ],
          [
            -121.5647703,
            37.1378117
          ],
          [
            -121.5640779,
            37.1372448
          ],
          [
            -121.5636504,
            37.136611
          ],
          [
            -121.5636521,
            37.1356967
          ],
          [
            -121.5636913,
            37.1354029
          ],
          [
            -121.5633914,
            37.1348662
          ],
          [
            -121.5639889,
            37.1348566
          ],
          [
            -121.5641452,
            37.1350663
          ],
          [
            -121.564153,
            37.135343
          ],
          [
            -121.5642054,
            37.1354398
          ],
          [
            -121.5642373,
            37.1355053
          ],
          [
            -121.5642805,
            37.135605
          ],
          [
            -121.5643181,
            37.1357061
          ],
          [
            -121.5646548,
            37.1367481
          ],
          [
            -121.5646719,
            37.1368244
          ],
          [
            -121.5646955,
            37.1368995
          ],
          [
            -121.5647255,
            37.1369732
          ],
          [
            -121.5647491,
            37.1370213
          ],
          [
            -121.5647754,
            37.1370684
          ],
          [
            -121.5648044,
            37.1371146
          ],
          [
            -121.5648361,
            37.1371596
          ],
          [
            -121.5648703,
            37.1372034
          ],
          [
            -121.564907,
            37.1372458
          ],
          [
            -121.5665859,
            37.1373464
          ],
          [
            -121.5669704,
            37.1378373
          ],
          [
            -121.5680958,
            37.1385922
          ],
          [
            -121.5683565,
            37.1384768
          ],
          [
            -121.5695327,
            37.1392797
          ],
          [
            -121.569641,
            37.1396071
          ],
          [
            -121.5704869,
            37.14046
          ],
          [
            -121.5708486,
            37.1404667
          ],
          [
            -121.5708556,
            37.140705
          ],
          [
            -121.5709304,
            37.1408672
          ],
          [
            -121.570978,
            37.1410337
          ],
          [
            -121.5710897,
            37.1411913
          ],
          [
            -121.5711964,
            37.1413512
          ],
          [
            -121.5712088,
            37.1416173
          ],
          [
            -121.5712983,
            37.1416918
          ],
          [
            -121.5713552,
            37.1417436
          ],
          [
            -121.5714097,
            37.1417969
          ],
          [
            -121.571487,
            37.1418798
          ],
          [
            -121.5715586,
            37.1419658
          ],
          [
            -121.5716032,
            37.1420248
          ],
          [
            -121.5716451,
            37.142085
          ],
          [
            -121.5717029,
            37.1421774
          ],
          [
            -121.571738,
            37.1422404
          ],
          [
            -121.5717702,
            37.1423043
          ],
          [
            -121.5718133,
            37.1424018
          ],
          [
            -121.571972,
            37.1425098
          ],
          [
            -121.5721263,
            37.142622
          ],
          [
            -121.572276,
            37.1427381
          ],
          [
            -121.5724209,
            37.142858
          ],
          [
            -121.5725608,
            37.1429816
          ],
          [
            -121.5726957,
            37.1431088
          ],
          [
            -121.5728253,
            37.1432394
          ],
          [
            -121.5729496,
            37.1433733
          ],
          [
            -121.5731597,
            37.1434071
          ],
          [
            -121.5733979,
            37.1436595
          ],
          [
            -121.5736924,
            37.1437409
          ],
          [
            -121.573835,
            37.1439881
          ],
          [
            -121.573983,
            37.1440836
          ],
          [
            -121.5740794,
            37.1441494
          ],
          [
            -121.5741741,
            37.1442169
          ],
          [
            -121.5743126,
            37.1443211
          ],
          [
            -121.5744026,
            37.1443926
          ],
          [
            -121.5745308,
            37.1445
          ],
          [
            -121.5746534,
            37.1446094
          ],
          [
            -121.5747715,
            37.1447218
          ],
          [
            -121.5751649,
            37.1448958
          ],
          [
            -121.5762941,
            37.1459171
          ],
          [
            -121.5772579,
            37.1464672
          ],
          [
            -121.5777043,
            37.1466136
          ],
          [
            -121.5777142,
            37.1468208
          ],
          [
            -121.5777519,
            37.1469038
          ],
          [
            -121.5777805,
            37.146958
          ],
          [
            -121.5778119,
            37.1470113
          ],
          [
            -121.5778639,
            37.1470892
          ],
          [
            -121.5779018,
            37.1471397
          ],
          [
            -121.5779423,
            37.1471888
          ],
          [
            -121.5779852,
            37.1472367
          ],
          [
            -121.5780306,
            37.147283
          ],
          [
            -121.5781028,
            37.1473498
          ],
          [
            -121.5781538,
            37.1473922
          ],
          [
            -121.5782069,
            37.147433
          ],
          [
            -121.5787313,
            37.1476284
          ],
          [
            -121.5787262,
            37.1479711
          ],
          [
            -121.5788396,
            37.148524
          ],
          [
            -121.5786357,
            37.1492567
          ],
          [
            -121.5788077,
            37.1494295
          ],
          [
            -121.5789319,
            37.1498335
          ],
          [
            -121.5791563,
            37.1501942
          ],
          [
            -121.5793007,
            37.1507904
          ],
          [
            -121.5792132,
            37.1510941
          ],
          [
            -121.5790299,
            37.1512328
          ],
          [
            -121.579037,
            37.1513531
          ],
          [
            -121.5790408,
            37.1513739
          ],
          [
            -121.5790516,
            37.1514043
          ],
          [
            -121.5790622,
            37.1514236
          ],
          [
            -121.5790827,
            37.1514506
          ],
          [
            -121.5791326,
            37.1514959
          ],
          [
            -121.5791519,
            37.1515171
          ],
          [
            -121.5791689,
            37.1515396
          ],
          [
            -121.5791832,
            37.1515631
          ],
          [
            -121.5791949,
            37.1515876
          ],
          [
            -121.5792039,
            37.1516128
          ],
          [
            -121.57921,
            37.1516386
          ],
          [
            -121.5792137,
            37.1516778
          ],
          [
            -121.5792126,
            37.151704
          ],
          [
            -121.5792086,
            37.15173
          ],
          [
            -121.5791972,
            37.1517682
          ],
          [
            -121.5791674,
            37.1518289
          ],
          [
            -121.5791597,
            37.1518539
          ],
          [
            -121.5791549,
            37.1518793
          ],
          [
            -121.579153,
            37.151905
          ],
          [
            -121.5791541,
            37.1519307
          ],
          [
            -121.5791581,
            37.1519562
          ],
          [
            -121.579165,
            37.1519813
          ],
          [
            -121.5791748,
            37.1520058
          ],
          [
            -121.5791873,
            37.1520295
          ],
          [
            -121.5792025,
            37.1520522
          ],
          [
            -121.57923,
            37.1520838
          ],
          [
            -121.5792576,
            37.1521311
          ],
          [
            -121.5792824,
            37.1521793
          ],
          [
            -121.5793044,
            37.1522285
          ],
          [
            -121.579332,
            37.1523036
          ],
          [
            -121.5793466,
            37.1523544
          ],
          [
            -121.5793583,
            37.1524058
          ],
          [
            -121.579367,
            37.1524575
          ],
          [
            -121.5798533,
            37.1527935
          ],
          [
            -121.580582,
            37.1530426
          ],
          [
            -121.5817066,
            37.1528226
          ],
          [
            -121.5817191,
            37.1527898
          ],
          [
            -121.5817396,
            37.1527505
          ],
          [
            -121.5817592,
            37.1527214
          ],
          [
            -121.5817743,
            37.1527025
          ],
          [
            -121.5818018,
            37.1526731
          ],
          [
            -121.5818275,
            37.1526502
          ],
          [
            -121.5818556,
            37.1526288
          ],
          [
            -121.581884,
            37.1526112
          ],
          [
            -121.5819794,
            37.152567
          ],
          [
            -121.5820448,
            37.1525402
          ],
          [
            -121.5821115,
            37.1525156
          ],
          [
            -121.5822137,
            37.1524827
          ],
          [
            -121.5822832,
            37.1524635
          ],
          [
            -121.5823535,
            37.1524466
          ],
          [
            -121.5824605,
            37.1524256
          ],
          [
            -121.5825689,
            37.1524097
          ],
          [
            -121.5826783,
            37.1523992
          ],
          [
            -121.5827516,
            37.1523951
          ],
          [
            -121.582825,
            37.1523934
          ],
          [
            -121.5828984,
            37.1523941
          ],
          [
            -121.583071,
            37.1524022
          ],
          [
            -121.5832278,
            37.1524064
          ],
          [
            -121.5833533,
            37.1524071
          ],
          [
            -121.5834476,
            37.152406
          ],
          [
            -121.5837744,
            37.1519261
          ],
          [
            -121.5844927,
            37.1521667
          ],
          [
            -121.58462,
            37.152435
          ],
          [
            -121.5846986,
            37.1524659
          ],
          [
            -121.5851267,
            37.1526545
          ],
          [
            -121.5851519,
            37.1526611
          ],
          [
            -121.5851859,
            37.1526632
          ],
          [
            -121.5850023,
            37.1513067
          ],
          [
            -121.5848309,
            37.1496832
          ],
          [
            -121.5845626,
            37.1470198
          ],
          [
            -121.5843646,
            37.1438363
          ],
          [
            -121.5842439,
            37.1408041
          ],
          [
            -121.5841336,
            37.1408071
          ],
          [
            -121.583863,
            37.1393927
          ],
          [
            -121.5834144,
            37.1377528
          ],
          [
            -121.5832821,
            37.1375203
          ],
          [
            -121.5845392,
            37.1382877
          ],
          [
            -121.5866381,
            37.1367775
          ],
          [
            -121.5866342,
            37.1367707
          ],
          [
            -121.5900175,
            37.1354834
          ],
          [
            -121.5899373,
            37.1349351
          ],
          [
            -121.5921652,
            37.1342145
          ],
          [
            -121.5918945,
            37.1347692
          ],
          [
            -121.596281,
            37.1331042
          ]
        ],
        [
          [
            -121.5909789,
            37.1282841
          ],
          [
            -121.5907685,
            37.1286052
          ],
          [
            -121.5905803,
            37.128564
          ],
          [
            -121.5906822,
            37.1281443
          ],
          [
            -121.5909789,
            37.1282841
          ]
        ]
      ],
      [
        [
          [
            -121.5629889,
            37.2381805
          ],
          [
            -121.5629759,
            37.235434
          ],
          [
            -121.5623922,
            37.2349402
          ],
          [
            -121.5618745,
            37.2345748
          ],
          [
            -121.5616686,
            37.2344708
          ],
          [
            -121.5614475,
            37.2343912
          ],
          [
            -121.5608673,
            37.234281
          ],
          [
            -121.560547,
            37.2341765
          ],
          [
            -121.5603549,
            37.2340795
          ],
          [
            -121.5602168,
            37.2339846
          ],
          [
            -121.5601437,
            37.2339022
          ],
          [
            -121.5600895,
            37.2337578
          ],
          [
            -121.5601082,
            37.2336026
          ],
          [
            -121.5601571,
            37.2335126
          ],
          [
            -121.5602414,
            37.2334164
          ],
          [
            -121.5603138,
            37.2333023
          ],
          [
            -121.560366,
            37.2331133
          ],
          [
            -121.5603618,
            37.2329847
          ],
          [
            -121.560325,
            37.2328603
          ],
          [
            -121.5602588,
            37.2327428
          ],
          [
            -121.5601643,
            37.2326378
          ],
          [
            -121.5601407,
            37.2325746
          ],
          [
            -121.5601171,
            37.2324464
          ],
          [
            -121.5601404,
            37.2322524
          ],
          [
            -121.5602321,
            37.2320737
          ],
          [
            -121.5603287,
            37.2319675
          ],
          [
            -121.5612455,
            37.2313064
          ],
          [
            -121.5613538,
            37.2311971
          ],
          [
            -121.5614366,
            37.2310766
          ],
          [
            -121.5615351,
            37.2308457
          ],
          [
            -121.5616449,
            37.2305124
          ],
          [
            -121.5617549,
            37.2300024
          ],
          [
            -121.56179,
            37.2296044
          ],
          [
            -121.5617631,
            37.2295004
          ],
          [
            -121.5617036,
            37.2294058
          ],
          [
            -121.5616147,
            37.2293249
          ],
          [
            -121.5614437,
            37.229245
          ],
          [
            -121.5607278,
            37.2292001
          ],
          [
            -121.5606166,
            37.2291691
          ],
          [
            -121.5605226,
            37.229116
          ],
          [
            -121.5604486,
            37.2290435
          ],
          [
            -121.5604047,
            37.2289603
          ],
          [
            -121.560414,
            37.2286938
          ],
          [
            -121.5603821,
            37.2285187
          ],
          [
            -121.5603186,
            37.2283484
          ],
          [
            -121.5601982,
            37.2281543
          ],
          [
            -121.5600773,
            37.2280752
          ],
          [
            -121.5599757,
            37.228051
          ],
          [
            -121.5598213,
            37.228063
          ],
          [
            -121.5596217,
            37.2281473
          ],
          [
            -121.5595017,
            37.2281668
          ],
          [
            -121.5593763,
            37.2281587
          ],
          [
            -121.5592115,
            37.2280944
          ],
          [
            -121.5591276,
            37.2280233
          ],
          [
            -121.5590725,
            37.2279366
          ],
          [
            -121.5590496,
            37.227839
          ],
          [
            -121.5588099,
            37.2272671
          ],
          [
            -121.5538098,
            37.2272696
          ],
          [
            -121.5537679,
            37.2203081
          ],
          [
            -121.5492698,
            37.2203072
          ],
          [
            -121.5492519,
            37.2165221
          ],
          [
            -121.5450774,
            37.2167887
          ],
          [
            -121.5450571,
            37.209236
          ],
          [
            -121.5492279,
            37.2089439
          ],
          [
            -121.549205,
            37.2016719
          ],
          [
            -121.5503278,
            37.1956059
          ],
          [
            -121.5503465,
            37.190535
          ],
          [
            -121.5503503,
            37.1896249
          ],
          [
            -121.5504717,
            37.1895871
          ],
          [
            -121.5505783,
            37.1895145
          ],
          [
            -121.5506614,
            37.1894247
          ],
          [
            -121.550718,
            37.1893208
          ],
          [
            -121.550734,
            37.1892648
          ],
          [
            -121.5507451,
            37.1889492
          ],
          [
            -121.5507664,
            37.1888572
          ],
          [
            -121.5508181,
            37.1887668
          ],
          [
            -121.5509958,
            37.1885632
          ],
          [
            -121.55107,
            37.1883857
          ],
          [
            -121.5510819,
            37.1882612
          ],
          [
            -121.5510516,
            37.1878288
          ],
          [
            -121.5536089,
            37.1878419
          ],
          [
            -121.5535582,
            37.1877596
          ],
          [
            -121.5534898,
            37.1875453
          ],
          [
            -121.5534631,
            37.187348
          ],
          [
            -121.5534765,
            37.1871476
          ],
          [
            -121.5536331,
            37.186961
          ],
          [
            -121.5538129,
            37.1868
          ],
          [
            -121.5538818,
            37.1866799
          ],
          [
            -121.55393,
            37.1864972
          ],
          [
            -121.553916,
            37.186214
          ],
          [
            -121.5538946,
            37.1861292
          ],
          [
            -121.5538053,
            37.1859313
          ],
          [
            -121.5533324,
            37.1854823
          ],
          [
            -121.5530717,
            37.1852838
          ],
          [
            -121.5523989,
            37.184839
          ],
          [
            -121.5520069,
            37.1846251
          ],
          [
            -121.5517804,
            37.1845528
          ],
          [
            -121.5511959,
            37.1843274
          ],
          [
            -121.5508528,
            37.1841451
          ],
          [
            -121.5503397,
            37.1837675
          ],
          [
            -121.550051,
            37.183515
          ],
          [
            -121.549899,
            37.1834488
          ],
          [
            -121.5495513,
            37.183377
          ],
          [
            -121.5495073,
            37.1833326
          ],
          [
            -121.5492331,
            37.183189
          ],
          [
            -121.5489814,
            37.1829335
          ],
          [
            -121.5488893,
            37.1827833
          ],
          [
            -121.5487395,
            37.1826196
          ],
          [
            -121.5483269,
            37.1824429
          ],
          [
            -121.5480307,
            37.1822769
          ],
          [
            -121.5478529,
            37.1821337
          ],
          [
            -121.5472777,
            37.1814768
          ],
          [
            -121.547093,
            37.1813398
          ],
          [
            -121.5468438,
            37.1812398
          ],
          [
            -121.5466034,
            37.181207
          ],
          [
            -121.546122,
            37.1811899
          ],
          [
            -121.5457945,
            37.1805179
          ],
          [
            -121.5457979,
            37.1787351
          ],
          [
            -121.5410384,
            37.178406
          ],
          [
            -121.5410359,
            37.1711711
          ],
          [
            -121.5362245,
            37.1708439
          ],
          [
            -121.5362691,
            37.1671705
          ],
          [
            -121.5458659,
            37.1678049
          ],
          [
            -121.5458779,
            37.1641571
          ],
          [
            -121.5410542,
            37.1638299
          ],
          [
            -121.5410845,
            37.1601463
          ],
          [
            -121.5458979,
            37.1604809
          ],
          [
            -121.5507139,
            37.1600999
          ],
          [
            -121.550727,
            37.1565624
          ],
          [
            -121.5506511,
            37.1460583
          ],
          [
            -121.5458247,
            37.1460805
          ],
          [
            -121.5457163,
            37.131083
          ],
          [
            -121.5264476,
            37.1311715
          ],
          [
            -121.5263485,
            37.1449817
          ],
          [
            -121.5080629,
            37.1449031
          ],
          [
            -121.508083,
            37.1411569
          ],
          [
            -121.508224,
            37.1268109
          ],
          [
            -121.5082689,
            37.1162961
          ],
          [
            -121.4906379,
            37.1161059
          ],
          [
            -121.4813743,
            37.1160519
          ],
          [
            -121.4813021,
            37.1123534
          ],
          [
            -121.4860109,
            37.1123339
          ],
          [
            -121.4859839,
            37.1049101
          ],
          [
            -121.4812286,
            37.1049207
          ],
          [
            -121.4811429,
            37.1012371
          ],
          [
            -121.473795,
            37.101307
          ],
          [
            -121.4728906,
            37.1013142
          ],
          [
            -121.4727451,
            37.1013147
          ],
          [
            -121.4726939,
            37.1011222
          ],
          [
            -121.4726781,
            37.1008811
          ],
          [
            -121.4727067,
            37.1006849
          ],
          [
            -121.4727916,
            37.1004398
          ],
          [
            -121.4729997,
            37.1000225
          ],
          [
            -121.4729819,
            37.099956
          ],
          [
            -121.4726402,
            37.099668
          ],
          [
            -121.4724385,
            37.0994426
          ],
          [
            -121.4716675,
            37.0989194
          ],
          [
            -121.4713455,
            37.0985836
          ],
          [
            -121.4711232,
            37.0983116
          ],
          [
            -121.4708013,
            37.0977605
          ],
          [
            -121.4705994,
            37.0974899
          ],
          [
            -121.4704085,
            37.0971528
          ],
          [
            -121.4703217,
            37.09696
          ],
          [
            -121.4701309,
            37.096386
          ],
          [
            -121.4696401,
            37.095824
          ],
          [
            -121.4692174,
            37.0952219
          ],
          [
            -121.4690737,
            37.0949482
          ],
          [
            -121.4685331,
            37.0936504
          ],
          [
            -121.4681853,
            37.0929606
          ],
          [
            -121.4679386,
            37.0923684
          ],
          [
            -121.4678499,
            37.0919886
          ],
          [
            -121.4678112,
            37.091562
          ],
          [
            -121.467853,
            37.0911805
          ],
          [
            -121.4680086,
            37.09079
          ],
          [
            -121.4683492,
            37.0905373
          ],
          [
            -121.4689232,
            37.0902238
          ],
          [
            -121.4697859,
            37.0896839
          ],
          [
            -121.4698757,
            37.0894627
          ],
          [
            -121.4698897,
            37.0892527
          ],
          [
            -121.4698529,
            37.0890651
          ],
          [
            -121.469698,
            37.0888721
          ],
          [
            -121.4684072,
            37.0883547
          ],
          [
            -121.4678953,
            37.0878838
          ],
          [
            -121.4676615,
            37.0874019
          ],
          [
            -121.4675401,
            37.0868985
          ],
          [
            -121.4674395,
            37.0866055
          ],
          [
            -121.4674578,
            37.0865875
          ],
          [
            -121.467349,
            37.0860947
          ],
          [
            -121.4673594,
            37.085599
          ],
          [
            -121.4674019,
            37.085522
          ],
          [
            -121.4674044,
            37.0854352
          ],
          [
            -121.4676182,
            37.0852233
          ],
          [
            -121.468733,
            37.0847194
          ],
          [
            -121.4693649,
            37.0842459
          ],
          [
            -121.4698389,
            37.083348
          ],
          [
            -121.46985,
            37.08249
          ],
          [
            -121.4696241,
            37.0821702
          ],
          [
            -121.4683494,
            37.0810528
          ],
          [
            -121.4680598,
            37.0805247
          ],
          [
            -121.4669089,
            37.0787415
          ],
          [
            -121.4668084,
            37.0767551
          ],
          [
            -121.467327,
            37.0754282
          ],
          [
            -121.4679693,
            37.0750144
          ],
          [
            -121.4683555,
            37.0748388
          ],
          [
            -121.469074,
            37.0745563
          ],
          [
            -121.4696302,
            37.0741546
          ],
          [
            -121.4700027,
            37.0739434
          ],
          [
            -121.4709059,
            37.07322
          ],
          [
            -121.4708919,
            37.0721301
          ],
          [
            -121.4681296,
            37.072153
          ],
          [
            -121.466937,
            37.0723024
          ],
          [
            -121.4658458,
            37.0717726
          ],
          [
            -121.4654623,
            37.0712049
          ],
          [
            -121.4652578,
            37.0703295
          ],
          [
            -121.4649083,
            37.0693313
          ],
          [
            -121.4644427,
            37.0688162
          ],
          [
            -121.463361,
            37.0681598
          ],
          [
            -121.4610194,
            37.0655635
          ],
          [
            -121.4599738,
            37.0646675
          ],
          [
            -121.4589814,
            37.0634168
          ],
          [
            -121.4591139,
            37.062521
          ],
          [
            -121.4582379,
            37.0610521
          ],
          [
            -121.4566864,
            37.0610606
          ],
          [
            -121.455999,
            37.0601441
          ],
          [
            -121.4545222,
            37.0601237
          ],
          [
            -121.4540802,
            37.059682
          ],
          [
            -121.4542629,
            37.059243
          ],
          [
            -121.4539789,
            37.0586231
          ],
          [
            -121.4522744,
            37.0578947
          ],
          [
            -121.4522166,
            37.0577233
          ],
          [
            -121.4523209,
            37.0577109
          ],
          [
            -121.4521199,
            37.056998
          ],
          [
            -121.4514055,
            37.0560317
          ],
          [
            -121.4505702,
            37.0558518
          ],
          [
            -121.4502551,
            37.0551189
          ],
          [
            -121.449426,
            37.0541241
          ],
          [
            -121.4481601,
            37.0541795
          ],
          [
            -121.4472961,
            37.0537903
          ],
          [
            -121.4469546,
            37.0533254
          ],
          [
            -121.4470729,
            37.0507271
          ],
          [
            -121.4427899,
            37.05072
          ],
          [
            -121.4429058,
            37.0472074
          ],
          [
            -121.4507519,
            37.0471589
          ],
          [
            -121.4507689,
            37.0436681
          ],
          [
            -121.4388931,
            37.043445
          ],
          [
            -121.4295639,
            37.0434194
          ],
          [
            -121.4294349,
            37.0324441
          ],
          [
            -121.4288111,
            37.0324451
          ],
          [
            -121.4283566,
            37.0350001
          ],
          [
            -121.4209701,
            37.0340601
          ],
          [
            -121.4211088,
            37.0428914
          ],
          [
            -121.4206961,
            37.0432401
          ],
          [
            -121.4206161,
            37.043639
          ],
          [
            -121.4209456,
            37.0440325
          ],
          [
            -121.4217187,
            37.0447014
          ],
          [
            -121.422902,
            37.0454339
          ],
          [
            -121.4237239,
            37.0454037
          ],
          [
            -121.4250058,
            37.0464337
          ],
          [
            -121.4250101,
            37.04646
          ],
          [
            -121.4196591,
            37.0497059
          ],
          [
            -121.4182205,
            37.0506177
          ],
          [
            -121.4160831,
            37.0506701
          ],
          [
            -121.4161508,
            37.0518254
          ],
          [
            -121.41602,
            37.051845
          ],
          [
            -121.4160319,
            37.0541528
          ],
          [
            -121.410377,
            37.0543031
          ],
          [
            -121.4046965,
            37.0580826
          ],
          [
            -121.4032721,
            37.0581111
          ],
          [
            -121.4033049,
            37.0587834
          ],
          [
            -121.403213,
            37.058803
          ],
          [
            -121.4032083,
            37.072703
          ],
          [
            -121.3942921,
            37.0727931
          ],
          [
            -121.3943158,
            37.0810963
          ],
          [
            -121.3865867,
            37.0872257
          ],
          [
            -121.3856531,
            37.087277
          ],
          [
            -121.3641181,
            37.0864901
          ],
          [
            -121.3638788,
            37.1028831
          ],
          [
            -121.3513561,
            37.1027411
          ],
          [
            -121.3512591,
            37.1091659
          ],
          [
            -121.3523721,
            37.1084875
          ],
          [
            -121.3525499,
            37.1084107
          ],
          [
            -121.3527379,
            37.1083568
          ],
          [
            -121.3529343,
            37.108326
          ],
          [
            -121.3531319,
            37.108318
          ],
          [
            -121.353503,
            37.1083609
          ],
          [
            -121.3537696,
            37.1084383
          ],
          [
            -121.3540314,
            37.1085772
          ],
          [
            -121.3543165,
            37.1087557
          ],
          [
            -121.3545197,
            37.1089038
          ],
          [
            -121.355885,
            37.109968
          ],
          [
            -121.3561726,
            37.1101635
          ],
          [
            -121.3572948,
            37.1110268
          ],
          [
            -121.3578796,
            37.1114137
          ],
          [
            -121.3581645,
            37.1116316
          ],
          [
            -121.3585134,
            37.1119554
          ],
          [
            -121.3591102,
            37.1126061
          ],
          [
            -121.3592443,
            37.1127883
          ],
          [
            -121.3593997,
            37.1129557
          ],
          [
            -121.3599125,
            37.1133886
          ],
          [
            -121.3601845,
            37.1135437
          ],
          [
            -121.3604445,
            37.1136438
          ],
          [
            -121.3605725,
            37.1136761
          ],
          [
            -121.3608604,
            37.113707
          ],
          [
            -121.3610615,
            37.1137764
          ],
          [
            -121.361174,
            37.1138428
          ],
          [
            -121.3615689,
            37.1141679
          ],
          [
            -121.3619886,
            37.1146035
          ],
          [
            -121.3620836,
            37.1147884
          ],
          [
            -121.3621067,
            37.1149866
          ],
          [
            -121.362038,
            37.115242
          ],
          [
            -121.3620231,
            37.115368
          ],
          [
            -121.3620432,
            37.1154963
          ],
          [
            -121.3620959,
            37.1156157
          ],
          [
            -121.3622333,
            37.1157711
          ],
          [
            -121.3625689,
            37.115965
          ],
          [
            -121.3626997,
            37.116059
          ],
          [
            -121.3628519,
            37.1162346
          ],
          [
            -121.362918,
            37.1163691
          ],
          [
            -121.3630667,
            37.116798
          ],
          [
            -121.3631254,
            37.1170819
          ],
          [
            -121.3631815,
            37.1171967
          ],
          [
            -121.3632928,
            37.1173286
          ],
          [
            -121.3633868,
            37.1173913
          ],
          [
            -121.3634967,
            37.1174331
          ],
          [
            -121.3636152,
            37.117453
          ],
          [
            -121.3637604,
            37.117452
          ],
          [
            -121.3640118,
            37.1174097
          ],
          [
            -121.3643946,
            37.1172412
          ],
          [
            -121.3646575,
            37.1171773
          ],
          [
            -121.3649335,
            37.117173
          ],
          [
            -121.3652025,
            37.1172303
          ],
          [
            -121.3653652,
            37.1173008
          ],
          [
            -121.3657962,
            37.1175882
          ],
          [
            -121.366392,
            37.11805
          ],
          [
            -121.3667126,
            37.1182755
          ],
          [
            -121.3668622,
            37.1184043
          ],
          [
            -121.3669902,
            37.1185501
          ],
          [
            -121.3670904,
            37.1187091
          ],
          [
            -121.3671693,
            37.118881
          ],
          [
            -121.3672238,
            37.1190576
          ],
          [
            -121.3672459,
            37.1192405
          ],
          [
            -121.3672351,
            37.1194238
          ],
          [
            -121.3671933,
            37.1196048
          ],
          [
            -121.3671157,
            37.1197914
          ],
          [
            -121.3669381,
            37.1200659
          ],
          [
            -121.3667843,
            37.1202306
          ],
          [
            -121.3666073,
            37.1203787
          ],
          [
            -121.3662987,
            37.1205641
          ],
          [
            -121.3655556,
            37.1209043
          ],
          [
            -121.3653975,
            37.1210017
          ],
          [
            -121.3652575,
            37.1211186
          ],
          [
            -121.3651292,
            37.1212897
          ],
          [
            -121.3650861,
            37.1214666
          ],
          [
            -121.3651199,
            37.1216457
          ],
          [
            -121.3652214,
            37.1218091
          ],
          [
            -121.3653828,
            37.1219514
          ],
          [
            -121.3655162,
            37.122019
          ],
          [
            -121.3656642,
            37.1220618
          ],
          [
            -121.3664502,
            37.122101
          ],
          [
            -121.3666061,
            37.1221192
          ],
          [
            -121.3667968,
            37.1221657
          ],
          [
            -121.3670613,
            37.1222818
          ],
          [
            -121.3672843,
            37.1224455
          ],
          [
            -121.3674187,
            37.1225988
          ],
          [
            -121.3675254,
            37.122765
          ],
          [
            -121.3676035,
            37.1229429
          ],
          [
            -121.3676486,
            37.1231184
          ],
          [
            -121.3676569,
            37.1232796
          ],
          [
            -121.3676376,
            37.1234412
          ],
          [
            -121.3675693,
            37.1236621
          ],
          [
            -121.3674814,
            37.1238531
          ],
          [
            -121.367457,
            37.1239833
          ],
          [
            -121.3674852,
            37.1241773
          ],
          [
            -121.3675852,
            37.1243542
          ],
          [
            -121.3677488,
            37.1244994
          ],
          [
            -121.3678846,
            37.1245702
          ],
          [
            -121.3680343,
            37.1246178
          ],
          [
            -121.3683072,
            37.124643
          ],
          [
            -121.3687022,
            37.1246362
          ],
          [
            -121.3688701,
            37.1246613
          ],
          [
            -121.3690907,
            37.1247256
          ],
          [
            -121.3692187,
            37.1247903
          ],
          [
            -121.3693265,
            37.1248738
          ],
          [
            -121.3694447,
            37.1250319
          ],
          [
            -121.36952,
            37.1252276
          ],
          [
            -121.3695348,
            37.1254435
          ],
          [
            -121.3694786,
            37.1256555
          ],
          [
            -121.3692543,
            37.1260035
          ],
          [
            -121.3691659,
            37.1262144
          ],
          [
            -121.3691542,
            37.1263798
          ],
          [
            -121.3691886,
            37.1264869
          ],
          [
            -121.3692537,
            37.1265837
          ],
          [
            -121.3693467,
            37.1266654
          ],
          [
            -121.3694602,
            37.126726
          ],
          [
            -121.3695777,
            37.1267661
          ],
          [
            -121.3697491,
            37.1267899
          ],
          [
            -121.3699299,
            37.1267666
          ],
          [
            -121.370036,
            37.1267209
          ],
          [
            -121.3702934,
            37.1265685
          ],
          [
            -121.3704514,
            37.126517
          ],
          [
            -121.3706213,
            37.126489
          ],
          [
            -121.3707942,
            37.1264882
          ],
          [
            -121.3709634,
            37.1265135
          ],
          [
            -121.3711764,
            37.1265924
          ],
          [
            -121.3712985,
            37.126673
          ],
          [
            -121.3714392,
            37.1268296
          ],
          [
            -121.3715117,
            37.1270093
          ],
          [
            -121.3715599,
            37.127993
          ],
          [
            -121.3715985,
            37.1281078
          ],
          [
            -121.3716647,
            37.1282117
          ],
          [
            -121.3717587,
            37.1283004
          ],
          [
            -121.3718736,
            37.1283712
          ],
          [
            -121.3719908,
            37.1284182
          ],
          [
            -121.3722028,
            37.128457
          ],
          [
            -121.3723968,
            37.1285156
          ],
          [
            -121.3726588,
            37.1286483
          ],
          [
            -121.3728088,
            37.1287658
          ],
          [
            -121.3729595,
            37.1289216
          ],
          [
            -121.3731688,
            37.1291808
          ],
          [
            -121.3733725,
            37.1293593
          ],
          [
            -121.3736972,
            37.1295501
          ],
          [
            -121.3743043,
            37.1298466
          ],
          [
            -121.374767,
            37.1301439
          ],
          [
            -121.3748986,
            37.1302697
          ],
          [
            -121.375825,
            37.131374
          ],
          [
            -121.376274,
            37.131981
          ],
          [
            -121.3767452,
            37.1327432
          ],
          [
            -121.3769617,
            37.1329254
          ],
          [
            -121.3773332,
            37.1331236
          ],
          [
            -121.3775012,
            37.1332413
          ],
          [
            -121.3776453,
            37.1333763
          ],
          [
            -121.3777695,
            37.1335278
          ],
          [
            -121.3778698,
            37.1336887
          ],
          [
            -121.3779438,
            37.1338597
          ],
          [
            -121.377988,
            37.13404
          ],
          [
            -121.3779828,
            37.1342444
          ],
          [
            -121.3779039,
            37.1344825
          ],
          [
            -121.3778119,
            37.1348933
          ],
          [
            -121.37751,
            37.1360308
          ],
          [
            -121.377157,
            37.1370692
          ],
          [
            -121.377078,
            37.1374309
          ],
          [
            -121.377063,
            37.1376068
          ],
          [
            -121.3770375,
            37.13771
          ],
          [
            -121.3769828,
            37.1378076
          ],
          [
            -121.3769041,
            37.1378938
          ],
          [
            -121.3763587,
            37.1382895
          ],
          [
            -121.3761687,
            37.1385126
          ],
          [
            -121.3756672,
            37.1394126
          ],
          [
            -121.3752977,
            37.1400009
          ],
          [
            -121.375238,
            37.1401948
          ],
          [
            -121.3752549,
            37.1404186
          ],
          [
            -121.3753021,
            37.140503
          ],
          [
            -121.3753783,
            37.1405721
          ],
          [
            -121.3757455,
            37.1407714
          ],
          [
            -121.375975,
            37.1409612
          ],
          [
            -121.3762115,
            37.1412573
          ],
          [
            -121.376424,
            37.1415999
          ],
          [
            -121.3766078,
            37.1418548
          ],
          [
            -121.3768137,
            37.1420977
          ],
          [
            -121.3769492,
            37.1422281
          ],
          [
            -121.3772352,
            37.1424761
          ],
          [
            -121.3783418,
            37.1433319
          ],
          [
            -121.3786843,
            37.1436272
          ],
          [
            -121.3791061,
            37.1439381
          ],
          [
            -121.3795537,
            37.1443288
          ],
          [
            -121.3796316,
            37.1444469
          ],
          [
            -121.379697,
            37.1446566
          ],
          [
            -121.379732,
            37.1449263
          ],
          [
            -121.379719,
            37.1452569
          ],
          [
            -121.3797279,
            37.1454052
          ],
          [
            -121.3797684,
            37.1455517
          ],
          [
            -121.3798405,
            37.1456886
          ],
          [
            -121.3799984,
            37.1458704
          ],
          [
            -121.3801355,
            37.1459707
          ],
          [
            -121.3804842,
            37.1461551
          ],
          [
            -121.3810454,
            37.1464053
          ],
          [
            -121.3812071,
            37.1465134
          ],
          [
            -121.3813474,
            37.1466395
          ],
          [
            -121.3815241,
            37.1469093
          ],
          [
            -121.3816944,
            37.1472646
          ],
          [
            -121.3818759,
            37.1475139
          ],
          [
            -121.3820266,
            37.1477583
          ],
          [
            -121.3822116,
            37.1481391
          ],
          [
            -121.3823092,
            37.1482531
          ],
          [
            -121.3828459,
            37.1486709
          ],
          [
            -121.3831317,
            37.1488448
          ],
          [
            -121.3836572,
            37.149044
          ],
          [
            -121.3844327,
            37.1492339
          ],
          [
            -121.3848462,
            37.1493771
          ],
          [
            -121.385231,
            37.149558
          ],
          [
            -121.3854724,
            37.1496907
          ],
          [
            -121.3856972,
            37.1498432
          ],
          [
            -121.3858534,
            37.1499722
          ],
          [
            -121.3858544,
            37.1499867
          ],
          [
            -121.3857337,
            37.1500691
          ],
          [
            -121.3853682,
            37.1497991
          ],
          [
            -121.3847696,
            37.1495009
          ],
          [
            -121.3843789,
            37.149364
          ],
          [
            -121.3835964,
            37.1491728
          ],
          [
            -121.3832712,
            37.1490601
          ],
          [
            -121.3830429,
            37.1489624
          ],
          [
            -121.3827308,
            37.1487738
          ],
          [
            -121.3821932,
            37.148357
          ],
          [
            -121.3820462,
            37.1481814
          ],
          [
            -121.3818698,
            37.1478136
          ],
          [
            -121.381728,
            37.147583
          ],
          [
            -121.3815408,
            37.1473261
          ],
          [
            -121.3813671,
            37.1469662
          ],
          [
            -121.3812072,
            37.1467193
          ],
          [
            -121.3810828,
            37.1466089
          ],
          [
            -121.3809394,
            37.1465127
          ],
          [
            -121.3804004,
            37.1462742
          ],
          [
            -121.3800365,
            37.1460832
          ],
          [
            -121.3798241,
            37.1459179
          ],
          [
            -121.3797104,
            37.145784
          ],
          [
            -121.3796255,
            37.1456404
          ],
          [
            -121.379555,
            37.1454103
          ],
          [
            -121.3795609,
            37.1449298
          ],
          [
            -121.3795091,
            37.1445988
          ],
          [
            -121.3794625,
            37.1444802
          ],
          [
            -121.3793855,
            37.1443747
          ],
          [
            -121.378982,
            37.144033
          ],
          [
            -121.37856,
            37.143723
          ],
          [
            -121.3779591,
            37.1432201
          ],
          [
            -121.377218,
            37.142656
          ],
          [
            -121.3769387,
            37.1424257
          ],
          [
            -121.3766787,
            37.1421827
          ],
          [
            -121.3764634,
            37.1419295
          ],
          [
            -121.3762719,
            37.1416629
          ],
          [
            -121.3760627,
            37.1413257
          ],
          [
            -121.3758385,
            37.1410446
          ],
          [
            -121.3756345,
            37.1408767
          ],
          [
            -121.3752777,
            37.1406843
          ],
          [
            -121.3751388,
            37.1405508
          ],
          [
            -121.3750869,
            37.1404472
          ],
          [
            -121.3750632,
            37.1402686
          ],
          [
            -121.3750748,
            37.1401335
          ],
          [
            -121.3751134,
            37.1400028
          ],
          [
            -121.3755131,
            37.1393538
          ],
          [
            -121.375964,
            37.1385331
          ],
          [
            -121.3760837,
            37.1383582
          ],
          [
            -121.3762291,
            37.1382
          ],
          [
            -121.3764451,
            37.13803
          ],
          [
            -121.3767794,
            37.1377994
          ],
          [
            -121.3768671,
            37.1376846
          ],
          [
            -121.376892,
            37.1375989
          ],
          [
            -121.3769082,
            37.137414
          ],
          [
            -121.3769899,
            37.1370383
          ],
          [
            -121.377343,
            37.1359989
          ],
          [
            -121.377642,
            37.1348721
          ],
          [
            -121.3777378,
            37.134451
          ],
          [
            -121.3778059,
            37.1342643
          ],
          [
            -121.377817,
            37.1340543
          ],
          [
            -121.3777767,
            37.1338934
          ],
          [
            -121.3776675,
            37.1336654
          ],
          [
            -121.3774434,
            37.1333935
          ],
          [
            -121.3772197,
            37.1332268
          ],
          [
            -121.3768515,
            37.1330305
          ],
          [
            -121.376604,
            37.1328206
          ],
          [
            -121.3765171,
            37.1327001
          ],
          [
            -121.37612,
            37.132041
          ],
          [
            -121.375976,
            37.131837
          ],
          [
            -121.3756788,
            37.1314447
          ],
          [
            -121.3747045,
            37.1302926
          ],
          [
            -121.3745776,
            37.1301897
          ],
          [
            -121.3742031,
            37.1299571
          ],
          [
            -121.3736045,
            37.1296662
          ],
          [
            -121.3732655,
            37.1294673
          ],
          [
            -121.3730309,
            37.1292628
          ],
          [
            -121.3727373,
            37.1289134
          ],
          [
            -121.3725533,
            37.1287566
          ],
          [
            -121.3723294,
            37.1286418
          ],
          [
            -121.3721629,
            37.128591
          ],
          [
            -121.3719648,
            37.1285556
          ],
          [
            -121.3717894,
            37.1284915
          ],
          [
            -121.3716565,
            37.1284122
          ],
          [
            -121.3715461,
            37.128314
          ],
          [
            -121.3714592,
            37.1281971
          ],
          [
            -121.37139,
            37.1280084
          ],
          [
            -121.3713388,
            37.1270167
          ],
          [
            -121.3712591,
            37.1268533
          ],
          [
            -121.3711676,
            37.1267626
          ],
          [
            -121.3710492,
            37.1266907
          ],
          [
            -121.3709156,
            37.1266462
          ],
          [
            -121.3707632,
            37.1266241
          ],
          [
            -121.3706097,
            37.126629
          ],
          [
            -121.3703883,
            37.1266844
          ],
          [
            -121.3700183,
            37.1268854
          ],
          [
            -121.3698825,
            37.126919
          ],
          [
            -121.3697396,
            37.1269269
          ],
          [
            -121.3695264,
            37.1268972
          ],
          [
            -121.3693882,
            37.1268514
          ],
          [
            -121.3692574,
            37.1267851
          ],
          [
            -121.3691469,
            37.1266978
          ],
          [
            -121.3690641,
            37.1265973
          ],
          [
            -121.369007,
            37.126484
          ],
          [
            -121.3689792,
            37.1262994
          ],
          [
            -121.3690012,
            37.1261777
          ],
          [
            -121.3690565,
            37.1260331
          ],
          [
            -121.3691436,
            37.1258671
          ],
          [
            -121.3692945,
            37.1256547
          ],
          [
            -121.369347,
            37.1255267
          ],
          [
            -121.3693639,
            37.1253267
          ],
          [
            -121.3693342,
            37.1251957
          ],
          [
            -121.3692854,
            37.1250829
          ],
          [
            -121.3691792,
            37.1249482
          ],
          [
            -121.3690211,
            37.1248507
          ],
          [
            -121.3688305,
            37.1247951
          ],
          [
            -121.3686906,
            37.1247731
          ],
          [
            -121.3681851,
            37.124776
          ],
          [
            -121.3679226,
            37.1247333
          ],
          [
            -121.3676827,
            37.1246321
          ],
          [
            -121.3675501,
            37.1245388
          ],
          [
            -121.3674402,
            37.1244273
          ],
          [
            -121.367326,
            37.1242304
          ],
          [
            -121.3672852,
            37.1240184
          ],
          [
            -121.3673193,
            37.1238055
          ],
          [
            -121.3674551,
            37.1234772
          ],
          [
            -121.367484,
            37.1233072
          ],
          [
            -121.3674788,
            37.1231351
          ],
          [
            -121.3674358,
            37.1229735
          ],
          [
            -121.3673669,
            37.1228168
          ],
          [
            -121.3672706,
            37.1226686
          ],
          [
            -121.3671514,
            37.1225325
          ],
          [
            -121.3670295,
            37.1224357
          ],
          [
            -121.3668916,
            37.1223563
          ],
          [
            -121.3666553,
            37.1222719
          ],
          [
            -121.3662747,
            37.122224
          ],
          [
            -121.3657355,
            37.122211
          ],
          [
            -121.3654785,
            37.1221557
          ],
          [
            -121.3653243,
            37.1220876
          ],
          [
            -121.3651894,
            37.121996
          ],
          [
            -121.365034,
            37.1218232
          ],
          [
            -121.3649374,
            37.1216316
          ],
          [
            -121.3649172,
            37.1214267
          ],
          [
            -121.3649759,
            37.1212266
          ],
          [
            -121.3650571,
            37.1211038
          ],
          [
            -121.365201,
            37.1209623
          ],
          [
            -121.3653712,
            37.1208404
          ],
          [
            -121.3662049,
            37.120449
          ],
          [
            -121.3664875,
            37.1202793
          ],
          [
            -121.3667255,
            37.1200694
          ],
          [
            -121.3669093,
            37.1198254
          ],
          [
            -121.3669968,
            37.1196505
          ],
          [
            -121.3670498,
            37.1194908
          ],
          [
            -121.3670739,
            37.1192422
          ],
          [
            -121.3670539,
            37.1190788
          ],
          [
            -121.3670052,
            37.1189186
          ],
          [
            -121.3669337,
            37.1187656
          ],
          [
            -121.3668446,
            37.1186225
          ],
          [
            -121.3667309,
            37.1184919
          ],
          [
            -121.3665953,
            37.1183753
          ],
          [
            -121.3662759,
            37.1181519
          ],
          [
            -121.3658598,
            37.1178209
          ],
          [
            -121.3652647,
            37.1174115
          ],
          [
            -121.3651197,
            37.1173513
          ],
          [
            -121.3648786,
            37.1173061
          ],
          [
            -121.3646337,
            37.1173211
          ],
          [
            -121.3644774,
            37.1173622
          ],
          [
            -121.3641049,
            37.1175283
          ],
          [
            -121.3639387,
            37.11757
          ],
          [
            -121.3637648,
            37.11759
          ],
          [
            -121.3636053,
            37.1175899
          ],
          [
            -121.3634634,
            37.117569
          ],
          [
            -121.3633303,
            37.1175235
          ],
          [
            -121.3632117,
            37.1174563
          ],
          [
            -121.3630734,
            37.11732
          ],
          [
            -121.3629733,
            37.1171534
          ],
          [
            -121.3628978,
            37.1168246
          ],
          [
            -121.362752,
            37.1164031
          ],
          [
            -121.3626882,
            37.1162804
          ],
          [
            -121.3625352,
            37.1161215
          ],
          [
            -121.3621289,
            37.115881
          ],
          [
            -121.362021,
            37.1157809
          ],
          [
            -121.3619343,
            37.1156625
          ],
          [
            -121.361878,
            37.1155355
          ],
          [
            -121.361853,
            37.1154012
          ],
          [
            -121.3618594,
            37.1152663
          ],
          [
            -121.361931,
            37.115021
          ],
          [
            -121.3619338,
            37.114904
          ],
          [
            -121.3619061,
            37.1147903
          ],
          [
            -121.3618068,
            37.1146328
          ],
          [
            -121.361444,
            37.1142631
          ],
          [
            -121.361092,
            37.113971
          ],
          [
            -121.3609428,
            37.1138794
          ],
          [
            -121.3608233,
            37.1138419
          ],
          [
            -121.3605401,
            37.1138111
          ],
          [
            -121.3603851,
            37.1137726
          ],
          [
            -121.3600951,
            37.1136605
          ],
          [
            -121.3597991,
            37.1134912
          ],
          [
            -121.3592684,
            37.1130434
          ],
          [
            -121.3591056,
            37.1128696
          ],
          [
            -121.3589646,
            37.1126796
          ],
          [
            -121.3583782,
            37.1120392
          ],
          [
            -121.3580419,
            37.1117279
          ],
          [
            -121.3577657,
            37.1115158
          ],
          [
            -121.3573243,
            37.1112302
          ],
          [
            -121.3570464,
            37.1110303
          ],
          [
            -121.3567858,
            37.1108158
          ],
          [
            -121.3560633,
            37.1102693
          ],
          [
            -121.3558594,
            37.1101376
          ],
          [
            -121.354386,
            37.108992
          ],
          [
            -121.3541232,
            37.1088062
          ],
          [
            -121.3537622,
            37.1085931
          ],
          [
            -121.3535442,
            37.1085121
          ],
          [
            -121.3533856,
            37.108481
          ],
          [
            -121.3531122,
            37.108455
          ],
          [
            -121.3529178,
            37.108466
          ],
          [
            -121.3527295,
            37.1085019
          ],
          [
            -121.3525512,
            37.108563
          ],
          [
            -121.3523252,
            37.1086799
          ],
          [
            -121.3513976,
            37.1092566
          ],
          [
            -121.351256,
            37.1093289
          ],
          [
            -121.3509751,
            37.1278159
          ],
          [
            -121.359842,
            37.1278894
          ],
          [
            -121.3599083,
            37.1313666
          ],
          [
            -121.3421771,
            37.1313821
          ],
          [
            -121.342152,
            37.145745
          ],
          [
            -121.3429096,
            37.1458853
          ],
          [
            -121.3428566,
            37.1465126
          ],
          [
            -121.3421561,
            37.1466221
          ],
          [
            -121.342173,
            37.1512318
          ],
          [
            -121.3419551,
            37.151735
          ],
          [
            -121.342176,
            37.1520277
          ],
          [
            -121.342191,
            37.1559907
          ],
          [
            -121.3413591,
            37.156427
          ],
          [
            -121.3416795,
            37.1571841
          ],
          [
            -121.3414175,
            37.1574418
          ],
          [
            -121.3403171,
            37.1575831
          ],
          [
            -121.339909,
            37.1582316
          ],
          [
            -121.3384219,
            37.1589405
          ],
          [
            -121.337378,
            37.1591876
          ],
          [
            -121.3367634,
            37.1590925
          ],
          [
            -121.335859,
            37.1587961
          ],
          [
            -121.335419,
            37.1588519
          ],
          [
            -121.3344418,
            37.1594515
          ],
          [
            -121.3340299,
            37.1607787
          ],
          [
            -121.3334621,
            37.1610831
          ],
          [
            -121.3332721,
            37.1627809
          ],
          [
            -121.3337005,
            37.1628432
          ],
          [
            -121.3336718,
            37.163716
          ],
          [
            -121.333352,
            37.1642451
          ],
          [
            -121.329147,
            37.1652659
          ],
          [
            -121.3265795,
            37.1625092
          ],
          [
            -121.3243349,
            37.1603401
          ],
          [
            -121.3058921,
            37.1603551
          ],
          [
            -121.3062061,
            37.1682629
          ],
          [
            -121.306517,
            37.1681714
          ],
          [
            -121.3074059,
            37.1682593
          ],
          [
            -121.3083054,
            37.1686747
          ],
          [
            -121.3091356,
            37.1689268
          ],
          [
            -121.3099649,
            37.1693534
          ],
          [
            -121.3107853,
            37.1702231
          ],
          [
            -121.3108331,
            37.1704209
          ],
          [
            -121.3119958,
            37.1711092
          ],
          [
            -121.312429,
            37.1716349
          ],
          [
            -121.3127634,
            37.1715248
          ],
          [
            -121.3131211,
            37.1713752
          ],
          [
            -121.3136798,
            37.1713181
          ],
          [
            -121.3138309,
            37.1712229
          ],
          [
            -121.3139129,
            37.171069
          ],
          [
            -121.3138519,
            37.1708657
          ],
          [
            -121.3138255,
            37.1703919
          ],
          [
            -121.3146694,
            37.1694966
          ],
          [
            -121.3148435,
            37.1692533
          ],
          [
            -121.3158656,
            37.1692385
          ],
          [
            -121.316556,
            37.1697489
          ],
          [
            -121.3170566,
            37.1695306
          ],
          [
            -121.3172996,
            37.16948
          ],
          [
            -121.3175465,
            37.1694864
          ],
          [
            -121.3177816,
            37.1695471
          ],
          [
            -121.318383,
            37.1696539
          ],
          [
            -121.318808,
            37.1693722
          ],
          [
            -121.3203879,
            37.1687519
          ],
          [
            -121.320518,
            37.1684065
          ],
          [
            -121.3210606,
            37.1682383
          ],
          [
            -121.321571,
            37.1683159
          ],
          [
            -121.3228393,
            37.1679862
          ],
          [
            -121.323201,
            37.1680649
          ],
          [
            -121.3234424,
            37.1678703
          ],
          [
            -121.323825,
            37.1678405
          ],
          [
            -121.324236,
            37.1680669
          ],
          [
            -121.324785,
            37.1680364
          ],
          [
            -121.3250432,
            37.1681723
          ],
          [
            -121.325861,
            37.1683769
          ],
          [
            -121.327287,
            37.1681294
          ],
          [
            -121.3274696,
            37.1682469
          ],
          [
            -121.3287541,
            37.1681181
          ],
          [
            -121.3292622,
            37.1677433
          ],
          [
            -121.3301281,
            37.1672633
          ],
          [
            -121.330625,
            37.1677519
          ],
          [
            -121.3309168,
            37.1677123
          ],
          [
            -121.331728,
            37.1681041
          ],
          [
            -121.3318691,
            37.1683669
          ],
          [
            -121.3321746,
            37.1685455
          ],
          [
            -121.3321421,
            37.1689574
          ],
          [
            -121.33214,
            37.1692666
          ],
          [
            -121.3323281,
            37.169965
          ],
          [
            -121.3331087,
            37.1707142
          ],
          [
            -121.3332945,
            37.1711161
          ],
          [
            -121.3334215,
            37.171684
          ],
          [
            -121.3337395,
            37.1723619
          ],
          [
            -121.334152,
            37.1728649
          ],
          [
            -121.3357603,
            37.1723677
          ],
          [
            -121.3360951,
            37.1724599
          ],
          [
            -121.337016,
            37.1731949
          ],
          [
            -121.337886,
            37.1735229
          ],
          [
            -121.3385251,
            37.1744966
          ],
          [
            -121.3388662,
            37.17484
          ],
          [
            -121.3400299,
            37.1751915
          ],
          [
            -121.3404499,
            37.1751574
          ],
          [
            -121.3410531,
            37.175359
          ],
          [
            -121.3416678,
            37.1755369
          ],
          [
            -121.3426079,
            37.1757578
          ],
          [
            -121.3440695,
            37.1757125
          ],
          [
            -121.344373,
            37.1758985
          ],
          [
            -121.3446888,
            37.176138
          ],
          [
            -121.3451481,
            37.1763392
          ],
          [
            -121.3453205,
            37.176653
          ],
          [
            -121.3450591,
            37.177618
          ],
          [
            -121.3452391,
            37.1780389
          ],
          [
            -121.3453672,
            37.1781688
          ],
          [
            -121.3454451,
            37.1784289
          ],
          [
            -121.3458582,
            37.1786558
          ],
          [
            -121.3459355,
            37.1790751
          ],
          [
            -121.3461301,
            37.1795079
          ],
          [
            -121.3469497,
            37.1798402
          ],
          [
            -121.3472063,
            37.1803079
          ],
          [
            -121.3473021,
            37.1804819
          ],
          [
            -121.3480753,
            37.1807982
          ],
          [
            -121.3480671,
            37.1808739
          ],
          [
            -121.3483096,
            37.1809635
          ],
          [
            -121.3483411,
            37.181936
          ],
          [
            -121.348793,
            37.1823949
          ],
          [
            -121.3489201,
            37.1824243
          ],
          [
            -121.348976,
            37.1825052
          ],
          [
            -121.3498685,
            37.1826422
          ],
          [
            -121.3501411,
            37.1827667
          ],
          [
            -121.3505234,
            37.1830086
          ],
          [
            -121.3509527,
            37.1833298
          ],
          [
            -121.3510611,
            37.1839099
          ],
          [
            -121.3518826,
            37.1839918
          ],
          [
            -121.3523794,
            37.1841438
          ],
          [
            -121.3526872,
            37.184178
          ],
          [
            -121.3528939,
            37.184171
          ],
          [
            -121.3530964,
            37.1841401
          ],
          [
            -121.3534589,
            37.1840376
          ],
          [
            -121.353701,
            37.1841709
          ],
          [
            -121.3543013,
            37.184115
          ],
          [
            -121.355177,
            37.1840615
          ],
          [
            -121.3560523,
            37.1845336
          ],
          [
            -121.356053,
            37.187372
          ],
          [
            -121.356156,
            37.1873717
          ],
          [
            -121.3561646,
            37.1873911
          ],
          [
            -121.3381097,
            37.2165448
          ],
          [
            -121.337965,
            37.2165555
          ],
          [
            -121.3380521,
            37.2238079
          ],
          [
            -121.3563603,
            37.2236676
          ],
          [
            -121.3562421,
            37.2355014
          ],
          [
            -121.3562156,
            37.2380781
          ],
          [
            -121.3515951,
            37.2381681
          ],
          [
            -121.351601,
            37.2453534
          ],
          [
            -121.351193,
            37.245378
          ],
          [
            -121.3513024,
            37.2537665
          ],
          [
            -121.3466015,
            37.2538593
          ],
          [
            -121.346596,
            37.252779
          ],
          [
            -121.3198731,
            37.2530041
          ],
          [
            -121.3198411,
            37.2602459
          ],
          [
            -121.3288997,
            37.2601889
          ],
          [
            -121.328995,
            37.2737869
          ],
          [
            -121.3289901,
            37.2748099
          ],
          [
            -121.3470408,
            37.274818
          ],
          [
            -121.3467031,
            37.2889929
          ],
          [
            -121.3703504,
            37.2893234
          ],
          [
            -121.3699261,
            37.3037909
          ],
          [
            -121.3882474,
            37.3038275
          ],
          [
            -121.3881401,
            37.3110619
          ],
          [
            -121.4060459,
            37.3111329
          ],
          [
            -121.4060859,
            37.3099616
          ],
          [
            -121.4088919,
            37.3099579
          ],
          [
            -121.4089971,
            37.3039059
          ],
          [
            -121.4209526,
            37.3039316
          ],
          [
            -121.4207636,
            37.304256
          ],
          [
            -121.4330609,
            37.3042249
          ],
          [
            -121.4330731,
            37.3039945
          ],
          [
            -121.433579,
            37.303993
          ],
          [
            -121.433527,
            37.3008628
          ],
          [
            -121.4335313,
            37.2969996
          ],
          [
            -121.4396557,
            37.2969719
          ],
          [
            -121.439402,
            37.2968091
          ],
          [
            -121.4394074,
            37.2967907
          ],
          [
            -121.4455911,
            37.296748
          ],
          [
            -121.44601,
            37.2968879
          ],
          [
            -121.4467029,
            37.2965349
          ],
          [
            -121.4466789,
            37.2931367
          ],
          [
            -121.451134,
            37.293076
          ],
          [
            -121.4512258,
            37.2930168
          ],
          [
            -121.451565,
            37.2933257
          ],
          [
            -121.4516381,
            37.2936888
          ],
          [
            -121.451395,
            37.2939081
          ],
          [
            -121.4515082,
            37.3005446
          ],
          [
            -121.4469991,
            37.3005951
          ],
          [
            -121.4470431,
            37.3040289
          ],
          [
            -121.453984,
            37.304058
          ],
          [
            -121.4694501,
            37.3042
          ],
          [
            -121.4782839,
            37.3042059
          ],
          [
            -121.4781459,
            37.2969051
          ],
          [
            -121.4603845,
            37.2968653
          ],
          [
            -121.460208,
            37.2897333
          ],
          [
            -121.460222,
            37.286065
          ],
          [
            -121.4601083,
            37.2860513
          ],
          [
            -121.4601049,
            37.2858021
          ],
          [
            -121.4547737,
            37.2857921
          ],
          [
            -121.4511975,
            37.2857841
          ],
          [
            -121.4512389,
            37.2830731
          ],
          [
            -121.4385319,
            37.2830531
          ],
          [
            -121.4385469,
            37.2749561
          ],
          [
            -121.4372048,
            37.2749274
          ],
          [
            -121.4370969,
            37.2649331
          ],
          [
            -121.4325959,
            37.264972
          ],
          [
            -121.4325421,
            37.2612941
          ],
          [
            -121.4461299,
            37.2610859
          ],
          [
            -121.4463962,
            37.2538141
          ],
          [
            -121.4552209,
            37.2538049
          ],
          [
            -121.4552449,
            37.253733
          ],
          [
            -121.4552459,
            37.25367
          ],
          [
            -121.4551056,
            37.2533834
          ],
          [
            -121.4551199,
            37.2532624
          ],
          [
            -121.4552799,
            37.2530251
          ],
          [
            -121.4553972,
            37.2529414
          ],
          [
            -121.4555662,
            37.2528544
          ],
          [
            -121.4560329,
            37.2526535
          ],
          [
            -121.4561593,
            37.2525565
          ],
          [
            -121.4562745,
            37.2524315
          ],
          [
            -121.4563559,
            37.252315
          ],
          [
            -121.4563916,
            37.2521993
          ],
          [
            -121.456395,
            37.2520911
          ],
          [
            -121.456244,
            37.251737
          ],
          [
            -121.4560828,
            37.2514111
          ],
          [
            -121.4560606,
            37.251301
          ],
          [
            -121.4559859,
            37.2511381
          ],
          [
            -121.455907,
            37.2510735
          ],
          [
            -121.4556251,
            37.2509381
          ],
          [
            -121.4556059,
            37.2508391
          ],
          [
            -121.4551869,
            37.2507435
          ],
          [
            -121.455179,
            37.246484
          ],
          [
            -121.4595539,
            37.2465789
          ],
          [
            -121.4596095,
            37.2430715
          ],
          [
            -121.4640319,
            37.2431099
          ],
          [
            -121.4640369,
            37.2324741
          ],
          [
            -121.455102,
            37.2324422
          ],
          [
            -121.4545236,
            37.2182764
          ],
          [
            -121.4545336,
            37.2182626
          ],
          [
            -121.4634499,
            37.2181069
          ],
          [
            -121.4634935,
            37.2146037
          ],
          [
            -121.4720085,
            37.2144568
          ],
          [
            -121.4720281,
            37.2179209
          ],
          [
            -121.4758739,
            37.2177639
          ],
          [
            -121.4758791,
            37.2143893
          ],
          [
            -121.4800701,
            37.2143143
          ],
          [
            -121.4801601,
            37.2176709
          ],
          [
            -121.498018,
            37.217914
          ],
          [
            -121.4980177,
            37.2143179
          ],
          [
            -121.5147602,
            37.2138553
          ],
          [
            -121.5148011,
            37.2245639
          ],
          [
            -121.5192537,
            37.2245725
          ],
          [
            -121.5192761,
            37.2281419
          ],
          [
            -121.5237322,
            37.2281523
          ],
          [
            -121.5237511,
            37.2317199
          ],
          [
            -121.5326768,
            37.2317418
          ],
          [
            -121.5326876,
            37.2388271
          ],
          [
            -121.5245668,
            37.2383951
          ],
          [
            -121.5246679,
            37.2350211
          ],
          [
            -121.5161781,
            37.234933
          ],
          [
            -121.516192,
            37.2312969
          ],
          [
            -121.5161169,
            37.2277171
          ],
          [
            -121.4979561,
            37.2276681
          ],
          [
            -121.498,
            37.2312606
          ],
          [
            -121.498084,
            37.2321709
          ],
          [
            -121.498148,
            37.245971
          ],
          [
            -121.4981717,
            37.2459849
          ],
          [
            -121.4981741,
            37.2461929
          ],
          [
            -121.5010509,
            37.246121
          ],
          [
            -121.5021447,
            37.246108
          ],
          [
            -121.5071331,
            37.2461802
          ],
          [
            -121.5071361,
            37.2479649
          ],
          [
            -121.5116239,
            37.2479669
          ],
          [
            -121.5116638,
            37.2461744
          ],
          [
            -121.5244789,
            37.2461549
          ],
          [
            -121.5244799,
            37.2423999
          ],
          [
            -121.528878,
            37.2423988
          ],
          [
            -121.5289101,
            37.2461289
          ],
          [
            -121.5333159,
            37.2461289
          ],
          [
            -121.5327083,
            37.2388391
          ],
          [
            -121.5493186,
            37.238147
          ],
          [
            -121.5629889,
            37.2381805
          ]
        ],
        [
          [
            -121.5326196,
            37.206765
          ],
          [
            -121.5281646,
            37.2067615
          ],
          [
            -121.5281656,
            37.210328
          ],
          [
            -121.5237193,
            37.210321
          ],
          [
            -121.5236939,
            37.2031923
          ],
          [
            -121.5326152,
            37.2032072
          ],
          [
            -121.5326196,
            37.206765
          ]
        ],
        [
          [
            -121.4646294,
            37.1888984
          ],
          [
            -121.4643376,
            37.1929362
          ],
          [
            -121.4598676,
            37.1930195
          ],
          [
            -121.4595964,
            37.1966762
          ],
          [
            -121.4551316,
            37.1967555
          ],
          [
            -121.4546076,
            37.2040662
          ],
          [
            -121.4456675,
            37.2042198
          ],
          [
            -121.4467645,
            37.1887588
          ],
          [
            -121.4646155,
            37.1888833
          ],
          [
            -121.4646294,
            37.1888984
          ]
        ],
        [
          [
            -121.4638144,
            37.2002623
          ],
          [
            -121.4635472,
            37.2039167
          ],
          [
            -121.4590996,
            37.2039905
          ],
          [
            -121.459351,
            37.2003433
          ],
          [
            -121.4638144,
            37.2002623
          ]
        ],
        [
          [
            -121.4468605,
            37.2315827
          ],
          [
            -121.4468262,
            37.2343325
          ],
          [
            -121.4422995,
            37.2345199
          ],
          [
            -121.4422906,
            37.2354653
          ],
          [
            -121.4468105,
            37.2352715
          ],
          [
            -121.4467788,
            37.2387598
          ],
          [
            -121.4467605,
            37.2387653
          ],
          [
            -121.4467286,
            37.2387176
          ],
          [
            -121.4467098,
            37.2389602
          ],
          [
            -121.4448941,
            37.2390389
          ],
          [
            -121.4377314,
            37.2393651
          ],
          [
            -121.4377715,
            37.2345508
          ],
          [
            -121.4377355,
            37.2340147
          ],
          [
            -121.4377407,
            37.2329606
          ],
          [
            -121.4377284,
            37.2317571
          ],
          [
            -121.4377465,
            37.2317606
          ],
          [
            -121.437797,
            37.2319993
          ],
          [
            -121.4468605,
            37.2315827
          ]
        ],
        [
          [
            -121.4098313,
            37.1663824
          ],
          [
            -121.4098118,
            37.1664638
          ],
          [
            -121.4097927,
            37.1664597
          ],
          [
            -121.4097965,
            37.1659705
          ],
          [
            -121.4098313,
            37.1663824
          ]
        ]
      ]
    ]
  }
}
