{"type":"Feature","properties":{"name":"Washington eligible-start coverage obligation","basis":"Union of all twelve Washington effective start footprints at 8e95bc3, including the pinned Census 2025 statewide county inventory and retained historical footprints and approach neighborhoods. Used only as a gap-regression baseline; county assignments are superseded.","sourceCommit":"8e95bc3","license":"U.S. Census Bureau public domain; retained OpenStreetMap-derived boundaries ODbL 1.0; USDA Forest Service public domain. Original attribution retained in Git history."},"geometry":{"type":"MultiPolygon","coordinates":[[[[-124.76306800030036,48.17628299983627],[-124.76235000024994,48.17559799990201],[-124.75988499975414,48.175461000134824],[-124.75834400007133,48.174947999853764],[-124.75767700007458,48.174092000130955],[-124.75567000023648,48.17376099976392],[-124.75521199957876,48.17419400001787],[-124.75499700039191,48.17502699998617],[-124.75567400043442,48.175564000094504],[-124.75726600017083,48.17587200013528],[-124.75865200004294,48.176248999884],[-124.76080899966885,48.17707100013062],[-124.76265800022155,48.17724199970436],[-124.76306800030036,48.17628299983627]]],[[[-124.75480099967503,48.15885100015404],[-124.75459599963561,48.15833700015891],[-124.75320899993862,48.15823399975386],[-124.75134900041358,48.15736200019252],[-124.74997400041217,48.155802000178824],[-124.74862100015204,48.154881999847966],[-124.74658500000163,48.15456899973507],[-124.74631200019014,48.15496900015098],[-124.74546799974306,48.155539000284875],[-124.74660199972006,48.156497999776],[-124.74899600007079,48.15781099984325],[-124.75017899955327,48.15929600008384],[-124.75100100025904,48.1598100000584],[-124.7514120001628,48.16056299977262],[-124.75274699998124,48.1608370000494],[-124.75382499988174,48.161179999726144],[-124.75480099967503,48.16046099973757],[-124.75423599978551,48.159502000018165],[-124.75480099967503,48.15885100015404]]],[[[-124.74648000041965,48.39134999996198],[-124.7421050001701,48.39101700011268],[-124.73459599977814,48.38913999981215],[-124.7322190000442,48.39087599979921],[-124.73293200007171,48.39292800017275],[-124.73721100006176,48.395610999989835],[-124.73951500000081,48.3938310000225],[-124.7448159998149,48.39324399995862],[-124.74648000041965,48.39134999996198]]],[[[-124.7425886,48.161116],[-124.7423916,48.1605266],[-124.7420933,48.1601573],[-124.7417985,48.1599913],[-124.741094,48.1596871],[-124.7404799,48.1596742],[-124.7404434,48.1594947],[-124.7402446,48.1592485],[-124.7404491,48.1591231],[-124.7415619,48.1592137],[-124.7418872,48.1593099],[-124.7422495,48.1595484],[-124.7423424,48.1594594],[-124.7420808,48.1590379],[-124.7421642,48.1589226],[-124.7420428,48.1587382],[-124.7406254,48.1578344],[-124.7403425,48.1577407],[-124.740048,48.1577693],[-124.7398051,48.1580584],[-124.739314,48.1592028],[-124.7394517,48.1593939],[-124.7394377,48.1596649],[-124.7392452,48.1598626],[-124.739476,48.1601593],[-124.7381011,48.1601106],[-124.7373873,48.15978],[-124.7365627,48.1596432],[-124.736085,48.1594695],[-124.7356762,48.1590622],[-124.7353336,48.1590337],[-124.7347559,48.158774],[-124.7343771,48.1587604],[-124.7340556,48.1586358],[-124.7333859,48.1586225],[-124.7333144,48.1583837],[-124.7328034,48.1580392],[-124.7326183,48.1577537],[-124.7328854,48.1573774],[-124.7331449,48.1572895],[-124.7332437,48.1570235],[-124.7329919,48.1563965],[-124.7327082,48.1561454],[-124.7324912,48.1558094],[-124.7325509,48.1553179],[-124.7324632,48.1550725],[-124.732224,48.1549069],[-124.7314092,48.1549909],[-124.7310016,48.1549357],[-124.7305214,48.1551423],[-124.7302765,48.1553483],[-124.729376,48.1556962],[-124.7291361,48.1559941],[-124.7287801,48.1561993],[-124.7285585,48.1561606],[-124.728249,48.1556819],[-124.7283621,48.1553395],[-124.7288633,48.1550369],[-124.729274,48.1546746],[-124.7291575,48.1543874],[-124.7286084,48.1544011],[-124.7277577,48.1546948],[-124.7274419,48.1546248],[-124.7267956,48.1540625],[-124.7268016,48.1535841],[-124.7265911,48.1532031],[-124.7264766,48.1527272],[-124.726202,48.1522667],[-124.7261835,48.1520786],[-124.7260012,48.1518393],[-124.7247175,48.1511402],[-124.7245671,48.1508485],[-124.7246291,48.1505577],[-124.7245601,48.150408],[-124.7243818,48.1503215],[-124.7238854,48.1502747],[-124.723705,48.1500879],[-124.7234223,48.1497197],[-124.7230314,48.1489147],[-124.7226766,48.1486859],[-124.7221028,48.1481407],[-124.721708,48.1473656],[-124.7216318,48.147015],[-124.7216733,48.1467156],[-124.7215802,48.146507],[-124.7216172,48.14618],[-124.7215857,48.1460954],[-124.7212877,48.1459515],[-124.7216002,48.1457649],[-124.7217757,48.1455363],[-124.721974,48.1448819],[-124.7220937,48.1447865],[-124.7222575,48.1447922],[-124.7223143,48.1446953],[-124.7221244,48.1445385],[-124.7222599,48.1444352],[-124.7221998,48.1442745],[-124.7217005,48.1440936],[-124.721922,48.1438195],[-124.7223485,48.1437371],[-124.7223774,48.1436474],[-124.722201,48.1432498],[-124.7221322,48.1432315],[-124.7220885,48.143384],[-124.7218565,48.143406],[-124.7215063,48.142214],[-124.7215118,48.1420401],[-124.7216329,48.1419782],[-124.7220283,48.1420205],[-124.7222918,48.1418639],[-124.7221581,48.1413708],[-124.7220587,48.1412927],[-124.7222779,48.1412869],[-124.7220642,48.1404917],[-124.7209949,48.1402187],[-124.7208769,48.1400957],[-124.7209327,48.1399115],[-124.720807,48.1396097],[-124.7201624,48.1393633],[-124.7199237,48.1394112],[-124.7195048,48.1393292],[-124.7195109,48.1392573],[-124.7200383,48.1390603],[-124.7200539,48.1389779],[-124.719708,48.1389446],[-124.7191967,48.1390751],[-124.7190813,48.1391193],[-124.7190466,48.139297],[-124.7185893,48.1392521],[-124.7182781,48.1393232],[-124.7174893,48.1392037],[-124.7160797,48.1387931],[-124.7159557,48.1386834],[-124.7159096,48.1384726],[-124.7154786,48.1381264],[-124.7150335,48.1381567],[-124.7148772,48.1379564],[-124.7151663,48.1378605],[-124.7152142,48.1377384],[-124.7144276,48.1377028],[-124.7145725,48.1375705],[-124.7150947,48.1373814],[-124.7147818,48.1371024],[-124.7161987,48.1368359],[-124.7160004,48.1365997],[-124.7154251,48.1363059],[-124.7156763,48.1362559],[-124.7162854,48.1363661],[-124.7164224,48.1363451],[-124.7163911,48.1362649],[-124.7161848,48.1361028],[-124.7156296,48.1359804],[-124.7149911,48.1356692],[-124.7148079,48.1355308],[-124.7149826,48.1353149],[-124.7149276,48.1351906],[-124.7146598,48.1350418],[-124.7146454,48.1348454],[-124.7143479,48.1348992],[-124.7144069,48.1346858],[-124.7141673,48.1344899],[-124.7140256,48.1346607],[-124.713913,48.1346645],[-124.7139035,48.1343671],[-124.7136395,48.1345406],[-124.7135157,48.1345169],[-124.7131918,48.1340401],[-124.7126977,48.1337767],[-124.7126068,48.1335331],[-124.7126957,48.1334852],[-124.7133439,48.1337346],[-124.7135033,48.1336727],[-124.7115882,48.1321419],[-124.7119006,48.1321186],[-124.7109254,48.131792],[-124.7106372,48.1315116],[-124.7100051,48.1311772],[-124.7093633,48.1315734],[-124.7090879,48.1314959],[-124.7084637,48.1315327],[-124.7081441,48.1313798],[-124.7082666,48.1312068],[-124.708438,48.1311412],[-124.7090115,48.131085],[-124.7088007,48.1308136],[-124.7090231,48.1307275],[-124.7090347,48.1304444],[-124.7085973,48.1301728],[-124.7094293,48.1299422],[-124.7089919,48.1298525],[-124.7089801,48.1297675],[-124.709355,48.1297155],[-124.7098893,48.1298093],[-124.7101643,48.1299782],[-124.7102612,48.1302314],[-124.7104524,48.1302585],[-124.7107278,48.1299794],[-124.7105988,48.1298777],[-124.7095321,48.1295692],[-124.709289,48.1293819],[-124.7093001,48.1290972],[-124.7095165,48.1289127],[-124.7093873,48.1287994],[-124.7093526,48.1285761],[-124.7102064,48.1279907],[-124.7106612,48.1278914],[-124.7108186,48.1275008],[-124.7111373,48.1274285],[-124.7117621,48.1274897],[-124.7123081,48.1277957],[-124.7131916,48.1279463],[-124.7138332,48.127964],[-124.7140315,48.1280202],[-124.7142369,48.1282796],[-124.7145947,48.1283275],[-124.7153012,48.1282403],[-124.715722,48.1280101],[-124.715896,48.1278281],[-124.7161812,48.1270947],[-124.7170403,48.1263421],[-124.7172589,48.125903],[-124.7173834,48.1248466],[-124.7172596,48.1243903],[-124.7166845,48.1244231],[-124.7164188,48.1242633],[-124.7159537,48.1236071],[-124.7158033,48.1236048],[-124.7155332,48.1238128],[-124.7141955,48.1231509],[-124.7139443,48.1231375],[-124.7132666,48.1233731],[-124.7121467,48.123162],[-124.7120407,48.1229272],[-124.711727,48.1228225],[-124.7110657,48.1231542],[-124.7102209,48.1229514],[-124.7096713,48.1229279],[-124.706991,48.1219178],[-124.7048304,48.1207225],[-124.7038953,48.1204439],[-124.7029356,48.1199277],[-124.7014167,48.1185433],[-124.6996339,48.1172473],[-124.6990428,48.1171802],[-124.6987472,48.1176604],[-124.6984199,48.1176694],[-124.6981365,48.1171901],[-124.6977978,48.1168736],[-124.6976278,48.1162204],[-124.697155,48.1152337],[-124.6970142,48.1151394],[-124.6968613,48.1152403],[-124.6960665,48.1149567],[-124.6958472,48.1142828],[-124.6951955,48.1136215],[-124.6952495,48.1133769],[-124.695,48.1129193],[-124.6949381,48.1117856],[-124.6948501,48.1114444],[-124.6946398,48.1112244],[-124.6941446,48.1111243],[-124.6935798,48.1108238],[-124.6931904,48.1103553],[-124.6931133,48.1099],[-124.6932065,48.1096647],[-124.6935144,48.109499],[-124.6940339,48.1089837],[-124.6944,48.1082241],[-124.6944623,48.1078598],[-124.6940371,48.1073238],[-124.694386,48.1069249],[-124.6944168,48.1062922],[-124.6948221,48.1056085],[-124.6947116,48.1053317],[-124.6943137,48.1052624],[-124.6942063,48.105091],[-124.6943156,48.1049943],[-124.6948398,48.1049425],[-124.6950945,48.1045238],[-124.6957582,48.1039633],[-124.6958313,48.1037075],[-124.6957294,48.1030244],[-124.6955503,48.1029476],[-124.6947554,48.1029191],[-124.6942813,48.1026667],[-124.6940966,48.1026495],[-124.6933387,48.1030958],[-124.6930873,48.1033299],[-124.6925853,48.1031354],[-124.6920579,48.1025838],[-124.6926863,48.1022414],[-124.6928712,48.1020432],[-124.6928813,48.1016037],[-124.6929761,48.1013423],[-124.6929379,48.1009656],[-124.6933193,48.100609],[-124.6932393,48.1003722],[-124.693014,48.1003533],[-124.6928057,48.1005156],[-124.6926522,48.1001869],[-124.6921321,48.1002557],[-124.6920721,48.1001507],[-124.692369,48.0997245],[-124.6918233,48.0998228],[-124.6910334,48.100144],[-124.6910007214356,48.10014977476702],[-124.68866237791633,48.09925468008956],[-124.6886068,48.0991136],[-124.6887175,48.0990442],[-124.6890402,48.0991081],[-124.689937,48.0997254],[-124.6904782,48.0997845],[-124.6906125,48.0996735],[-124.6905691,48.0994286],[-124.6901709,48.0990114],[-124.6891545,48.0974972],[-124.6887799,48.0970658],[-124.6885962,48.0963006],[-124.6883635,48.0960614],[-124.6886447,48.0950085],[-124.6887972,48.0949498],[-124.6895267,48.0939467],[-124.6901515,48.0934496],[-124.6904591,48.093061],[-124.6910696,48.0925068],[-124.6913871,48.0920511],[-124.6914179,48.0917264],[-124.6913117,48.0915693],[-124.6915013,48.0913322],[-124.6917933,48.0913028],[-124.6922223,48.0914388],[-124.6925893,48.0913291],[-124.6929596,48.0911126],[-124.6929689,48.0909334],[-124.6934228,48.0907703],[-124.6938096,48.0903926],[-124.6939629,48.0903383],[-124.6941025,48.0904562],[-124.6943289,48.0904032],[-124.6945365,48.0902514],[-124.6948107,48.0897098],[-124.6949257,48.0897352],[-124.6951369,48.0900389],[-124.6952874,48.0901001],[-124.6952643,48.0898772],[-124.6954225,48.089583],[-124.6962267,48.0890706],[-124.6967526,48.0890269],[-124.6970211,48.0888501],[-124.6971938,48.0883384],[-124.6973013,48.0882198],[-124.6981208,48.0881591],[-124.6986985,48.0879387],[-124.6990643,48.0876193],[-124.6990462,48.0872876],[-124.6991654,48.0868537],[-124.6988455,48.0862996],[-124.6993249,48.0859112],[-124.6991717,48.0853793],[-124.6992388,48.0849584],[-124.6995209,48.0846306],[-124.6993118,48.0842496],[-124.6992472,48.0834067],[-124.6995175,48.0831224],[-124.6997361,48.0825412],[-124.7000124,48.0823534],[-124.6999098,48.0820541],[-124.7001139,48.0817444],[-124.6998995,48.081606],[-124.6999024,48.0813496],[-124.6996644,48.0811717],[-124.6998722,48.0809119],[-124.6999069,48.0806884],[-124.6999033,48.0805517],[-124.6996965,48.0802784],[-124.6998112,48.0800931],[-124.6997453,48.0799525],[-124.6997212,48.0792384],[-124.6998029,48.078738],[-124.6995901,48.0783612],[-124.6996,48.0779213],[-124.6997902,48.077512],[-124.6997484,48.0773542],[-124.6999382,48.0772009],[-124.6997243,48.0768136],[-124.6999087,48.0766709],[-124.6999771,48.076511],[-124.7000331,48.0760741],[-124.699867,48.075648],[-124.6999479,48.0752868],[-124.6998993,48.0747733],[-124.6997365,48.0745263],[-124.6996764,48.0740067],[-124.6997432,48.0738532],[-124.7000183,48.073948],[-124.7001356,48.0739075],[-124.700249,48.0735667],[-124.7004682,48.0735192],[-124.7005356,48.0734143],[-124.7005288,48.0732508],[-124.7004297,48.0728092],[-124.699744,48.0718388],[-124.6996162,48.0713329],[-124.6994965,48.0712002],[-124.6998052,48.0711664],[-124.699622,48.0709468],[-124.6995432,48.0706728],[-124.6998203,48.0706575],[-124.6997173,48.0702414],[-124.6998871,48.0701454],[-124.699857,48.0699254],[-124.6999477,48.0696635],[-124.6998817,48.0695513],[-124.699363,48.0692122],[-124.6991066,48.0689116],[-124.6980213,48.0683121],[-124.6978337,48.068102],[-124.6980878,48.0680488],[-124.6971977,48.0672385],[-124.6970817,48.0669493],[-124.6967905,48.0668536],[-124.6959344,48.0661183],[-124.6950821,48.0658241],[-124.6951415,48.0657046],[-124.6952948,48.0656431],[-124.6958905,48.0655597],[-124.6953005,48.064833],[-124.6951928,48.0645487],[-124.6947916,48.0643541],[-124.6948021,48.0641293],[-124.695527,48.0640742],[-124.6956059,48.063816],[-124.6957411,48.063716],[-124.6969558,48.0634647],[-124.6965935,48.0630654],[-124.6966484,48.0628899],[-124.6961236,48.0628272],[-124.6956661,48.0625542],[-124.695633,48.0624383],[-124.6958409,48.0623963],[-124.695648,48.0618382],[-124.6956899,48.0615223],[-124.6952441,48.0604302],[-124.695121,48.0602134],[-124.6949062,48.0600664],[-124.6948247,48.0595621],[-124.6946016,48.0592172],[-124.6946108,48.0591043],[-124.6948425,48.0588843],[-124.6946074,48.0586838],[-124.6943906,48.0582959],[-124.694115,48.0582341],[-124.6937442,48.0579765],[-124.6933045,48.0578107],[-124.6930894,48.0574519],[-124.6927818,48.0571542],[-124.692768,48.0569909],[-124.6933818,48.0572661],[-124.6929867,48.0568141],[-124.6933757,48.0565006],[-124.693029,48.056092],[-124.6929008,48.0560621],[-124.6927836,48.0563179],[-124.6926809,48.0562641],[-124.6925633,48.0560722],[-124.6923091,48.0559123],[-124.6923584,48.0556734],[-124.6922354,48.0555233],[-124.6910832,48.0546976],[-124.6910512,48.0545072],[-124.6912371,48.0544721],[-124.6908811,48.054092],[-124.6908525,48.0538821],[-124.6909312,48.0538723],[-124.6909584,48.0537511],[-124.6909008,48.0529721],[-124.6905677,48.052441],[-124.6905893,48.052083],[-124.6902683,48.0518481],[-124.690236,48.0517343],[-124.69049,48.0516227],[-124.6904488,48.0514926],[-124.690376,48.0513981],[-124.6898462,48.051317],[-124.6900175,48.051215],[-124.6899729,48.0511602],[-124.6891543,48.0508557],[-124.6891894,48.0504491],[-124.6887226,48.0500565],[-124.6886595,48.0498005],[-124.6888705,48.0493539],[-124.6888001,48.0488611],[-124.6889788,48.0485957],[-124.6889217,48.0484407],[-124.6885448,48.0481138],[-124.6882878,48.0475734],[-124.6878292,48.0472764],[-124.687757,48.0471026],[-124.6879313,48.0469733],[-124.6876531,48.0467285],[-124.6877193,48.0465873],[-124.6876705,48.0464229],[-124.6879968,48.0463657],[-124.6877625,48.0462197],[-124.6878933,48.0459963],[-124.6877421,48.0454299],[-124.6877833,48.0447615],[-124.6876889,48.0444196],[-124.6877279,48.0441851],[-124.687937,48.0439404],[-124.6876919,48.0434104],[-124.6878638,48.0431623],[-124.6878574,48.0426524],[-124.6875092,48.0420811],[-124.6872627,48.0414383],[-124.6875016,48.0413008],[-124.6873217,48.0409859],[-124.6866799,48.0406639],[-124.6861951,48.0401104],[-124.6861937,48.0394661],[-124.6857911,48.0389513],[-124.6856629,48.0386328],[-124.6857598,48.0386148],[-124.6858807,48.0382524],[-124.6858182,48.0376363],[-124.6856082,48.0369526],[-124.6856186,48.0367407],[-124.6860967,48.0362697],[-124.6857952,48.0355793],[-124.6856485,48.0355178],[-124.6850844,48.0356444],[-124.6849341,48.0355417],[-124.6849175,48.0352935],[-124.6851311,48.035008],[-124.685143,48.0348635],[-124.6849609,48.034606],[-124.6849617,48.0343476],[-124.6846119,48.0338212],[-124.6843147,48.0335574],[-124.6844723,48.0333205],[-124.6841852,48.0331929],[-124.6839561,48.0329407],[-124.6841161,48.0324604],[-124.6842575,48.0322855],[-124.6851732,48.0319197],[-124.6857735,48.0318259],[-124.6870341,48.0312301],[-124.6870839,48.0311264],[-124.6867416,48.0308204],[-124.6867128,48.0305787],[-124.6868724,48.0303682],[-124.6872593,48.0302189],[-124.6873311,48.0300571],[-124.6872263,48.0297793],[-124.6874705,48.0297263],[-124.6885699,48.0299458],[-124.6889165,48.0298585],[-124.6892166,48.0296758],[-124.689331,48.0291872],[-124.6895903,48.0288717],[-124.6892838,48.0288685],[-124.6888933,48.0290647],[-124.6888567,48.028908],[-124.6882794,48.0288235],[-124.6877879,48.0290547],[-124.6874368,48.0295068],[-124.686901,48.0295995],[-124.6854434,48.0292254],[-124.6847557,48.0292601],[-124.6842704,48.0290887],[-124.6842975,48.0290129],[-124.6845028,48.0290012],[-124.6851185,48.0290642],[-124.6854941,48.0289586],[-124.6857256,48.028784],[-124.6852959,48.0285596],[-124.6851572,48.028308],[-124.6849195,48.0282513],[-124.6846915,48.0280478],[-124.684594,48.0277844],[-124.6848191,48.0275219],[-124.6840339,48.0271853],[-124.6842718,48.027014],[-124.684197,48.026849],[-124.6837946,48.0265832],[-124.6830647,48.0263588],[-124.6827932,48.0261273],[-124.682803,48.0260451],[-124.683137,48.025894],[-124.6836209,48.0259328],[-124.6841268,48.0258139],[-124.6842338,48.0256981],[-124.684133,48.0253822],[-124.6839578,48.0252421],[-124.6833945,48.0252853],[-124.6835242,48.025104],[-124.683392,48.0249625],[-124.6827117,48.0249528],[-124.682402,48.02508],[-124.6822379,48.0250454],[-124.6821563,48.0249562],[-124.6824145,48.0247127],[-124.682245,48.0244559],[-124.6816528,48.0244487],[-124.6816062,48.0243897],[-124.6816971,48.0242753],[-124.682159,48.0241607],[-124.6821685,48.0240702],[-124.6817062,48.0240631],[-124.681646,48.0239228],[-124.6824607,48.0237621],[-124.6827478,48.023812],[-124.6827977,48.0237781],[-124.6825989,48.0236684],[-124.6826567,48.0235647],[-124.6831373,48.0232977],[-124.683253,48.0231749],[-124.6832268,48.0230369],[-124.6834579,48.0230569],[-124.6841977,48.0227956],[-124.6835403,48.0227075],[-124.683337,48.0229247],[-124.6831875,48.022958],[-124.6831514,48.0229062],[-124.6833416,48.0225578],[-124.6831731,48.0225062],[-124.6831022,48.0225516],[-124.6831291,48.0226769],[-124.6830488,48.0226856],[-124.6828684,48.0225791],[-124.6832835,48.0221753],[-124.6831328,48.0220924],[-124.6833661,48.0219103],[-124.683473,48.0215409],[-124.6837537,48.0212266],[-124.6838453,48.021249],[-124.6839015,48.0211775],[-124.6840097,48.0208043],[-124.6835517,48.0203202],[-124.6832019,48.0201232],[-124.6831718,48.0198579],[-124.6832796,48.0198118],[-124.6831708,48.0196945],[-124.6834266,48.0196403],[-124.6836368,48.0197374],[-124.6837875,48.0197075],[-124.684021,48.0196426],[-124.6840781,48.0195116],[-124.6831539,48.0187943],[-124.6829963,48.01886],[-124.6830007,48.0189633],[-124.6832405,48.0193756],[-124.6827761,48.0195397],[-124.6827338,48.01964],[-124.682613,48.0194426],[-124.6822524,48.0194456],[-124.6821614,48.0193227],[-124.6822144,48.0191914],[-124.6820388,48.0189997],[-124.6813394,48.0184998],[-124.68073971823284,48.01835067894011],[-124.68067501152744,48.0182505979214],[-124.6806595,48.0182181],[-124.6808547,48.0177889],[-124.6805587,48.017448],[-124.6806146,48.0167847],[-124.6803861,48.0163413],[-124.6801314,48.0161945],[-124.6803428,48.0156747],[-124.6803237,48.015261],[-124.6805207,48.0151212],[-124.6805762,48.0148109],[-124.6805295,48.014383],[-124.6806213,48.01405],[-124.6804263,48.0135141],[-124.6801225,48.0131052],[-124.6801165,48.0128996],[-124.6798903,48.0123134],[-124.680081,48.0120905],[-124.6801611,48.011847],[-124.6801575,48.0113188],[-124.6800349,48.0108015],[-124.6796308,48.0105072],[-124.6786476,48.0102524],[-124.6783528,48.0087134],[-124.6781084,48.0085455],[-124.6782661,48.008372],[-124.6781503,48.0081194],[-124.6782755,48.0078627],[-124.6785513,48.0077102],[-124.6786221,48.0073955],[-124.6790081,48.0071006],[-124.6788427,48.0065814],[-124.6790202,48.0062177],[-124.6790346,48.0055883],[-124.6792613,48.0054969],[-124.6793471,48.0051529],[-124.6796178,48.0048039],[-124.6800311,48.0045589],[-124.6806576,48.0044427],[-124.6809476,48.0036946],[-124.6807711,48.0035491],[-124.680673,48.0029508],[-124.6807859,48.002524],[-124.6810029,48.0022222],[-124.6812078,48.0021293],[-124.6816583,48.0020866],[-124.6817766,48.002193],[-124.6820871,48.0020696],[-124.6820766,48.0017415],[-124.6819931,48.0016461],[-124.6818306,48.001631],[-124.68174,48.0014384],[-124.681806,48.0011169],[-124.6822943,48.0011582],[-124.6827144,48.0009473],[-124.6827257,48.0008233],[-124.6824987,48.0004626],[-124.6820089,48.0002805],[-124.6813703,48.0002118],[-124.6813421,48.0000642],[-124.6817436,47.999847],[-124.6821191,47.9999776],[-124.6824026,47.999974],[-124.6822781,47.999794],[-124.6824487,47.9998068],[-124.6825688,47.9997208],[-124.6824598,47.9995363],[-124.6820949,47.9994803],[-124.6814881,47.9997114],[-124.6810202,47.9995614],[-124.6810078,47.9989688],[-124.680981,47.9988863],[-124.6807636,47.9988454],[-124.680713,47.9985217],[-124.6815918,47.9982749],[-124.6817912,47.9981305],[-124.6818117,47.9979927],[-124.6816318,47.9979051],[-124.6813552,47.9981742],[-124.6807301,47.9983106],[-124.6801606,47.9980834],[-124.6796893,47.9972203],[-124.6787249,47.9962059],[-124.6782402,47.9954158],[-124.6781362,47.9950232],[-124.6780324,47.9937312],[-124.6786758,47.9927139],[-124.6788202,47.9920102],[-124.6784644,47.9913559],[-124.6782506,47.9912265],[-124.6780967,47.9912572],[-124.6778284,47.9911655],[-124.677624,47.9906208],[-124.6774579,47.9907825],[-124.6770739,47.9907725],[-124.6768577,47.9900547],[-124.6767375,47.9899433],[-124.6760155,47.990215],[-124.6756936,47.9901435],[-124.6751795,47.9898745],[-124.6744578,47.9893548],[-124.6743364,47.989169],[-124.6743235,47.9888912],[-124.6739244,47.9885638],[-124.6738266,47.9880679],[-124.673856,47.9878271],[-124.6739456,47.987758],[-124.6743285,47.9877753],[-124.67443,47.987689],[-124.6744012,47.9874246],[-124.6745853,47.9872412],[-124.6748489,47.986721],[-124.6749526,47.9862697],[-124.6746756,47.98511],[-124.674362,47.9842813],[-124.6742734,47.9842239],[-124.6739054,47.9842956],[-124.6735759,47.9842521],[-124.673052,47.9840498],[-124.6728361,47.9838014],[-124.6726602,47.9837647],[-124.6724575,47.9838394],[-124.6720856,47.9836086],[-124.6719992,47.9834379],[-124.6720932,47.9832507],[-124.6719956,47.9831363],[-124.6712571,47.9828178],[-124.6710654,47.9829377],[-124.67104540652709,47.982927887535176],[-124.67100521938256,47.98282305929147],[-124.671045,47.9827154],[-124.6709552,47.9825596],[-124.6712488,47.9826165],[-124.6714589,47.9823262],[-124.6716867,47.9822854],[-124.6716915,47.982104],[-124.6717737,47.9820158],[-124.6718788,47.9820542],[-124.6718742,47.9821582],[-124.672038,47.9822183],[-124.6720247,47.9820482],[-124.6722333,47.9820498],[-124.6723372,47.9819001],[-124.6724286,47.9817291],[-124.6720098,47.9810647],[-124.6721878,47.9809197],[-124.6724623,47.9808528],[-124.6730663,47.9808463],[-124.6730434,47.980444],[-124.6728997,47.9802416],[-124.6732892,47.9800585],[-124.6732649,47.9792786],[-124.6737318,47.9790561],[-124.6735481,47.9789007],[-124.6735803,47.9787591],[-124.6737853,47.9788093],[-124.6740143,47.9787104],[-124.6737499,47.9786946],[-124.6732721,47.9784948],[-124.6738259,47.9783967],[-124.673786,47.9781583],[-124.673975,47.9780282],[-124.6742498,47.9780911],[-124.6743919,47.9778679],[-124.674248,47.9776175],[-124.6739412,47.9773566],[-124.6738488,47.9774902],[-124.6736321,47.9775389],[-124.6732292,47.9772967],[-124.6726847,47.9763031],[-124.6727094,47.9761592],[-124.6730298,47.9759763],[-124.6733427,47.9760205],[-124.6738989,47.9758761],[-124.6744081,47.9759001],[-124.6750508,47.9755783],[-124.6751995,47.9752429],[-124.6753695,47.9751692],[-124.6753269,47.9748833],[-124.6754295,47.9744598],[-124.675725,47.9742123],[-124.6756695,47.9740833],[-124.6761487,47.9735901],[-124.6763377,47.9732866],[-124.6763112,47.9730895],[-124.6759397,47.9726897],[-124.6751947,47.9726569],[-124.674439,47.9722126],[-124.6742778,47.9720026],[-124.6738204,47.9710355],[-124.6738545,47.9706472],[-124.6741756,47.9705605],[-124.6746288,47.9706837],[-124.6749134,47.9705715],[-124.6740009,47.9697039],[-124.6740804,47.9695476],[-124.6745705,47.9694971],[-124.6746002,47.9693763],[-124.6744201,47.9692435],[-124.6739818,47.9691515],[-124.6738232,47.9689144],[-124.67406,47.9686825],[-124.6744567,47.9685284],[-124.6746949,47.9686199],[-124.6748972,47.9684866],[-124.6755308,47.9684171],[-124.6759785,47.9685127],[-124.6762599,47.9684873],[-124.6762109,47.9686062],[-124.676342,47.9687218],[-124.6769311,47.968477],[-124.6778743,47.9684918],[-124.6779226,47.9683268],[-124.6776553,47.9679363],[-124.6777122,47.967576],[-124.6771359,47.9669223],[-124.6773202,47.9668379],[-124.6772295,47.966724],[-124.6772959,47.9666177],[-124.6770459,47.9664584],[-124.677025,47.9662856],[-124.6766441,47.9660386],[-124.6763793,47.9656188],[-124.6754835,47.9650048],[-124.6750497,47.965033],[-124.6748355,47.9649079],[-124.6746868,47.9645277],[-124.6735753,47.9640889],[-124.6734597,47.9641932],[-124.6731706,47.9640764],[-124.6727707,47.9641698],[-124.6724208,47.9640396],[-124.6724876,47.9639865],[-124.6724446,47.9639545],[-124.6723232,47.9639878],[-124.6715424,47.9637742],[-124.6705404,47.9636354],[-124.6691656,47.9637968],[-124.6668607320087,47.96452331887918],[-124.66572081912689,47.96411937049347],[-124.6657257,47.9637855],[-124.665566,47.9635486],[-124.6652994,47.9632717],[-124.6644549,47.9627485],[-124.6642935,47.9623473],[-124.6640069,47.962129],[-124.6641863,47.9619426],[-124.6638274,47.9618235],[-124.6637059,47.9616969],[-124.6637466,47.9615677],[-124.6641006,47.9615001],[-124.6642362,47.9612639],[-124.664484,47.9612365],[-124.6646734,47.9609589],[-124.6645056,47.9607932],[-124.6640158,47.9607299],[-124.6638541,47.9605241],[-124.6635642,47.9606423],[-124.6634928,47.9605672],[-124.6635796,47.9603521],[-124.6640772,47.9600674],[-124.6643425,47.9597618],[-124.6651674,47.9599093],[-124.6653628,47.9597547],[-124.6654397,47.9594429],[-124.6658086,47.9592164],[-124.666334,47.9592912],[-124.6666582,47.9592407],[-124.6667426,47.9593949],[-124.6671625,47.9594323],[-124.6677617,47.9597009],[-124.6680364,47.9597119],[-124.6683427,47.9596578],[-124.6687711,47.9594367],[-124.6690551,47.9594373],[-124.6695905,47.959659],[-124.6698068,47.9595936],[-124.6697641,47.959357],[-124.6700993,47.9593356],[-124.6703021,47.959647],[-124.6709187,47.9598892],[-124.6711543,47.9605231],[-124.6713087,47.9606742],[-124.6714739,47.9606994],[-124.6715625,47.96064],[-124.671903,47.9597897],[-124.6724024,47.9595242],[-124.6726072,47.9593246],[-124.6728832,47.9592441],[-124.6731524,47.9592746],[-124.6733157,47.9594925],[-124.6735921,47.9595254],[-124.6735924,47.9593769],[-124.6733944,47.9591135],[-124.6735302,47.9588954],[-124.6734305,47.9587882],[-124.6732283,47.9587615],[-124.6735429,47.9586464],[-124.6735612,47.9585546],[-124.6734991,47.9585439],[-124.6735601,47.9583899],[-124.6734667,47.95831],[-124.6736556,47.9579978],[-124.6735699,47.9576435],[-124.6731613,47.9573591],[-124.6731897,47.9571024],[-124.672948,47.9570126],[-124.6729863,47.9568687],[-124.6724316,47.956223],[-124.6721026,47.9560288],[-124.6717203,47.9562549],[-124.6711245,47.9569233],[-124.6706463,47.9570629],[-124.6704764,47.9572078],[-124.6699374,47.957066],[-124.6697725,47.956922],[-124.6693347,47.9569425],[-124.6693952,47.9564975],[-124.6693198,47.9564234],[-124.6689795,47.9563888],[-124.6686349,47.95616],[-124.6679647,47.9560393],[-124.6678299,47.955925],[-124.66796,47.9556529],[-124.6679051,47.95557],[-124.6675361,47.9554872],[-124.6672324,47.9556344],[-124.6670766,47.9556271],[-124.6668047,47.9558027],[-124.6667374,47.9557219],[-124.6668029,47.9554466],[-124.6667668,47.9550449],[-124.6664905,47.9548435],[-124.6661859,47.9547949],[-124.6660998,47.9545516],[-124.6665708,47.9542527],[-124.6668522,47.9542077],[-124.6669391,47.9540316],[-124.6671343,47.9539152],[-124.6677079,47.9538401],[-124.6679899,47.9538951],[-124.6682398,47.9537171],[-124.6683253,47.9534003],[-124.6678994,47.9531028],[-124.6676841,47.9531305],[-124.6675252,47.9534801],[-124.6671232,47.9537593],[-124.6669861,47.9536788],[-124.6669367,47.953368],[-124.6668273,47.9533262],[-124.6667788,47.9535135],[-124.6668672,47.9536643],[-124.6666586,47.9538362],[-124.6666482,47.9539878],[-124.666365,47.9540456],[-124.6653713,47.9545305],[-124.6649718,47.954444],[-124.664049,47.9546784],[-124.6637724,47.9545675],[-124.6638784,47.9543121],[-124.6645757,47.953941],[-124.6643475,47.9537936],[-124.6638651,47.9538833],[-124.6637307,47.9537678],[-124.6637513,47.953696],[-124.664652,47.953343],[-124.6651555,47.9528986],[-124.6649642,47.95247],[-124.664655,47.9526448],[-124.6644819,47.9529463],[-124.6639432,47.9531528],[-124.6634504,47.9530777],[-124.6634231,47.952991],[-124.6635335,47.9528703],[-124.6632366,47.9528878],[-124.6634871,47.9525395],[-124.6633211,47.9523575],[-124.6633073,47.9520044],[-124.6631785,47.9519251],[-124.6635373,47.9518368],[-124.6634825,47.9516839],[-124.6635972,47.9514339],[-124.6636736,47.9504802],[-124.6640615,47.9500168],[-124.6636861,47.9498557],[-124.6635322,47.9500715],[-124.6633349,47.9500463],[-124.6633693,47.9496607],[-124.6633085,47.9494669],[-124.6629697,47.9495517],[-124.6627544,47.9494264],[-124.6626268,47.9492034],[-124.6623175,47.9490524],[-124.6627353,47.9486898],[-124.6630466,47.9485895],[-124.6628089,47.948332],[-124.6627936,47.948221],[-124.6632394,47.9481449],[-124.6634589,47.9480063],[-124.6633606,47.9478535],[-124.6629991,47.9478164],[-124.6631942,47.9475665],[-124.6630828,47.9474264],[-124.6628336,47.9473755],[-124.662547,47.9475305],[-124.6623951,47.9474839],[-124.6625642,47.9471802],[-124.6628533,47.9472073],[-124.6630939,47.947043],[-124.6630011,47.9469238],[-124.6625329,47.9467514],[-124.6621779,47.9467416],[-124.6622334,47.9466535],[-124.6624613,47.9466338],[-124.6625395,47.946439],[-124.6623819,47.9463501],[-124.6621812,47.9464046],[-124.6622378,47.9461991],[-124.6619384,47.9459186],[-124.6615192,47.9460738],[-124.6607865,47.9457288],[-124.6603456,47.9457447],[-124.6598828,47.9455102],[-124.6597031,47.9452623],[-124.6596625,47.944977],[-124.6603664,47.9451227],[-124.6604531,47.9450695],[-124.660382,47.9447806],[-124.6609466,47.9446873],[-124.6612893,47.9442566],[-124.6611434,47.9440624],[-124.6607413,47.943893],[-124.6604773,47.9440702],[-124.65912,47.9442517],[-124.6589484,47.9443561],[-124.6589837,47.9445792],[-124.6584147,47.9446403],[-124.6582369,47.9447528],[-124.6577701,47.9455187],[-124.6575544,47.9456253],[-124.6572818,47.9454592],[-124.6567709,47.9454961],[-124.6564051,47.9453284],[-124.6562914,47.9451766],[-124.6559262,47.9451518],[-124.6559291,47.9448732],[-124.6556487,47.9446418],[-124.6557388,47.9444698],[-124.6556485,47.9444411],[-124.65468943860715,47.94474767936546],[-124.65391498087939,47.94430102906768],[-124.6539509,47.9442664],[-124.653735950972,47.944197777775095],[-124.65364852060674,47.9441473543662],[-124.6539511,47.9438461],[-124.6537672,47.9435767],[-124.6533549,47.943322],[-124.6533492,47.9431035],[-124.6530753,47.9428479],[-124.6527378,47.9423465],[-124.6527785,47.9421147],[-124.6531078,47.9416533],[-124.653082,47.9414033],[-124.6524443,47.9415105],[-124.6522174,47.9414569],[-124.6523272,47.941338],[-124.6522793,47.9412519],[-124.6517679,47.9411726],[-124.6512516,47.9413263],[-124.6507894,47.941604],[-124.65060087000396,47.94153670993341],[-124.65022543346869,47.94108559914228],[-124.6502472,47.9410563],[-124.6502445,47.9407926],[-124.65001647268441,47.940834519516685],[-124.64959871861839,47.94033256153039],[-124.6498572,47.9403405],[-124.6498577,47.9401168],[-124.6499987,47.9400573],[-124.6500458,47.9399413],[-124.6499967,47.9398009],[-124.6498256,47.9397164],[-124.6498878,47.9396343],[-124.6495035,47.9395718],[-124.6491826,47.9397671],[-124.64908481921195,47.939715078824186],[-124.64849690757922,47.939008665737425],[-124.6484772,47.9389736],[-124.64846067683223,47.93896513219873],[-124.64544199961807,47.93533800021143],[-124.6395287412442,47.920922091219445],[-124.6394209,47.9203614],[-124.63929727861813,47.92035780954728],[-124.63880799963536,47.91916499970759],[-124.64149599971392,47.91155099989942],[-124.64142600029204,47.907853000219305],[-124.63310699978818,47.9038699998035],[-124.62970599968209,47.89696800013262],[-124.62981406142583,47.89587989076269],[-124.6309092,47.8958972],[-124.6312312,47.8957476],[-124.6310966,47.8957179],[-124.631174,47.8956696],[-124.6313603,47.8957242],[-124.6312372,47.8956181],[-124.6313953,47.895398],[-124.6315356,47.8954584],[-124.6313653,47.8955695],[-124.6315033,47.8956634],[-124.6315629,47.8954822],[-124.6317839,47.8955138],[-124.6318977,47.895337],[-124.6318084,47.8952795],[-124.6319435,47.8952625],[-124.631907,47.895186],[-124.6317081,47.8951887],[-124.6317039,47.8951253],[-124.6321138,47.895138],[-124.6320281,47.8950801],[-124.6321959,47.8951063],[-124.632349,47.8950003],[-124.6322187,47.8949575],[-124.6320113,47.8950326],[-124.6319162,47.8949558],[-124.6320714,47.8948636],[-124.6322676,47.8948289],[-124.6324529,47.8949011],[-124.6325297,47.8948321],[-124.6323515,47.8948038],[-124.6326471,47.8945719],[-124.6323311,47.8944152],[-124.6326402,47.8941947],[-124.6330636,47.8941423],[-124.6333497,47.8938255],[-124.6335446,47.8938777],[-124.6336253,47.8937973],[-124.6335554,47.8937152],[-124.6336332,47.8936986],[-124.6334179,47.8935502],[-124.6333381,47.8935938],[-124.6333658,47.8936858],[-124.6331754,47.8938113],[-124.6326819,47.8938039],[-124.632389,47.8939496],[-124.6323407,47.8939065],[-124.6328257,47.8936468],[-124.632681,47.8935664],[-124.6329544,47.8934776],[-124.6327979,47.8934514],[-124.6327971,47.8933679],[-124.6324005,47.8935442],[-124.6323533,47.8934882],[-124.6324929,47.8933782],[-124.6324409,47.8933358],[-124.632242,47.8934581],[-124.632159,47.893404],[-124.6326845,47.8930189],[-124.6324492,47.8931078],[-124.6316579,47.8937715],[-124.631381,47.8937294],[-124.6311938,47.8935872],[-124.6315637,47.8933886],[-124.6316213,47.893252],[-124.6318079,47.8933174],[-124.6324145,47.8929164],[-124.6323689,47.8927757],[-124.6321405,47.892688],[-124.6322112,47.8925744],[-124.632119,47.8925368],[-124.6326558,47.892571],[-124.6327238,47.8924262],[-124.6330027,47.8922177],[-124.6329399,47.892141],[-124.6324799,47.8922836],[-124.6324139,47.8922619],[-124.6325122,47.8921573],[-124.6322399,47.892135],[-124.6322092,47.8922174],[-124.6323756,47.8922793],[-124.6318409,47.8923969],[-124.631877,47.892467],[-124.6316242,47.8924777],[-124.6313342,47.8927491],[-124.6311994,47.8927822],[-124.6307215,47.8927295],[-124.6303404,47.8924857],[-124.6303958,47.8922327],[-124.6305117,47.8921219],[-124.6315151,47.8918596],[-124.631392,47.8915895],[-124.6315123,47.8914188],[-124.6319322,47.8914108],[-124.632247,47.8912717],[-124.6319872,47.8910703],[-124.6318746,47.890776],[-124.6317148,47.890756],[-124.6315274,47.890859],[-124.6313273,47.8911092],[-124.6308519,47.8910647],[-124.6295006,47.8906014],[-124.6288104,47.8900272],[-124.62784995612935,47.89023194085163],[-124.62774747365279,47.89013248359701],[-124.6280079,47.8898577],[-124.6285341,47.8895677],[-124.628463,47.8891996],[-124.6280386,47.8888178],[-124.6264763,47.8878046],[-124.6262606,47.8873971],[-124.6262778,47.8871965],[-124.6265759,47.886656],[-124.6271819,47.8861841],[-124.6271878,47.8858804],[-124.6267488,47.8858673],[-124.6254054,47.8854772],[-124.6225966,47.8852345],[-124.6224318,47.8852644],[-124.6223685,47.8854051],[-124.6228348,47.885681],[-124.6227007,47.885743],[-124.6224135,47.8856833],[-124.6212875,47.8848441],[-124.6203921,47.8845541],[-124.6199908,47.8842859],[-124.6193663,47.8840931],[-124.6190115,47.8838713],[-124.6185304,47.8837965],[-124.6180772,47.8835835],[-124.6177634,47.8835622],[-124.617753,47.8834607],[-124.6175225,47.8833228],[-124.6159231,47.8827832],[-124.6131504,47.8812623],[-124.6129362,47.8811933],[-124.6125223,47.8813641],[-124.61228217654454,47.881364652388896],[-124.61168621060115,47.88106741559082],[-124.6113255,47.8807999],[-124.6109679,47.880282],[-124.6105774,47.8799052],[-124.6102425,47.8793772],[-124.609368152403,47.87905957710149],[-124.60915019109427,47.87785788521623],[-124.6091888,47.8778441],[-124.6091823,47.8777514],[-124.60913001748904,47.877746661541494],[-124.60909615184451,47.8775599491821],[-124.6092788,47.8775072],[-124.6095677,47.8773029],[-124.6101241,47.8771852],[-124.610373,47.8770462],[-124.6104111,47.8767782],[-124.6105672,47.8765919],[-124.610341,47.8763595],[-124.6097209,47.8765019],[-124.6092198,47.8762341],[-124.6099721,47.8763594],[-124.6099955,47.8762611],[-124.609643,47.8759552],[-124.6098067,47.8757487],[-124.6097982,47.875622],[-124.6094205,47.8753939],[-124.6094163,47.8752288],[-124.6089859,47.8751225],[-124.6090234,47.8748608],[-124.60891040324015,47.87478498839836],[-124.6092963269544,47.87404231438358],[-124.6097702,47.8739375],[-124.6104826,47.8738978],[-124.6106765,47.8739885],[-124.6107748,47.8738704],[-124.6108113,47.8735213],[-124.6109331,47.8733635],[-124.6110915,47.8732298],[-124.6112202,47.8733185],[-124.6112554,47.8732498],[-124.6111886,47.8730443],[-124.611441,47.8728172],[-124.6113303,47.8726469],[-124.6115277,47.8726214],[-124.6116867,47.8727163],[-124.6119718,47.8725233],[-124.6120805,47.8725269],[-124.6125455,47.8729071],[-124.6126924,47.8729103],[-124.6126281,47.8725481],[-124.6121994,47.8724085],[-124.6120095,47.872109],[-124.6117117,47.8719421],[-124.6118176,47.8719721],[-124.611342,47.8715181],[-124.6107552,47.8713414],[-124.6107779,47.8712842],[-124.6106571,47.871189],[-124.6102567,47.871081],[-124.6100189,47.8711079],[-124.6101496,47.8712559],[-124.6103042,47.8712372],[-124.6103204,47.8713545],[-124.6104387,47.8714439],[-124.6100742,47.8713244],[-124.6092643,47.8713128],[-124.6092143,47.871503],[-124.6090207,47.8715884],[-124.6092757,47.8717022],[-124.6090012,47.8718152],[-124.6086518,47.8717906],[-124.6087202,47.8717108],[-124.6084953,47.871447],[-124.6081457,47.8715713],[-124.6082319,47.8716877],[-124.6084507,47.8716627],[-124.6084517,47.8717592],[-124.6082107,47.8718476],[-124.6078802,47.8717496],[-124.6072241,47.8718774],[-124.6070072,47.8717664],[-124.6063855,47.8717057],[-124.6062978,47.8719056],[-124.6056783,47.8718085],[-124.6054156,47.8719633],[-124.6055305,47.872047],[-124.6053522,47.8721352],[-124.6052839,47.8723684],[-124.6049411,47.8724369],[-124.60481862462274,47.87278607099426],[-124.60453559641365,47.872531908779415],[-124.6045366,47.8725291],[-124.6046896,47.872477],[-124.6046634,47.8723337],[-124.6044253,47.8721363],[-124.6044838,47.8720018],[-124.6044363,47.8718987],[-124.6041473,47.8716884],[-124.6039431,47.8716516],[-124.60365240150722,47.87173879075672],[-124.60360952415944,47.87170028646164],[-124.6035681,47.8716247],[-124.60347332087012,47.8715779745204],[-124.603214999957,47.87134599970901],[-124.60314096679292,47.87141412617451],[-124.6031328,47.8714101],[-124.6027456,47.8713246],[-124.6025582,47.8714436],[-124.6024182,47.8717308],[-124.6021307,47.8718416],[-124.6020774,47.8721623],[-124.6019045,47.8723156],[-124.6015274,47.8722355],[-124.6009943,47.8718036],[-124.6007098,47.8718508],[-124.6006085,47.8719837],[-124.6008229,47.8721224],[-124.6008425,47.8722827],[-124.6006918,47.8726243],[-124.6007672,47.8733811],[-124.60083518974704,47.87353593796407],[-124.60075990959375,47.873605211928385],[-124.6006872,47.8735842],[-124.6006611578436,47.87369608482005],[-124.59990492577703,47.87439198129338],[-124.5998327,47.8743239],[-124.599144,47.8740952],[-124.5988035,47.8742798],[-124.5986646,47.8747241],[-124.5987694,47.8748214],[-124.5986989,47.8749543],[-124.5990408,47.8750694],[-124.5987794,47.8755736],[-124.5987738943561,47.87560052617601],[-124.59661000028659,47.87861399970019],[-124.58839694131613,47.877897620412625],[-124.5868098,47.8773301],[-124.5854825,47.8767159],[-124.58482197447694,47.87653774728432],[-124.58001861892512,47.87461605727866],[-124.57981655033996,47.874473863208564],[-124.5770693861937,47.87094794560927],[-124.5768924,47.8704404],[-124.5769583,47.8702484],[-124.576792,47.8700573],[-124.5768314,47.8695973],[-124.576614,47.8694945],[-124.5766741,47.8694142],[-124.5764656,47.8689809],[-124.5763127,47.8690194],[-124.5762333,47.8689403],[-124.5762727,47.8688585],[-124.576065,47.8684584],[-124.5760159,47.868178],[-124.5755487,47.8678915],[-124.575609,47.8677347],[-124.5755596,47.8676752],[-124.5750032,47.86728],[-124.5748068,47.8669453],[-124.5747416,47.8666172],[-124.5744596,47.866467],[-124.5744574,47.8661463],[-124.5743715,47.8660243],[-124.5739677,47.8658527],[-124.5736951,47.865879],[-124.5736631,47.8656998],[-124.5735476,47.8656353],[-124.5731791,47.8659007],[-124.5727934,47.8656476],[-124.5724697,47.8657515],[-124.5721098,47.86575],[-124.5719253,47.8658843],[-124.5713817,47.8659016],[-124.5710234,47.8657376],[-124.5710856,47.8656366],[-124.5716568,47.8654473],[-124.57172,47.8652359],[-124.5716114,47.8649748],[-124.5712026,47.8649599],[-124.5703526,47.8657389],[-124.56992681713285,47.86587219627308],[-124.56966690718502,47.865812147873434],[-124.5697411,47.8657131],[-124.5695918,47.865576],[-124.5690724,47.8655628],[-124.5687283,47.8656776],[-124.5680079,47.8661082],[-124.5676188,47.8666175],[-124.56761602272553,47.86662595532165],[-124.56730342791862,47.866838398444216],[-124.5670806,47.8667635],[-124.5667445,47.8670583],[-124.5665331,47.8670322],[-124.56644,47.8668707],[-124.5662956,47.866805],[-124.5661736,47.8669742],[-124.5663428,47.8671497],[-124.5661276,47.8672527],[-124.56656406644346,47.867340877234675],[-124.56627198246441,47.86753938095639],[-124.5660912,47.8676045],[-124.56609077660157,47.86760443186048],[-124.56442171572937,47.86698278055058],[-124.5645395,47.8668116],[-124.5641986,47.8666098],[-124.5640373,47.8662692],[-124.5638402,47.8661476],[-124.5636408,47.8658732],[-124.5631312,47.8658224],[-124.5630437,47.8659428],[-124.5630672,47.8660433],[-124.5629598,47.8660884],[-124.562862,47.8659989],[-124.5629481,47.865767],[-124.5628973,47.8656745],[-124.563056,47.865623],[-124.5630374,47.8654551],[-124.562822,47.86544],[-124.5623972,47.8656231],[-124.5621738,47.8655511],[-124.5619051,47.8650514],[-124.5612731,47.8649382],[-124.56116715066419,47.86509127643202],[-124.55903400016125,47.86308499995491],[-124.55899676695158,47.86274579586175],[-124.5592912,47.8625928],[-124.5594607,47.862244],[-124.5593407,47.8619613],[-124.5590622,47.8618673],[-124.5589849,47.86169],[-124.5592557,47.8607595],[-124.5593336,47.8599523],[-124.5589742,47.8596137],[-124.5586689,47.8589942],[-124.5586134,47.8586089],[-124.55852273284839,47.858427223556596],[-124.55850155850915,47.85823431989328],[-124.5592642,47.8582045],[-124.5602205,47.8585199],[-124.5607752,47.8585141],[-124.5611848,47.8583485],[-124.5612876,47.8581955],[-124.5611619,47.858005],[-124.5614173,47.857747],[-124.5610077,47.8572952],[-124.5610587,47.85719],[-124.5609265,47.8570567],[-124.5607944,47.8570246],[-124.5605937,47.8571425],[-124.560115,47.8569212],[-124.5597892,47.8570014],[-124.5597789,47.8571816],[-124.5595209,47.8573749],[-124.5591274,47.8574771],[-124.5590899,47.8573663],[-124.5591367,47.8569031],[-124.5589744,47.8567585],[-124.5593525,47.85654],[-124.5592348,47.8563648],[-124.5590645,47.8563443],[-124.559015,47.8561992],[-124.5592088,47.855687],[-124.5591376,47.8553335],[-124.5591969,47.8552471],[-124.5589735,47.8546424],[-124.5587983,47.8544679],[-124.5588017,47.8542387],[-124.5591296,47.8537321],[-124.5596947,47.8540122],[-124.5597302,47.853927],[-124.5599062,47.8539319],[-124.5599502,47.8538398],[-124.5598241,47.8535128],[-124.5595152,47.8529965],[-124.5589879,47.8527491],[-124.5586852,47.852277],[-124.5586024,47.8522949],[-124.5586657,47.852511],[-124.558506,47.8525211],[-124.558427,47.8526345],[-124.5584722,47.8528231],[-124.5581284,47.8527363],[-124.5579333,47.8528666],[-124.5575626,47.852819],[-124.5573584,47.8526726],[-124.5565143,47.8524076],[-124.5552174,47.8521222],[-124.5536567,47.8515019],[-124.5533309,47.8512148],[-124.5529875,47.8510389],[-124.5519626,47.8499831],[-124.5514024,47.8491999],[-124.551042,47.8478871],[-124.5510487,47.8465838],[-124.5513715,47.8460605],[-124.5517744,47.845836],[-124.5522481,47.8458716],[-124.5529179,47.8463671],[-124.5532609,47.8463815],[-124.5537594,47.8466074],[-124.5543636,47.8466462],[-124.5550951,47.8464993],[-124.5552651,47.846193],[-124.555701,47.8462157],[-124.5560005,47.8461126],[-124.5560474,47.8459659],[-124.5557338,47.8458148],[-124.5553991,47.8457705],[-124.5552713,47.8456293],[-124.5545793,47.8455448],[-124.554165,47.8454005],[-124.5534928,47.8449564],[-124.5533424,47.8449281],[-124.5531632,47.8447128],[-124.5528922,47.8446147],[-124.5528401,47.8445055],[-124.5532512,47.8443912],[-124.5532234,47.8441718],[-124.5529725,47.844031],[-124.5526226,47.843995],[-124.5523738,47.8435546],[-124.5514434,47.8433009],[-124.5507054,47.8426886],[-124.5504854,47.8428582],[-124.5502509,47.8426583],[-124.550098,47.8426514],[-124.55001,47.8428062],[-124.5500283,47.8430455],[-124.549892,47.8432568],[-124.5503128,47.8438117],[-124.5502254,47.8439213],[-124.5497349,47.8440757],[-124.5495642,47.8442357],[-124.5496803,47.8444505],[-124.5499187,47.8445506],[-124.5500484,47.8450656],[-124.550405,47.8454089],[-124.5503811,47.8455976],[-124.55009401769708,47.84562726022793],[-124.55005199985857,47.845407999727605],[-124.54574515049097,47.84524253715984],[-124.5446348,47.8448108],[-124.5440067,47.8444143],[-124.5429079,47.8434282],[-124.5415449,47.8427491],[-124.5409438,47.8424122],[-124.5409833,47.8423167],[-124.5409045,47.8422595],[-124.540744,47.8422825],[-124.5404175,47.8420602],[-124.5400113,47.841673],[-124.5396883,47.8412185],[-124.53962316349914,47.84104402425123],[-124.53973155143628,47.83958962400743],[-124.5398376,47.8394926],[-124.5402665,47.839399],[-124.5405587,47.8390906],[-124.540512,47.8388958],[-124.5402836,47.8387987],[-124.5401273,47.8388532],[-124.53980553022939,47.838596941818004],[-124.53985185589558,47.83797532227272],[-124.5402366,47.8382679],[-124.5405444,47.8383498],[-124.5406061,47.8382307],[-124.5409001,47.8382016],[-124.5407801,47.8378444],[-124.5409726,47.8378644],[-124.5409567,47.8376821],[-124.5413124,47.8375922],[-124.5417055,47.8376206],[-124.5418623,47.8374868],[-124.541761,47.8373197],[-124.5417974,47.8371328],[-124.5417177,47.8368672],[-124.5418891,47.8366545],[-124.5424089,47.8364672],[-124.5427975,47.836547],[-124.5432907,47.8368154],[-124.5434926,47.8367321],[-124.5435123,47.8364027],[-124.5436653,47.8363573],[-124.5436654,47.8361524],[-124.5434243,47.8359871],[-124.5435083,47.8359409],[-124.5443927,47.8362652],[-124.5445442,47.8360953],[-124.5439385,47.8358854],[-124.5431956,47.8351674],[-124.5433829,47.8350051],[-124.5438557,47.8348955],[-124.5437475,47.8347733],[-124.5440936,47.8345396],[-124.5450029,47.8347802],[-124.5456421,47.8347522],[-124.5457937,47.8345953],[-124.5459094,47.8343453],[-124.5458934,47.8341314],[-124.5460208,47.833985],[-124.5462654,47.833947],[-124.5466586,47.8336734],[-124.5469935,47.8333052],[-124.5474501,47.8332963],[-124.5475882,47.8331466],[-124.5475195,47.8329518],[-124.5477047,47.8328182],[-124.5481294,47.8327453],[-124.548275,47.8326322],[-124.5481389,47.8323259],[-124.5479132,47.832259],[-124.5475332,47.8326088],[-124.5473745,47.8324413],[-124.5473856,47.8323389],[-124.5472355,47.8323302],[-124.5470453,47.8324957],[-124.5469214,47.8323697],[-124.5470544,47.8321982],[-124.5469204,47.8321834],[-124.5467015,47.8322991],[-124.5465835,47.8321505],[-124.5464081,47.8321106],[-124.5461901,47.8322789],[-124.5460195,47.8322733],[-124.5459824,47.8321317],[-124.5461957,47.8320405],[-124.5453061,47.8317393],[-124.5444605,47.8318165],[-124.5442812,47.831907],[-124.5441177,47.8318348],[-124.5442838,47.831707],[-124.5441931,47.8316131],[-124.5445003,47.8314485],[-124.5441037,47.8313576],[-124.5444577,47.8311556],[-124.5444131,47.830988],[-124.5445412,47.8309385],[-124.5442164,47.8307942],[-124.5439695,47.8308406],[-124.5437736,47.8307738],[-124.5434679,47.8308298],[-124.5431015,47.8310425],[-124.5433061,47.8312354],[-124.5432295,47.8313077],[-124.542405,47.8313812],[-124.5425304,47.8315944],[-124.5427688,47.8316685],[-124.5427768,47.8318246],[-124.5419326,47.832019],[-124.5417464,47.8319263],[-124.5416924,47.8319973],[-124.5416754,47.8320721],[-124.5422897,47.832488],[-124.5422714,47.8325536],[-124.5420619,47.8325883],[-124.5419718,47.8328919],[-124.5425493,47.8335035],[-124.5419851,47.8331521],[-124.5412547,47.8328848],[-124.5412008,47.8329896],[-124.5409598,47.8328635],[-124.5408575,47.8326856],[-124.5403302,47.8324025],[-124.5401161,47.8324375],[-124.5400487,47.8326751],[-124.540348,47.8331815],[-124.5397815,47.8335452],[-124.5384556,47.8337294],[-124.5365564,47.8335976],[-124.5343915,47.8329875],[-124.5287203,47.832782],[-124.5279363,47.8327034],[-124.5272332,47.8324951],[-124.5255762,47.8322181],[-124.5224121,47.8312167],[-124.52185157726056,47.830907685177934],[-124.52106572759052,47.829610479804145],[-124.5209947,47.8294695],[-124.52094931913803,47.8294183238793],[-124.52049212605857,47.828663633329526],[-124.5204521,47.8284551],[-124.52030542586328,47.82835544652759],[-124.52009032893265,47.82800038511451],[-124.5200969,47.82795],[-124.52000665369128,47.82786226203971],[-124.51939099992336,47.826845999761304],[-124.51937026400091,47.826832424648],[-124.5193247,47.8267494],[-124.5193524,47.8265111],[-124.51907,47.8262744],[-124.5191955,47.8261927],[-124.5189415,47.8261181],[-124.5186818,47.8261636],[-124.51873934749592,47.82641938476234],[-124.51615834823686,47.82472969107],[-124.5162589,47.824552],[-124.5159675,47.8245524],[-124.5159253587905,47.82457716068994],[-124.5156724361409,47.82441158070995],[-124.5156848,47.8243819],[-124.5160737,47.8241789],[-124.5160228,47.8241331],[-124.5156829,47.8242447],[-124.5156862,47.8240052],[-124.5155826,47.8239726],[-124.5155825,47.8238936],[-124.5157483,47.8237663],[-124.5157839,47.8236962],[-124.5156981,47.8236669],[-124.5157793,47.8236425],[-124.5155436,47.8235924],[-124.5154806,47.8234932],[-124.5153187,47.8235369],[-124.5150888,47.8234527],[-124.5149642,47.8232646],[-124.5150329,47.8231967],[-124.5148132,47.8231031],[-124.5146553,47.8227843],[-124.5151442,47.8222472],[-124.5148976,47.8223709],[-124.5141292,47.8222974],[-124.5141242,47.8221761],[-124.5143766,47.8220615],[-124.5145389,47.8218507],[-124.5145072,47.8217675],[-124.5144332,47.8217339],[-124.514329,47.8218152],[-124.5142831,47.8217221],[-124.5141611,47.8217035],[-124.5137059,47.8218758],[-124.5136643,47.8218023],[-124.5137863,47.8216816],[-124.5136061,47.8216784],[-124.5133214,47.8219244],[-124.5131551,47.8218898],[-124.5129884,47.8219631],[-124.5128814,47.8222414],[-124.5124856,47.8222735],[-124.5123143,47.8223998],[-124.5113764,47.8227207],[-124.5112693,47.822652],[-124.5113244,47.8224362],[-124.5111819,47.8223258],[-124.5112629,47.8221967],[-124.5114079,47.8221628],[-124.511434,47.8220356],[-124.5112679,47.8219607],[-124.5116605,47.8217147],[-124.5115715,47.8216396],[-124.5117446,47.8215032],[-124.5118478,47.8215774],[-124.5118817,47.8217845],[-124.5120194,47.8216956],[-124.5121997,47.8217062],[-124.5125236,47.8218551],[-124.5126748,47.8217592],[-124.5127368,47.8216301],[-124.5126578,47.8214968],[-124.5124002,47.8213263],[-124.5121281,47.8213178],[-124.5118761,47.8211669],[-124.5122134,47.8210193],[-124.5121576,47.8209814],[-124.5126585,47.8209197],[-124.5125803,47.8207981],[-124.513059,47.8205005],[-124.513106,47.8202358],[-124.5130275,47.8201026],[-124.512807,47.8200346],[-124.5122478,47.8201534],[-124.5121973,47.8200603],[-124.5120273,47.8200155],[-124.5120136,47.8197895],[-124.511788,47.8199273],[-124.5113288,47.8199771],[-124.5112949,47.8200507],[-124.5116149,47.820229],[-124.5116115,47.8203104],[-124.5112074,47.8203207],[-124.511128,47.820397],[-124.5110708,47.8206863],[-124.511137,47.8207803],[-124.5109537,47.820782],[-124.5110107,47.8208915],[-124.5108601,47.8209976],[-124.5108211,47.8213329],[-124.510578,47.8214503],[-124.5110657,47.8217531],[-124.5109683,47.8218034],[-124.5110161,47.822039],[-124.5108723,47.8220337],[-124.5107818,47.82233],[-124.5106925,47.8223293],[-124.5106232,47.8222009],[-124.5104954,47.822329],[-124.5106074,47.8225968],[-124.5109573,47.8228041],[-124.5109926,47.8229077],[-124.51091203767368,47.82294426290195],[-124.51087006939586,47.822953839923876],[-124.5107309,47.8227787],[-124.5105837,47.8229016],[-124.5106088,47.8229658],[-124.5104601,47.8229577],[-124.5103529,47.8228691],[-124.5104781,47.8226021],[-124.5104369,47.8224733],[-124.5103068,47.8224863],[-124.5101725,47.8226516],[-124.509915,47.8227492],[-124.5098744,47.8229001],[-124.5097711,47.822937],[-124.5096526,47.8228373],[-124.5096511,47.8226428],[-124.5095657,47.8226785],[-124.5095247,47.8228271],[-124.5093443,47.8227495],[-124.5093015,47.8228459],[-124.5095024,47.8231107],[-124.50950346609814,47.82326569426781],[-124.50929420148248,47.82331344775965],[-124.5091654,47.8233219],[-124.50915999675514,47.823344072833706],[-124.50728701007463,47.82377148218755],[-124.5071526,47.8237148],[-124.50615693462025,47.823831476789024],[-124.50223532841233,47.82324276242424],[-124.5019699,47.8231721],[-124.5004766,47.8229782],[-124.4969416,47.8217493],[-124.4963461,47.8214179],[-124.496072,47.8210772],[-124.4961137,47.8208953],[-124.4962833,47.8205413],[-124.4966785,47.8205766],[-124.4968479,47.8205129],[-124.4969813,47.820342],[-124.4970607,47.8195256],[-124.4971851,47.8192157],[-124.4970641,47.819087],[-124.4968392,47.8191194],[-124.496333,47.819481],[-124.4959672,47.8198715],[-124.4959205,47.8200741],[-124.4956654,47.8201835],[-124.4951099,47.8202414],[-124.49423826948303,47.82005268288086],[-124.4912489192527,47.818017388271116],[-124.4911158,47.8178952],[-124.4903835,47.8166563],[-124.4900107,47.8156739],[-124.4900787,47.8155907],[-124.4902296,47.8157407],[-124.4903174,47.8157182],[-124.4904951,47.8156071],[-124.4904484,47.8155426],[-124.4906388,47.8154319],[-124.4907068,47.8152883],[-124.4905429,47.8150951],[-124.4899013,47.8152977],[-124.4898958,47.8153621],[-124.4892915,47.8153138],[-124.4887208,47.8149326],[-124.4883758,47.8143524],[-124.4882469,47.8136798],[-124.4879533,47.813172],[-124.4878693,47.8127635],[-124.4880106,47.8106555],[-124.4878237,47.8100962],[-124.4874855,47.8095794],[-124.4862134,47.808312],[-124.4860953,47.8081118],[-124.4858903,47.8071814],[-124.4859121,47.8064098],[-124.4856659,47.8052514],[-124.4857111,47.804418],[-124.485579,47.8038623],[-124.485289,47.8032041],[-124.4847405,47.802512],[-124.4843463,47.8021715],[-124.4839994,47.8015735],[-124.4837996,47.8008738],[-124.4835085,47.8002394],[-124.4833442,47.7992058],[-124.4834723,47.7988529],[-124.4834664,47.7979235],[-124.4828874,47.7965788],[-124.4828309,47.7963673],[-124.4829809,47.7954348],[-124.4826321,47.7948278],[-124.4829136,47.7947805],[-124.4827032,47.7945635],[-124.4827629,47.7943467],[-124.482189,47.7939125],[-124.4824572,47.7935393],[-124.4825178,47.7930553],[-124.4824705,47.7929518],[-124.4823221,47.792897],[-124.4820965,47.7929744],[-124.48178319782487,47.792860030178154],[-124.48171787403072,47.792050715152385],[-124.4821634,47.7920648],[-124.4826036,47.7921751],[-124.4830623,47.7923997],[-124.4832185,47.7923011],[-124.483449,47.7919214],[-124.4833711,47.791574],[-124.4831773,47.7915315],[-124.4831316,47.7917961],[-124.4830606,47.7916474],[-124.4828658,47.7915868],[-124.4827179,47.7913878],[-124.4826689,47.7910821],[-124.4827495,47.7907853],[-124.4826042,47.7906777],[-124.4825724,47.7905215],[-124.4827546,47.7897753],[-124.482705,47.7895945],[-124.4821691,47.7893731],[-124.4819665,47.7891584],[-124.4821109,47.7888143],[-124.4820383,47.7885089],[-124.4821519,47.7884055],[-124.4821175,47.7880027],[-124.4822569,47.7874368],[-124.4825396,47.7869259],[-124.4824833,47.7867492],[-124.4823849,47.7865297],[-124.4819352,47.7861575],[-124.4816524,47.7857139],[-124.4810574,47.7853836],[-124.480604,47.7847653],[-124.4803529,47.7838922],[-124.4807004,47.7834885],[-124.4807253,47.7832146],[-124.4801962,47.7827117],[-124.4798585,47.7822455],[-124.4796229,47.7823729],[-124.4793698,47.7823743],[-124.4793646,47.782304],[-124.4797805,47.7820427],[-124.4796615,47.7818214],[-124.4798272,47.7816933],[-124.4796795,47.7814274],[-124.478061,47.7802103],[-124.4776167,47.779599],[-124.4774165,47.7795027],[-124.4773213,47.7792834],[-124.47675517109687,47.77923068052663],[-124.4765485315552,47.77892094133621],[-124.4769383,47.7787374],[-124.4771567,47.7785042],[-124.4770863,47.7782343],[-124.4769022,47.7781014],[-124.4769144,47.7777697],[-124.4767125,47.7776287],[-124.4763976,47.7775831],[-124.4763258,47.7774918],[-124.4764988,47.7774452],[-124.4766154,47.7773076],[-124.4768864,47.7773681],[-124.4772115,47.7771045],[-124.4772126,47.7769168],[-124.4763524,47.7763022],[-124.4761462,47.7762886],[-124.4761143,47.7762132],[-124.4762981,47.7761207],[-124.4764298,47.7759367],[-124.4766394,47.7760728],[-124.4768267,47.7761035],[-124.4769614,47.7760246],[-124.4770131,47.7758472],[-124.4769157,47.7757111],[-124.4770115,47.7755839],[-124.4769506,47.7754478],[-124.4767137,47.7753203],[-124.4766751,47.7750329],[-124.476743,47.7748865],[-124.476216,47.7747725],[-124.4759958,47.7748452],[-124.4756251,47.7745827],[-124.4751827,47.7745182],[-124.4744595,47.7742504],[-124.4744282,47.7739542],[-124.4741673,47.7736092],[-124.4742684,47.77339],[-124.4738569,47.7730095],[-124.4729908,47.7726044],[-124.4727806,47.7726476],[-124.4727283,47.7728263],[-124.472491,47.7728631],[-124.472347,47.7726227],[-124.4728602,47.7723922],[-124.4728713,47.7722721],[-124.4724565,47.7720283],[-124.4722519,47.7720802],[-124.4718862361343,47.77203642558607],[-124.47215117668034,47.771753966995945],[-124.4732328,47.7719571],[-124.4732915,47.7717182],[-124.473022,47.7715623],[-124.4730895,47.7713517],[-124.4735628,47.7715867],[-124.4736398,47.7714132],[-124.4736326,47.7709418],[-124.47336,47.7707909],[-124.4735533,47.7706861],[-124.4741674,47.7705632],[-124.4749003,47.7708171],[-124.4751336,47.7708028],[-124.4753612,47.7704855],[-124.4748636,47.7701178],[-124.47479724107751,47.770005426762964],[-124.47500537370894,47.76996616302918],[-124.476114,47.7700263],[-124.4776159,47.7698735],[-124.4780864,47.7697822],[-124.4785306,47.7695127],[-124.4797761,47.76934],[-124.4799999,47.7692433],[-124.4797528,47.7692295],[-124.4798326,47.7691318],[-124.480117,47.7690775],[-124.4801542,47.7691514],[-124.4802714,47.7691456],[-124.4804466,47.7689434],[-124.480235,47.7681149],[-124.4804104,47.7678924],[-124.480212,47.7676926],[-124.48003209219604,47.76764145508064],[-124.48004099958844,47.76729999976516],[-124.47853226572434,47.767090851681345],[-124.4783555,47.7670396],[-124.47823573926095,47.767049745729466],[-124.47732311661653,47.76692323350497],[-124.4772813,47.7668831],[-124.4768863,47.7668152],[-124.47677348991222,47.766847041557035],[-124.47626236541402,47.766776186973644],[-124.4758605,47.7666344],[-124.4735009,47.766413],[-124.4728326,47.7664962],[-124.4721476,47.7667745],[-124.4711814,47.7669621],[-124.4710262,47.7671763],[-124.4709278595553,47.76723401037251],[-124.47004853248605,47.76761279317205],[-124.4697455,47.7676496],[-124.46969964568305,47.76776308118726],[-124.46856000025136,47.76825399987064],[-124.46826257178468,47.76812969914852],[-124.4682489,47.7681079],[-124.4683155,47.7680321],[-124.4679148,47.7677024],[-124.4674378,47.7675633],[-124.46714415175934,47.76766229124257],[-124.46537892105644,47.76692456948539],[-124.4652084,47.7667184],[-124.4649379,47.7666916],[-124.4648848,47.7665855],[-124.4646165980678,47.76660032463884],[-124.46293494098514,47.765237066935974],[-124.4628196,47.7650104],[-124.4627956,47.7649182],[-124.4628926,47.7648701],[-124.4628184,47.764782],[-124.4624839,47.7646228],[-124.4618487,47.7645239],[-124.4612695,47.7646862],[-124.4607178,47.7646649],[-124.4593838,47.76487],[-124.45930203783459,47.764912186317886],[-124.45892199982255,47.76494199992819],[-124.45674799957987,47.76618099991228],[-124.45421946484564,47.76542181171763],[-124.4540247,47.7652989],[-124.452842,47.7643869],[-124.4518198,47.7632811],[-124.45101234230417,47.76195789534829],[-124.4507253595196,47.76065777274784],[-124.4507172,47.7603877],[-124.4511827,47.7596442],[-124.4510623,47.7589678],[-124.4507162,47.7585638],[-124.4505471,47.7584869],[-124.4504701,47.7583289],[-124.4502326,47.7581759],[-124.4499302,47.7580853],[-124.44978995780063,47.757991617355806],[-124.44769651655655,47.75578545224409],[-124.4476408,47.7557199],[-124.44762854685865,47.75571382263587],[-124.44738200003594,47.75545400020225],[-124.44063199970228,47.751764000035664],[-124.4392313987577,47.75099815487845],[-124.438639,47.7503829],[-124.4351918,47.7484822],[-124.43437677229886,47.74834365705167],[-124.43071863150288,47.746343394647276],[-124.4305459995598,47.74624900005166],[-124.43051495378359,47.74620365770095],[-124.4251950004153,47.738434000219584],[-124.4229766825343,47.7325761432748],[-124.4231336,47.7324649],[-124.4218137,47.7287217],[-124.4207536,47.7249632],[-124.4204925,47.7229055],[-124.4205399,47.7217299],[-124.4202215,47.7201645],[-124.4199576,47.7198109],[-124.4193759,47.7185348],[-124.4191278,47.7173958],[-124.4190507,47.7168711],[-124.4192042,47.7159056],[-124.4193773,47.7154301],[-124.4197673,47.7150487],[-124.4198214,47.7148556],[-124.419151,47.7145413],[-124.4186137,47.7141217],[-124.4173773,47.7127675],[-124.4173467,47.7124],[-124.4174499,47.711936],[-124.4169645,47.7108182],[-124.4167677,47.7099922],[-124.4168931,47.7090571],[-124.4172503,47.7083666],[-124.4175175,47.7080216],[-124.4179539,47.707743],[-124.4180086,47.7076242],[-124.4179615,47.7074741],[-124.417257,47.7067067],[-124.416606,47.705534],[-124.4163953,47.704853],[-124.415807,47.7037255],[-124.4146263,47.7003434],[-124.4145754,47.699648],[-124.4146443,47.6988329],[-124.4143725,47.696823],[-124.4139041,47.6949077],[-124.4125439,47.6909902],[-124.4117124,47.6881303],[-124.4113959,47.6875291],[-124.410504,47.6866866],[-124.4097487,47.6856324],[-124.4084489,47.683016],[-124.4078011,47.6821088],[-124.4072821,47.6805587],[-124.4068276,47.6799129],[-124.4065432,47.6790097],[-124.4062373,47.6785103],[-124.4052979,47.6777868],[-124.4045737,47.676969],[-124.4032457,47.6757185],[-124.4015456,47.6737734],[-124.4008563,47.6722538],[-124.4004567,47.67156],[-124.4002038,47.6703341],[-124.3998498,47.6698816],[-124.3985913,47.6676926],[-124.398257,47.6675043],[-124.3980381,47.6671344],[-124.3972034,47.6661883],[-124.397105,47.6654371],[-124.3968654,47.6649978],[-124.3965322,47.6647552],[-124.3958873,47.6639994],[-124.3957373,47.6634915],[-124.3957941,47.6631465],[-124.3956701,47.6627939],[-124.3955201,47.6625975],[-124.3948354,47.6621045],[-124.3942911,47.6609934],[-124.3940413,47.6597221],[-124.3938861,47.6593704],[-124.3935364,47.6589902],[-124.3934457,47.6584508],[-124.3932696,47.6582687],[-124.3932581,47.6579787],[-124.3924307,47.6560812],[-124.3923482,47.6553771],[-124.3919975,47.6539735],[-124.392095,47.6537666],[-124.3923923,47.6535788],[-124.3925749,47.6531403],[-124.3924852,47.6527602],[-124.3925298,47.6526726],[-124.3923923,47.6524849],[-124.3920764,47.6523222],[-124.3923477,47.6522671],[-124.3923551,47.6522045],[-124.3920689,47.6521544],[-124.391872,47.6522421],[-124.3918423,47.6524849],[-124.3912781,47.6521504],[-124.3909596,47.6521303],[-124.3905418,47.6518228],[-124.38976882326757,47.65053476131379],[-124.38957149887736,47.65005847688933],[-124.3894484,47.6495697],[-124.3891380890469,47.649012349994216],[-124.38897886974021,47.648628040301105],[-124.388924,47.6481122],[-124.3884831,47.6474265],[-124.3884596,47.6472398],[-124.3884967,47.6467567],[-124.3888559,47.6464307],[-124.3886246,47.6460468],[-124.3883098,47.645835],[-124.3882004,47.6456501],[-124.3883524,47.6450975],[-124.3886025,47.6446733],[-124.3884581,47.6442831],[-124.3874468,47.6436726],[-124.3873486,47.6434301],[-124.3878379,47.6427481],[-124.3878466,47.6425611],[-124.3877368,47.6424213],[-124.3874412,47.6423421],[-124.3873675,47.6421463],[-124.3872985,47.6412171],[-124.3871571,47.6406176],[-124.3871953,47.639587],[-124.3870774,47.6395166],[-124.3868245,47.6387803],[-124.386483,47.6381813],[-124.3857392,47.6381404],[-124.3855322,47.6370927],[-124.3856338,47.6361199],[-124.3858357,47.6355804],[-124.3857919,47.6353848],[-124.3857084,47.6352359],[-124.3850723,47.6347807],[-124.3847729,47.634408],[-124.38429,47.6334256],[-124.3841449,47.6328104],[-124.384058,47.6314776],[-124.383919,47.6311275],[-124.3838425,47.6304858],[-124.3832774,47.62895],[-124.3826895,47.6278372],[-124.3825432,47.6273034],[-124.3823176,47.6257479],[-124.3814702,47.6243992],[-124.3810945,47.6229649],[-124.3809363,47.6219047],[-124.3805343,47.6207129],[-124.3803458,47.6192691],[-124.3798103,47.6173707],[-124.3797311,47.6158782],[-124.3796138,47.6151376],[-124.3792501,47.6141858],[-124.3790941,47.613518],[-124.3792953,47.612077],[-124.3788871,47.610615],[-124.3787048,47.608773],[-124.3779688,47.6068638],[-124.3776669,47.6055706],[-124.3771709,47.6048657],[-124.3767491,47.6036827],[-124.3763491,47.6029195],[-124.3738396,47.5996951],[-124.3734724,47.5990185],[-124.3732442,47.5982124],[-124.372807,47.5971247],[-124.3725867,47.5956267],[-124.3723875,47.5951357],[-124.3719725,47.59492],[-124.3715388,47.5948954],[-124.3711081,47.594549],[-124.3709681,47.5943312],[-124.3709111,47.5936493],[-124.3701354,47.592531],[-124.3699479,47.5914132],[-124.3692467,47.5906438],[-124.3673706,47.5840808],[-124.3669509,47.582882],[-124.3669738,47.5825801],[-124.3666108,47.5814631],[-124.3667028,47.5812942],[-124.3668764,47.5812263],[-124.3669085,47.5810898],[-124.3666502,47.5800882],[-124.366605,47.5788093],[-124.3663742,47.5772951],[-124.3661586,47.5765404],[-124.3660329,47.5765103],[-124.3659293,47.5763454],[-124.3649673,47.5735036],[-124.3649771,47.5730404],[-124.3647494,47.5726498],[-124.3647565,47.572171],[-124.3642926,47.5713424],[-124.3641,47.5702501],[-124.3641573,47.569356],[-124.3638801,47.5685535],[-124.3636688,47.5673548],[-124.3634075,47.5666504],[-124.36329,47.5658912],[-124.363343,47.5655356],[-124.3630609,47.5651574],[-124.3628451,47.564146],[-124.3628258,47.5635986],[-124.3626352,47.5633265],[-124.3624801,47.5627925],[-124.36176886706603,47.56273506030142],[-124.36176303850387,47.56270926465687],[-124.35971246947616,47.553634000014256],[-124.35864908157207,47.54892773217407],[-124.35837799966372,47.54772800001301],[-124.35807505451226,47.546507738311945],[-124.35485444509835,47.53353517080309],[-124.35316100041352,47.52671400003296],[-124.35284306866816,47.52521750709242],[-124.35152559498091,47.519016196678336],[-124.34575178398502,47.491839044947994],[-124.34557171758463,47.49099147680038],[-124.3451549999041,47.48902999994855],[-124.3431621871593,47.474344935462256],[-124.34212799989183,47.466723999781465],[-124.34276800012442,47.46414399973901],[-124.34449799995308,47.4635360001705],[-124.34600799967372,47.46339700029838],[-124.34632400004121,47.462928000250464],[-124.3456610002424,47.462095999768785],[-124.34440000004378,47.461691000121604],[-124.34361099984828,47.461648999804176],[-124.34193899974595,47.4612009999991],[-124.34106800043295,47.458910000149565],[-124.33971500017283,47.45352499983101],[-124.33915399958295,47.44648899997366],[-124.33950400028563,47.437717999946166],[-124.33755199980081,47.43298299978312],[-124.33672400014557,47.41599600002334],[-124.33784200022905,47.411947000008496],[-124.33636000009749,47.4050810002188],[-124.33016200013284,47.40013999990714],[-124.32664999969867,47.38875899988131],[-124.3243170003456,47.378696000081206],[-124.32409100038983,47.36760199980591],[-124.31962599972859,47.359632999951046],[-124.31937899985638,47.355559000104286],[-124.31485499964391,47.35377499970716],[-124.30750900035689,47.352268000018704],[-124.29994300006351,47.3483599999327],[-124.29983733842317,47.348216297728925],[-124.29917302079583,47.347312805789194],[-124.29328800016437,47.33930899995208],[-124.28636899977629,47.32516200007636],[-124.27809700002642,47.30637700001725],[-124.27943699986776,47.30428299979182],[-124.27879995060086,47.3039799263876],[-124.2744070002153,47.301889999821256],[-124.27119299970694,47.305025000009294],[-124.25745199991347,47.304059000173595],[-124.2521539995741,47.30077799993493],[-124.24643897792366,47.296524321954934],[-124.24299100041978,47.29395799970299],[-124.23634900004112,47.287287000049375],[-124.23614664464193,47.28677514492417],[-124.22152574951919,47.24979174759553],[-124.22058923427593,47.24742284280167],[-124.21951145536102,47.24469661264437],[-124.21297293730983,47.22815750195837],[-124.2104038238692,47.22165895543628],[-124.20901700024199,47.21815099980344],[-124.20574007723957,47.20712696732974],[-124.20573357343692,47.207105087906704],[-124.20099339993952,47.19115847063548],[-124.19589300021659,47.17399999992339],[-124.19236237860487,47.158445919681895],[-124.18972500038919,47.146827000279316],[-124.18547599963802,47.13853600019371],[-124.18401100012319,47.13534800007817],[-124.18444143507811,47.13345705985694],[-124.18508200035103,47.130642999717644],[-124.18383299984797,47.12480700015188],[-124.1804635216252,47.10968618188775],[-124.17698299007371,47.094067000418306],[-124.17674500030382,47.09299899995217],[-124.17490223585584,47.07787231518674],[-124.17350099965822,47.06637000013233],[-124.17212038338963,47.04375973449865],[-124.1712010843588,47.0287044323407],[-124.17051555481264,47.01747755933039],[-124.16911299988821,46.99450799990887],[-124.16914949035335,46.99386541133698],[-124.17094877185001,46.96218031266883],[-124.17116099973417,46.958442999965],[-124.17450300028908,46.94162300016785],[-124.17478899962101,46.931113000211],[-124.17387700030017,46.92723500024294],[-124.15862400023792,46.929439000222466],[-124.15216199978431,46.93204499979756],[-124.15187599955406,46.93695499980914],[-124.14126700025318,46.94026600019864],[-124.13943680862594,46.941813007778066],[-124.13908899981254,46.9421070002063],[-124.13554100029165,46.94354700006767],[-124.12714099959695,46.94190399994107],[-124.12012300037296,46.93888900007197],[-124.10997000028333,46.93584599993318],[-124.10624299976399,46.93755099972439],[-124.10603199987679,46.94462099977708],[-124.10965499974077,46.947236000277194],[-124.11249099995734,46.947558999736046],[-124.11936199976653,46.94437800005172],[-124.1274429997207,46.94551399984963],[-124.12832499980263,46.95078499996517],[-124.13263200028013,46.96142799987676],[-124.13089700042858,46.96490500029244],[-124.13556499968277,46.96515800006419],[-124.13803500020147,46.97095900025586],[-124.13833986145946,46.97408499323294],[-124.13973300024307,46.98837000011139],[-124.13744400037267,46.99915099985845],[-124.1392339995775,47.00292900008557],[-124.1436649999035,47.00701700030284],[-124.14666900034963,47.00987599994434],[-124.14793378335388,47.012952663385],[-124.14945322167323,47.01664878859452],[-124.1512880000983,47.02111200020354],[-124.14904299971053,47.029293999879535],[-124.14151699960011,47.035142000261736],[-124.12205700041612,47.04165000015739],[-124.10637800038151,47.04264000011395],[-124.08956885414247,47.0420177770187],[-124.06585600043474,47.04113999983688],[-124.06407700020226,47.042885000241725],[-124.06080599979249,47.04339799995301],[-124.0601772895864,47.043157020975706],[-124.05453400020804,47.040994000163145],[-124.05361899961582,47.04009200016288],[-124.05039400013511,47.03892500020538],[-124.04718299999982,47.03612200011716],[-124.04407899999462,47.03415900010129],[-124.03957499987364,47.032475000210056],[-124.0318970003256,47.030629000048286],[-124.02634500044132,47.030186999702465],[-124.01699900009056,47.0148480000462],[-124.01703500007557,47.011716999960484],[-124.01832899988617,47.01096499997472],[-124.01814599958804,47.00943599983361],[-124.01710200002273,47.00855199980289],[-124.01568600001342,47.00810100013243],[-124.01379800000102,47.008841999876104],[-124.01058900041383,47.00784400014495],[-124.00524800041676,47.00391500005655],[-124.00539451743624,47.003280722581756],[-124.00563400020616,47.00224399976636],[-124.0071439999268,47.00172899997156],[-124.01006800000692,46.997882000152636],[-124.01466900021227,46.994694000112816],[-124.01799900017328,46.99355399983472],[-124.0197270003521,46.991188999772405],[-124.01899800043108,46.98956799991682],[-124.0186009998727,46.989311000236754],[-124.01578100044797,46.98878899980313],[-124.01370900031253,46.98758000008124],[-124.01431799968469,46.986245999701254],[-124.01221799996017,46.98517599996775],[-123.99161200020527,46.98021500014039],[-123.98335299997585,46.98162000016813],[-123.95918499955806,46.981758999762036],[-123.95451253657522,46.97647626528724],[-123.94927000001816,46.97054899984072],[-123.94688200041354,46.968739000154216],[-123.93921400001292,46.969738999814425],[-123.92161699982866,46.971863999921496],[-123.91378291710168,46.971885116806185],[-123.90225894685298,46.971916180372006],[-123.89824500017738,46.971926999930915],[-123.88940199979189,46.96890400017541],[-123.87898034773674,46.96962410270049],[-123.87573999964111,46.96984800028105],[-123.86015054636897,46.967719993519175],[-123.85910300025492,46.967576999764454],[-123.85211919540225,46.964373861789575],[-123.84460400022807,46.96092699983861],[-123.84145379088467,46.957074289850794],[-123.84112133697444,46.956667698789616],[-123.83890000000784,46.95395100014955],[-123.85054600009967,46.95200400024677],[-123.85127324291604,46.95165829063808],[-123.859539000273,46.947728999894885],[-123.86049806233159,46.9473189741347],[-123.87021200004631,46.94316599986702],[-123.87768536337263,46.94126699206],[-123.87889318150981,46.94096008082391],[-123.8828840001601,46.939946000116834],[-123.9152559996574,46.932964000179304],[-123.93706200040984,46.92863600014532],[-123.95749300026255,46.92126099993481],[-123.9578837889707,46.9212724408347],[-123.9737179999201,46.921735999845474],[-123.97937799975941,46.92303800004011],[-123.98508199997961,46.921915999944886],[-123.99251299965546,46.917630999991395],[-123.99593499967797,46.91442000016621],[-123.99706577110985,46.914318663955854],[-124.00543099981657,46.913569000035835],[-124.00839000005678,46.91260100009199],[-124.00951900001091,46.91032499996424],[-124.01240980823964,46.905651259352496],[-124.01365999990874,46.90363000024643],[-124.03623999988976,46.89847300025011],[-124.04634399957557,46.89397199986218],[-124.04927900042469,46.89125300020477],[-124.05239466954542,46.88007823336368],[-124.05508499985385,46.870428999762765],[-124.06105100001488,46.86512700012921],[-124.06634900035425,46.86350400010532],[-124.06806960829661,46.8629924473401],[-124.06816656795681,46.86296362020119],[-124.07087704388381,46.862157770319065],[-124.07311300003332,46.8614929997547],[-124.08928599981233,46.86771599979757],[-124.0896719996017,46.87714900008155],[-124.09197009401605,46.87950438745238],[-124.09508700011695,46.882699000089985],[-124.09250399962033,46.88706799977173],[-124.09167057683571,46.8904433249923],[-124.09042200033747,46.895499999847566],[-124.09296099955482,46.901655000151926],[-124.09949300032861,46.90422000028924],[-124.10388077821477,46.90748682427161],[-124.1060880412758,46.909130194222705],[-124.11064099957976,46.91251999993911],[-124.1157969996289,46.913214000188724],[-124.11845999959313,46.91134899996132],[-124.12199999961638,46.905675000287104],[-124.12929800012118,46.905133000040735],[-124.13822500017227,46.90553399986038],[-124.13436700013168,46.90382799989867],[-124.13280299998435,46.89638699989219],[-124.1260970000316,46.88107199999344],[-124.12237177009168,46.871834073871526],[-124.12161405911583,46.869955081734666],[-124.11705719493702,46.858654848105175],[-124.11693108943741,46.85834212866565],[-124.10845134170167,46.83731382339447],[-124.10807800007295,46.836388000056914],[-124.10123200037813,46.81065599969599],[-124.09834303189913,46.79406699678246],[-124.0966549995639,46.784373999718845],[-124.09504100008618,46.75681199983979],[-124.0965149998218,46.74620199984065],[-124.09217599955726,46.74162400012823],[-124.0809830001003,46.73500299981923],[-124.06311700030254,46.73366400009588],[-124.05613900036322,46.72910699986397],[-124.04735700007707,46.72531499984342],[-124.04347399992213,46.72414200025728],[-124.03781400008282,46.72233700017494],[-124.03728122545749,46.72205475890528],[-124.02912700023124,46.71773500024093],[-124.01798168245124,46.719154655908795],[-124.01708399958108,46.71926899990081],[-124.01641190434002,46.71892631392994],[-124.00655399992291,46.71390000030472],[-124.00484300036081,46.712321000169496],[-124.00576399990248,46.71033500020566],[-124.00234199987997,46.70744699994011],[-123.99885399973525,46.705957999718464],[-123.99424199965922,46.70792899997586],[-123.98752099963784,46.707506999777806],[-123.9736629996685,46.70335299971373],[-123.96688599957065,46.70518400017054],[-123.96851008802733,46.70690940943264],[-123.97515700039393,46.713971000106575],[-123.9786478230453,46.72226500388738],[-123.97965499976881,46.72465799976193],[-123.97499400018735,46.73339100002328],[-123.96856400041911,46.73610599996996],[-123.94868300038732,46.7253689998654],[-123.92907299961887,46.725277999956774],[-123.92140701863099,46.72619610814439],[-123.92089629225599,46.726257274365004],[-123.91687400023137,46.72673899987965],[-123.9135099999352,46.72667999989166],[-123.91210499979655,46.72819900026448],[-123.91284999961113,46.73064699975826],[-123.91513099998393,46.7332370003041],[-123.91767099992451,46.73464400022775],[-123.91880599972643,46.73882900011558],[-123.91637100026615,46.74132200021659],[-123.9107159995514,46.74671499987293],[-123.89864100001252,46.750205000197845],[-123.89305399996816,46.750203999997304],[-123.88875999990945,46.750382999896814],[-123.88747358457482,46.749722127075685],[-123.88530100007702,46.748605999919114],[-123.88713899986072,46.74564300029471],[-123.87969703265358,46.73497990375063],[-123.87668000034768,46.730656999849785],[-123.87078199995872,46.728326999839595],[-123.86214899963547,46.72774900028042],[-123.85485500022698,46.725353999796276],[-123.8487250000344,46.719897999918814],[-123.84708899991708,46.718560999981456],[-123.84025099971984,46.71820300013582],[-123.83347000032232,46.71832200028957],[-123.8293560001887,46.713356000041564],[-123.82923999983774,46.70898500024575],[-123.82912400038511,46.70477200003517],[-123.83300699964173,46.70246700023506],[-123.83655610588706,46.701954458990194],[-123.83961300003537,46.70151299991727],[-123.85135600021157,46.702560000125644],[-123.86037978115812,46.69997863661101],[-123.8649020000114,46.69868499998187],[-123.89560099958142,46.68367200023441],[-123.90423899992753,46.679081000113705],[-123.91559600031435,46.67864900014318],[-123.92326899983952,46.672708000004995],[-123.9206619999518,46.66814200024665],[-123.92091600039501,46.653575999909194],[-123.92191300010467,46.65026199980364],[-123.93316500001119,46.64598900020883],[-123.94061599977853,46.64086199990677],[-123.93634900038234,46.63306400026728],[-123.93611099983264,46.62702499979261],[-123.94419199978681,46.62702499979261],[-123.95084699968592,46.63175800019273],[-123.95274899994206,46.63632800027716],[-123.95689599968766,46.637204999945965],[-123.9585499849753,46.63683367007006],[-123.96064199957527,46.63636400022048],[-123.95891400029475,46.62792999969743],[-123.95892310022857,46.62742968722545],[-123.95911357271319,46.61695809770451],[-123.95917500041064,46.61358099998372],[-123.95444986111787,46.60630431988861],[-123.95369899979606,46.605147999783156],[-123.93913899966984,46.596325999880875],[-123.92886099990675,46.58887500028872],[-123.92233200040435,46.57705699986266],[-123.92256599985774,46.57017699988251],[-123.9202469998501,46.56734300019038],[-123.91690199982048,46.56263300025767],[-123.90812499955723,46.5533060001277],[-123.9033209998606,46.551910000166366],[-123.89618100043789,46.550253999868154],[-123.8945789997574,46.547267999811034],[-123.89570500023683,46.54257100023978],[-123.89329199961955,46.53961000016886],[-123.8942540000674,46.53702800001642],[-123.89813100037458,46.534880000045256],[-123.89766313711335,46.531511808273606],[-123.89724199972164,46.528480000033646],[-123.89670299977138,46.52266499980892],[-123.89513699997423,46.51849800002363],[-123.89553592472392,46.514105861306874],[-123.89553899965716,46.51407200006464],[-123.89982699986805,46.510522000300405],[-123.90739800018429,46.507663000219814],[-123.91027899970841,46.50927700015874],[-123.91222199997243,46.51416500004504],[-123.91342799991943,46.51444100016672],[-123.91726524797866,46.51198892497114],[-123.91811799981325,46.51144400001988],[-123.92428200034102,46.51116699983343],[-123.92119199968124,46.50773100023582],[-123.92304799990659,46.50144599979529],[-123.926991000336,46.49681000004129],[-123.92669199968692,46.494322999873766],[-123.93197800033073,46.49322599987673],[-123.94257800030911,46.487831999759806],[-123.94366700008027,46.47719700010179],[-123.94062699964918,46.470920000167396],[-123.9394390001438,46.46715499976562],[-123.9425280000804,46.46518999986008],[-123.94775699992447,46.46731900023567],[-123.95678899955755,46.46911900005529],[-123.9680439998371,46.47349699987467],[-123.97082999982499,46.47537000028624],[-123.97176299996053,46.479921999919206],[-123.97200099961192,46.48614199999572],[-123.97705999957665,46.48745800027225],[-123.97921299990297,46.48994899986135],[-123.97905300006938,46.497377999722595],[-123.9836879997116,46.4985419999105],[-123.98838600000134,46.49700800009429],[-123.99268000006003,46.48861700017072],[-123.99418099955984,46.46886799974297],[-123.99086999986542,46.46573800012868],[-123.9906149995973,46.46301900008518],[-123.99172799965791,46.448816999974724],[-123.98840100006996,46.44504999987266],[-123.97009900025412,46.439153999765104],[-123.96534599971277,46.433257000026416],[-123.97009900025412,46.424410999884934],[-123.96700899959428,46.41572700030059],[-123.96677199976786,46.41015500007917],[-123.96534599971277,46.408679999878785],[-123.95774000013475,46.4091719997347],[-123.94989600000704,46.410319000012024],[-123.95203599991451,46.40261600007579],[-123.95155999971345,46.39015799986463],[-123.95227299974098,46.38179699973088],[-123.95369899979606,46.37884500028869],[-123.95805490994749,46.377936826130586],[-123.96391999965772,46.37671399981867],[-123.97651700032677,46.37966500020268],[-123.98483500010741,46.3786809999437],[-123.9950559999691,46.373925999753986],[-124.00717700043707,46.37146600016942],[-124.01525800039123,46.3786809999437],[-124.01608789549175,46.39241659972405],[-124.01620900007013,46.39442100011288],[-124.01715999974905,46.41638199985108],[-124.02534414875575,46.45936538447656],[-124.02603200044689,46.4629779997145],[-124.03000606551713,46.48624213162439],[-124.03095907742228,46.491821052386435],[-124.03173699959369,46.49637500020387],[-124.02834800008148,46.505098000051014],[-124.02775854625328,46.50828609887227],[-124.0274840004412,46.509771000108984],[-124.02368099975386,46.51211299972774],[-124.02382222479801,46.51328942820003],[-124.02601900002809,46.5315890002472],[-124.02314799965141,46.564113000042624],[-124.02356600012615,46.58255900001112],[-124.02879900016816,46.591039999954084],[-124.03228999978765,46.595218000118834],[-124.03832899974364,46.59859899998505],[-124.04086200001151,46.60624200010711],[-124.04603300012928,46.61310000007603],[-124.05236699963801,46.6200249997605],[-124.05134800018708,46.62383500020197],[-124.04579799995261,46.624277000244604],[-124.04401200004746,46.627397999702204],[-124.03408099971571,46.631150999794215],[-124.0353069997542,46.63595100020294],[-124.04649799956135,46.6383139999169],[-124.05032100034018,46.642025000301864],[-124.05090299994815,46.64549900005681],[-124.05783700040483,46.645256000142375],[-124.06434099979292,46.64125599981632],[-124.06958300005577,46.630651000238664],[-124.06841999976645,46.601397000249484],[-124.0619530001883,46.55616500027386],[-124.05854583224948,46.51273587983126],[-124.05702399991988,46.49333799984326],[-124.05703351218041,46.491344955094675],[-124.05712096496997,46.47302050587152],[-124.05715137473895,46.4666487402733],[-124.05742499977788,46.4093149997316],[-124.05799453076972,46.39528462399338],[-124.05835100024073,46.38650299989633],[-124.05949110696504,46.37567007458137],[-124.06031886946505,46.367804950379686],[-124.06204324314511,46.351420512635],[-124.06331235063917,46.33936186657212],[-124.06336899929929,46.33882360320377],[-124.06425882101242,46.33036881079591],[-124.06462399965012,46.32689900000754],[-124.06779765412413,46.31685457161394],[-124.0688733758971,46.31344997770851],[-124.07138400002955,46.30550400024045],[-124.0799069998496,46.299589000241696],[-124.07935216529584,46.29911849429087],[-124.07626200024434,46.29649799982121],[-124.07800600031672,46.2759379999049],[-124.07776799976702,46.27232399974109],[-124.0751540002066,46.27150199988398],[-124.06096099960322,46.27876100015087],[-124.05528099967243,46.27781000016557],[-124.05234800026977,46.275502000140406],[-124.0420300003237,46.27605200004594],[-124.0412620000446,46.278442999691244],[-124.04158199971175,46.285792999942835],[-124.04311900009486,46.28911300018398],[-124.05164000026512,46.29150399970155],[-124.04933399977796,46.29579800008319],[-124.04852668023885,46.29646175392701],[-124.0442730001634,46.299958999789645],[-124.03549599990009,46.30217199999475],[-124.03293300039331,46.30332300029467],[-124.02992399992435,46.308312000169394],[-124.02055099980943,46.31573699975877],[-124.02041446127613,46.315719464546454],[-124.00126399997947,46.31326000012002],[-123.99374741331494,46.3112844389561],[-123.98520400017836,46.30903899981232],[-123.97450899976545,46.303062999941105],[-123.97035500034717,46.29935199974595],[-123.97091199984075,46.293866000035194],[-123.96942700023445,46.291397999992434],[-123.95892799964012,46.28595799980013],[-123.95780616824196,46.28208193626309],[-123.95760919285297,46.281401365258155],[-123.95750199958508,46.28103100005793],[-123.95435300027236,46.2770010002288],[-123.94914021681579,46.27162015224385],[-123.94870799960334,46.27117400025577],[-123.94103000005532,46.26715899988805],[-123.93011155269863,46.260052370505505],[-123.92624700034634,46.257536999779646],[-123.92309200028751,46.251781000154466],[-123.91958099967823,46.25121699998243],[-123.90930600028821,46.24549099994613],[-123.87552499955596,46.239786999927496],[-123.87454245643417,46.240178025846],[-123.87098699999811,46.24159299986313],[-123.86582199972814,46.24895200024118],[-123.86278380580909,46.249155769334244],[-123.85953000005219,46.2493739999187],[-123.85554722761186,46.252716505219176],[-123.85078399975104,46.25671399990654],[-123.85237600038577,46.25866700029414],[-123.85049804982643,46.259679259280645],[-123.84974921869718,46.26008289734205],[-123.84895500018818,46.260510999793176],[-123.83890000000784,46.26213699993695],[-123.83377699957066,46.2684869998811],[-123.82903899999629,46.26967300021011],[-123.82439500013321,46.2694319997091],[-123.81876299988303,46.26969599983665],[-123.81816435628947,46.27007921623417],[-123.81692334270763,46.2708736407193],[-123.81650099977679,46.27114399995706],[-123.81545843482097,46.273891626488634],[-123.81451499985509,46.27637799975048],[-123.81173800008804,46.28035499975532],[-123.80613900034811,46.283588000035735],[-123.79555600008818,46.28450100017005],[-123.78265399982061,46.280227000232024],[-123.77505400009039,46.27459900019145],[-123.76668199988305,46.27349899984526],[-123.75956000000369,46.27507300018198],[-123.75955699963066,46.279186000177766],[-123.75357299992625,46.281194999799894],[-123.75024499961509,46.292035000116535],[-123.74560099975204,46.29238399973056],[-123.74147800029587,46.29027400014123],[-123.72858500024914,46.28872499986136],[-123.72789556572647,46.28968523395641],[-123.72403799957212,46.295057999976244],[-123.72406042780983,46.295640456920005],[-123.72427299974878,46.301160999919325],[-123.7154121408554,46.30245640729157],[-123.70072899967006,46.304602999690054],[-123.6877629998284,46.299235000128604],[-123.68057400000188,46.2960250001256],[-123.6787599996093,46.29072099973379],[-123.6780690002214,46.28646900019323],[-123.67877283743304,46.283484954997625],[-123.68008000025748,46.27794299969578],[-123.67912500038061,46.27250199984183],[-123.67655990600255,46.27099076985153],[-123.6695010001955,46.266832000171966],[-123.65137099990878,46.26542299998245],[-123.63561900007926,46.26522200023841],[-123.62488299965845,46.26153699998392],[-123.61354399971327,46.259988000195044],[-123.60319700035323,46.2616380001396],[-123.5890940001615,46.26058799970934],[-123.58164199967092,46.26050199975557],[-123.57650200041365,46.26213699993695],[-123.56915731805684,46.26163895285321],[-123.56438000012078,46.26131500008853],[-123.56295400006572,46.26378000004855],[-123.55992299985544,46.26509800017087],[-123.5571581129717,46.26520983747564],[-123.5555603721023,46.265274464969444],[-123.55224534436216,46.265408555628674],[-123.5476359997061,46.26559499984252],[-123.54765900017065,46.25910900021223],[-123.53809199988696,46.260610000109146],[-123.52639100044188,46.26340400024798],[-123.51618800012352,46.26615299970982],[-123.50124499968267,46.271004000001774],[-123.47964399986796,46.26913099971058],[-123.4748440003693,46.26783099983553],[-123.46874299959072,46.26453100012498],[-123.46455181620787,46.2616183142411],[-123.44759200003782,46.249831999792676],[-123.43625485241876,46.23819897264617],[-123.42762899999025,46.22934800028152],[-123.42805414386814,46.22329913442825],[-123.43098700043865,46.18157100024009],[-123.4226454198818,46.175991926919764],[-123.39040400039251,46.15442800009006],[-123.37954099975008,46.15099799978499],[-123.37143300003173,46.14637199994963],[-123.3637431409253,46.14632461023497],[-123.36056100006681,46.14630499997774],[-123.34625200001076,46.145065000017475],[-123.34065499992067,46.146182999735856],[-123.33233499959188,46.146132000100415],[-123.30258899396065,46.14470651802223],[-123.30103400032239,46.14463200005351],[-123.28016599972837,46.14484300011928],[-123.25123299997202,46.156452000186675],[-123.24202600043674,46.16096800025596],[-123.23081299998998,46.16428700003995],[-123.22242999991197,46.16768199980443],[-123.21305400032232,46.17254099998937],[-123.16641399987854,46.18897299975334],[-123.11973029819282,46.185548665740086],[-123.11590399969857,46.18526800025456],[-123.10502099986302,46.17767600022131],[-123.07295500068746,46.16336732715736],[-123.05106400044453,46.15359900030177],[-123.04129700014428,46.14635099995791],[-123.03382000043769,46.144335999736796],[-123.02288522440408,46.13944050340904],[-123.02214699968336,46.13911000009279],[-123.00943600010983,46.13604299974952],[-123.00423300020503,46.133823000068176],[-122.96669491347626,46.10761897252689],[-122.96268100003832,46.1048169998962],[-122.93967627479432,46.09653503215244],[-122.9374151756983,46.09572100958733],[-122.93046153806952,46.09321761941001],[-122.90411900021653,46.08373399971664],[-122.9029548267274,46.08234382033973],[-122.88593334031478,46.062017872125935],[-122.88447800038422,46.06028000006481],[-122.8830750124718,46.05390899714463],[-122.88132758353,46.045973871754796],[-122.8780920000986,46.031280999865515],[-122.87766154627907,46.030951065324],[-122.86428454114377,46.02069784165278],[-122.85615800019796,46.014469000020554],[-122.85030035752142,46.003826244987216],[-122.84587504712438,45.99578589630238],[-122.83857802129172,45.98252792604765],[-122.83763799992391,45.980820000239014],[-122.83342084355124,45.97728144172457],[-122.81399799958571,45.96098399990237],[-122.81221529739595,45.95445891891247],[-122.81184146169382,45.95309060060586],[-122.80619299981603,45.93241599995484],[-122.8112042570184,45.91385728891337],[-122.81151000042198,45.912724999932834],[-122.81006273005764,45.90966285698116],[-122.80835089775726,45.906040952817705],[-122.79908295202156,45.88643177746781],[-122.79809099994547,45.88433299970004],[-122.79467509589047,45.8799839646887],[-122.79180713900598,45.87633256047373],[-122.7850260003696,45.86769899985412],[-122.78512133318083,45.86435297800559],[-122.78529957959445,45.85809686618311],[-122.78551500009114,45.850535999712264],[-122.78569599984112,45.84421600028682],[-122.79596299973353,45.82502399988213],[-122.79572928953765,45.815216000186815],[-122.79560500043158,45.80999999975181],[-122.77898385271688,45.79124710304801],[-122.77064606125387,45.781839945893815],[-122.76953200028292,45.78058299978035],[-122.76145100032875,45.75916299995814],[-122.76097413774502,45.75037496155359],[-122.76010800011436,45.73441300002144],[-122.76218952598506,45.72857673755552],[-122.77251099971632,45.69963699971443],[-122.77268120620816,45.698003021722485],[-122.77451099988176,45.68043700002234],[-122.76380999962103,45.65713799993127],[-122.76241411019599,45.65643193547305],[-122.7435402455652,45.646885215437635],[-122.73810899991639,45.644138000223215],[-122.71330899966192,45.63743800026091],[-122.69138158351399,45.62495173204271],[-122.69118509052032,45.62483984136103],[-122.69100800023848,45.6247389999614],[-122.67532748384768,45.61817278427041],[-122.67509377365177,45.618074917891846],[-122.6750079998135,45.61803900020948],[-122.64390699966224,45.60973899981311],[-122.6349629064679,45.60928422642383],[-122.60771820674472,45.60789893668607],[-122.6026059995657,45.60763899992932],[-122.58891782250754,45.60525067106625],[-122.58600555711999,45.604742536044704],[-122.58232599303753,45.604100521288345],[-122.58140599960899,45.60393999979665],[-122.55127899780453,45.59744299599065],[-122.55021168516095,45.59721282603807],[-122.54995527723275,45.597157530626255],[-122.54943893908218,45.597046180349075],[-122.54814899965669,45.59676799979843],[-122.54598139721544,45.59613616259656],[-122.52366800014278,45.58963200022526],[-122.50535309602785,45.58592866822589],[-122.49601900823608,45.58404128549794],[-122.49225900001994,45.58328100019173],[-122.47931499991957,45.57976100020421],[-122.4757781395082,45.57865497161672],[-122.47465900036094,45.57830499979276],[-122.471883288778,45.57683588305122],[-122.45526177904227,45.56803851976796],[-122.45389100022435,45.567313000100974],[-122.4386740001471,45.56358499978562],[-122.41693400490679,45.56673157843859],[-122.41070600031335,45.56763300006146],[-122.40122295477948,45.57109834427692],[-122.39710051227878,45.57260478915874],[-122.39180199989971,45.57454100000878],[-122.38343589713226,45.57555948187479],[-122.38030200029608,45.57594100012216],[-122.3721892431,45.574023438977605],[-122.35280200026747,45.56944099995856],[-122.34181170206112,45.55850229950329],[-122.33907026569784,45.55577373347699],[-122.33150199985334,45.54824100017355],[-122.29490099969637,45.54354100012852],[-122.29481999770886,45.543541861435436],[-122.26670100005899,45.54384100026643],[-122.26262499956019,45.54432100030296],[-122.25953099960076,45.54509813150414],[-122.24899300044498,45.54774500028203],[-122.2489119472535,45.54777309980597],[-122.20170000024814,45.56414099974901],[-122.19752754584063,45.56728221683361],[-122.18369499963485,45.57769599971873],[-122.16682999884641,45.58037115173568],[-122.14074999992339,45.5845079999313],[-122.12954800024556,45.582945000089644],[-122.12948999962096,45.58296699988093],[-122.1261970003682,45.58257299974167],[-122.1261970003682,45.582617000235885],[-122.11235600011729,45.581409000151595],[-122.10167499994806,45.58351599976783],[-122.10017601447112,45.58419615599245],[-122.04437400032485,45.609516000207186],[-122.02257099994547,45.6151509999974],[-122.00368999999638,45.61592999973098],[-121.98303800021075,45.622812000013745],[-121.9797969999382,45.624839000147716],[-121.9635470001663,45.632784000307396],[-121.96125801736387,45.63594076239767],[-121.9557340000007,45.643559000241396],[-121.9518380003253,45.64495099983635],[-121.93514900016223,45.64416900009034],[-121.92202885211273,45.64916189887526],[-121.90826699972659,45.65439900017901],[-121.9044480144171,45.65832159127222],[-121.90085799979205,45.66200899984127],[-121.90089739271389,45.662353020831986],[-121.90185500040002,45.6707159999941],[-121.87790856675213,45.68629070858925],[-121.87569540086136,45.68773014633342],[-121.8671670003698,45.69327700021663],[-121.85820524450038,45.6954401549727],[-121.83811275949114,45.70029000259776],[-121.81130399959892,45.70676100013052],[-121.73510399958496,45.694039000212385],[-121.71171158841382,45.69468818012187],[-121.70735800040738,45.69480899992145],[-121.67595871197106,45.70308074275487],[-121.66836200007478,45.70508199976051],[-121.6381190113941,45.70473643530034],[-121.63116699971593,45.704656999694976],[-121.60932038792615,45.709532447396754],[-121.56272713580975,45.71993053371824],[-121.53425243315513,45.72628515402145],[-121.53310599959629,45.726540999809814],[-121.5319830210495,45.726345626699704],[-121.52368585320029,45.724902102070686],[-121.52239199981511,45.72467700024907],[-121.51108796050417,45.722813504172436],[-121.49915300023324,45.72084600000905],[-121.49468779745106,45.71845018470617],[-121.49468679852447,45.71844964845865],[-121.48367298691552,45.71254016127754],[-121.48148945105612,45.71136857957176],[-121.46706528159073,45.70362925632101],[-121.46284900017716,45.70136699975808],[-121.44122459565604,45.69730343829234],[-121.42359199972864,45.69399000027136],[-121.40173900001884,45.69288700018917],[-121.38345177659112,45.699297717056595],[-121.37257399956059,45.70311099981541],[-121.36547044299232,45.703486139204266],[-121.35126701115182,45.70423622222542],[-121.33777000007773,45.70494899973754],[-121.31219800024452,45.69992499996421],[-121.29445388655945,45.690718747373644],[-121.28732299964699,45.68701899993351],[-121.25118299962244,45.678389999804324],[-121.21577900008997,45.671237999764614],[-121.20480814861286,45.65599825431169],[-121.20036700001904,45.64982900030119],[-121.19663114300931,45.63504565919299],[-121.19523299971122,45.62951299986535],[-121.1961492202156,45.62063196715921],[-121.19655599983412,45.61668900017149],[-121.18384100006263,45.606441000233076],[-121.17047499389969,45.60615426907397],[-121.16785200040663,45.606098000206615],[-121.14553400036642,45.60788599982906],[-121.14056036730312,45.61123627715622],[-121.13948299981655,45.611961999693385],[-121.13195300040651,45.60976200021235],[-121.12922827809744,45.611523444832265],[-121.12379379492033,45.61503666306883],[-121.12323961793336,45.615394920596366],[-121.12220000034998,45.61606700026067],[-121.1200859967885,45.616908823329965],[-121.11705199979845,45.61811699995292],[-121.12006399974214,45.62313400004988],[-121.08493300002114,45.64789299989151],[-121.07145340817871,45.650945131306734],[-121.06436999992397,45.652549000139004],[-121.03358199976715,45.650998000052354],[-121.00744900024235,45.6532169999664],[-120.98347800036636,45.6483439999889],[-120.97797800036065,45.649345000035446],[-120.95307699982386,45.656744999724886],[-120.9439770004187,45.65644499989181],[-120.91587599961723,45.64134500012663],[-120.91579517280121,45.641301219025884],[-120.91347600031708,45.640044999820596],[-120.89557500035919,45.64294500006314],[-120.8856160857783,45.650081578372635],[-120.87004199998573,45.66124199983049],[-120.85567400037844,45.67154499972145],[-120.83614147930325,45.67584348762902],[-120.78887199969549,45.686245999959745],[-120.72417100035857,45.706445999911544],[-120.68937000035045,45.71584699993752],[-120.66886900017755,45.73014700003872],[-120.6535343441543,45.7372486812117],[-120.63496799979471,45.74584700007523],[-120.59116600011568,45.74654700023976],[-120.55946499991477,45.73834799973733],[-120.55331742418367,45.73367596708781],[-120.5219640001325,45.709847999799166],[-120.50586300032352,45.70004799994553],[-120.48236199990251,45.69444900000815],[-120.4530966154062,45.69624071239757],[-120.40396000005677,45.69924900029144],[-120.32905700022646,45.711049999752234],[-120.28865599975519,45.72015000009134],[-120.28215599966678,45.721250000129395],[-120.2114742112043,45.72590358240394],[-120.21075400039999,45.72595099977979],[-120.19110325654182,45.7435045782378],[-120.17045300038613,45.76195099996025],[-120.1413520004003,45.77315199984215],[-120.07015000025174,45.785151999939366],[-120.05507510646592,45.79099608309952],[-120.00114800028516,45.81190200030704],[-119.99950117636692,45.81248171865468],[-119.96574399985434,45.824365000283805],[-119.90891724063256,45.82804080373331],[-119.90746099969178,45.828134999813244],[-119.87614399963046,45.834717999708495],[-119.86827203674457,45.835940714584616],[-119.8681349996463,45.83596199979221],[-119.80265500015963,45.84752999969969],[-119.77292700035999,45.84557800015109],[-119.729909361078,45.85029052915669],[-119.67219987054565,45.85661253241257],[-119.66987699969745,45.85686699984473],[-119.62339299978758,45.90563899984867],[-119.60054900021592,45.91958100017639],[-119.5715839997742,45.92545599970459],[-119.53694652099554,45.91302466253595],[-119.5246320000592,45.90860499995038],[-119.48782900023583,45.90630699981534],[-119.45623844161094,45.91559507678685],[-119.45025599958525,45.9173539999262],[-119.43214995377387,45.918250445618575],[-119.3643960002995,45.921605000128615],[-119.35692787504959,45.92366926680444],[-119.32250900039703,45.933183000136594],[-119.31277961165942,45.934186767678895],[-119.2657814600984,45.93903550399745],[-119.25715000038588,45.93992600017479],[-119.22574499956266,45.93272499977828],[-119.20434937348654,45.92928711264214],[-119.1955299996913,45.92787000005965],[-119.16949599990072,45.92760299982346],[-119.14139017155293,45.93100866733203],[-119.126120000194,45.93285900004809],[-119.093221000442,45.94274500019145],[-119.0614619996165,45.95852699984924],[-119.0270559996186,45.969133999846186],[-119.00855799998415,45.97926999993489],[-118.98719609037558,45.99979055180612],[-118.98712899969858,45.9998549997806],[-118.97778709656383,46.00000137748941],[-118.9412420003636,46.00057399977637],[-118.86812798643845,46.000674215992284],[-118.78869472603645,46.000783093957345],[-118.78576563430528,46.000787108859406],[-118.72524219360332,46.00087006762861],[-118.67786999972766,46.000934999826704],[-118.658716999792,46.00095500002165],[-118.63933200005278,46.00099400010017],[-118.63772500024774,46.00097000000713],[-118.60678933502452,46.00088867317971],[-118.59049739201367,46.00084584346118],[-118.57990599969236,46.00081800000788],[-118.57571000044129,46.00071799996132],[-118.56939199992773,46.00077299991567],[-118.55490230285396,46.00080308110292],[-118.53711900016464,46.00084000020605],[-118.49702700038816,46.000619999702856],[-118.47075599987282,46.00063200013863],[-118.42402721264128,46.00060266705288],[-118.4153266590087,46.00059720504548],[-118.40381711480516,46.00058998019362],[-118.38730176796966,46.000579612797814],[-118.3872930947356,46.00057960780569],[-118.3783599996153,46.00057399977637],[-118.36778999977416,46.00062200029564],[-118.36716827486772,46.00062001031111],[-118.34049405206235,46.000534645584615],[-118.31498200040129,46.00045299986856],[-118.2835260004228,46.0007870002811],[-118.25636799980263,46.000439000042675],[-118.25252999985352,46.000458999792876],[-118.2366675288036,46.00041821464715],[-118.23658399985523,46.00041799998516],[-118.22894099956895,46.00042100026128],[-118.14602799992954,46.000700999941635],[-118.13101900026476,46.00028000021118],[-118.12619700012647,46.00028200019228],[-117.99694971290417,46.000786848645845],[-117.99691100000699,46.0007870002811],[-117.97766333470841,46.00072347568505],[-117.71785199983884,45.99986600007218],[-117.62359560030603,45.99906141544995],[-117.60342451899763,45.99888923204722],[-117.60316299965551,45.9988869998748],[-117.50483299992231,45.998316999823054],[-117.48010299998806,45.997869999793316],[-117.47993513270922,45.997869469353994],[-117.4753600003908,45.99785500021552],[-117.47514799978036,45.99789300026131],[-117.43994300043953,45.998633000285835],[-117.39073799994081,45.99859799987517],[-117.38213120347442,45.99807214610293],[-117.35392800044475,45.9963489996923],[-117.33766799972881,45.99866199993181],[-117.28051332758054,45.99851738470988],[-117.2167310002504,45.99835599988892],[-117.21453400044149,45.99832000021314],[-117.21261600029185,45.998320999927095],[-117.09018677875231,45.99762456435361],[-117.07004700013832,45.99751000006754],[-117.05130400028148,45.996849000155315],[-116.9858819996228,45.996974000033234],[-116.94068099965288,45.996273999701245],[-116.91598900025177,45.99541300026057],[-116.91718000013017,45.99657500004924],[-116.91867999980506,45.999874999741905],[-116.9211610001944,46.01353100005509],[-116.9230049998259,46.0182930001132],[-116.92759000013774,46.02039799993186],[-116.92984899987094,46.02358300020915],[-116.93035699985903,46.03239200012989],[-116.92967999981653,46.03467799993368],[-116.9317059999212,46.039651000236084],[-116.93586100006272,46.04358899971617],[-116.93905100028164,46.04493599985587],[-116.94346900018888,46.05441499998714],[-116.94265599970392,46.06100000030194],[-116.94856400013865,46.06793300026001],[-116.95737200036407,46.0754490000078],[-116.96041600009482,46.076346000289895],[-116.9631900003871,46.07590500021217],[-116.97000900031776,46.07676900010521],[-116.9789380000187,46.08000699989495],[-116.98196199965794,46.084914999991916],[-116.98247899986688,46.089389000237176],[-116.98249800013343,46.091346999794276],[-116.98174699957278,46.092881000238904],[-116.97882300039096,46.09573099970404],[-116.97695700011984,46.09667000030275],[-116.97405800015409,46.097707000115335],[-116.95954800025658,46.099057999736466],[-116.95526300041871,46.102237000085786],[-116.9512649997377,46.11116099972006],[-116.95098000023069,46.11885299991901],[-116.95027600042398,46.12346399972417],[-116.94833599963471,46.125885000055035],[-116.94295100015502,46.12927399989362],[-116.94059299978933,46.13242599988137],[-116.93583299957533,46.13568400023317],[-116.93394899976087,46.13892000018493],[-116.93547299972519,46.142447999764194],[-116.93437999975609,46.15422900010968],[-116.93060000043162,46.15682200009793],[-116.92264800034886,46.160744000015576],[-116.92125800027881,46.164795000001675],[-116.92187000002399,46.16780799994885],[-116.92395800005295,46.17092000011957],[-116.92762100009988,46.17318000007914],[-116.93357100036742,46.17361800013921],[-116.93973400017195,46.179535999973616],[-116.9396110001483,46.1818899996895],[-116.94172400029161,46.185034000033184],[-116.95241600033148,46.19351399995118],[-116.9548148156521,46.19491600004644],[-116.96296600008111,46.199679999881674],[-116.96584099975746,46.20341699981644],[-116.96656899985359,46.20750099978147],[-116.96613000036076,46.20945300014524],[-116.95942799970764,46.21981199990907],[-116.95603099979952,46.22597599996201],[-116.95526400024363,46.230879999846756],[-116.95880099989387,46.24231999982761],[-116.9643789997174,46.25328200001011],[-116.96674200010594,46.25692299979238],[-116.97029800002278,46.261232999720775],[-116.97259100009113,46.26327100021149],[-116.97605400012152,46.26600999992229],[-116.98739100041686,46.27286500000331],[-116.99113399993144,46.27634200007648],[-116.99142199981151,46.27846700021202],[-116.99089399973188,46.280371999946],[-116.9849100000275,46.28973799992072],[-116.98462999964504,46.29270499987178],[-116.98668800043505,46.296661999810205],[-116.9897940000901,46.299394999982795],[-116.99725999992603,46.30315099969301],[-117.00748599981057,46.30530200007189],[-117.0164129998617,46.31123600004254],[-117.02066300043774,46.31479300022268],[-117.022292999809,46.3174699997433],[-117.02293899988938,46.32017499979893],[-117.02342400031127,46.32642699992585],[-117.0227060002609,46.32899000018799],[-117.02313940324949,46.33463402564659],[-117.02314899995166,46.33475900026623],[-117.02384400043584,46.33597599977169],[-117.02774400030923,46.33875099999089],[-117.030671999689,46.34031499969464],[-117.03445000026198,46.34132000019506],[-117.04546899964168,46.342490000247814],[-117.0517350002767,46.34383300014007],[-117.0536853703193,46.34461259689055],[-117.05598300030464,46.3455310001653],[-117.05946542550475,46.34810150236641],[-117.05998279402293,46.34848339016316],[-117.06070300033569,46.34901499990488],[-117.06262999980785,46.3525219997495],[-117.06274799980862,46.35362399974378],[-117.06278499961853,46.36528699995501],[-117.06127623597973,46.36742008029152],[-117.06104499974414,46.36774700014334],[-117.0575159995915,46.37139600016988],[-117.05305470537913,46.37469476234405],[-117.05177499956136,46.37564099983135],[-117.04947399999537,46.37681999976712],[-117.04691499978824,46.37957700019113],[-117.0419500004331,46.39215999990787],[-117.04173699999778,46.39519499991625],[-117.04149814335362,46.39594475474952],[-117.04146705266166,46.3960423442699],[-117.04065544636201,46.39858992045754],[-117.03828200036331,46.40604000001922],[-117.03645499955195,46.40779200002471],[-117.0362075675901,46.408395627061914],[-117.03554499988093,46.410011999807004],[-117.0346960003093,46.41831800022173],[-117.03562614919211,46.420450464785105],[-117.03566261091119,46.420534056010354],[-117.03656199968206,46.42259599982852],[-117.03965250429675,46.42528533752756],[-117.03981300000035,46.42542499985449],[-117.03981207473562,46.42590412343843],[-117.03979504357615,46.434722091058426],[-117.0397572550454,46.45428791919551],[-117.03975211039378,46.4569512739829],[-117.03974100003035,46.462703999991284],[-117.03976299977164,46.46956999981816],[-117.03977100016756,46.47177900001674],[-117.03965680004045,46.5417092337121],[-117.03952769596442,46.62076664810037],[-117.0395276223026,46.620811745337356],[-117.03949941699929,46.63808327263619],[-117.03949253949749,46.642294707210326],[-117.03939799989867,46.70018599995478],[-117.03940600927774,46.70233278492256],[-117.03946664825436,46.7185863300634],[-117.03947917166774,46.72194323577905],[-117.03951818819547,46.73240117068859],[-117.03951819358535,46.73240270442542],[-117.03953434259921,46.73673126916694],[-117.03982800006898,46.8154430002901],[-117.03981759039146,46.816073359416144],[-117.03971589750802,46.82223143701053],[-117.03965700036473,46.82579800010726],[-117.03965711445079,46.82600867514581],[-117.03968291945564,46.873428981237886],[-117.03970411430646,46.91237687341239],[-117.03973062628543,46.96109608816716],[-117.03973402551048,46.967342629586156],[-117.03977842743834,47.04893747690558],[-117.03980085837097,47.09015734001155],[-117.03980133268144,47.09102905060769],[-117.03981877437101,47.12307917962782],[-117.0398210542952,47.12726896249747],[-117.03982471133672,47.13399002139648],[-117.03983599956659,47.154733999829205],[-117.03987099972667,47.1818580000568],[-117.03988800034344,47.20328199984677],[-117.03989900021409,47.22551499997146],[-117.03995127048552,47.24021911011368],[-117.04001899986469,47.25927199978589],[-117.03991637722496,47.31054204817757],[-117.0398430001376,47.34720099985508],[-117.03984315644445,47.34721399833496],[-117.04006933785993,47.36602785821898],[-117.04017600022351,47.37490000029367],[-117.03988199959733,47.39908500023925],[-117.0399130130342,47.405163106081595],[-117.03995000026772,47.412411999969045],[-117.03994799971957,47.434884999828725],[-117.03994800870272,47.43489592529028],[-117.0399710001841,47.46330900013696],[-117.03994500024483,47.4778229997926],[-117.04051319095026,47.52228770830232],[-117.0405140003323,47.52235099974138],[-117.04051983489009,47.52333188231801],[-117.04054500029446,47.52756200023811],[-117.04074500031099,47.53290900011988],[-117.04127599986535,47.55820999977285],[-117.04117399975809,47.55852999980895],[-117.04090419615237,47.57151557880431],[-117.040849999893,47.574124000075365],[-117.040881469674,47.57975805845249],[-117.04090928690509,47.58473802073918],[-117.0409862913896,47.598524166194906],[-117.04111657136026,47.62184809763184],[-117.04112616896077,47.62356627857505],[-117.04143099967602,47.678139999709124],[-117.04143099967602,47.67999999993383],[-117.04153199995837,47.683193999957396],[-117.04158513081583,47.69540136957604],[-117.04159186099396,47.696947787744506],[-117.04159505360649,47.697681443964356],[-117.04159573452948,47.697837817380346],[-117.04161002043743,47.701120192928144],[-117.04161283935078,47.70176776689379],[-117.04162489653852,47.70453817091704],[-117.04162603111075,47.70479874221708],[-117.0416330002407,47.70640000029558],[-117.0416340108454,47.70676641379052],[-117.04163408540558,47.7067933073377],[-117.04167800044657,47.722710000038994],[-117.04164864799466,47.73110861045337],[-117.04163400006561,47.73529999982223],[-117.0416661247185,47.73586427272401],[-117.04166937033163,47.73592127109315],[-117.04213500038105,47.74409999981327],[-117.04205900021307,47.74510000007886],[-117.04265699971455,47.7608570001099],[-117.04262300027769,47.76122299982334],[-117.04252100017041,47.76489599999558],[-117.04248500018541,47.76652499995312],[-117.04206400023594,47.77863000027371],[-117.04199899993861,47.82239899973517],[-117.04228530110449,47.832495526193796],[-117.04247000011681,47.83900900005757],[-117.04245073484722,47.861310208648256],[-117.04243937924372,47.87445501090895],[-117.04242927679002,47.886149132396106],[-117.04239871969732,47.921522297854516],[-117.0423668923868,47.95836475260106],[-117.04235999961364,47.9663429998595],[-117.0422640837958,47.977451511538874],[-117.04167682634846,48.04546427168451],[-117.04167599989843,48.04555999971222],[-117.04140100043712,48.085499999985835],[-117.04140073723073,48.085535206852505],[-117.04112134051614,48.12298200505418],[-117.04110699981095,48.12490400013751],[-117.0397862014588,48.16657159455624],[-117.03961362431295,48.17201591355071],[-117.03955199988444,48.17396000029321],[-117.03952002884348,48.17471673524617],[-117.0394129999673,48.177250000244925],[-117.03948948792043,48.1775828146787],[-117.03961800000668,48.17814199997765],[-117.0395829998466,48.18031300017143],[-117.03958200002168,48.18085299971382],[-117.03958200002168,48.18112399973979],[-117.03961499963363,48.1840149999957],[-117.0395989997401,48.1843869998185],[-117.03955622466123,48.18539747562441],[-117.03953135390427,48.185984989658635],[-117.03928615066265,48.19177740548769],[-117.0392812413696,48.19189335994995],[-117.03921530592608,48.19345095444441],[-117.03912008270933,48.19570040089391],[-117.03908047239518,48.196636111428255],[-117.03860200003045,48.207938999995974],[-117.03751166266782,48.25982524449205],[-117.03517800035812,48.370878000152786],[-117.03517800035812,48.371221000268626],[-117.0352889997879,48.422731999808754],[-117.03525399962781,48.42314399994311],[-117.03528499958993,48.42981600012406],[-117.03528499958993,48.43011300017144],[-117.03530127077468,48.43822506772173],[-117.03538269946192,48.47882398231791],[-117.03542500023032,48.49991399978801],[-117.034896539315,48.56888499900604],[-117.0345952084361,48.608212499814314],[-117.0344989997675,48.62076900003434],[-117.03435800020048,48.62852299981591],[-117.0337088614065,48.655338000104955],[-117.03367100011222,48.65690200004723],[-117.03333499965325,48.74992100022441],[-117.03238462250683,48.84666529294927],[-117.0321069999649,48.87492599973881],[-117.03235100036238,48.99918799988928],[-117.12607499986733,48.99888800012543],[-117.26824700036084,48.9998180001715],[-117.26819200010927,48.99992799987135],[-117.29979089689664,49.00001325616071],[-117.42996799972683,49.00036448316468],[-117.60732299981989,49.000843000121414],[-117.63090608829154,49.00081694077234],[-117.876100000027,49.00054600005496],[-117.88439799971614,48.99991200023015],[-118.0011060003315,48.99991100010504],[-118.00204600013973,49.00043700006649],[-118.03992103145686,49.000431134927766],[-118.19737505208789,49.00040675145479],[-118.22257005145423,49.00040285000371],[-118.22460505177975,49.000402534705174],[-118.36468204808004,49.00038084215996],[-118.37042104756203,49.00037995343021],[-118.49876304408205,49.000360078410864],[-118.50373404418329,49.00035930872814],[-118.83661403524266,49.00030775940599],[-118.90277603120145,49.00029751306647],[-119.13210200024858,49.00026199975368],[-119.13727400019124,49.00029699974756],[-119.18072802397027,49.00029043857659],[-119.42867800023507,49.00025299986912],[-119.44209495434936,49.00025669859731],[-119.45769999967987,49.00026100022495],[-119.7012180000482,49.00025799987068],[-119.70170282619696,49.00026468304024],[-119.70201599956624,49.00026899999015],[-119.8761949996841,49.00044800014642],[-119.91926190167794,49.00009313981948],[-119.93056564794068,49],[-120.17078709768421,49],[-120.37621599963069,49.00070499998342],[-120.7166040002403,49.00018799980351],[-120.85156090035673,49.00028008025809],[-120.97895499997882,49.00036700025089],[-121.05996600026042,49.0006210001734],[-121.12623999996546,49.00141200023492],[-121.22989999982505,49.00115800022105],[-121.24894900000362,49.00092499993692],[-121.25124399972181,49.00016700023563],[-121.25693299987341,49.000088000126226],[-121.34529500036322,49.000843000121414],[-121.38799567975943,49],[-121.406,49],[-121.406,48.999778917120835],[-121.409,48.99975823725989],[-121.409,49],[-121.695,49],[-121.695,48.99778676023278],[-121.73659999712316,48.9975],[-121.75863723398533,48.9975],[-121.815,48.99827081591069],[-121.815,49],[-121.94143952579346,49],[-121.94947419684283,49.000109881979185],[-121.97153466516244,49.00041158053141],[-121.98862351533995,49.00064528747903],[-122.07043113892054,49.001764086632306],[-122.09835699968264,49.00214600028453],[-122.13663742990768,49.00223323702245],[-122.13693967616986,49.002233925349884],[-122.14493768526653,49.00225215246873],[-122.25106300003227,49.00249399987425],[-122.25117512145785,49.002493815417594],[-122.2856370730232,49.00243709290539],[-122.29114406102354,49.00242802858881],[-122.36316169461915,49.00230949162084],[-122.40598899975704,49.002238999996386],[-122.4078205199926,49.002193212063005],[-122.4187407783529,49.00219810991709],[-122.46281267416413,49.00221874973173],[-122.5507089799258,49.002259913239044],[-122.60557794363085,49.00228560881154],[-122.65576092021645,49.00230911033046],[-122.70541189562618,49.002332362555855],[-122.7353378814195,49.002346377768134],[-122.73620088123486,49.002346782041755],[-122.73846588081582,49.002347842228566],[-122.74398787876623,49.0023504287543],[-122.7580200000854,49.00235700026161],[-122.75603699963844,48.99951199986781],[-122.75444300025221,48.99724599972909],[-122.75961799966959,48.995739999725714],[-122.76630699990392,48.991672000173196],[-122.768566651814,48.99149222577324],[-122.77427599970511,48.99103799998049],[-122.79688699964825,48.975025999769755],[-122.79721300006149,48.97227599970717],[-122.80044948180817,48.969358786825964],[-122.80815100014865,48.962417000168244],[-122.81722600033777,48.9559700000164],[-122.82246400040268,48.94491100006639],[-122.82163099982621,48.94136899979326],[-122.81823200026825,48.939062000009244],[-122.81288350652508,48.937619297465574],[-122.79527922908873,48.93287071974583],[-122.79315599982927,48.932297999804035],[-122.79159622356042,48.9321324976822],[-122.78753899964771,48.93170199992183],[-122.7704319999082,48.94252799976236],[-122.76609600001672,48.9419550000112],[-122.76479967985775,48.94154711465588],[-122.75562400008488,48.93866000000575],[-122.74920199981423,48.93481799972278],[-122.74860103587231,48.93387550567201],[-122.74659599975143,48.9307309998189],[-122.74537807017742,48.92128185333922],[-122.74537100043615,48.92122699988546],[-122.74751399981837,48.915582000173444],[-122.7512890000183,48.91123899989814],[-122.75639099964074,48.90862999976845],[-122.76488900024476,48.906862000139036],[-122.7698340004067,48.904815999978496],[-122.77101701785553,48.903628606008304],[-122.77605199956453,48.89857499986037],[-122.78374699972932,48.89463899988477],[-122.79258400026704,48.8947319999767],[-122.79317500009586,48.89292699987096],[-122.7856590000312,48.88506599984256],[-122.76529599995055,48.87381800005212],[-122.75635734964852,48.86936662400543],[-122.75633200008953,48.869354000185595],[-122.74730100028135,48.861536000038676],[-122.72822799981336,48.855297999993304],[-122.72648453873015,48.85452959420845],[-122.7226850001499,48.852854999930386],[-122.7170729999912,48.847189999778486],[-122.71373800000733,48.839455999763],[-122.71180499978905,48.832407999941765],[-122.70947018943242,48.81949479816168],[-122.70916899958901,48.817829000260126],[-122.71119999971656,48.79145999998423],[-122.71027300032709,48.787018000268276],[-122.70810199955915,48.78642199980298],[-122.70610999978966,48.78638199996315],[-122.70170799977595,48.78732900013056],[-122.70070699986832,48.78805099995558],[-122.69968699969411,48.78970099989006],[-122.70149699988875,48.790356000089076],[-122.703578000245,48.791845999887705],[-122.70448299989317,48.7953629997851],[-122.70412100039323,48.79643600001833],[-122.70620199985117,48.799118000190255],[-122.70683500041109,48.8023360000023],[-122.70403000015664,48.80382500027821],[-122.70032100007893,48.80477900005576],[-122.69842100037097,48.803765999933056],[-122.69588700027818,48.80305099973923],[-122.69606800002813,48.80239500025475],[-122.69407799990847,48.80072699986895],[-122.69118300014065,48.80096500028524],[-122.6884349997876,48.80141299995432],[-122.68557299963177,48.80227599973456],[-122.6830400002622,48.80328899977785],[-122.68024599987841,48.802750000248224],[-122.67941999987298,48.80209800017474],[-122.67625399994351,48.80072699986895],[-122.67461000032856,48.797367999735556],[-122.67334199955893,48.796446000048796],[-122.6675389996045,48.79222200009374],[-122.66657399968189,48.789580999830434],[-122.66635564708412,48.78940642101066],[-122.6653069996355,48.78856799992441],[-122.66226399972967,48.78970500008437],[-122.6575260001553,48.78844899974416],[-122.65454000015087,48.786184000227415],[-122.6488409999535,48.7856469997467],[-122.64677700021402,48.78501099982243],[-122.64574299979613,48.78153799981499],[-122.64596100025433,48.780571999790865],[-122.64675999959725,48.77962599978201],[-122.6488409999535,48.779566000172615],[-122.64761800028805,48.778552999955465],[-122.64744300038588,48.773998000268314],[-122.65012600044157,48.76964200001259],[-122.65432900026367,48.76632199975109],[-122.66111100038441,48.753962000284545],[-122.66695299979857,48.74844500029378],[-122.67480799979693,48.737384999764146],[-122.6734720001536,48.733081999903575],[-122.67052999963181,48.731585000152734],[-122.66506300013636,48.731899000247374],[-122.66203600012405,48.72803899997764],[-122.65817100041077,48.72060999993645],[-122.65187200016376,48.715905999927664],[-122.64735600034724,48.71763099990787],[-122.64569299956742,48.723902999795875],[-122.63808199996649,48.73248600020676],[-122.63714600035621,48.73570800014859],[-122.62780800040137,48.74466000015399],[-122.61009300021634,48.75686599988648],[-122.6081390000817,48.76277299986101],[-122.6008380001022,48.76617499984351],[-122.59554200031097,48.767160000249916],[-122.59102599959611,48.770918999913214],[-122.58625100021179,48.77259699975112],[-122.58080599955935,48.771075999901186],[-122.57239593054693,48.77367787881522],[-122.56916000036583,48.77467899987878],[-122.5634979999784,48.77852599988852],[-122.55334240375761,48.77764666741365],[-122.53580299995613,48.77612800026106],[-122.53034935301906,48.770602594118955],[-122.52820300022587,48.76842800025594],[-122.51415199991268,48.76319599972818],[-122.51449300039455,48.760893000247606],[-122.51331108428028,48.75881483914592],[-122.51259781026661,48.7575606916345],[-122.51235400031196,48.75713199989352],[-122.50641200044036,48.754625000257725],[-122.49708799983092,48.7532809998378],[-122.49552563012584,48.7533365373756],[-122.49452799979883,48.75337200018049],[-122.49040100014473,48.75112799993482],[-122.49045281497034,48.749197758342945],[-122.49048800018339,48.74788699976048],[-122.49439506800141,48.745613357300854],[-122.49452799979883,48.74553600019955],[-122.49126989380667,48.74246591831818],[-122.4912010002109,48.74240100011791],[-122.49558599960787,48.73862600004088],[-122.49894210101778,48.73393928236575],[-122.49963765486417,48.73296795777836],[-122.49972999987874,48.73283899973402],[-122.50260899975304,48.73252599973556],[-122.50612899968482,48.72804599987959],[-122.50579986504957,48.725441022751134],[-122.5056840003442,48.72452399994589],[-122.50760099977063,48.72170800006422],[-122.50827600465492,48.72180077740059],[-122.51330499999086,48.722491999942044],[-122.51551100002058,48.72099200023318],[-122.51924699986246,48.7171599999269],[-122.51917200041768,48.71309499975127],[-122.51622700042118,48.70834199994386],[-122.5161826568838,48.708246001447364],[-122.51431699976912,48.70420699974615],[-122.51526531977355,48.70224172631515],[-122.51560200025719,48.70154399977333],[-122.51303800002717,48.697080999815725],[-122.50717800017134,48.689925000040546],[-122.50640514359979,48.68964684282367],[-122.50563712265942,48.68937042575469],[-122.50558398731037,48.689351301617464],[-122.50456899973547,48.68898600008493],[-122.50451100000917,48.69143599974313],[-122.50688799974311,48.695358000281935],[-122.5080760001468,48.69880900021862],[-122.50427300035778,48.70069200019647],[-122.49999500019261,48.70273100028419],[-122.49737999990897,48.70069200019647],[-122.49879002701996,48.69859845792617],[-122.49928200016508,48.69786800002627],[-122.49787694972076,48.695781116413094],[-122.49643000005497,48.693632000079816],[-122.4912010002109,48.68359100024708],[-122.49072500000983,48.67621500004456],[-122.49024999963369,48.671191999869855],[-122.49405300032102,48.67025100023715],[-122.49785600011003,48.66742500013166],[-122.50332199978055,48.66569799976778],[-122.50926399965215,48.66915200004454],[-122.51144899976549,48.667819999868456],[-122.50993499984688,48.664369000027214],[-122.50349400020802,48.65666600014423],[-122.50030800018705,48.65616299989015],[-122.49398999967352,48.65159599989785],[-122.48879395362734,48.64540487335208],[-122.48687799983989,48.64312200000642],[-122.47741000018873,48.63736499974893],[-122.46425000017828,48.62571700000268],[-122.44870199966495,48.622624000179606],[-122.44424000027507,48.618225000178974],[-122.44478699972292,48.615126000249134],[-122.4425809996932,48.614633999713234],[-122.43819799994604,48.613083999945225],[-122.43390100041263,48.608575999809446],[-122.4323740000752,48.604540000258694],[-122.42527099956413,48.599522000052936],[-122.42917299998565,48.59401600005692],[-122.43305899961533,48.5816090001408],[-122.43759100022372,48.57708000027848],[-122.44295200031229,48.575827999811715],[-122.44390200016625,48.57331199982814],[-122.44572499988136,48.56974300021088],[-122.44886755468022,48.56922868200863],[-122.45060700029411,48.568943999954115],[-122.45195678907709,48.56847609324812],[-122.45238399997845,48.568328000295175],[-122.45350461954928,48.56667510190195],[-122.45385189835665,48.566162871762415],[-122.45412300002795,48.5657630001364],[-122.4605400002757,48.566234999859965],[-122.46260200036541,48.56724199979604],[-122.46534599962216,48.56586600012566],[-122.46572800011187,48.56335799978303],[-122.46600699977112,48.56025799991631],[-122.46885899988126,48.557268999920176],[-122.47456300010147,48.55679699976321],[-122.47843100018783,48.55930300016781],[-122.48240600040427,48.55965299988703],[-122.48842100007082,48.56466500022318],[-122.49143800003738,48.56780800026214],[-122.48644699984467,48.570166999871006],[-122.49191400023844,48.570796000057165],[-122.49473950453923,48.572542660133216],[-122.49519300014579,48.57282300014666],[-122.49583432449512,48.57562281761838],[-122.49590399962517,48.575927000130164],[-122.49595982363189,48.57593041169686],[-122.50416507586124,48.576431907119066],[-122.50459200020002,48.57645799998869],[-122.52286367918008,48.57566727462338],[-122.52372500004415,48.575629999781846],[-122.5347869999799,48.575960000193234],[-122.53997800018912,48.57633899982363],[-122.54251300010684,48.57913400003066],[-122.54743800017731,48.58078500009462],[-122.55112600033857,48.58166900008688],[-122.55180900022889,48.5832190001552],[-122.5510939996532,48.58510599998172],[-122.55267299986913,48.586971999751704],[-122.55457699977508,48.588399000137144],[-122.55661600029855,48.587623000145896],[-122.55697899962342,48.58533100018673],[-122.56028699984309,48.58316499996129],[-122.56084099986197,48.581646000175404],[-122.55740799996879,48.579674999865986],[-122.55641999958166,48.577151000209014],[-122.5591460001934,48.574415000234495],[-122.55537400036651,48.57488500000993],[-122.55199800037477,48.575843000034524],[-122.54743800017731,48.57507400019274],[-122.5366039998472,48.574368999743534],[-122.53163399957091,48.57207299997526],[-122.52799300016359,48.569796000065644],[-122.52239299970044,48.566979000001126],[-122.51221399967157,48.56572999995699],[-122.51051011027494,48.56552100783204],[-122.50442800016849,48.56477500008156],[-122.5000930001019,48.557635999831945],[-122.49863899955943,48.554735999711056],[-122.50046999967046,48.550661000146675],[-122.49789100027012,48.54584600025259],[-122.49781900030011,48.54276899989913],[-122.49553600027747,48.54009699987315],[-122.49153599994668,48.53775299995401],[-122.48811099955111,48.536184000106],[-122.48795499991549,48.53206799979392],[-122.48528799975333,48.52810600004668],[-122.48387199974398,48.521891000116824],[-122.48313554380609,48.520029344716626],[-122.4824719996282,48.51835200021052],[-122.48834900010078,48.513517000243226],[-122.48499599967528,48.50962000009855],[-122.48324759156979,48.50092957311192],[-122.48282800017867,48.498843999812806],[-122.48292343000793,48.49793450883328],[-122.48294830795142,48.49769741205693],[-122.48350100002322,48.4924299998848],[-122.48219999964165,48.48830599972404],[-122.47903999955997,48.48537699984259],[-122.47885100031237,48.48173600011566],[-122.47623194413524,48.48071370354596],[-122.47376300003532,48.47975000004614],[-122.47246847381199,48.478728592417696],[-122.47004700028495,48.47681800011154],[-122.46966999981808,48.47497500004441],[-122.46837400035767,48.473226999939165],[-122.47022399983696,48.46877500004899],[-122.47290699989263,48.46795399979432],[-122.47456200027656,48.46599099991502],[-122.47628802056852,48.466196851823504],[-122.47841899959396,48.46645100002988],[-122.49027599957294,48.462790000078954],[-122.48752499974518,48.45890100014677],[-122.48965499960693,48.45720299999657],[-122.49519099959765,48.458616999768495],[-122.49761500008559,48.45715599993578],[-122.49946899976283,48.458486999946274],[-122.50305200034214,48.45768800009775],[-122.50545500001537,48.45901099989999],[-122.50927899972078,48.45774400007269],[-122.5109769997624,48.458826999832105],[-122.5109280002569,48.4629500002717],[-122.51473699989371,48.465603999783504],[-122.51626699970582,48.464894000265026],[-122.51475299978723,48.46177400001166],[-122.51471946208441,48.46166826722854],[-122.51384899996398,48.458923999860374],[-122.51471357901761,48.45824569635097],[-122.51476799985583,48.458203000230554],[-122.51629099999526,48.45857100005278],[-122.518060000182,48.46018099985425],[-122.5209120002921,48.46072299995185],[-122.52205799996469,48.45792299988679],[-122.52496899962603,48.458310999839775],[-122.52767000012341,48.461397261929285],[-122.53015700036055,48.46423900018586],[-122.53327913555468,48.465593904186825],[-122.53399600013456,48.46590500000846],[-122.5366973267204,48.466273091117905],[-122.537158999691,48.46633599994533],[-122.54324200002789,48.475029000198724],[-122.54834500037357,48.485880999903465],[-122.5542549995598,48.49391100005578],[-122.55683399985845,48.498812000068725],[-122.55870199977939,48.49981700013094],[-122.56742999963883,48.499270000210245],[-122.57217399995935,48.49715100001695],[-122.57898799986712,48.49238500001525],[-122.57853599995549,48.4914249998326],[-122.57641199994153,48.49102699996771],[-122.57641100011662,48.48919499997943],[-122.57798500030968,48.487455999740064],[-122.57462600003636,48.484538000036615],[-122.57367600018237,48.477447999865774],[-122.57366414331894,48.477403794804346],[-122.57177399992626,48.47035699975182],[-122.57177399992626,48.466260000191845],[-122.57486399968775,48.463265000256875],[-122.58056799990798,48.46373799990814],[-122.58555999992558,48.466260000191845],[-122.58642984400508,48.46845909021577],[-122.58915690193389,48.47535348170217],[-122.58936199988968,48.47587200021731],[-122.59229175817079,48.481226165613876],[-122.59256800000212,48.48173100007011],[-122.5913341531796,48.48273001034042],[-122.59062399991322,48.48330499983315],[-122.59137999959846,48.48422000014924],[-122.59457116403397,48.485123953871295],[-122.59570100031964,48.48544399988295],[-122.60056899959037,48.492508000040374],[-122.60142599955795,48.49791700027224],[-122.60195899966041,48.50233700001586],[-122.60172199983394,48.50469899985155],[-122.60623799965049,48.506903000285696],[-122.60528699997157,48.509107999920694],[-122.60433600029266,48.51178500008584],[-122.59846899986584,48.5121689997588],[-122.59776400023424,48.51448900004815],[-122.59995099999738,48.520945999843406],[-122.60696099972375,48.522152000156524],[-122.61518300014325,48.521426999832755],[-122.61551544507032,48.5213237992954],[-122.63645510786783,48.51482353627336],[-122.65798786895861,48.50813915828855],[-122.67138599977444,48.503979999892366],[-122.67692199976518,48.504484000162876],[-122.67824653151564,48.506478624561176],[-122.67912199994714,48.50779699988273],[-122.68452099967051,48.50912300029008],[-122.6887369999114,48.506291999914076],[-122.68884099966849,48.504316999955336],[-122.6912790004001,48.50304200023109],[-122.69193399980303,48.500150999887595],[-122.69297273254584,48.50014844095102],[-122.69964599968624,48.500131999825015],[-122.70164400020184,48.497621999783384],[-122.70083800028789,48.49598300012636],[-122.70227900041156,48.49439300025207],[-122.70291899974585,48.492010999712726],[-122.6963180002734,48.490996000235995],[-122.69156499973208,48.49052400004046],[-122.68799899976952,48.49194200027876],[-122.6763529996777,48.489578999950545],[-122.6682719997235,48.48627099983762],[-122.66719350395299,48.4840550243289],[-122.6671891929379,48.48404616613196],[-122.66589499998958,48.4813870002777],[-122.6646229999203,48.47812799999921],[-122.65775299993601,48.472940000078616],[-122.65753753991343,48.47154372698318],[-122.65611699981868,48.46233800017511],[-122.65444399989143,48.4575580002795],[-122.65484399992448,48.454087000111976],[-122.6588929997608,48.45310499990701],[-122.66161699982439,48.452546999925524],[-122.6615339999837,48.44808299977759],[-122.66311599967437,48.446538999759746],[-122.66470699958587,48.446083999726916],[-122.66724900007459,48.442502999853275],[-122.67408499972368,48.44197899995627],[-122.67418799965583,48.44332699979768],[-122.677071999553,48.44405900001735],[-122.67892799977837,48.43946600019142],[-122.67584100038995,48.43654099983187],[-122.67415800041691,48.42472599992332],[-122.66874700009967,48.42022100025521],[-122.6656580001631,48.42006299973748],[-122.66375599990697,48.41753899975589],[-122.66533799959764,48.41645299988499],[-122.66375599990697,48.41517299977634],[-122.65947799974181,48.41611999978689],[-122.65615000032894,48.41596200023606],[-122.65401100024636,48.417854999892526],[-122.65115900013623,48.415646000257645],[-122.65163399961408,48.412491000085936],[-122.65701999981701,48.412198999954754],[-122.65781400003537,48.41043999985226],[-122.65615000032894,48.40775799976823],[-122.65465863615887,48.40761634934034],[-122.65282299984267,48.407442000085794],[-122.64983900038641,48.40852599977885],[-122.64970253461665,48.4085315717468],[-122.64850692907577,48.408580389053306],[-122.64550851884572,48.40870281464938],[-122.64545499991603,48.40870500013659],[-122.6409390000995,48.40870500013659],[-122.63670091387901,48.40969357550654],[-122.6363989999935,48.40976399984624],[-122.6361332936038,48.40982607231338],[-122.63377500038733,48.41037699970568],[-122.63119400043885,48.413595000284275],[-122.62644000007265,48.41517299977634],[-122.6241813614622,48.41429868858677],[-122.62358799996251,48.414068999854884],[-122.62305489835043,48.41300728199923],[-122.622874999935,48.41264900028681],[-122.61859699976984,48.41264900028681],[-122.61455600032946,48.41375300003588],[-122.61396186448201,48.41518286392281],[-122.61265499989824,48.41832799986606],[-122.60980299978812,48.42132500012991],[-122.60552499962296,48.4233760000481],[-122.60214886308728,48.42262900849366],[-122.60195899966041,48.42258700019109],[-122.59577999996233,48.42242899987368],[-122.58579699975205,48.42574100009284],[-122.58219262825214,48.42875439236933],[-122.58160700034871,48.429244000020965],[-122.57819100017399,48.434258000114575],[-122.57843759400771,48.43567401441682],[-122.57890500002647,48.4383579997228],[-122.57819001382381,48.44084729314565],[-122.57795400034753,48.44166900000829],[-122.57581500026495,48.44513800012205],[-122.5712990004484,48.44671400029117],[-122.56834799970581,48.44498999978414],[-122.56607180531975,48.445517406257494],[-122.56226699991701,48.44639900009211],[-122.56166120034392,48.44615992302778],[-122.55729800036394,48.4444380000669],[-122.55466100033898,48.44403400028886],[-122.55398563523029,48.445658285490026],[-122.55275999990779,48.44860600003382],[-122.55189659495224,48.44854860940523],[-122.55140566385285,48.44851597671619],[-122.55038300017381,48.448448000172206],[-122.54824400009123,48.44545299979997],[-122.54895700011876,48.44182700010285],[-122.55122099987481,48.439465000183596],[-122.55830099992139,48.425821999890786],[-122.55792400035286,48.422023999978954],[-122.56797100013725,48.421482999705894],[-122.57112100017319,48.41974800000938],[-122.57153399972674,48.41875800025063],[-122.57084800036169,48.41761900026297],[-122.56738000030846,48.41740799986106],[-122.56416800034823,48.41817000002283],[-122.56226699991701,48.41943199971577],[-122.55548200032158,48.42011699988666],[-122.55347299993532,48.41643499993545],[-122.55204699988028,48.41043999985226],[-122.55377099986113,48.4064110002799],[-122.55176274238164,48.405138761183125],[-122.54967000014628,48.40381300004295],[-122.54952163529228,48.40354569839335],[-122.54906411433494,48.40272140514656],[-122.54774711765307,48.400348634048676],[-122.54750705726644,48.39991612809071],[-122.54749199970564,48.399889000099535],[-122.53944900028462,48.39719000011476],[-122.53756675577822,48.39286463594294],[-122.53345200016145,48.38340899991939],[-122.53310706416035,48.38001137944258],[-122.5328796825956,48.37777167306692],[-122.53281199992884,48.3771050000335],[-122.53395400030176,48.37581199982267],[-122.53312187019283,48.37522587254057],[-122.53278699981449,48.37499000028881],[-122.52295699976504,48.37700199983602],[-122.52096800036861,48.37582899976297],[-122.52143799982359,48.37377899994065],[-122.51941199971888,48.370574000184],[-122.51860400015512,48.37023600017278],[-122.50387199960147,48.37211999983158],[-122.50186646042403,48.37298586014902],[-122.49980699987162,48.373874999957515],[-122.49860681741438,48.3739460049692],[-122.49546299958422,48.374132000013134],[-122.4914339998394,48.372160000020166],[-122.491264999785,48.369848000081284],[-122.49420913919549,48.36869045715469],[-122.49676899998869,48.36768399992552],[-122.50134199970665,48.36698299984531],[-122.50641599974001,48.3646780002173],[-122.50626199975422,48.363795000053635],[-122.5046060004437,48.36366200018206],[-122.50449699976546,48.362830999762316],[-122.50546199968805,48.36205399983737],[-122.50773399984004,48.36148099983985],[-122.50792100033611,48.360459999848366],[-122.50581700041361,48.35942600000765],[-122.50054900021149,48.35931499971938],[-122.49781099990419,48.36116499980656],[-122.49759099979615,48.36301300011237],[-122.49328900023986,48.36491299993179],[-122.4926542506601,48.36551946139271],[-122.49144899990802,48.366670999719624],[-122.4889139999903,48.36692200007243],[-122.48597999986443,48.36483399976018],[-122.48460099966503,48.364372000254065],[-122.48507299966815,48.362346000136995],[-122.47908654396977,48.36050908293483],[-122.47798799959871,48.360171999783695],[-122.47739199974706,48.359004999972534],[-122.47509399965581,48.35938500017132],[-122.47244400011036,48.35666400001967],[-122.47266199967027,48.35282199975569],[-122.46220399998211,48.35187399979022],[-122.45430299995301,48.34623399984668],[-122.45008300041246,48.3423980002513],[-122.44267799977759,48.33793399972508],[-122.43690499996038,48.337745999842156],[-122.43313599960825,48.335766000077385],[-122.42410200032533,48.334346000086306],[-122.42267399972212,48.33128400027091],[-122.41869600003093,48.32888699970901],[-122.41466800011102,48.32770199980089],[-122.4087179998435,48.326413000217016],[-122.40499299987228,48.32334199977338],[-122.39754799995276,48.31855100017654],[-122.39866600003621,48.31577599986944],[-122.39310699958097,48.31351499985882],[-122.38824299960987,48.309869999820656],[-122.38845799969502,48.30652800002845],[-122.38348999996687,48.30452399999692],[-122.3843729998737,48.300900000154314],[-122.37626699980518,48.30058200025898],[-122.37174000011797,48.299251000032285],[-122.37294773830507,48.297663306692115],[-122.37346599974869,48.296982000133276],[-122.37699699955114,48.295627999789474],[-122.37810600031209,48.292666000155556],[-122.37475600025964,48.29162699999296],[-122.36999500022068,48.29311000011833],[-122.36759099982424,48.29172399992839],[-122.38710699998306,48.273701000235036],[-122.3872669998166,48.27045100005179],[-122.39160600008115,48.26778999994775],[-122.39470400023856,48.259538999978545],[-122.3953279996793,48.25718699980977],[-122.39702800026907,48.25317800017079],[-122.40547365514318,48.25197809059538],[-122.40651600001173,48.25183000016736],[-122.4165529997504,48.25588300028463],[-122.42853500030121,48.259588000214436],[-122.44204000009312,48.26376399970713],[-122.45120800016865,48.26659800010955],[-122.45602399956084,48.26635100012073],[-122.45840100019312,48.269515000024526],[-122.4639620002982,48.270541000162865],[-122.46680299963934,48.26960400023059],[-122.4701929998748,48.262219000264686],[-122.4744939996062,48.25522699984904],[-122.47709299999633,48.253261000237806],[-122.48092500009764,48.251705999876734],[-122.48355016751368,48.25134773385307],[-122.48629600023192,48.25097299976348],[-122.49344800024852,48.25204299983927],[-122.4977270002386,48.25338900005549],[-122.49964799986297,48.25661099992271],[-122.50378600028607,48.25704499985882],[-122.506936000322,48.255401000075416],[-122.51367800025976,48.25446700026486],[-122.51761300029325,48.25296300027145],[-122.52213499995759,48.251258000218705],[-122.5268530003388,48.251792999774445],[-122.53099599988644,48.24982100004121],[-122.53520899975427,48.24021299974844],[-122.53471280901891,48.22923813057602],[-122.53443100032774,48.223005000186255],[-122.53823400011676,48.213442000036885],[-122.53891600018216,48.20968299982752],[-122.53846000007258,48.20271000000717],[-122.53622100043086,48.200565000160715],[-122.53612840119305,48.200006064863786],[-122.53577799984177,48.19789099982807],[-122.53294499999822,48.19541699993669],[-122.53191899997626,48.190599000118894],[-122.53318299964961,48.186860999835915],[-122.53721999979037,48.18374499992117],[-122.53052700025638,48.17453400017244],[-122.53009299988811,48.17021999987517],[-122.52713546659675,48.169009731417574],[-122.52644699955961,48.168727999994154],[-122.52340609542335,48.166191189976445],[-122.52272499996147,48.16562300021242],[-122.52397600011433,48.16248900018479],[-122.52104299981337,48.15750600024562],[-122.51834600041228,48.15535699990622],[-122.51623200044405,48.1511509998662],[-122.51353699979447,48.14836099974494],[-122.51328900009734,48.14597999981971],[-122.51572899958049,48.141917999705875],[-122.5146903737372,48.13967475874981],[-122.51203100027178,48.133930999908614],[-122.51056199966072,48.13220700027764],[-122.50871800002922,48.13116800022855],[-122.50471199985061,48.13030400007084],[-122.4954530004368,48.124997999800094],[-122.4946790003099,48.12264400007053],[-122.49301499970518,48.121215999918725],[-122.48998600004303,48.12061699989403],[-122.48673600044798,48.12095000009613],[-122.48160600033813,48.124864999959065],[-122.47798299957584,48.12904800029768],[-122.46749999977334,48.13035299994399],[-122.45777900040218,48.12079300012031],[-122.44965999991483,48.11404100026168],[-122.4467919999112,48.10919700026101],[-122.44311299997075,48.1070219997181],[-122.43596500015212,48.10551899982294],[-122.42959700030818,48.10546199991496],[-122.42370300011714,48.10294099996164],[-122.41969899958838,48.09852499995818],[-122.41624200030411,48.09462500013751],[-122.41574234566497,48.0931275657928],[-122.41558799982779,48.0926649999302],[-122.40945099996253,48.090412000236725],[-122.40069200014092,48.08525499987662],[-122.39341299990272,48.0784719997073],[-122.3907869997484,48.06947699972649],[-122.38769000031424,48.065189000295156],[-122.38843599995371,48.063588000101625],[-122.38498899981685,48.06337399985656],[-122.37711399972702,48.057567999833566],[-122.37238899967309,48.05600800006478],[-122.36310699979475,48.054546000126955],[-122.3589630004222,48.054851000055926],[-122.35682400033959,48.05675799974502],[-122.35801299966988,48.05961700004725],[-122.35943899972493,48.06279400002118],[-122.3638850001196,48.06631100002381],[-122.36847100025633,48.073752999839726],[-122.37322399989937,48.080899000062],[-122.37948100031353,48.087384000064844],[-122.39233199962915,48.09770299987],[-122.41164899959635,48.11320999983032],[-122.41427399992573,48.11393499971308],[-122.41599899973151,48.11360699986677],[-122.42147299979798,48.11582099987992],[-122.42313700040272,48.12232600004328],[-122.42910699986341,48.125409000004325],[-122.43302799965319,48.12607299994944],[-122.43905740380534,48.129146029974926],[-122.4423830002248,48.13084100015487],[-122.44542000028284,48.13575799997578],[-122.44851699971701,48.13992000007917],[-122.44999499965058,48.14294800008947],[-122.45588200016891,48.14600199973103],[-122.46201599966115,48.152405000248834],[-122.4643270001712,48.155583999883795],[-122.4659189999076,48.162293999719445],[-122.4758030003837,48.16679199986141],[-122.47447600006285,48.17132900002479],[-122.4763940002125,48.17405099991368],[-122.47900799977289,48.175702999781834],[-122.47836000004271,48.179613000152045],[-122.47853499994488,48.18808699976771],[-122.4702499997762,48.19400700006245],[-122.46480099982412,48.19476700027535],[-122.46188799961465,48.193136999793104],[-122.45492999976679,48.19663900001825],[-122.44205099996377,48.2093499999164],[-122.44173100029663,48.21177600018652],[-122.44450800006366,48.21452199984216],[-122.44951299960174,48.21473600007359],[-122.45084199957245,48.22258800001529],[-122.45361800041289,48.22683000014491],[-122.45370999957608,48.228859000079474],[-122.44960499966328,48.2325979997632],[-122.44117899992759,48.23542300010797],[-122.43376699961999,48.23654999987151],[-122.43057800012431,48.23623699985748],[-122.42872899957165,48.234515000033774],[-122.425571999863,48.23288699980929],[-122.4251130002787,48.231277000039036],[-122.4251130002787,48.22977600004928],[-122.42404600024884,48.228197000246986],[-122.41829500017293,48.22693299980125],[-122.41527200035861,48.22657700010913],[-122.41198099985735,48.227033999861426],[-122.40892799990581,48.228355000202164],[-122.40424499968468,48.22930299986272],[-122.39612100007277,48.229232999769906],[-122.39467770475358,48.229867488204],[-122.39416699993812,48.23009199989499],[-122.39321799990906,48.2301710000003],[-122.39232900015442,48.23060599985763],[-122.39066899974763,48.22989499996458],[-122.38995800026824,48.22874999975134],[-122.38811999958624,48.22712999976347],[-122.38789600017856,48.226267000155566],[-122.38740800028192,48.226024999879094],[-122.38657800007852,48.22614300012715],[-122.38391099991635,48.227485999798105],[-122.38225100040786,48.226300999840596],[-122.37626299960722,48.22416799995922],[-122.37122399973393,48.21970500021358],[-122.36831899992038,48.21460900013365],[-122.36897099984853,48.21065899971506],[-122.37163899983564,48.205246000048135],[-122.36974199960237,48.20093900001283],[-122.36778499999302,48.19710599976636],[-122.36908999967422,48.19493299999268],[-122.37021600015365,48.192995999948465],[-122.37024867277881,48.19185799658558],[-122.37027499970486,48.19094100007242],[-122.36719300033928,48.18920199995984],[-122.36375399970004,48.184458999994035],[-122.36342696442759,48.18429548189312],[-122.36161999964031,48.183392000138554],[-122.35747000041998,48.1822850002799],[-122.35883299982756,48.179359999803445],[-122.36347900023873,48.174437999899105],[-122.37025299996354,48.164808999869216],[-122.37017202672214,48.16454666688824],[-122.36735399999777,48.155417000174836],[-122.36474399973699,48.15130400003874],[-122.36499399998223,48.14585300025635],[-122.36379700025604,48.142758999924446],[-122.36400499977019,48.14000500018292],[-122.36528230978111,48.13878094134896],[-122.36762699980925,48.13653399989542],[-122.36782900037394,48.134930000085454],[-122.36355100020876,48.133342999744876],[-122.36212500015371,48.12985299998508],[-122.36507799964782,48.125822000259596],[-122.36384199956358,48.12393000019269],[-122.36347813426279,48.12330713148462],[-122.36164899995265,48.120175999707804],[-122.3588360002006,48.11753999977468],[-122.35163399995528,48.114429999733616],[-122.34772800023411,48.11069199983979],[-122.34736199963793,48.10671700002731],[-122.34482800044343,48.104955000161844],[-122.34397300012567,48.10297099984541],[-122.34469000035115,48.100880999859335],[-122.34324099983156,48.0976309997005],[-122.33399599976316,48.095440999864984],[-122.32611900002348,48.09287699975029],[-122.32170899961382,48.08550700007465],[-122.32141900008392,48.080991000123745],[-122.31779999592635,48.079231319784085],[-122.30583799995861,48.07341499997423],[-122.30490514085855,48.073013274749385],[-122.30100099975168,48.07133199990494],[-122.29834299981032,48.068458000019426],[-122.29834500035848,48.06532000000772],[-122.2934319999836,48.061899999989656],[-122.29272599962876,48.064151000102065],[-122.29151999968173,48.06503999989601],[-122.28956600044536,48.0649840002912],[-122.28649000002927,48.06437300024779],[-122.28554372189552,48.064436363676855],[-122.28399600011946,48.064540000110405],[-122.2824579999114,48.06359500017037],[-122.28000500000945,48.06306700020402],[-122.27834299995284,48.0614279999801],[-122.27692899959337,48.0585109999821],[-122.27547400012432,48.05751100020636],[-122.273493389196,48.05668301515922],[-122.27347899998178,48.056677000056006],[-122.27369092872696,48.05645451099181],[-122.27406099958974,48.05606599988219],[-122.27435199984286,48.05487099987002],[-122.27397799974905,48.05389800002986],[-122.27214900018618,48.05370400000105],[-122.27216574298646,48.053485334472605],[-122.27218350806949,48.053253317178175],[-122.27223200002686,48.05261999988926],[-122.27306300005516,48.05206500012015],[-122.2737700002349,48.050813999720695],[-122.27493400034915,48.050424999877656],[-122.27717899983863,48.05106400022528],[-122.27784400018557,48.05181399986149],[-122.27816296319688,48.05180708225892],[-122.2803799999282,48.05175900009119],[-122.28254099975209,48.051953000242015],[-122.2872800000497,48.05389800002986],[-122.28856899983742,48.054982000258285],[-122.28860093314913,48.05499849099671],[-122.2894829997064,48.05545399992399],[-122.29097999990657,48.05478800011037],[-122.29093800007375,48.053536999811755],[-122.28985699980018,48.05242599984934],[-122.28624099960894,48.05137000018062],[-122.28083699986267,48.05017499987396],[-122.27439399967565,48.04822999998717],[-122.27057280540889,48.04628050478829],[-122.26564590540161,48.043766901055925],[-122.2610830000525,48.0414389998795],[-122.25135325558203,48.03645734876121],[-122.24691899976142,48.03418699996469],[-122.2382369999327,48.03058499980101],[-122.2317610001337,48.02987599987524],[-122.2298762026153,48.03033232874065],[-122.22742000021937,48.03092700002626],[-122.22680631972626,48.02985653823143],[-122.22468600011003,48.02615799984863],[-122.22319164993993,48.02461701690885],[-122.21898199988978,48.0202759997267],[-122.22349799970634,48.02035599976543],[-122.22585900044508,48.01834499976559],[-122.2259363588658,48.018188659281314],[-122.22876699973335,48.01246799978078],[-122.23110400018268,48.0087490000876],[-122.23086599963298,48.00533100023081],[-122.22920199992657,47.99936700008505],[-122.2296684312732,47.988690045179936],[-122.22967800012763,47.988471000295434],[-122.23015799962835,47.984861000294806],[-122.23193670431507,47.98319999978341],[-122.23367900028337,47.9815730001374],[-122.23080899973158,47.98010799972753],[-122.22826499959305,47.97509699998414],[-122.2297960001284,47.973436999960335],[-122.23004600037366,47.97091699982745],[-122.23069163483972,47.97043846157943],[-122.23663000012766,47.96603700024651],[-122.240165054027,47.96417193575045],[-122.24874599967444,47.9596447010856],[-122.24900699979038,47.95950700014031],[-122.25974867666545,47.95840102155729],[-122.27804699967687,47.95651699997442],[-122.28917999975768,47.952554999810026],[-122.2911109985295,47.952051951744096],[-122.29683800011259,47.95056000025674],[-122.30460917651517,47.949461683869224],[-122.30704800010359,47.94911700015406],[-122.30869400026668,47.946344999893796],[-122.31114799999352,47.93671699975842],[-122.30974700005284,47.929116999825276],[-122.31074700013552,47.925116999892225],[-122.31218431357328,47.9237047513329],[-122.31843100042968,47.91756699981799],[-122.31922768032257,47.91655868733655],[-122.32194700016352,47.91311700024661],[-122.32219080652489,47.911526606202386],[-122.32255100041108,47.909177000279115],[-122.32747884005617,47.899921373777175],[-122.32854599998613,47.89791700012033],[-122.32776699983638,47.89402199971422],[-122.32805965748122,47.893324000253976],[-122.33354300002662,47.88024599977928],[-122.33290074681929,47.87931456341812],[-122.33014500029357,47.87531799979663],[-122.32954500024394,47.869418000043645],[-122.33055399964914,47.86672199972248],[-122.3330900002901,47.86476600002195],[-122.33504500024965,47.86131799980776],[-122.33495764357987,47.85993218080058],[-122.33490770623322,47.859139983104164],[-122.33472899988216,47.856304999816366],[-122.3359499998978,47.85230599969927],[-122.33979812745343,47.8469220900448],[-122.33994400038085,47.84671800009582],[-122.34132198009407,47.845820225443525],[-122.34654400002839,47.84241799992443],[-122.35324400013336,47.84061799989366],[-122.36035881708369,47.83401028284409],[-122.37400899989689,47.821332999854576],[-122.37765773829037,47.817705259411575],[-122.38148099958062,47.81390399996646],[-122.38349221431406,47.81272617455065],[-122.39204399974908,47.807718000058415],[-122.39563700037412,47.806808000271396],[-122.39494400043807,47.80331799984252],[-122.39493944328463,47.80330422954037],[-122.39133599974441,47.79241499984322],[-122.39214300038158,47.78541899997908],[-122.39680700033614,47.78237800025856],[-122.3970430003377,47.77971899999208],[-122.39520333328082,47.77792176596963],[-122.39435500025908,47.77709299988854],[-122.39362299996498,47.773875999856344],[-122.39444200029773,47.772218999886704],[-122.38896900005619,47.76693900001171],[-122.38774200019276,47.76451900020969],[-122.38636573895666,47.763418138506445],[-122.38024100019672,47.75851899979452],[-122.38243091858624,47.74890189280781],[-122.38267499983208,47.747829999968516],[-122.37638499980594,47.738439999850094],[-122.37488020492405,47.73416397162058],[-122.37314000023375,47.729218999958015],[-122.3762840004219,47.72259000005588],[-122.37644000005751,47.71651900002977],[-122.37986793075756,47.71326542056664],[-122.38113900017217,47.7120590001032],[-122.38044000038836,47.70911899991143],[-122.38064946056316,47.7089351646398],[-122.38565499998872,47.70454199997698],[-122.3920746592497,47.70205631567562],[-122.39324800004627,47.70160200014354],[-122.39631416660495,47.70043395094655],[-122.40315737703082,47.697827045781096],[-122.40344100031885,47.69771900015698],[-122.40624099965211,47.69301899985202],[-122.40384100035193,47.68941900022977],[-122.40500172431034,47.68672031524122],[-122.40784099978444,47.68011900026495],[-122.40966000019989,47.6762240000199],[-122.40928358543461,47.67267302199421],[-122.40918499982375,47.671743000288096],[-122.41583999972286,47.67062200002014],[-122.42268999961566,47.666613999860836],[-122.42550599974075,47.664708999706086],[-122.4369409999454,47.661718999717216],[-122.42984099980734,47.65891900020663],[-122.42136700039109,47.652948999830684],[-122.42009883882302,47.65132020158022],[-122.41783999988827,47.648419000201514],[-122.41827099988349,47.64444500029947],[-122.41678569934159,47.642528363998274],[-122.41464499964648,47.63976599980058],[-122.40423999966181,47.63391999982626],[-122.39539999964933,47.63059399981224],[-122.39183500041001,47.62995300003324],[-122.38963431211855,47.63062391353652],[-122.38603900012826,47.631719999720175],[-122.38399100028228,47.631874999933096],[-122.38373900038724,47.62631999999059],[-122.37793899990753,47.62652000022061],[-122.37017400032084,47.62518300027042],[-122.36450100006275,47.62034200019909],[-122.36157903376841,47.61857749872925],[-122.35420989926956,47.61412746739325],[-122.35309299962232,47.61345299994831],[-122.35132241301078,47.61251234834967],[-122.34636283229347,47.609877495508],[-122.34493700022335,47.609120000113535],[-122.3436416484483,47.60673014314028],[-122.34232527429893,47.604301501488365],[-122.34117003994521,47.602170153846],[-122.3395709965187,47.59921999999258],[-122.33951300038561,47.59911299984456],[-122.34293700005797,47.59122000010137],[-122.34433566797217,47.590801625027886],[-122.35594499973242,47.58732899979829],[-122.35855900019114,47.58620700001323],[-122.36212500015371,47.58380200006206],[-122.3685380002035,47.584881000216015],[-122.37016699974983,47.58308699981206],[-122.37542099970825,47.58518099991074],[-122.37612729381219,47.58581622301756],[-122.3761980891414,47.58587989401617],[-122.3811750001572,47.59035599982432],[-122.38125921541844,47.590889117718326],[-122.38173800039691,47.59391999982827],[-122.38713899977009,47.59571999999825],[-122.39136599988163,47.592328000255634],[-122.4018389996384,47.58391999992548],[-122.41193032229893,47.57978935499963],[-122.42113899988712,47.576019999854324],[-122.4152924585909,47.572346509713505],[-122.41057859495157,47.56938470123846],[-122.40983900030004,47.56891999988099],[-122.40978113352436,47.5675311975822],[-122.4097389998426,47.56651999971462],[-122.40513442164747,47.56077660797454],[-122.40236400024325,47.557320999962315],[-122.39833799997317,47.550119999833484],[-122.39943799961499,47.545820000268684],[-122.39789514401284,47.539930491538065],[-122.39672899962002,47.535478999894345],[-122.40110399986955,47.52990800018906],[-122.39480685374532,47.52543690345929],[-122.39393799960926,47.524820000262636],[-122.39520150520923,47.520154367486825],[-122.39520999967854,47.52012300012222],[-122.39880499995338,47.517437000253],[-122.3965379998243,47.51521999983451],[-122.39397399959427,47.509683000236656],[-122.38663699962976,47.50222000001514],[-122.38245539947437,47.500017475033516],[-122.37565199968694,47.49643400029092],[-122.36854200040146,47.492340999834184],[-122.3652359998316,47.48841999977582],[-122.364910049724,47.488134213790005],[-122.36228322761121,47.485831075700396],[-122.36164899995265,47.48527500025176],[-122.36133599995819,47.48142100009447],[-122.36154355660291,47.48110800233813],[-122.3639253596287,47.47751621970406],[-122.36414500041062,47.47718499977325],[-122.36878000005282,47.472745000151754],[-122.37020600010788,47.467764000287524],[-122.36803600006317,47.45922100010546],[-122.37027536981077,47.45744493017962],[-122.3723619999089,47.45578999994519],[-122.38313599996455,47.450521000003064],[-122.37438893336318,47.448945441293645],[-122.36703599998046,47.44762100005253],[-122.3625050000953,47.44545100017397],[-122.36230593342835,47.44516681459159],[-122.36046100044727,47.442533000067606],[-122.35630358473595,47.44205527948218],[-122.35513499962049,47.44192100009833],[-122.35428100002598,47.43642400009804],[-122.35119100026449,47.430797000192264],[-122.35119100026449,47.423077999709015],[-122.34803500038079,47.415920999960505],[-122.33523400039554,47.40842100014923],[-122.33463284870574,47.40693847536467],[-122.3333972088459,47.403891209310856],[-122.33217700024602,47.40088199980068],[-122.33106432627388,47.397869624252706],[-122.33051299964127,47.39637700009903],[-122.3273240001456,47.39563200025321],[-122.325734000059,47.39152100020625],[-122.3272339997339,47.38772099992438],[-122.32553111375545,47.37588593789488],[-122.3252339995685,47.3738210002348],[-122.32599699982474,47.37223800025019],[-122.32579909108618,47.3720890361806],[-122.32385799974216,47.370627999997026],[-122.32505600019158,47.36759999992331],[-122.32502676272401,47.36509860823],[-122.32483299971052,47.348520999959455],[-122.32742299987979,47.34567199998087],[-122.3285596750397,47.345163956198235],[-122.33043326787161,47.34432654198974],[-122.33337574719546,47.343011382723176],[-122.33454823728744,47.3424873310081],[-122.336934000087,47.341421000177],[-122.35545242022445,47.337702900751935],[-122.36416799997683,47.33595300006201],[-122.37432400043947,47.33307399979755],[-122.37650237188433,47.32880049616247],[-122.37709799983347,47.32763199978836],[-122.37967071282344,47.326641357767166],[-122.38109999981413,47.3260909998262],[-122.38407900014583,47.32560199992063],[-122.38600399996818,47.327355000037734],[-122.39102199992506,47.328340000238484],[-122.39618299999707,47.32687699988966],[-122.40284799994191,47.322540999747986],[-122.40343378864375,47.32246581613279],[-122.41465200021752,47.32102599996678],[-122.4176373417568,47.32038577995162],[-122.41823269751643,47.3202581033213],[-122.42353499988769,47.319120999732924],[-122.42915986122632,47.31959024844651],[-122.42997200022693,47.31965799996501],[-122.43182838672783,47.31368654976049],[-122.43246448647547,47.31164040544405],[-122.43295300020843,47.31006900003519],[-122.4346169999149,47.30749100002656],[-122.44435300025297,47.306099000097795],[-122.44436833718983,47.30579019357647],[-122.44463500028527,47.30042099989782],[-122.44240453374049,47.29962331584062],[-122.43980599957598,47.29869399996105],[-122.43678808153119,47.29845663537664],[-122.43633500004799,47.2984209997096],[-122.43261865444623,47.29706530957148],[-122.43247799983229,47.29701399977402],[-122.42423500039472,47.297521000164785],[-122.41373499997547,47.29392099989219],[-122.40921310900728,47.28857268789003],[-122.40919900006743,47.2885560000885],[-122.41070082332237,47.28740674526103],[-122.41382500038716,47.285016000294824],[-122.41180000010739,47.282505000002104],[-122.41845500000653,47.275893000279524],[-122.42130700011663,47.27024900015457],[-122.42605999975963,47.27040999996366],[-122.42962599972219,47.26847500013296],[-122.43319099985982,47.2634750001719],[-122.43675599999747,47.26186200010434],[-122.4403210001351,47.26202299981995],[-122.4442000000921,47.26672300030072],[-122.45313200016608,47.2723990001337],[-122.4610759998529,47.27544700001571],[-122.46462747675224,47.27607629891673],[-122.47165200044014,47.277320999855945],[-122.47732201829147,47.28093445194893],[-122.47978799974759,47.282506000032],[-122.48666899960253,47.28572900003945],[-122.49019899958007,47.2891399999364],[-122.49892361907912,47.29469814706269],[-122.49927499959408,47.29492199990949],[-122.49927299994427,47.296551999777364],[-122.50570753261142,47.30177232876624],[-122.50695245925463,47.30278233657851],[-122.50702599983538,47.30284199978839],[-122.50782199970357,47.305556999937906],[-122.51238299972599,47.30753399986469],[-122.51497399972017,47.306053999922916],[-122.51973300010926,47.30795499977515],[-122.53333800035861,47.316619999940905],[-122.54133499974891,47.31893199975445],[-122.54740800004006,47.317734000254674],[-122.54774699997377,47.31640300021529],[-122.54204799977643,47.31071400023801],[-122.53681899993236,47.30442800027054],[-122.5288679996745,47.29311300013774],[-122.52873799997818,47.290888000300924],[-122.52877730486513,47.29057484036904],[-122.52968899965708,47.28331100030252],[-122.53301600014333,47.27637699989844],[-122.53415406230205,47.27515434812601],[-122.54442500040871,47.26412000001807],[-122.54469326520031,47.263783428953396],[-122.55226799981318,47.254280000270256],[-122.55345700004177,47.25185999994361],[-122.55298099984071,47.249440000011454],[-122.55226799981318,47.248310999990146],[-122.5563090001519,47.244438999921826],[-122.56005051385296,47.24494651579702],[-122.5622510000235,47.245245000045486],[-122.56391499972993,47.24347100004739],[-122.56391499972993,47.239113999826856],[-122.56343900042718,47.236531999860226],[-122.56403086174033,47.235627041936084],[-122.56473200041285,47.23455499973821],[-122.56485086818617,47.22795555773392],[-122.56486499958392,47.227170999805026],[-122.5672420002162,47.2218440000555],[-122.57207708701154,47.21840392876801],[-122.5722330004089,47.218293000180424],[-122.57709491089861,47.21366995866393],[-122.57755106012853,47.213236220354666],[-122.58051699985434,47.21041600007587],[-122.58397700040999,47.199577999706484],[-122.58364199977594,47.19681799996175],[-122.58342022369858,47.195801000162376],[-122.58337282049935,47.19558362439065],[-122.58269100009703,47.19245700013078],[-122.58483000017964,47.18971099986198],[-122.58483000017964,47.187450000224146],[-122.58495337210579,47.187257856366024],[-122.59082899995262,47.17810699973081],[-122.5928529842378,47.17588382408267],[-122.5929119999587,47.175819000185385],[-122.59317529437185,47.175787391492165],[-122.59695199957417,47.17533399970921],[-122.60339312677382,47.17250945064119],[-122.60432000039916,47.172103000222805],[-122.6137510002404,47.16955499978032],[-122.61571899972047,47.16430400002197],[-122.61549100011482,47.16143800025849],[-122.61681925717873,47.15722315879879],[-122.61691700016986,47.1569129997989],[-122.62190800036258,47.14786100025463],[-122.62618700035264,47.1418799997628],[-122.62773949487782,47.14120114765759],[-122.6328420002518,47.13897000018397],[-122.63555407428166,47.13620167887177],[-122.63616899983973,47.13557399995947],[-122.64347978247268,47.135174062966584],[-122.6450530002331,47.13508800015148],[-122.65063400042969,47.13273799997775],[-122.65803599979324,47.12716599971559],[-122.66968199988506,47.114551000190424],[-122.67094031681592,47.11264367167678],[-122.6749109997291,47.106625000002644],[-122.6764790000744,47.10209599979474],[-122.68119802633166,47.09919140977175],[-122.68469499974779,47.097039000165246],[-122.68720100025149,47.097314999697545],[-122.6900099998056,47.10088700011644],[-122.69270440666878,47.10131572505645],[-122.69440299959847,47.10158599972331],[-122.6996339999907,47.10091399991739],[-122.70320999999898,47.09574500001947],[-122.71104300025605,47.09571800004354],[-122.7131730001178,47.09347900004231],[-122.72572999970554,47.09389999993262],[-122.72763899963437,47.097162999946015],[-122.72701799966835,47.10050900024299],[-122.72797353404279,47.101023665906425],[-122.73548600013513,47.1050700002479],[-122.74098600014086,47.10646300002694],[-122.75354399955351,47.11182399983248],[-122.75368989134554,47.112055772513536],[-122.75599700035377,47.11572100025431],[-122.75950200021697,47.11785300014949],[-122.76219199994539,47.11832199972425],[-122.76260061751695,47.11888211217192],[-122.76336799975515,47.11993399988691],[-122.76531199984409,47.12030200022852],[-122.77460899979103,47.12041099972647],[-122.77721800022687,47.121287999982215],[-122.77647599988705,47.12287899979677],[-122.77687199972219,47.124597000248905],[-122.77890700004768,47.125804000016664],[-122.78384700018675,47.12596599979685],[-122.78625999990572,47.12707400027867],[-122.78789988433834,47.13256196366079],[-122.78923500003948,47.137030000178314],[-122.7870959999569,47.13913099990046],[-122.78780899998443,47.14284999987075],[-122.79137400012206,47.145113000073884],[-122.79327600037817,47.15254900006777],[-122.79684099961749,47.15384199979144],[-122.7987420000487,47.15933700011786],[-122.8046839999203,47.164669999728666],[-122.80919999973686,47.16515499987403],[-122.81252800004803,47.170971999747145],[-122.8151869998143,47.17910200006203],[-122.82151299982544,47.176572999699715],[-122.82607499967276,47.16563900007262],[-122.8277390002775,47.16095299977196],[-122.82726399990136,47.14899299987704],[-122.82861499961334,47.13947299993491],[-122.82707800012851,47.13568200019633],[-122.82913000017246,47.13292100007883],[-122.82952724507255,47.130208262548386],[-122.82987800036008,47.12781300017019],[-122.82821399975535,47.12554900017816],[-122.83059100038761,47.12069700001694],[-122.82987800036008,47.1168160000678],[-122.83111978739142,47.11588609589499],[-122.83225500009402,47.11503599984815],[-122.83677099991058,47.11908000006078],[-122.83986099967207,47.12441700010886],[-122.84199999975465,47.12942999994679],[-122.84293500043835,47.13050900003711],[-122.84426057153958,47.130319469405016],[-122.8464179996619,47.130010999706656],[-122.84727566438279,47.13037883561507],[-122.84780299970907,47.13060500023477],[-122.84716199965158,47.13201900004545],[-122.84530100030166,47.13277599977003],[-122.84640599996634,47.134697999711136],[-122.84660199978494,47.13595999989881],[-122.84446299970233,47.13659900004029],[-122.84299399998956,47.140639999861435],[-122.84390100018587,47.14268800019181],[-122.84413899983723,47.147698999961236],[-122.83843499961702,47.151256000041506],[-122.8408270003179,47.153559000016806],[-122.84009800039682,47.15545799980339],[-122.8405739996996,47.15836699972751],[-122.84176200010329,47.16127599981517],[-122.84176200010329,47.16321500020919],[-122.84413899983723,47.1645079999793],[-122.84770399997488,47.1625689997479],[-122.85204599971415,47.164358999815136],[-122.8567815109552,47.166971695870544],[-122.85835458768014,47.16783960053502],[-122.86315299985571,47.17048700019416],[-122.85816199966301,47.17420300026042],[-122.85103200028604,47.18389600011483],[-122.84936799968129,47.186964999761614],[-122.84913000002993,47.19035699985885],[-122.84669600039457,47.19222499973493],[-122.84556499989228,47.197625000257695],[-122.84223800030435,47.200208999875635],[-122.83952000008853,47.20654900016543],[-122.83924300007911,47.20969799972291],[-122.84247500013082,47.21312699989377],[-122.84604000026845,47.21554800016484],[-122.84722899959874,47.2197459999762],[-122.8524580003411,47.22248999991782],[-122.8536829996564,47.225743999736714],[-122.85626100013013,47.22813899979027],[-122.8549630001216,47.232689000228696],[-122.85646399962138,47.235199000218955],[-122.86125200032282,47.236531999860226],[-122.86481699956212,47.239274999789494],[-122.86410400043295,47.24347100004739],[-122.85962399970309,47.2504279998812],[-122.86362900005678,47.24927899984039],[-122.86790700022193,47.24605200021111],[-122.8702839999559,47.24863400029986],[-122.86838199969978,47.251375999900795],[-122.86766899967226,47.256538999707],[-122.86600599979074,47.26057199971559],[-122.86529299976321,47.26557200015703],[-122.86315299985571,47.27008799985572],[-122.86386599988325,47.27202299984029],[-122.8702839999559,47.273152000227164],[-122.87147200035959,47.276860999966075],[-122.86838199969978,47.280247000050686],[-122.8626780003779,47.282988000059035],[-122.85911300024021,47.28540699990989],[-122.85626100013013,47.28943699998349],[-122.85507199990155,47.29362899975262],[-122.85103200028604,47.29475699993878],[-122.84746700014841,47.29701399977402],[-122.84627799991983,47.30007700022306],[-122.84960600023099,47.302010999772406],[-122.85258691397428,47.30676177302056],[-122.85435899987402,47.3095859999899],[-122.84746700014841,47.31055300003878],[-122.84295100033188,47.31313099991509],[-122.84009800039682,47.31780400013082],[-122.8396230000207,47.32102599996678],[-122.83772199958949,47.32328200014517],[-122.833357000284,47.324316999923404],[-122.83097999965172,47.3235109998198],[-122.83082900003896,47.32006000026457],[-122.83422699977203,47.31730799977452],[-122.83462799963003,47.31553999978131],[-122.83154200006649,47.31425900002312],[-122.82299999997987,47.320208999794026],[-122.81978100034695,47.32780099979315],[-122.82087699979083,47.32924600027427],[-122.82845200030503,47.33198199981771],[-122.82940299998394,47.334719999996594],[-122.82436499993557,47.33901000029183],[-122.82174200015433,47.34364299969978],[-122.82155899985621,47.34679899977291],[-122.82523699997176,47.35339799988716],[-122.82463299972417,47.355131999909794],[-122.82661914517294,47.35739556063124],[-122.8267879997003,47.35758799996126],[-122.82542781471453,47.360198677386876],[-122.82536199964522,47.36032500029347],[-122.82466500040954,47.36336300018819],[-122.82516400017684,47.36662900019911],[-122.82474800025021,47.369726000255476],[-122.82616099988647,47.369894999987935],[-122.82757500024597,47.36933200006155],[-122.8286559996212,47.3696700002931],[-122.82819500038707,47.37254400012899],[-122.82857199995561,47.374229999718345],[-122.83006900015577,47.37530000024715],[-122.83289600015154,47.37636999974749],[-122.83225339749958,47.37712687360912],[-122.8313778545079,47.37815810862973],[-122.83098399984969,47.378621999865224],[-122.82898386134372,47.38107613512486],[-122.8286476533739,47.38148865613047],[-122.82832300043357,47.381886999696384],[-122.82574599978479,47.38650300017025],[-122.82557900027854,47.388754000051804],[-122.82408299990327,47.39156899992223],[-122.82337516698526,47.3964689480674],[-122.82333499971563,47.396747000184874],[-122.8243320003236,47.39888500026892],[-122.82591200036445,47.399897999919084],[-122.82807400001326,47.40237400019083],[-122.82873900036022,47.404344000056014],[-122.82840600027427,47.405188000162354],[-122.82665999965377,47.40580700020688],[-122.82474800025021,47.40546899998502],[-122.82449899982987,47.404736999916366],[-122.82374999981734,47.404511999942],[-122.82300199962971,47.40496300029044],[-122.82167199983411,47.40552500022924],[-122.8201386043902,47.40539510362339],[-122.81967699969158,47.40535599978865],[-122.81859600031633,47.404511999942],[-122.81892799967905,47.40361200016242],[-122.81818000038973,47.40237400019083],[-122.81668400001446,47.401361000112686],[-122.81510399997362,47.39877300019711],[-122.81543700005956,47.397309000209695],[-122.81402299970006,47.39612800009893],[-122.81319199967176,47.39500199981625],[-122.81322699983187,47.393030999923496],[-122.8126100000638,47.391455999710296],[-122.81327500041077,47.38785399990228],[-122.8133139998705,47.38588199977367],[-122.81385700001873,47.383745000001596],[-122.81618500024719,47.382112000186055],[-122.81709900011614,47.38019799977265],[-122.81701600027549,47.377721000034875],[-122.81601799984263,47.37541299981209],[-122.81526999965496,47.372315999707986],[-122.81518400033956,47.37175300007363],[-122.8131089998311,47.3696700002931],[-122.81320500009058,47.36865299972459],[-122.81227699997785,47.36752999972523],[-122.81028199983534,47.36730500028458],[-122.80870199979448,47.366066000091436],[-122.80670699965196,47.36319400021455],[-122.80687300023165,47.36082900009224],[-122.80734199986168,47.35869199989055],[-122.80669900015434,47.35784600029663],[-122.80591400015678,47.358498999874115],[-122.80427200019166,47.35869199989055],[-122.80105594613458,47.358611098307996],[-122.8004159998009,47.35859499976243],[-122.797381000291,47.360675000089834],[-122.79552500006562,47.36084400022258],[-122.79363299985525,47.36069900000124],[-122.79076775049302,47.36091498350012],[-122.79074099956217,47.360917000065655],[-122.78916999974217,47.36152199971246],[-122.78806300042764,47.36031200017455],[-122.78620700020227,47.35796699991322],[-122.79131200019779,47.3556450000119],[-122.79067000031537,47.35291200000833],[-122.79131200019779,47.35179900022072],[-122.79463200011304,47.35100099979663],[-122.79530300030777,47.350600000010196],[-122.79680999965535,47.34826799969687],[-122.79613199978793,47.34698599981043],[-122.79534199976752,47.34616199975078],[-122.78009899975103,47.341720999702815],[-122.77079400030644,47.34128199974781],[-122.7700300487343,47.34095232279736],[-122.76906299975454,47.34053500016822],[-122.77003972358993,47.339088408652856],[-122.77004035151234,47.339087952698605],[-122.77857999980952,47.337940000214175],[-122.78024799971391,47.3387170000449],[-122.78904800044174,47.33841699988587],[-122.79407572106828,47.322036526515944],[-122.79493099986377,47.31924999998736],[-122.79270964223596,47.31093960884929],[-122.79256300035065,47.31039099984651],[-122.79330499979218,47.3076229999285],[-122.79103950074793,47.306763250144485],[-122.788805888303,47.305915601424616],[-122.78849600007267,47.30579800024337],[-122.78713865735648,47.3000163049522],[-122.78705900014698,47.299677000223696],[-122.78795330175842,47.29852950583622],[-122.78936899993379,47.29671299997596],[-122.79496281100462,47.28942971004383],[-122.7955869999899,47.288616999775336],[-122.80337099984318,47.283948999727926],[-122.81140300029186,47.27616800010742],[-122.81517978364762,47.27515293472467],[-122.81527999970072,47.275126000248974],[-122.81870699974611,47.26912000001252],[-122.82487597604221,47.2578668806453],[-122.82500380810379,47.25763369638213],[-122.82823200019699,47.25174499989944],[-122.82868999995641,47.24815000004603],[-122.83083816195659,47.245673000246825],[-122.83088448717747,47.24561958426206],[-122.83279900006718,47.24341199985866],[-122.8277390002775,47.23879100001755],[-122.82393599959015,47.23104499999219],[-122.81870699974611,47.22781700002811],[-122.81062599979191,47.225717999741214],[-122.80729900020395,47.22216700005549],[-122.80737521596762,47.22055777403829],[-122.80749541684084,47.21801986695321],[-122.80753600003045,47.21716300020472],[-122.80646900000059,47.210586999810445],[-122.79751299963716,47.19941700000741],[-122.78971000041565,47.18761200020449],[-122.78424399984678,47.18518900012424],[-122.77901500000272,47.18535000025587],[-122.77785199971339,47.18248200029527],[-122.77626802283078,47.1785753904046],[-122.77547599980436,47.17662200025733],[-122.77518262620221,47.17416981329741],[-122.774973999664,47.17242600025722],[-122.77442807190629,47.17156081355686],[-122.77161899958865,47.16710899993124],[-122.76882963810499,47.166757474956434],[-122.76380299994834,47.166123999921396],[-122.75643500002167,47.16967899975642],[-122.75215699985652,47.1724159999302],[-122.75211652536308,47.172547086138906],[-122.7512060001776,47.17549600002608],[-122.74407599990235,47.17856499984162],[-122.7474030003886,47.180989000144606],[-122.74787899969134,47.18341200021902],[-122.74621499998493,47.18551199992961],[-122.74716599966382,47.18922699987361],[-122.74431399955374,47.192619000090005],[-122.73849300005594,47.19923000026299],[-122.74038627767067,47.20014849278359],[-122.74046119267376,47.20018483671988],[-122.7405109997647,47.200208999875635],[-122.74573999960879,47.19923999981232],[-122.74978000012256,47.19923999981232],[-122.75031833891276,47.20106850074744],[-122.75239500040622,47.20812199980143],[-122.75300891266465,47.20846942464337],[-122.75524699961801,47.20973600002259],[-122.75393276705228,47.21171277991459],[-122.75070526935679,47.216567362898395],[-122.74859199971887,47.2197459999762],[-122.74811600041615,47.21086600021716],[-122.74573999960879,47.20650700026397],[-122.74098600014086,47.20618400007041],[-122.73738400019329,47.20822100020687],[-122.73702817840757,47.20997254946039],[-122.73694499980215,47.210381999731055],[-122.73645711488989,47.21065238721083],[-122.72791399999396,47.215387000118106],[-122.7198330000398,47.22087599981449],[-122.71888200036088,47.22652500024955],[-122.71964924605516,47.227166358011466],[-122.72197200012238,47.229108000216904],[-122.723237097537,47.232114603726544],[-122.72478975106397,47.23580460445205],[-122.7248240002325,47.235885999729234],[-122.7247514388154,47.23594143161761],[-122.72292199997636,47.23733899979085],[-122.72275380660909,47.239051833048094],[-122.72220899994883,47.24460000016855],[-122.71698000010477,47.24798800014992],[-122.71797987083009,47.250477160299454],[-122.71815024261193,47.25090129681692],[-122.71840600015982,47.25153799980038],[-122.72125900009485,47.251698999811836],[-122.72219889749515,47.25093337236531],[-122.7248240002325,47.24879499999239],[-122.73385599986558,47.25008600013573],[-122.73789600037935,47.25540999980658],[-122.73789600037935,47.261217000181105],[-122.73627121932162,47.26388148110155],[-122.73624205821083,47.26392930250491],[-122.73504400026927,47.26589399969771],[-122.74122399979223,47.266056000293524],[-122.74571937249323,47.26071603120756],[-122.74597700033354,47.260410000017174],[-122.74954199957286,47.259604000208554],[-122.74956060727568,47.25973640070801],[-122.75001799977392,47.26299100021213],[-122.75001799977392,47.26686200001988],[-122.74649199999435,47.2725010000185],[-122.74906600027013,47.27380599971534],[-122.75109917162573,47.272881209264476],[-122.75263200023268,47.27218399973858],[-122.7564454384453,47.27360702039849],[-122.75684339840436,47.27375552309487],[-122.75738599970059,47.2739579997809],[-122.75738599970059,47.276700000278815],[-122.75407676699234,47.279402124538294],[-122.75234400035258,47.28081699996764],[-122.75204399987862,47.29061699971512],[-122.74811100039328,47.296000000248775],[-122.74391090751944,47.304950783765705],[-122.74248900018881,47.30798100021812],[-122.73672824800218,47.31414631102717],[-122.73327599990746,47.317841000280225],[-122.72804500041353,47.32881700017031],[-122.72844500044663,47.331716999896464],[-122.73024499969719,47.33331700000156],[-122.73050175886662,47.33663581824061],[-122.7305279995544,47.33697500016365],[-122.72962299990627,47.338685999799004],[-122.7255570003515,47.33832099981589],[-122.71917100006588,47.34209900026957],[-122.71101599959354,47.34433599981825],[-122.70669800014373,47.349666999959595],[-122.70393989464205,47.35068431117549],[-122.6946360001253,47.354116000102835],[-122.69218499987318,47.35618299998905],[-122.68946791504065,47.358791971260466],[-122.68755766375861,47.3606262128323],[-122.68703300002201,47.361129999822424],[-122.6839430002605,47.36515500002018],[-122.68227488267684,47.36548455866468],[-122.67253399999517,47.3674090001372],[-122.67188879672047,47.36761010459258],[-122.66897600042853,47.36851800012924],[-122.66587900009604,47.3712719997908],[-122.65922400019693,47.37191600023794],[-122.65017400012216,47.37457499977027],[-122.6364070003894,47.380767999850534],[-122.6285083108272,47.38225413871765],[-122.62785000023416,47.38237800013185],[-122.627374999858,47.37964199985715],[-122.62618700035264,47.37561799990669],[-122.62838175437336,47.373016923791],[-122.62903899956444,47.37223800025019],[-122.63307900007823,47.369984000248564],[-122.63664500004079,47.366281999949436],[-122.63807100009586,47.36257899990629],[-122.64173499996768,47.36050300010104],[-122.64852899978399,47.3585539997174],[-122.65374900030555,47.35516000000847],[-122.65660999973818,47.35275800002454],[-122.65993700022445,47.35259700014195],[-122.66706800032463,47.34551099978538],[-122.67125600007812,47.34377399990037],[-122.67134599959147,47.3413239999555],[-122.6663550002971,47.337940999804495],[-122.66160099993087,47.33713600021497],[-122.65851100016937,47.33310900023909],[-122.65971112693109,47.331391567107815],[-122.66058187651238,47.33014548769106],[-122.66065000025198,47.33004799976301],[-122.66334240477038,47.33179336000809],[-122.6650707795467,47.33291378430894],[-122.6661169997474,47.3335920001891],[-122.66968199988506,47.332464999725204],[-122.6751490002788,47.33294800008582],[-122.67800100038893,47.33149800004242],[-122.67949600004093,47.327833000122304],[-122.6782390000403,47.32328200014517],[-122.6785053954378,47.32273487598932],[-122.67976535718397,47.320147162071564],[-122.68061800032238,47.31839600002066],[-122.6842379998133,47.31406199997775],[-122.68940999975597,47.31006900003519],[-122.69021300019516,47.30743700013779],[-122.6841809999119,47.3031390002498],[-122.68674400031699,47.29941599974394],[-122.69121900012566,47.29807600008031],[-122.69540799970405,47.28848100027728],[-122.69737799973224,47.28396899977655],[-122.6958270000037,47.281375999884496],[-122.69242599989761,47.28002599999935],[-122.68631999999448,47.27944099999616],[-122.68089399960859,47.280088999923294],[-122.67942700044398,47.282988000059035],[-122.67847599986678,47.28589000028329],[-122.67134599959147,47.28621299987004],[-122.66356199973822,47.28401899986503],[-122.65993700022445,47.28234299978272],[-122.65447099965559,47.28266599969851],[-122.64852899978399,47.279925000071124],[-122.64830606667655,47.27987896169394],[-122.6375949998948,47.27766699970819],[-122.63167244765079,47.277251081056804],[-122.63070300016919,47.27718299969943],[-122.62279409137231,47.27280312015272],[-122.62242734697104,47.27260002038849],[-122.62064515951595,47.27161306201299],[-122.61905600025247,47.27073300019364],[-122.61430299971116,47.26960400001367],[-122.60741000016063,47.270893999749504],[-122.60027999988534,47.27202299984029],[-122.59243599975764,47.27202299984029],[-122.59433800001375,47.268958999936686],[-122.59885399983028,47.26686200001988],[-122.60010199961012,47.262418000296904],[-122.59675205704983,47.26081717265963],[-122.59623900044497,47.26057199971559],[-122.59579158104299,47.26019697681972],[-122.5910599999313,47.2562310000227],[-122.5902040689589,47.25584195536965],[-122.58793996948985,47.25481285884064],[-122.58582600006434,47.25385200010675],[-122.5781750002805,47.25589400017448],[-122.57696606194418,47.256807349517466],[-122.57197824178759,47.26057563448073],[-122.56557799961143,47.2654110002618],[-122.55885332817552,47.27148653843455],[-122.55791199975896,47.272336999808836],[-122.5567208435737,47.27360020917692],[-122.55535385295131,47.27504988919281],[-122.55060499993166,47.280085999696475],[-122.54752100001797,47.285344000224896],[-122.5501339997535,47.29049599988878],[-122.55560500034521,47.29701000014211],[-122.56021542926779,47.30111477433962],[-122.56629099963897,47.30652399999503],[-122.56752438203249,47.308791099540635],[-122.57123900017396,47.31561900024406],[-122.57179701656048,47.31624397837235],[-122.57344524993536,47.31808999972275],[-122.57373899993156,47.318418999710715],[-122.57498125947673,47.32284434182905],[-122.57582360432875,47.32584505459829],[-122.57595520751788,47.32631386850898],[-122.57598500014427,47.32641999992104],[-122.57509739188002,47.326572679941506],[-122.57389537685958,47.326779441994944],[-122.57133999955799,47.3272189997098],[-122.56795500024371,47.334397999890164],[-122.55583999962352,47.34751899972253],[-122.55153600041739,47.359540000104],[-122.54822800019772,47.36579899971213],[-122.54398199981961,47.36806599972606],[-122.53848299963879,47.37593999982315],[-122.53983976833152,47.377925610967445],[-122.54156400007777,47.380449000225845],[-122.54680200014265,47.38334299974496],[-122.5499406742195,47.38770489505796],[-122.5513179999592,47.389618999990994],[-122.55147247245883,47.3904300615667],[-122.55226799981318,47.39460700023245],[-122.5519351308813,47.396719783483874],[-122.55087704213906,47.40343566708407],[-122.5503670002803,47.40667300001945],[-122.54727699962051,47.40779900015225],[-122.54703899996912,47.41053399971813],[-122.54454099986133,47.41153900014809],[-122.53987100005901,47.41792100013119],[-122.54014700024354,47.420343999885134],[-122.53975909153418,47.42065896166609],[-122.53539299987729,47.4242039997881],[-122.53188899983904,47.42882699981355],[-122.5318379997854,47.430307000244234],[-122.53539299987729,47.43562000003267],[-122.5334920003444,47.439157000116445],[-122.53563100042699,47.44928400016102],[-122.53301600014333,47.453623000071836],[-122.52992600038186,47.45603400019578],[-122.53075599968693,47.461974000185464],[-122.53087954319133,47.46255186774816],[-122.5323030001158,47.46920999989445],[-122.52873799997818,47.47226299987948],[-122.52303399975794,47.475314999787926],[-122.52089499967536,47.477564000183996],[-122.51875499976786,47.48125899982238],[-122.51875499976786,47.48575599972117],[-122.51590299965777,47.4873629999863],[-122.51471500015239,47.48993199996],[-122.51115000001477,47.49218099986407],[-122.50439700020635,47.499687999784236],[-122.50425886985835,47.50124252970645],[-122.50403099961014,47.503807000287686],[-122.49531500034453,47.511019999810685],[-122.4969695452826,47.51214892545287],[-122.50095900029031,47.514870999857045],[-122.50332400032869,47.51804000013],[-122.51540999973825,47.518569000213404],[-122.51601300016095,47.51713800002881],[-122.51700581282306,47.51719330812469],[-122.51757778094424,47.517225172303014],[-122.51782599983028,47.51723900006782],[-122.51966399961398,47.521907000180356],[-122.52110399991275,47.52331799974295],[-122.52545400004793,47.52339999999914],[-122.52915999975258,47.52187700001711],[-122.5449800002525,47.522897000189815],[-122.545699852629,47.523106131234165],[-122.5472690001229,47.523562000098835],[-122.54731536576796,47.523892646104436],[-122.54749189550108,47.52515153732341],[-122.54786300032472,47.5277980001913],[-122.54737862333366,47.52868109914845],[-122.54235499992309,47.5378399999523],[-122.53966900039265,47.54384400011462],[-122.54038599971985,47.548940999824396],[-122.54397699979674,47.55562100010679],[-122.53849268168094,47.56287199983839],[-122.53835200011754,47.56305800029568],[-122.53308300009049,47.564171999783916],[-122.53281799977663,47.56552199971141],[-122.54338500014303,47.56833899980219],[-122.54780300005028,47.568067000242905],[-122.5526970001586,47.569863000233674],[-122.5526047009581,47.57003683542109],[-122.55146199989926,47.57218899970225],[-122.54555000016488,47.57562399989952],[-122.54442000038584,47.57703900020162],[-122.54530499994249,47.57801799989755],[-122.54930899957294,47.578063000134314],[-122.55008799972273,47.5786260000702],[-122.54849699981125,47.5867159997086],[-122.55036300008233,47.589084000268144],[-122.55498500020408,47.58996899978914],[-122.56728099967593,47.58424600025041],[-122.5682919996293,47.58459800015805],[-122.56968900027034,47.583675000127556],[-122.56943700037527,47.58278299984957],[-122.57396121618342,47.57742330097701],[-122.57632499990291,47.57462300019545],[-122.58078700019111,47.573548000002226],[-122.58191299977219,47.57116500004851],[-122.58987099970271,47.56584400017469],[-122.59311199997524,47.56142399987227],[-122.59519800035439,47.560771999717005],[-122.60509026263614,47.54839375223777],[-122.60629999957476,47.54688000027962],[-122.60796800037748,47.54627700024495],[-122.6125847741009,47.54692047843099],[-122.61563747401514,47.5473459582587],[-122.61653788237388,47.54747145586388],[-122.62000000025867,47.547953999827435],[-122.62231300041853,47.547252999952626],[-122.62476200012252,47.54347500018906],[-122.62741331300488,47.543260175680814],[-122.63794300004935,47.542407000181946],[-122.64016895794971,47.541119435716894],[-122.64753100024942,47.53686100006119],[-122.65640069048034,47.538509512204115],[-122.66105199993487,47.53937399994583],[-122.66309200028326,47.53853299991917],[-122.6672919997323,47.53177700025178],[-122.67011485220637,47.530988440090916],[-122.67425517926607,47.529831845705786],[-122.68363348572936,47.52721202872758],[-122.68405600023843,47.52709399996609],[-122.68410599956881,47.527087108613095],[-122.68894600014877,47.526420000005956],[-122.68937831437927,47.526410297637284],[-122.69638699987034,47.5262530001233],[-122.69844999978497,47.5266899999192],[-122.69819000039227,47.528333999913464],[-122.6941630002973,47.53049399976153],[-122.69372928469497,47.53058780782702],[-122.69006199968412,47.5313810000176],[-122.67578799978816,47.53853099985546],[-122.67596903547076,47.541850964214134],[-122.67597399956102,47.541942000084426],[-122.6722849995748,47.54657800028067],[-122.66804924448252,47.548536691501056],[-122.65706183525809,47.55361747240979],[-122.65522875195393,47.554465124267786],[-122.65235500003756,47.55579399986338],[-122.64243899977438,47.55651099995632],[-122.63637399987913,47.55989500007384],[-122.62636899992754,47.56094300023126],[-122.62569114558718,47.561720235031984],[-122.62374299977323,47.563954000212924],[-122.62305999988293,47.56864500011813],[-122.62259825774204,47.56935431973033],[-122.62135437673781,47.57126514876345],[-122.6213049999399,47.57134100003133],[-122.61741400028733,47.57078100001644],[-122.6138569996473,47.5674359997322],[-122.61035199978413,47.56754800021541],[-122.60748999962826,47.56921699996687],[-122.60678103573132,47.56995530083407],[-122.60296541281592,47.57392881137945],[-122.60256000043324,47.57435099993982],[-122.60191677704543,47.5755223608341],[-122.60087346379298,47.57742231683708],[-122.59631700026276,47.585719999896],[-122.59679199974062,47.58780200008632],[-122.59171000020963,47.594591000167924],[-122.59249453667648,47.596299609509906],[-122.59336300004541,47.598191000253124],[-122.5977619996861,47.60116600012326],[-122.59814900019869,47.60261800011613],[-122.59668123117787,47.60947536171162],[-122.59656606715845,47.610013404124274],[-122.59413801526858,47.6213571762561],[-122.59365926801937,47.62359386528942],[-122.5911009999392,47.63554599991036],[-122.59229299964252,47.637910000010756],[-122.59543099998288,47.638299000000806],[-122.59931199958972,47.63687200022332],[-122.60233600012728,47.63881800010074],[-122.6037549996113,47.64327099986042],[-122.61135257119537,47.64680671197646],[-122.6178340004119,47.64982300020763],[-122.6183122419096,47.65037539495348],[-122.61885299986288,47.65100000014646],[-122.61879987170033,47.65102994696966],[-122.61500499986802,47.65316900024864],[-122.61322700035876,47.663637999767765],[-122.61561499996338,47.668365000250745],[-122.6156156530386,47.66837581544178],[-122.61597099961554,47.67426299981586],[-122.61890812228535,47.69090191124875],[-122.61924600022324,47.69281599991866],[-122.61737199955621,47.694592999806844],[-122.61895699961994,47.698391999737524],[-122.61462800029946,47.69874299982976],[-122.6145100002987,47.70156200009644],[-122.61770499964216,47.702012999998104],[-122.61976199970897,47.70452600001783],[-122.62551100013505,47.70384300024315],[-122.63120000028665,47.705199999861115],[-122.63110300020227,47.70733899991636],[-122.62952301004289,47.707680708631024],[-122.62678900005209,47.708272000067886],[-122.6186579998692,47.71211599974406],[-122.61271299962453,47.71187200008004],[-122.60677309103093,47.70675700174093],[-122.60406500013103,47.70442500012463],[-122.60437800012545,47.697747999973956],[-122.60312600014768,47.69616399988311],[-122.59311399962507,47.69431500004719],[-122.59113399955112,47.690763000278956],[-122.58784700014614,47.69119000014335],[-122.58594099969208,47.69616900010607],[-122.58237899992749,47.69796700021813],[-122.58336499976647,47.70276699983919],[-122.57359099979355,47.71093500004776],[-122.57338931094428,47.71092655949872],[-122.57108199981514,47.71083000022203],[-122.56226199989415,47.71923199991387],[-122.56064800041642,47.72257999984335],[-122.55788998744124,47.72391547896316],[-122.55497699980816,47.72532600010426],[-122.54965300042785,47.73092700015144],[-122.54917800005171,47.73684199971074],[-122.55003251438089,47.740383413621444],[-122.55060499993166,47.742755999979764],[-122.55239432540002,47.74412646815983],[-122.55445399975144,47.745704000078625],[-122.55113604080853,47.74598204590277],[-122.53731799969964,47.74713999988413],[-122.53258015463547,47.7468977492358],[-122.52577770257066,47.74654993296753],[-122.51932499968028,47.74622000003945],[-122.5151930000033,47.74391099995132],[-122.514267716396,47.74380432625828],[-122.51390944041293,47.74376302119262],[-122.50763799958055,47.743040000243596],[-122.50331199973482,47.743168000017604],[-122.4968839996164,47.74498700013271],[-122.48849100039101,47.74360499992805],[-122.47734400006648,47.746019000094],[-122.47712385443137,47.74617110046136],[-122.47184400006077,47.74981899980702],[-122.47264599977674,47.75282400011891],[-122.47033299961689,47.757109000270674],[-122.47140200019489,47.76596499987533],[-122.47808600040632,47.769040000085546],[-122.47834999999695,47.771198000008184],[-122.4808940001355,47.77414499999224],[-122.48306099980718,47.77712000020213],[-122.4822520004185,47.779164000226984],[-122.4835489997038,47.781864999718216],[-122.48918000012911,47.78320799977991],[-122.49478263445266,47.78631720333939],[-122.49545799956135,47.7866920002134],[-122.50187999983198,47.79068299984428],[-122.50164300000554,47.79499399982693],[-122.50056282258876,47.79534496763981],[-122.49659170399264,47.79663525033072],[-122.49534600030667,47.7970399999371],[-122.48751340878306,47.802519412826015],[-122.48521400013348,47.80412799997759],[-122.4824370003664,47.80925499987504],[-122.48252900042792,47.815510999729106],[-122.50222399978855,47.826395000107446],[-122.5051070582513,47.83035199424253],[-122.50612200001213,47.831744999703844],[-122.50663400019819,47.84143700008752],[-122.50586500009419,47.848998999881765],[-122.50817099968305,47.852198999768056],[-122.50786299971145,47.8550330001922],[-122.51192699961639,47.85977300027855],[-122.51266143524323,47.863316584300016],[-122.51277799973617,47.863879000235784],[-122.51445700040954,47.86596499993028],[-122.51181500036171,47.877634000262816],[-122.5125750002449,47.881786000118886],[-122.52612400041775,47.89995000017262],[-122.52759300013051,47.905881999706224],[-122.52532900037446,47.91233600018831],[-122.52744522187639,47.91226167254765],[-122.53233300025305,47.91208999994608],[-122.54010700006059,47.91365099983471],[-122.5490719997465,47.91907200020656],[-122.56266199992723,47.920293999931005],[-122.58184599982502,47.92028199989768],[-122.59218399986257,47.92251899989479],[-122.59849399998018,47.92734299989838],[-122.60150699974879,47.93172600012679],[-122.60386099991652,47.94047800023895],[-122.61195600011443,47.940772000102385],[-122.61702199975186,47.93898700007937],[-122.62031599972785,47.93155299994153],[-122.61620400014235,47.93005799975367],[-122.61549100011482,47.92782899980067],[-122.61786799984878,47.92528000017247],[-122.60693499978449,47.92336900025353],[-122.60523599991794,47.922320999979824],[-122.59622799967599,47.920210000241234],[-122.59515399997343,47.917798999902644],[-122.58823499958535,47.912923000251595],[-122.58633900007536,47.90202300008306],[-122.58410937974352,47.89731791363508],[-122.57309799987407,47.87408099976387],[-122.57331985140989,47.867704132752614],[-122.5736670619453,47.85772393181109],[-122.5736719999844,47.85758199997494],[-122.57372562311868,47.857557399421744],[-122.5772250004265,47.85595199973225],[-122.57772759525155,47.85613086863844],[-122.58127400026282,47.85739300023243],[-122.60810499974652,47.85672800001493],[-122.61458499974346,47.8508060002866],[-122.6231920001274,47.83619899998639],[-122.62765659115688,47.835614103535626],[-122.63070300016919,47.835215000173605],[-122.64810799983448,47.82512299970175],[-122.6500689735907,47.82372146057938],[-122.65242299980959,47.82203900020801],[-122.65351151988041,47.81716879196477],[-122.65375799962806,47.81606599985699],[-122.65503620975088,47.81537899146595],[-122.65540703519846,47.81517968117316],[-122.6581339997025,47.81371400011955],[-122.66198398317752,47.813388021026014],[-122.66486599959453,47.81314400002721],[-122.67325100022066,47.80714900024344],[-122.6749109997291,47.804412999903995],[-122.67750730786834,47.80312252118596],[-122.68201500006514,47.800882000011796],[-122.68408499965243,47.79857399985449],[-122.68485257862167,47.795845809895575],[-122.685139222944,47.79482699629734],[-122.6895749996124,47.77906100023222],[-122.69314300012309,47.776055999994476],[-122.7017689998753,47.774872000109696],[-122.70481078885213,47.77191783625831],[-122.7074620002249,47.76934300015105],[-122.71478599977061,47.767512000160295],[-122.71971199966598,47.76097600007318],[-122.72165487057256,47.75303923816378],[-122.72266916734301,47.74889576150071],[-122.72268599997481,47.74882699972669],[-122.72601199973788,47.74627200011234],[-122.73301200031678,47.73762500010439],[-122.73548858099494,47.737159882570054],[-122.73852300019315,47.736590000252974],[-122.73838599992582,47.73383499999118],[-122.74615950745658,47.72141363302731],[-122.7483389999989,47.71793100028743],[-122.74906700009502,47.70854100028869],[-122.74645299963629,47.70118299988056],[-122.74530699996373,47.69198000017534],[-122.74640900015368,47.689067000079746],[-122.74499200031947,47.68276899994263],[-122.74961916305914,47.673514674747096],[-122.75247099967586,47.6678109997094],[-122.75682066743443,47.6657645278387],[-122.75782500009173,47.6652920002181],[-122.76128899994703,47.665370000205755],[-122.7715230002275,47.66088300012344],[-122.77632500027431,47.661041000073894],[-122.77821499993655,47.65922999988764],[-122.78151535908644,47.65772312638678],[-122.78545800018973,47.65592300012193],[-122.7856610922075,47.65599638276882],[-122.78599463038427,47.65611689912331],[-122.78829199985817,47.65694699990527],[-122.79710900030443,47.65450600005293],[-122.80805200041446,47.6504120000202],[-122.82348299985364,47.642303999719786],[-122.82899399973002,47.64112299975482],[-122.83340199959153,47.63781599970937],[-122.83644500039564,47.63726899977756],[-122.83787099955241,47.63983200021954],[-122.83272999957187,47.6478899998445],[-122.82987800036008,47.6510919997196],[-122.82726399990136,47.653173999752276],[-122.82819500038707,47.65505599990402],[-122.8311479998812,47.655266999719835],[-122.84081200024927,47.65253299981881],[-122.85530999955292,47.64757000008796],[-122.85697400015766,47.64484799992489],[-122.85958799971806,47.63876200016781],[-122.86339100040541,47.63523900022612],[-122.86476208015893,47.63466705290481],[-122.86838199969978,47.63315700017475],[-122.86934102941899,47.63318090855247],[-122.87479999977246,47.633316999951354],[-122.89164799994417,47.62830999980736],[-122.89619100042319,47.62546799978495],[-122.90935599955817,47.62304600021186],[-122.91710299960152,47.6207429999005],[-122.91966699983155,47.61766800006293],[-122.91900800023069,47.61361300009215],[-122.91591799957088,47.6092860001537],[-122.91782700039802,47.6072069999061],[-122.92162299961603,47.602395999978775],[-122.9228110000197,47.59790800007552],[-122.92875299989132,47.596625999784564],[-122.93184299965279,47.594222000176494],[-122.9365960001941,47.5900540001877],[-122.94396499994566,47.5878100000903],[-122.94919299996484,47.58668799970995],[-122.96511800004673,47.5852450000836],[-122.96939600021189,47.57786999981559],[-122.97129799956971,47.57113600020118],[-122.97652700031209,47.566325000276386],[-122.97557599973489,47.56247599987188],[-122.97533800008348,47.55958900016787],[-122.9800919995514,47.55814500023713],[-122.98389500023876,47.55862600010547],[-122.9891240000828,47.55253100000416],[-122.99649200000947,47.54434900020369],[-123.00837599975264,47.5321540000412],[-123.0115249999637,47.53127000002653],[-123.01412500017872,47.528695999933596],[-123.0176450001105,47.527178999917545],[-123.02371871456235,47.520306558846585],[-123.03161400040796,47.51137300029478],[-123.03119299956016,47.502136999916246],[-123.0338070000189,47.49410800019111],[-123.03856100038512,47.488325999762104],[-123.04545399993562,47.4807769999336],[-123.0553230003431,47.4727089999919],[-123.05893699998623,47.4707760002666],[-123.06850900029279,47.45828400001339],[-123.06708300023774,47.45522999974892],[-123.0694590001468,47.45346200018721],[-123.07492599964222,47.45169400010595],[-123.07713599986992,47.447773000142],[-123.08135499958556,47.44599699978465],[-123.08240999991983,47.44408899977029],[-123.08559599994081,47.44127399993883],[-123.0856999996979,47.43905300024043],[-123.08924999976692,47.434348999854585],[-123.09156700012471,47.4330469998691],[-123.10154399958891,47.41760500018397],[-123.10094400043761,47.41599500008805],[-123.10750800010014,47.405950000185655],[-123.11072300043341,47.402699000199746],[-123.11215299978811,47.39786899976216],[-123.11730399981438,47.392289999923605],[-123.12023399974228,47.39148999996098],[-123.11968100044663,47.38553199997383],[-123.11662900031999,47.38271799999713],[-123.11350100002537,47.38263499970098],[-123.1133489996894,47.374732999786374],[-123.11060200005957,47.37284499993559],[-123.10584799969337,47.3723620001765],[-123.1006189998493,47.373489000033445],[-123.09491499962907,47.373489000033445],[-123.09087400018866,47.3713960001632],[-123.0856450003446,47.37477099970423],[-123.0816049998308,47.37477600025167],[-123.07852500011505,47.372918999742176],[-123.07399900025278,47.37268399989905],[-123.07138499979406,47.371073999877076],[-123.06948300043624,47.37155699987326],[-123.05688599976719,47.36849900005029],[-123.0531806432563,47.36530455622466],[-123.05165699992313,47.36399099969923],[-123.04737899975797,47.361576000304225],[-123.04214999991387,47.35867800017166],[-123.02955300014317,47.358838999757374],[-123.0243240002991,47.361253999699],[-123.0219469996668,47.36415200010908],[-123.0193330001064,47.36994700012426],[-123.01648099999629,47.37252299997935],[-123.01600499979523,47.375419999884826],[-123.0131529996851,47.378638999874696],[-123.00459700025309,47.38298399992645],[-122.99223700030885,47.38684699971403],[-122.9884339996215,47.388616999916486],[-122.98486900038218,47.3881339998792],[-122.98344300032713,47.38990400004318],[-122.98296799995096,47.392961000035115],[-122.97749499970942,47.39615999975211],[-122.97227199971314,47.3969839997869],[-122.96941999960305,47.396340000251584],[-122.96537999998755,47.39617900020209],[-122.96252700005252,47.399719000265556],[-122.95729800020845,47.399719000265556],[-122.95572700038845,47.40109100023628],[-122.94565200011662,47.40277499982274],[-122.94399300043307,47.4026270000077],[-122.94113600030009,47.40309699985733],[-122.9359069995577,47.40551000003936],[-122.9321039997687,47.40824499991193],[-122.92497400039173,47.41065700011655],[-122.91665499988785,47.41371299979979],[-122.9130899997502,47.41451800015965],[-122.90935599955817,47.41339800011511],[-122.90755159047788,47.41373998219523],[-122.90429599976851,47.4143569997348],[-122.90168100038316,47.416447999834205],[-122.90358299974098,47.41982500022161],[-122.90120600000702,47.42159399969694],[-122.8945510001079,47.42127200029508],[-122.88837099968661,47.42400599994116],[-122.88685096668257,47.42384782185062],[-122.88219199998855,47.42336299990319],[-122.88105454598927,47.4230550693184],[-122.87743799962232,47.422076000149644],[-122.87324429377014,47.42329268719477],[-122.87244700032792,47.42352400014121],[-122.8676929999617,47.422076000149644],[-122.87244700032792,47.41773399989333],[-122.8745860004105,47.41387399976203],[-122.87791299999847,47.410978999996914],[-122.88266700036469,47.41065700011655],[-122.8907480003189,47.407601000013564],[-122.90299812372749,47.39663998917745],[-122.91142600004379,47.38909899994709],[-122.91950699999796,47.38990400004318],[-122.92687499992462,47.38925999973358],[-122.93875899966781,47.3833059998699],[-122.94517699974048,47.382823999782275],[-122.94874199987812,47.383466999712326],[-122.95943800011595,47.379604999817715],[-122.96989499997919,47.37896100020013],[-122.97337999975089,47.380476000268835],[-122.9760569999588,47.379421999881984],[-122.9765499998783,47.37719099999179],[-122.98391899962986,47.37461500002701],[-122.98867200017119,47.374453999919105],[-122.99223700030885,47.371073999877076],[-122.9938580326969,47.3702585143694],[-123.0005559999144,47.366889000040395],[-123.00578499975846,47.36415200010908],[-123.01719400002382,47.356262999768326],[-123.0202839997853,47.35433099970688],[-123.0302660001707,47.35094899985056],[-123.03240500025328,47.351754000014466],[-123.03929799980378,47.34982199980774],[-123.04262500029004,47.350305000251446],[-123.04714100010658,47.34949999989653],[-123.05831199982227,47.34949999989653],[-123.06885430819644,47.349640018834485],[-123.07043400011513,47.3496610000977],[-123.07209799982158,47.351593000111926],[-123.07281720990267,47.3519007940269],[-123.07514499992533,47.35289700005734],[-123.08050500018899,47.352496000070715],[-123.08241900014067,47.355649999938514],[-123.09812599976438,47.35669899975007],[-123.10298800008566,47.35754199999536],[-123.10560300036929,47.35669600021892],[-123.10986800011568,47.342394999745],[-123.11144899998143,47.3419499997864],[-123.11585799966785,47.342693000213806],[-123.11848678819278,47.34048921178687],[-123.11932800026922,47.3397839997115],[-123.1230990002712,47.337801999953385],[-123.1275559996382,47.338159000139036],[-123.12791700021153,47.33972700006341],[-123.13138199989173,47.34168700022773],[-123.14040400037742,47.34179600007881],[-123.14586400020015,47.346207999898084],[-123.15516699999488,47.35016600008655],[-123.15608165563404,47.35104168984042],[-123.15957999987926,47.35439100028922],[-123.15728400033616,47.360149000050484],[-123.15541100039235,47.36114199998023],[-123.15665099977625,47.36553599972863],[-123.15840200041964,47.367488999931105],[-123.15785099987549,47.37107600023634],[-123.15078400024774,47.37342700021501],[-123.14749000027174,47.37523200012847],[-123.14724900024733,47.377441000102046],[-123.14962900035434,47.37941699977509],[-123.14539399984687,47.38719400028384],[-123.14439999961193,47.39019899976503],[-123.14368671751343,47.39346013679],[-123.14274910452887,47.39774691323188],[-123.14146300001136,47.40362700028476],[-123.13899000001791,47.406524000096944],[-123.13861500009918,47.40806299978727],[-123.13632496357292,47.4100954999389],[-123.13523599973438,47.41106200003586],[-123.1313500001047,47.41701700003574],[-123.13031099966393,47.42132800014751],[-123.12475799995474,47.429585000031615],[-123.1240159996149,47.43260200013853],[-123.12056199980536,47.43405899980774],[-123.12107300016653,47.439316999944914],[-123.11670700013781,47.44161400012165],[-123.11603699976797,47.44407600025629],[-123.11447900036676,47.44533000022856],[-123.11382099969249,47.448330999701824],[-123.11171099992224,47.450470000276674],[-123.11298600036457,47.45281399999108],[-123.11060100023468,47.454942000206636],[-123.11332699994809,47.457262999909226],[-123.11128199957683,47.458923000249015],[-123.11459800019244,47.46226200008131],[-123.11435600034312,47.4633110000318],[-123.11281599958693,47.463480999928635],[-123.1095380004028,47.46165000008689],[-123.10584900041657,47.461498000019844],[-123.10130500011263,47.46338700023223],[-123.0920729995647,47.47164499978484],[-123.08886200032771,47.47305999989119],[-123.08806999975914,47.476375999756996],[-123.08139700031666,47.48150500006136],[-123.07570999981488,47.482158999936914],[-123.07428399975983,47.48617399973947],[-123.07570999981488,47.48762000027509],[-123.06691599983318,47.494846999888985],[-123.0574089998239,47.50078799990796],[-123.05321299967453,47.50709099989878],[-123.05622100031856,47.5094579998724],[-123.05146699995234,47.51989300011532],[-123.04647599975964,47.52374500022756],[-123.04861499984221,47.52920199996367],[-123.04338599999815,47.533374000274335],[-123.04005799968698,47.53850899975579],[-123.03085100015171,47.53999100000414],[-123.02529800044252,47.54853899980591],[-123.03007600019988,47.552788000170324],[-123.02752899968831,47.554977999768624],[-123.02199500024572,47.556477000216624],[-123.02151900004466,47.560166000015755],[-123.01581499982443,47.5644959997391],[-123.00988100034873,47.57139500004524],[-123.00630799981518,47.576522999739396],[-123.00416899973261,47.583417000208755],[-123.00060399959496,47.58470000030177],[-122.99608799977844,47.58998999983627],[-122.98815699961207,47.59834499983295],[-122.9825400003288,47.60297300006964],[-122.98158899975157,47.60617799978733],[-122.98189365709197,47.60669138705668],[-122.98301499980661,47.608581000082786],[-122.98158899975157,47.613068000207484],[-122.97255700011848,47.61402899999181],[-122.96637800042045,47.61883599985795],[-122.95892554717896,47.62243954111742],[-122.95544399963289,47.62412300027177],[-122.95450170462911,47.62698261799809],[-122.9544939997789,47.6270060000605],[-122.94165900035681,47.63165099973918],[-122.94173600304465,47.63232603514601],[-122.94213399983467,47.635814999967074],[-122.93642999961443,47.63789700004356],[-122.93524077480703,47.64323933940377],[-122.93500399955938,47.644303000040566],[-122.92763599963271,47.647345999999686],[-122.92740956040075,47.65084914746104],[-122.92739799998135,47.6510280002179],[-122.92674360065308,47.65089212862663],[-122.92178699964755,47.64986299999624],[-122.91836600034827,47.646224999881554],[-122.91333989848584,47.64599907189923],[-122.90410599979771,47.645583999990016],[-122.90374813164975,47.64635544166331],[-122.90260137649403,47.64882745443363],[-122.90172900006374,47.65070799971744],[-122.90167591412204,47.651181919253105],[-122.90146481542016,47.65306647401148],[-122.90137099986346,47.65390400020526],[-122.90553199985276,47.65887299977163],[-122.9024420000913,47.661273999878865],[-122.90286091774593,47.66240310300485],[-122.90362999959665,47.66447600010744],[-122.90885900033902,47.66495600000923],[-122.90624499988029,47.67103799988329],[-122.90394064331011,47.6721666014646],[-122.90101600003622,47.67359899981184],[-122.89722756822616,47.678999929675165],[-122.89697499969752,47.679360000094455],[-122.89072335593737,47.681700776450974],[-122.88522099965064,47.68376099992646],[-122.88081299978914,47.68624099990214],[-122.87819900022873,47.69008099994828],[-122.8872300000369,47.70191900021712],[-122.88960699977086,47.70591799985302],[-122.88955058830274,47.70600884815435],[-122.8895299,47.7060085],[-122.88954020270309,47.706025573726606],[-122.88713999962523,47.709891000026104],[-122.88689429067522,47.71020618717924],[-122.8859473,47.7111968],[-122.88606243612819,47.711273262133055],[-122.8843779999268,47.71343400007485],[-122.88366499989927,47.723029000120476],[-122.88271400022036,47.73118299973434],[-122.87938699973408,47.732142000296456],[-122.87827792531128,47.73132127492456],[-122.87701000000015,47.730382999880625],[-122.8736830004122,47.730223000247875],[-122.87358519723392,47.73045973398349],[-122.87279951451679,47.73236149649024],[-122.87249400018361,47.73310100011609],[-122.87230821959967,47.73603945507298],[-122.87201899980744,47.74061400029907],[-122.87130599977992,47.74349100001619],[-122.8675029999909,47.74444999982624],[-122.86156100011928,47.74476900025445],[-122.85704500030275,47.73613800002065],[-122.85300399996406,47.736298000209345],[-122.85113699986803,47.73854500022025],[-122.85252899958789,47.745728000077854],[-122.85086499988148,47.74972400026606],[-122.84848899997242,47.751801000251795],[-122.849818999768,47.76075100004532],[-122.85490600022017,47.76314600025661],[-122.86346199965222,47.768577999821986],[-122.86631499958722,47.77720400014908],[-122.8646509998808,47.78023800022307],[-122.86490799530716,47.78058354496814],[-122.86531262974881,47.78112759833554],[-122.866552000312,47.782794000057756],[-122.86678999996337,47.78870200025661],[-122.8684539996698,47.79109800013712],[-122.86797800036705,47.79892199995758],[-122.8646509998808,47.804669000062965],[-122.85806055651125,47.80438366486294],[-122.85728299995414,47.80435000004853],[-122.85276700013759,47.804189999717835],[-122.84729999974383,47.80099700013667],[-122.85062800005501,47.79684600025644],[-122.85181599956037,47.78502899973845],[-122.85514399987156,47.782314000040394],[-122.85348000016512,47.78007900013059],[-122.84682500026601,47.77912000011938],[-122.84180800013404,47.779034999984454],[-122.82764399984295,47.784845999759085],[-122.82186799965268,47.7890219998619],[-122.81502699998073,47.80749300014612],[-122.8156439997488,47.81089800007766],[-122.81925400009229,47.81105399985151],[-122.82353200025743,47.81711899996103],[-122.82376999990882,47.81951300003352],[-122.82519599996387,47.82174800021825],[-122.82068000014733,47.827651999907104],[-122.82068000014733,47.83802299980231],[-122.81663899980865,47.84041600027943],[-122.80974700008304,47.840575000253594],[-122.80645300010706,47.8323159998634],[-122.80285399963422,47.828769000000904],[-122.79762499979014,47.825896999946174],[-122.79738700013878,47.81632099973647],[-122.79667400011127,47.81057499986853],[-122.78906900035813,47.80626500005465],[-122.78811799978094,47.804189999717835],[-122.78978200038566,47.79093800003136],[-122.79524800005619,47.77736299997893],[-122.797261999567,47.77318299987616],[-122.79572400025725,47.77065399971139],[-122.79786300033985,47.765223000116464],[-122.79993600030016,47.76209600017284],[-122.80000200042242,47.75819299986649],[-122.80967299956487,47.74741200017972],[-122.81074499961761,47.74312299991111],[-122.80760800000046,47.73709699995599],[-122.8080830003766,47.732461000014894],[-122.81502699998073,47.725996000158645],[-122.81236099964343,47.71983099988908],[-122.81354999987205,47.71567299984869],[-122.81782800003722,47.71375399984668],[-122.82044199959763,47.7127949998015],[-122.8249580003125,47.71087600019472],[-122.82759600016236,47.70523199996528],[-122.82709700039509,47.69999899980031],[-122.82923700030258,47.695039999871156],[-122.83327699991804,47.69248099986732],[-122.82989900027648,47.68911500026761],[-122.81925400009229,47.68512099990209],[-122.81366000037522,47.682537999935036],[-122.80917100032286,47.68223100005681],[-122.80115300011785,47.685377000208035],[-122.7848849999043,47.6873339997148],[-122.77222500038438,47.691707999964436],[-122.7722630000192,47.69489200014297],[-122.77908600014783,47.70047900003451],[-122.78312699958822,47.70367799999193],[-122.78220699987145,47.70720100018272],[-122.78098800040394,47.71391399990231],[-122.78288899993684,47.71871199993864],[-122.78353500001722,47.722393000108646],[-122.77943199975422,47.72923100013355],[-122.77655299987993,47.734628999915124],[-122.77209099959177,47.73988299996184],[-122.76518100032281,47.74463399974187],[-122.75906299982582,47.74614499980798],[-122.75870299997571,47.7488079999534],[-122.75639999986159,47.75125599982733],[-122.7578850003662,47.757744000200525],[-122.75412799970961,47.763859000210594],[-122.75368699966866,47.76665899993608],[-122.7508880001603,47.767779000251586],[-122.75067800009802,47.76984300016531],[-122.75165399989127,47.77242500021589],[-122.7509230003204,47.77418199998961],[-122.74787899969134,47.77537200009253],[-122.74770399978917,47.77785599995203],[-122.74980299968877,47.78149500011152],[-122.74898900027723,47.78384599973987],[-122.74946499957998,47.78889099978826],[-122.74394399965787,47.79393500022008],[-122.74881500019995,47.80169699986588],[-122.74610126698177,47.805511587346814],[-122.74298499958303,47.80989200016651],[-122.73612200016977,47.8105580002464],[-122.7359474961376,47.81052745062404],[-122.73155799977434,47.80975900026704],[-122.72516200034129,47.81079099979947],[-122.71324900028578,47.81408700017455],[-122.71087199965348,47.817439000098254],[-122.70136499964427,47.82557800004512],[-122.69375900006624,47.82637499976191],[-122.6873419998185,47.831002999833544],[-122.68374200041906,47.8387730001502],[-122.6811620002955,47.843765999961306],[-122.68160199961325,47.85040499973021],[-122.6852029997359,47.85253899996304],[-122.68829199967249,47.85987500007774],[-122.69280800038733,47.864658999888015],[-122.69375999989116,47.868001999894794],[-122.68449700027938,47.867831000090604],[-122.67617100010283,47.86705099995975],[-122.66571300041467,47.86657200022722],[-122.65008299988556,47.86385999971149],[-122.63814200024095,47.86545600018847],[-122.63387900014439,47.868400999855275],[-122.63185700023767,47.874814999886],[-122.62863500023172,47.879486000095696],[-122.62511000027705,47.878743999849874],[-122.62269300036013,47.877094999931366],[-122.61960299970033,47.877572999839366],[-122.61774900002308,47.88302999984062],[-122.61034099991346,47.887342999708224],[-122.61887299995435,47.890242000268046],[-122.62863500023172,47.88953700024279],[-122.63742500001547,47.8899450000739],[-122.64438799988616,47.89355699987043],[-122.64777200027386,47.895973999896505],[-122.6474960000893,47.89913999992654],[-122.64899800031235,47.90060300013735],[-122.6526760004279,47.90224200030056],[-122.65508499994891,47.90505800029715],[-122.65335400029531,47.91008400020696],[-122.65399000032997,47.915890000039944],[-122.65106299987679,47.920984999814344],[-122.65333400020384,47.9230020002752],[-122.65599499961994,47.92443499987762],[-122.6577137507446,47.931123897036215],[-122.65772199997387,47.93115600015704],[-122.66024600002092,47.931904999907566],[-122.66238000008063,47.93069999999133],[-122.66583800008814,47.92662499984778],[-122.67035800010264,47.921997999881434],[-122.67289200019545,47.918835999887285],[-122.6773589996082,47.91629699990073],[-122.68258800035058,47.91502199984663],[-122.68805499984603,47.91518199987266],[-122.6892349998538,47.91773699982101],[-122.6941030000228,47.91820299981942],[-122.69852400030314,47.917337999926104],[-122.69880077303878,47.917880809649866],[-122.69921999971392,47.91870299987851],[-122.69688499981272,47.919401999699836],[-122.69489800006613,47.92096599976319],[-122.69012899963128,47.9226309998699],[-122.6858069999835,47.9215989997376],[-122.68203199978356,47.921399000051075],[-122.6806190001473,47.92658899993155],[-122.680441999697,47.9315509998699],[-122.68192399982853,47.93641500017094],[-122.68445000042371,47.93959299970188],[-122.68465324425675,47.94339828133325],[-122.6846880000751,47.94404900006523],[-122.67957800005671,47.95118999975955],[-122.67621499958543,47.95874300004714],[-122.67879999973185,47.96792999975781],[-122.683222999662,47.97222600014128],[-122.69668800016923,47.97378600003822],[-122.70068799960177,47.97338300025452],[-122.71808200029471,47.987738999984245],[-122.71874599991845,47.99810399976929],[-122.72802199994902,48.01430799974393],[-122.72770899995457,48.016864999938214],[-122.73096699994555,48.017828999919026],[-122.73096699994555,48.021307999950345],[-122.7245095278993,48.02484697809199],[-122.72194399963497,48.02625300015555],[-122.71367299970997,48.02528900028518],[-122.71317200029289,48.02344500022591],[-122.70897299977045,48.01975699988528],[-122.69989576547121,48.01630450365704],[-122.69736754064739,48.01534290165274],[-122.6966289997197,48.01506200001721],[-122.69042599973217,48.0088999999812],[-122.68660299985169,48.0088999999812],[-122.67056200031718,48.01761900007497],[-122.67250499968284,48.02030199987309],[-122.6690580004443,48.03165899973092],[-122.6774790001571,48.03623000002922],[-122.68265799977245,48.0428260002115],[-122.68460100003647,48.04917499973327],[-122.68349100034888,48.055686999831615],[-122.685309999866,48.058881000205794],[-122.68484700008375,48.06329099999612],[-122.68654299957724,48.067247000134216],[-122.68567999976189,48.073035999794904],[-122.69113700010989,48.08189400005975],[-122.6928059998392,48.087277999742625],[-122.69295599962702,48.09210900025769],[-122.69160400009012,48.0974720002188],[-122.6875600002767,48.10127200006257],[-122.69040300016596,48.10266200002402],[-122.69674800044369,48.10316700017493],[-122.7182410003034,48.09742399970135],[-122.72510741331475,48.09459256483469],[-122.72978410646424,48.092664082515256],[-122.73325699964087,48.09123199999595],[-122.73716699956,48.086274000009254],[-122.73886299995179,48.08102999999591],[-122.74834499984667,48.07209699987635],[-122.7473890001449,48.07079500029943],[-122.74118399960925,48.07095800018177],[-122.7392710003808,48.06915299981474],[-122.74000699997453,48.054116000298194],[-122.74228999999717,48.04932399981309],[-122.73701699977218,48.0434180000559],[-122.73426799959424,48.03495000026848],[-122.7348982306481,48.03452590797134],[-122.73986899988228,48.0311809999824],[-122.74853200034273,48.030138000247746],[-122.75385900009609,48.03598099971661],[-122.75657134092562,48.03708903159931],[-122.75923999758119,48.03817921730983],[-122.76506300032204,48.040557999981324],[-122.76664800038576,48.044290000087805],[-122.77049600038062,48.04789700008006],[-122.77055213430612,48.052828827917295],[-122.77055900012981,48.05343199978217],[-122.76671422329018,48.056449762173465],[-122.76530099997342,48.05755900014945],[-122.77421799997879,48.06032999995376],[-122.78441700009915,48.068673000220244],[-122.78794447581073,48.07779794312889],[-122.7880740002983,48.078132999732574],[-122.79242699990822,48.08121300024756],[-122.79887900031608,48.08452900011953],[-122.80139900016516,48.08756099982155],[-122.79846400021437,48.0924509999952],[-122.7960000004418,48.092496999916186],[-122.79385299996326,48.09439900016999],[-122.79417900037653,48.09673700009603],[-122.7920587589137,48.09813262658337],[-122.78120500013893,48.10527700022009],[-122.77387675605347,48.107527677437325],[-122.77186999965882,48.10814400018334],[-122.7542035174823,48.114978517847234],[-122.74891099956112,48.117025999829785],[-122.7565192826566,48.124255257340884],[-122.75740199959411,48.12509400026037],[-122.76071599966158,48.127804999707735],[-122.76245399988619,48.13117199989568],[-122.76178900043753,48.13637099980144],[-122.75904600010739,48.140056000177594],[-122.75399499964023,48.14322199973046],[-122.75450900037445,48.14434399971683],[-122.76267599964402,48.142754999961],[-122.78134049213492,48.1428365420883],[-122.78237082293487,48.142841043763354],[-122.78419199996824,48.14284899991854],[-122.7926059389229,48.141128353296665],[-122.81143900027686,48.137277000013185],[-122.81623718877192,48.13664317251206],[-122.82180012294982,48.135908324883964],[-122.83317300016098,48.13440600024461],[-122.83794599989545,48.13647900014591],[-122.84817599997797,48.12691599979834],[-122.8648130002625,48.116447999755835],[-122.8817309998561,48.108314999792064],[-122.8849350003187,48.10511399989501],[-122.88420100037477,48.102417000087925],[-122.88009399991385,48.0991069998204],[-122.87869999964583,48.09174099996107],[-122.88061500032076,48.08707100006859],[-122.890074999576,48.07817899985661],[-122.88919000001935,48.07707300009448],[-122.88535399972005,48.07759299995068],[-122.87444599977012,48.07484799995601],[-122.85772700036814,48.065774000253505],[-122.85679199968443,48.06104000009949],[-122.85242099963288,48.05846400000677],[-122.84988999991315,48.05431499998248],[-122.84563144468059,48.05309131505236],[-122.82915899958645,48.04835799998818],[-122.82687800011198,48.046137999887016],[-122.82707499975545,48.03606800021587],[-122.83016600024015,48.02192099988767],[-122.83236696251781,48.017635693256665],[-122.83390078286483,48.014649323776375],[-122.83403500015142,48.014388000029626],[-122.83347299973663,48.00957400018501],[-122.83744999960292,48.00689799981821],[-122.83945700033934,48.00176799982656],[-122.84916699983985,47.99638799987573],[-122.86980899957973,47.992939000248455],[-122.87668000028725,47.99361000000122],[-122.88158600009115,47.990579000284036],[-122.88458799998907,47.989746000285],[-122.88841800044058,47.99229600015334],[-122.88671399965286,47.99486300018666],[-122.86754900002167,48.00294300007376],[-122.86200999965787,48.00861299986072],[-122.8606510004483,48.01552899999129],[-122.8584289996267,48.01767500011702],[-122.86219799997886,48.02101600015466],[-122.86420200034222,48.02939799980846],[-122.86802400039781,48.0378009998032],[-122.87111499998421,48.03818599979581],[-122.8754659999443,48.04456199994792],[-122.87523599979055,48.04635199971326],[-122.88599969616988,48.04841928609297],[-122.89176199974696,48.04952600016397],[-122.90240500028135,48.053816000274004],[-122.91940800026377,48.05792700002757],[-122.92735299977551,48.06452900011815],[-122.92767282427117,48.06529788449071],[-122.92862499984479,48.06758699990017],[-122.92475000008574,48.080563000030395],[-122.92091100031172,48.08819899978511],[-122.91826199969289,48.09161099994096],[-122.9149819999606,48.09407600018055],[-122.91630300043367,48.095420000052016],[-122.92909500019807,48.09624399973637],[-122.93916100024904,48.096337000095396],[-122.94611900009687,48.098551999714054],[-122.95055395840006,48.098204066301605],[-122.9794129998591,48.09593999984066],[-123.00412799972473,48.090516000183804],[-123.01376500032859,48.085855999953054],[-123.02154800035697,48.0840750002978],[-123.02158500016691,48.0786660000299],[-123.00705000015503,48.06983599971059],[-123.00412400042508,48.06371299981354],[-123.00723199972994,48.057459000217534],[-123.010420000299,48.054372999905645],[-123.008004000207,48.0498090001345],[-123.00297100018149,48.04548400008784],[-123.00042899969279,48.040635000293804],[-122.99805699998171,48.03008100029615],[-122.99721283873616,48.028972413402485],[-122.99611600026583,48.02753199999538],[-122.99626186959999,48.02699291658584],[-122.99692914537954,48.02452689812673],[-122.99708200001335,48.02396200008882],[-122.99926590148708,48.02295785247005],[-122.9998179997725,48.02270400004409],[-123.00707000024653,48.023186999734264],[-123.00852700026371,48.02514199982625],[-123.00968491159695,48.02547233391941],[-123.01350800041065,48.026562999717875],[-123.02063100011493,48.03271199992258],[-123.02019000007395,48.03626400022939],[-123.02694000040766,48.040722000141706],[-123.02893787965067,48.04296778756287],[-123.03125427095074,48.04557161032235],[-123.03828699985044,48.05347699999262],[-123.04675500031719,48.05764699992884],[-123.04647009962483,48.0580618272446],[-123.04462799993019,48.06074399993854],[-123.04086399960092,48.06227299989189],[-123.04283935089325,48.06584969918935],[-123.04517582223484,48.07008026708903],[-123.04624599960586,48.072017999746805],[-123.0462403995084,48.0722978892669],[-123.04602999969579,48.08281199986821],[-123.04057800026897,48.08430600012492],[-123.04691299960264,48.09775100012701],[-123.05044599995324,48.10282499972644],[-123.05892199991763,48.1139759999965],[-123.06621000037666,48.120469000177444],[-123.08515400007494,48.12713699998752],[-123.10650600036762,48.14189099995385],[-123.11176399962567,48.14837700024679],[-123.11647899963387,48.1502079998576],[-123.12481599968109,48.153472000137455],[-123.13142200007472,48.1527360000128],[-123.13737053788495,48.15513983072032],[-123.14214199970367,48.15706799970304],[-123.1392579998065,48.166479999889916],[-123.13241700013454,48.174704000003274],[-123.12479099956671,48.17561599989668],[-123.11053000008957,48.179895000020835],[-123.10078600025386,48.1824309997794],[-123.09996899957093,48.18399500008333],[-123.10189199974347,48.18495200020057],[-123.1347939998685,48.17599499991464],[-123.14478299992659,48.1759429998978],[-123.16440000036773,48.165893999856216],[-123.19152100027966,48.14382099987018],[-123.1944715662377,48.141910816078024],[-123.21719000019728,48.12720299993555],[-123.2207493687964,48.12574511716688],[-123.2391290001208,48.11821700003998],[-123.24861500021365,48.1157450002292],[-123.25439600042675,48.117217999783165],[-123.26891700019492,48.116093999994476],[-123.28017800032224,48.11730899990711],[-123.28620303147557,48.12008571469467],[-123.28826500012421,48.121036000085724],[-123.2896328207899,48.1206559547235],[-123.31457799957406,48.11372499997217],[-123.33269899963993,48.1129700000973],[-123.33890400017559,48.11360600005787],[-123.34371987739691,48.11693374517638],[-123.34464500020574,48.117572999927994],[-123.34739170698477,48.117641345669355],[-123.3538080002584,48.11780100002655],[-123.354169021493,48.1177027148057],[-123.36092299956675,48.1158639999876],[-123.37435200008899,48.11408400005977],[-123.38088499978939,48.11486899989596],[-123.39504800025558,48.11424299973986],[-123.40018320161093,48.11565503128942],[-123.40495970567335,48.116968430949576],[-123.40538000044533,48.117083999847594],[-123.40744900020769,48.11858899978253],[-123.411602999626,48.1163789999175],[-123.41550475750242,48.116882510511346],[-123.42466800010018,48.11806499991815],[-123.43009379926343,48.12000717566555],[-123.43786904593257,48.12279033966369],[-123.44197200038148,48.12425899970076],[-123.45136300003976,48.12598199975927],[-123.46015700002147,48.129790000125745],[-123.46205900027758,48.1347079998607],[-123.45683000043354,48.135341999930326],[-123.44637199984706,48.13613500023428],[-123.43686499983784,48.13946600020948],[-123.40152599970438,48.13775299990742],[-123.4008731122407,48.13853661716929],[-123.39980799957127,48.13981500007407],[-123.4033519997925,48.14136900015811],[-123.40681107957501,48.14150155083845],[-123.42558600016713,48.14222099994553],[-123.43391108136716,48.14210249583312],[-123.44012799985168,48.14201399970829],[-123.45339800575515,48.139754425263725],[-123.45573200044153,48.13935700024653],[-123.46698199979991,48.13551500011504],[-123.4695751153266,48.134932896948925],[-123.47337899995617,48.13407899980678],[-123.48732783756705,48.132581346648074],[-123.48863500039148,48.132440999829136],[-123.49269935333432,48.13230246265944],[-123.50723500013318,48.13180699991242],[-123.51303439604668,48.132689288414646],[-123.51550400040834,48.133065000015],[-123.52029378426559,48.134803545722114],[-123.52231999996594,48.13553900027832],[-123.53487900010184,48.14578000003001],[-123.54099099985275,48.14844400019648],[-123.55069314807766,48.15125513523006],[-123.55113100042189,48.15138199976312],[-123.56022099978128,48.14945699981536],[-123.56431150537698,48.14859936091542],[-123.56466764157307,48.14852469118858],[-123.565222268616,48.14840840547265],[-123.56632299589317,48.148177620547216],[-123.56826614078594,48.14777020936688],[-123.56853899956192,48.14771299980085],[-123.56967400026215,48.143996999706324],[-123.57421400036814,48.140756000062375],[-123.58354700030011,48.136426000266155],[-123.5871039218884,48.13570554310496],[-123.59083900005878,48.134948999957494],[-123.59757140329437,48.13571641517054],[-123.59871699962338,48.13584700027847],[-123.60223900010332,48.13692800028032],[-123.60247999294121,48.13692566225706],[-123.60718699973998,48.136880000042176],[-123.61298499967155,48.138990000011695],[-123.62011599977173,48.137879999729115],[-123.62881900041515,48.139279000229934],[-123.63630100014463,48.142443999901246],[-123.64110800021429,48.14612699997442],[-123.64149700037673,48.147227000017764],[-123.63696700031649,48.150319000140684],[-123.64269499992785,48.15405600020944],[-123.6514079997187,48.156952000016666],[-123.67244500036712,48.162714999713806],[-123.6854749997829,48.16384899991647],[-123.70117300547396,48.16651624293781],[-123.70274300007918,48.166783000113504],[-123.70945900007767,48.167580999783496],[-123.70622600020106,48.16339999978341],[-123.71835000014376,48.15871299985894],[-123.72535200037251,48.15919100016557],[-123.72828999979804,48.16085800009549],[-123.72873599986188,48.162799999817196],[-123.72659599995438,48.16356899994113],[-123.72997000029629,48.16509999972148],[-123.734953999918,48.16431700010078],[-123.73575099961111,48.16186000018032],[-123.73892999995937,48.160261000055314],[-123.74757400015326,48.16158399982802],[-123.7591580003208,48.15960500027437],[-123.77812200011057,48.1554660000525],[-123.79809900040182,48.155815999786746],[-123.80715699997415,48.1547619997872],[-123.81544399979266,48.15544299981],[-123.81760700016471,48.15705200011318],[-123.82670699956985,48.16112500001797],[-123.8295469999844,48.16029900021669],[-123.83157100043925,48.15793700023233],[-123.84023800019936,48.155912000163006],[-123.8588210002226,48.15427300018842],[-123.8666770000459,48.154796000202474],[-123.87062999962274,48.15706799970304],[-123.87210400025668,48.15878299988134],[-123.880068000035,48.16062099976088],[-123.88653999963603,48.161011000086425],[-123.89393299967703,48.159555000042026],[-123.90181000031501,48.160479000251975],[-123.91558899974333,48.15935200007221],[-123.93492099977914,48.16083999971408],[-123.93967299959722,48.16191400023183],[-123.93991699999471,48.16446899994358],[-123.94613599987572,48.16644700000659],[-123.94709806230738,48.16603514136698],[-123.94946699966164,48.16502099987337],[-123.95534699960893,48.16545500022941],[-123.97356599958414,48.16434600007799],[-123.9810320003184,48.1647609999388],[-123.98807499965672,48.16711499995437],[-123.99735599971017,48.168690000085654],[-123.99853499989301,48.172089999734055],[-124.00560800026686,48.17238299993695],[-124.01311799958545,48.17073900009953],[-124.01632022677367,48.17131367286975],[-124.02364399994397,48.172627999907085],[-124.02480399986021,48.174782000096506],[-124.03211499988548,48.17432500002728],[-124.03822325455995,48.17544764087377],[-124.04895619262398,48.17742025523859],[-124.05073399989374,48.17774699993285],[-124.0613690000322,48.18290900007226],[-124.0606719998982,48.18567100004584],[-124.06194999981527,48.18709099987048],[-124.0660920004363,48.18634199989238],[-124.06814216342548,48.18732668846517],[-124.07461312008246,48.190434674569936],[-124.07522799982647,48.1907300001309],[-124.08695799958386,48.194032999898226],[-124.09214600031837,48.196690999999504],[-124.10774699963684,48.20009700028742],[-124.10999299984955,48.203142000159005],[-124.10688399982152,48.2054050000188],[-124.10453399985174,48.2090500002565],[-124.10596699957945,48.2124820001751],[-124.10283099978722,48.21413299970989],[-124.1017729999782,48.21688300002979],[-124.1118750000142,48.21997600007959],[-124.1176400003338,48.22080500010092],[-124.12634700027685,48.2196669997864],[-124.13069099966596,48.220644999943076],[-124.14128999981939,48.2274130002534],[-124.14958099983586,48.22990499993982],[-124.16761700041125,48.236771999787436],[-124.17571400025898,48.23910099986417],[-124.19269200012701,48.24631599975518],[-124.19930400036844,48.247686999897205],[-124.217873000148,48.25329399985233],[-124.2224369996451,48.255316999854465],[-124.22284800044716,48.25676400000229],[-124.22752999994508,48.257240999915055],[-124.2319119998673,48.25838600008415],[-124.23858199983503,48.26247099998308],[-124.24331299973673,48.262487000160554],[-124.25088200040317,48.26477299998137],[-124.25107695907434,48.26424245802411],[-124.252266999552,48.261004000142705],[-124.25510899961638,48.258971999984304],[-124.25701099987252,48.257443999800536],[-124.26484900015245,48.25456799980751],[-124.27203074967629,48.25400654791447],[-124.27226800013271,48.25398800006073],[-124.27889200006972,48.254959000170714],[-124.28182100017271,48.257686999799716],[-124.28427499989955,48.2579689999531],[-124.28825699978871,48.257466999736735],[-124.29588599983127,48.25864999984589],[-124.29606320779244,48.25877936711403],[-124.30020500000435,48.2618030002137],[-124.30079699965805,48.26391400029537],[-124.29891600021662,48.26590799997323],[-124.29914600037037,48.268238999841365],[-124.3034058527702,48.26917008598808],[-124.31409300011089,48.27150600026123],[-124.33147900040797,48.27492299985138],[-124.33904300015321,48.275969999734585],[-124.34241199957393,48.27769499989565],[-124.34503899955314,48.280592000212756],[-124.35075000034438,48.28396499975438],[-124.3585380003956,48.28735000024342],[-124.36135100014765,48.28758200026482],[-124.37069099975233,48.28528599987024],[-124.38087399997916,48.2846989997264],[-124.3869170001331,48.285693000274314],[-124.39559300011402,48.28877200017806],[-124.40707099997636,48.2964150001967],[-124.41400700008289,48.300886999885506],[-124.42787000007507,48.30606900020973],[-124.4358330000285,48.30668299990705],[-124.44415099980914,48.31221600019818],[-124.44629099971664,48.31585200008713],[-124.45051100015549,48.31765000026206],[-124.45720899971232,48.319033999725164],[-124.47560000011495,48.32802400017841],[-124.48580900028107,48.33246400014487],[-124.4903600002577,48.33227799985097],[-124.49506400039525,48.336913999838195],[-124.50088099969504,48.33805100008997],[-124.51058199987303,48.343235999780894],[-124.52545300034386,48.34902199977389],[-124.53882099986843,48.34989300015636],[-124.54625900011528,48.35359400008298],[-124.54754263696074,48.35458370363972],[-124.54787253246904,48.35483805749748],[-124.5553098553862,48.36057234479356],[-124.55555870578789,48.36076421179829],[-124.55647537544989,48.3614709784496],[-124.56484100031365,48.36792099994018],[-124.565177246911,48.36785004560917],[-124.56544895225016,48.36779271118136],[-124.57286399964318,48.36622800024196],[-124.57681999959307,48.3699739998353],[-124.5780102718361,48.37028464655635],[-124.58401950072526,48.37185298220787],[-124.58416900015148,48.37189199976796],[-124.58644799997614,48.371208000015834],[-124.58929412959587,48.37279944141439],[-124.59073299981401,48.37360400004713],[-124.59088511154106,48.37354945641697],[-124.59444355128218,48.37227348578641],[-124.59605479293198,48.3716957330936],[-124.59935600009148,48.370511999767324],[-124.60083411231449,48.36999978434136],[-124.6102899999807,48.36672299997279],[-124.62169800042113,48.36782800011124],[-124.62860739063231,48.37197382233007],[-124.62906600034778,48.37224899974519],[-124.631108000346,48.37652199997352],[-124.63347322047164,48.37909315282075],[-124.63408490580647,48.37975809577969],[-124.63902735475301,48.385130867119656],[-124.63938900031671,48.38552400010234],[-124.63743413779937,48.386946444728835],[-124.63572100024689,48.388193000254134],[-124.64396019082767,48.38936760885536],[-124.65225709636881,48.39055044626335],[-124.65270836954338,48.39061478093871],[-124.6532430000881,48.390691000085724],[-124.65802758898808,48.39084296559151],[-124.65941400028855,48.39088700026082],[-124.66353000007203,48.38835100018124],[-124.6687609995659,48.388461000006984],[-124.67626199956196,48.3913709997236],[-124.68173300015367,48.389810999978494],[-124.68635600010035,48.38951900026803],[-124.69141800043813,48.390158999725],[-124.69442799983368,48.38756200024881],[-124.69941599965333,48.38805199987101],[-124.7037719996363,48.38707900019695],[-124.70646200026303,48.38608399980782],[-124.71694699971535,48.38977600009343],[-124.72583899960634,48.38601199992665],[-124.72700684451,48.38506528341071],[-124.7297529323498,48.38283915942816],[-124.73174847776971,48.381221464874706],[-124.73182800023193,48.38115700019049],[-124.73086300030933,48.37619999981937],[-124.72726100036175,48.3746449997232],[-124.72702199998716,48.37110099978278],[-124.72581267178201,48.37066214334819],[-124.71381699977088,48.36630899995201],[-124.71246609797527,48.365001941300605],[-124.70660700002796,48.35933300018585],[-124.70747700041434,48.35458000017816],[-124.7037440000472,48.352323000122254],[-124.69916124552357,48.35064701745115],[-124.69899498353416,48.35058621303222],[-124.69670300035871,48.34974800002886],[-124.69599399963082,48.344327000088654],[-124.69455188739283,48.34336339446472],[-124.68768199969797,48.338772999988436],[-124.68436216597104,48.33851689635002],[-124.68349499976941,48.33844999980501],[-124.68111800003541,48.34145099996961],[-124.67636500039244,48.34271499977963],[-124.67547873151626,48.342521493861106],[-124.67007199999324,48.3413410000757],[-124.66853135963656,48.33991772073282],[-124.65995993792777,48.3319992423976],[-124.65893999973733,48.33105699991715],[-124.65985500032953,48.32502699992518],[-124.66400500044817,48.3202769999721],[-124.66206800003195,48.310449999906986],[-124.66590799963089,48.299323999839245],[-124.66926500025437,48.29635299978164],[-124.67631900036167,48.29514300008992],[-124.67634930951937,48.29515960740343],[-124.67939503401543,48.296828424215605],[-124.68088899970658,48.29764700019534],[-124.68303005782948,48.294697154336724],[-124.68338799963927,48.29420399976555],[-124.68396238961846,48.29243999699297],[-124.68444299997356,48.290964000294316],[-124.6863469998795,48.28739200005233],[-124.68507702012131,48.285068620826024],[-124.68433706883863,48.283714908914085],[-124.68390630510034,48.28292684178416],[-124.68079400017034,48.27723300026868],[-124.68080843340199,48.275166589970354],[-124.68082301768699,48.273078577302634],[-124.6811122,48.2728253],[-124.6811913,48.2724877],[-124.6813448,48.2722361],[-124.6814998,48.2721214],[-124.6820567,48.2719712],[-124.6821249,48.2716607],[-124.681838,48.2713127],[-124.6819657,48.2711903],[-124.6821345,48.2711711],[-124.682217,48.2710202],[-124.681812,48.2707819],[-124.6815582,48.2705358],[-124.6814194,48.2702638],[-124.6813861,48.2700107],[-124.6815812,48.2697376],[-124.6814932,48.2696064],[-124.6815543,48.2693924],[-124.6814961,48.2688813],[-124.6813342,48.2686868],[-124.6813872,48.268512],[-124.681306,48.2684207],[-124.6815339,48.2682664],[-124.6815735,48.26808],[-124.6812639,48.2668498],[-124.6813798,48.2659569],[-124.6819842,48.264631],[-124.6819896,48.264231],[-124.6829629,48.2622706],[-124.6826883,48.2618213],[-124.6825848,48.2612327],[-124.6829461,48.2608468],[-124.6843726,48.2605273],[-124.6847626,48.2603276],[-124.6848655,48.2600685],[-124.6844584,48.259224],[-124.6843628,48.258807],[-124.684387,48.2583921],[-124.6845194,48.2580541],[-124.6849227,48.2574859],[-124.6863004,48.2564695],[-124.6864674,48.2562507],[-124.6868916,48.2549731],[-124.6871937,48.2544689],[-124.6878728,48.2541193],[-124.6886576,48.2535828],[-124.6907054,48.2518763],[-124.6921069,48.251459],[-124.6938714,48.2506382],[-124.6946469,48.2503814],[-124.696596,48.2499238],[-124.6975224,48.2494739],[-124.6979846,48.2493339],[-124.7012168,48.2487689],[-124.702101,48.2487916],[-124.7029539,48.2489196],[-124.7029468,48.249037],[-124.7031586,48.24919],[-124.7037629,48.2492888],[-124.7038416,48.2495373],[-124.703952,48.2495833],[-124.7040565,48.2494358],[-124.7041876,48.2496103],[-124.704256,48.2495359],[-124.7046911,48.2499626],[-124.7051105,48.2501176],[-124.7053982,48.2506603],[-124.7055504,48.2506294],[-124.7058001,48.250847],[-124.7064372,48.2510236],[-124.7065739,48.250806],[-124.7066786,48.2508458],[-124.7066938,48.2506777],[-124.7067696,48.2506859],[-124.706892,48.2503665],[-124.7067118,48.2502416],[-124.7062119,48.2502115],[-124.7063607,48.2499365],[-124.7067629,48.2499642],[-124.7068367,48.2498727],[-124.7070841,48.2498282],[-124.7070486,48.2496118],[-124.7072117,48.2494882],[-124.7069817,48.2493039],[-124.7067078,48.2492423],[-124.7066411,48.2491332],[-124.707325,48.2488144],[-124.7071985,48.2487282],[-124.706767,48.2487377],[-124.7060088,48.248557],[-124.7055888,48.2487683],[-124.7052585,48.2488383],[-124.7053625,48.2483424],[-124.704989,48.2483847],[-124.7049727,48.248294],[-124.7045887,48.2483034],[-124.7045682,48.2482008],[-124.7044013,48.2481626],[-124.7042083,48.2482506],[-124.7042124,48.2481161],[-124.7040977,48.2480165],[-124.703929,48.2480938],[-124.7033904,48.2479743],[-124.7032894,48.2480592],[-124.7033307,48.2481889],[-124.7032043,48.2483753],[-124.7029152,48.2483061],[-124.7028922,48.2480451],[-124.7031849,48.2480475],[-124.7032142,48.2479585],[-124.7028915,48.2477599],[-124.7027372,48.2478293],[-124.7024935,48.2476307],[-124.7026306,48.2474865],[-124.7025812,48.2473818],[-124.7011232,48.2468478],[-124.701249,48.2467061],[-124.7012272,48.2466171],[-124.7014621,48.2464702],[-124.7014975,48.2463213],[-124.7009845,48.2460726],[-124.7003872,48.2459306],[-124.7003608,48.2458215],[-124.7007945,48.2458846],[-124.7009017,48.2457943],[-124.7008811,48.2456472],[-124.7005397,48.245336],[-124.7005464,48.2452368],[-124.7002884,48.2451059],[-124.6999695,48.2446751],[-124.6999614,48.2445253],[-124.7005885,48.243947],[-124.7009887,48.243815],[-124.7013274,48.244082],[-124.7020044,48.2439676],[-124.702623,48.2441044],[-124.7025853,48.2442124],[-124.7027568,48.2443257],[-124.7030155,48.2442509],[-124.7030864,48.2441536],[-124.7029209,48.2440834],[-124.7029406,48.2439506],[-124.7025977,48.243732],[-124.7031264,48.2437198],[-124.7031886,48.2434564],[-124.7029889,48.2432446],[-124.7025172,48.2431618],[-124.7024869,48.2430501],[-124.7025935,48.242901],[-124.7027944,48.2430539],[-124.7031886,48.2430635],[-124.7035956,48.243228],[-124.7037755,48.243136],[-124.7039828,48.2431434],[-124.7040913,48.242974],[-124.7040679,48.2428421],[-124.7039423,48.2427387],[-124.7036482,48.2426539],[-124.7031749,48.2426553],[-124.7034929,48.2425024],[-124.7059648,48.2427369],[-124.7062726,48.2428869],[-124.7064029,48.2430488],[-124.707118,48.2431892],[-124.7073637,48.2428165],[-124.7077174,48.242878],[-124.7078414,48.2429928],[-124.7080945,48.2428829],[-124.7084738,48.2424782],[-124.7083901,48.2422828],[-124.7086478,48.2421087],[-124.7086475,48.2419826],[-124.7085105,48.2419507],[-124.7086804,48.2418404],[-124.7085959,48.2416642],[-124.7086717,48.2415571],[-124.708545,48.2414793],[-124.7084357,48.2416082],[-124.7080405,48.2415769],[-124.707939,48.2417353],[-124.7074066,48.241902],[-124.7072744,48.2417117],[-124.7074892,48.2416576],[-124.7070304,48.2414579],[-124.7068179,48.2412123],[-124.7067483,48.2409614],[-124.706605,48.2409246],[-124.7063836,48.2410697],[-124.7061426,48.2410231],[-124.7060041,48.2410786],[-124.7060033,48.2407687],[-124.7061273,48.2404804],[-124.7060147,48.2403675],[-124.7062105,48.240188],[-124.7063718,48.239866],[-124.7063836,48.2395905],[-124.7062759,48.2395385],[-124.7059404,48.2397224],[-124.7057643,48.239633],[-124.7060471,48.2394489],[-124.7061016,48.2391991],[-124.7055493,48.2390755],[-124.70536549629368,48.239195412577644],[-124.7050310001851,48.23877400021141],[-124.70443754801288,48.23809992247347],[-124.7045044,48.2379726],[-124.7044291,48.2378172],[-124.70419870146344,48.23782862657248],[-124.7041138985391,48.2377323024438],[-124.7044195,48.2374032],[-124.7040727,48.2372215],[-124.7038108,48.2373245],[-124.7038046,48.2371751],[-124.70364993347359,48.2372053037462],[-124.70352829623843,48.23706714104977],[-124.7035758,48.2370408],[-124.70349007924338,48.23702373194828],[-124.70327152318227,48.236775483172416],[-124.703341,48.2367454],[-124.7033185,48.2366191],[-124.7033994,48.2365182],[-124.7033664,48.236317],[-124.7032722,48.2362411],[-124.703317,48.2361729],[-124.7032441,48.2361439],[-124.7033058,48.236076],[-124.7028751,48.2359264],[-124.7027421,48.2357205],[-124.702626,48.235748],[-124.7025906,48.2356437],[-124.7026717,48.2355279],[-124.7025308,48.2353886],[-124.7023457,48.2353677],[-124.7020927,48.2351573],[-124.7018676,48.2351565],[-124.7018635,48.2350745],[-124.70175068681748,48.235048028148164],[-124.70163137292167,48.234912504436636],[-124.7016297,48.2348974],[-124.7017081,48.2348375],[-124.701636,48.2348119],[-124.7016378,48.2345651],[-124.7014661,48.23445],[-124.701624,48.2343878],[-124.7015326,48.2342556],[-124.7015841,48.2341523],[-124.701273,48.2341466],[-124.7013168,48.2338922],[-124.7011466,48.2338731],[-124.70105,48.2340071],[-124.7008927,48.2337792],[-124.7005731,48.2336615],[-124.70045806979823,48.233579798024266],[-124.70009807506422,48.23317089491912],[-124.7003735,48.2330859],[-124.7001659,48.232995],[-124.700167,48.2328489],[-124.7003111,48.2327461],[-124.7002707,48.2325905],[-124.7003721,48.2325083],[-124.7002771,48.2323409],[-124.7004035,48.2322839],[-124.7000424,48.2321308],[-124.6998622,48.2321832],[-124.6997124,48.2320945],[-124.6998537,48.2320261],[-124.6999687,48.2318371],[-124.6998361,48.2317398],[-124.6996736,48.2318185],[-124.6994677,48.2317759],[-124.6993323,48.231641],[-124.69906955217304,48.2315800584888],[-124.6990649431175,48.23148401230589],[-124.6991018,48.23142],[-124.6992725,48.2313474],[-124.6992325,48.2311547],[-124.6995947,48.2311617],[-124.6997401,48.2310824],[-124.6996913,48.2309486],[-124.6998302,48.2309935],[-124.6998723,48.230894],[-124.6998281,48.2307122],[-124.6990315,48.2302609],[-124.6991072,48.2300421],[-124.6993896,48.2299453],[-124.6991567,48.2297414],[-124.6991609,48.229601],[-124.69896930051088,48.22949095597855],[-124.69896076264324,48.229313038921134],[-124.6989744,48.2293089],[-124.6991469,48.229503],[-124.6992896,48.2294245],[-124.6994665,48.229036],[-124.6997276,48.2290835],[-124.6997316,48.2291526],[-124.6999828,48.2292583],[-124.6999357,48.2291839],[-124.700014,48.2291902],[-124.7000627,48.2295047],[-124.7004049,48.2295909],[-124.7004316,48.2293896],[-124.700222,48.2292686],[-124.7002832,48.2291685],[-124.7007913,48.2290468],[-124.7008087,48.2289577],[-124.7003261,48.2289524],[-124.7004851,48.2287844],[-124.700268,48.2287308],[-124.7001289,48.2288044],[-124.7000737,48.2291087],[-124.69989,48.2290121],[-124.6998393,48.2287385],[-124.699974,48.2286545],[-124.6999274,48.2284651],[-124.6997825,48.2284332],[-124.6995195,48.2286248],[-124.6994258,48.2285621],[-124.6994554,48.2284247],[-124.6992997,48.228413],[-124.6993969,48.228261],[-124.6993425,48.228147],[-124.6991883,48.2280534],[-124.6990905,48.2278595],[-124.6991754,48.2277916],[-124.6990882,48.2276623],[-124.699305,48.2275393],[-124.6992034,48.2270925],[-124.6998658,48.2272511],[-124.7000094,48.2271849],[-124.6997176,48.2267732],[-124.6998778,48.2267549],[-124.6999905,48.2268851],[-124.7000552,48.226526],[-124.7002396,48.2265771],[-124.7003176,48.2264838],[-124.7000836,48.226198],[-124.699905,48.2261431],[-124.7001199,48.2260491],[-124.7000304,48.2259357],[-124.6998245,48.2258638],[-124.6996774,48.225986],[-124.6994417,48.2259449],[-124.6992569,48.2261344],[-124.6991127,48.2258498],[-124.6989841,48.2258073],[-124.6989071,48.2259065],[-124.6983753,48.2260222],[-124.698252,48.2262194],[-124.6976716,48.2262466],[-124.6974031,48.2261642],[-124.697085,48.2263565],[-124.6964404,48.2258603],[-124.6962925,48.2255672],[-124.6959712,48.2256149],[-124.6954796,48.2254493],[-124.6955405,48.2254008],[-124.6955227,48.2251911],[-124.6953036,48.2251909],[-124.6951663,48.2248855],[-124.6946754,48.2249421],[-124.6937518317522,48.2247519069801],[-124.69264251816477,48.224046277085804],[-124.6924406,48.2235332],[-124.6919796,48.2227329],[-124.6915811,48.2215446],[-124.69098933951439,48.22096466833015],[-124.69071935386235,48.220416157216256],[-124.6904545,48.2195369],[-124.69043401051259,48.219117144276545],[-124.69045428101064,48.218834388860415],[-124.6907803,48.2177148],[-124.6910032,48.2165809],[-124.6909088,48.2159598],[-124.6908949,48.2142303],[-124.6921878,48.2115043],[-124.6925497,48.2104021],[-124.6932022,48.2089348],[-124.6936253,48.2061753],[-124.6941518,48.2048668],[-124.6949414,48.2032444],[-124.6957814,48.2004365],[-124.6960129,48.1992898],[-124.6964971,48.1983383],[-124.6972685,48.1971204],[-124.69821094991417,48.19489706141176],[-124.69833524736367,48.194677941186725],[-124.6993102,48.1932023],[-124.70028749127356,48.191236389275836],[-124.70080490804514,48.190324250854026],[-124.7019096,48.1886653],[-124.7023257,48.1882136],[-124.7040705,48.1855507],[-124.7047077,48.1848477],[-124.7065985,48.1833318],[-124.708171,48.1825093],[-124.709027,48.1822816],[-124.7106589,48.1830223],[-124.7112768,48.1830545],[-124.7124463,48.1826026],[-124.7130021,48.1827661],[-124.7135024,48.1826632],[-124.7142078,48.1827209],[-124.7156766,48.1822999],[-124.7158156,48.1820343],[-124.7157594,48.1817545],[-124.7158129,48.1815444],[-124.7154692,48.1812429],[-124.7154109,48.1810362],[-124.7160926,48.1812282],[-124.7163228,48.1811538],[-124.7164337,48.1808098],[-124.716235,48.1802959],[-124.7163979,48.1799312],[-124.71638122470847,48.17988852759471],[-124.71778471887677,48.17898509078206],[-124.7186822,48.1789465],[-124.7193048,48.1787945],[-124.7209149,48.1777992],[-124.7201246042961,48.17712606738854],[-124.7248429997216,48.17244799996976],[-124.73174600021616,48.1699970001913],[-124.73275538499864,48.16532894760421],[-124.73308586717907,48.163800583198295],[-124.734679,48.163798],[-124.734775,48.164215],[-124.7347881,48.1653148],[-124.7377059,48.1653185],[-124.7374827,48.1651214],[-124.7374599,48.1649026],[-124.7376031,48.1647221],[-124.7380816,48.164627],[-124.7381075,48.1644282],[-124.7380041,48.164139],[-124.7381154,48.163908],[-124.738345,48.1638527],[-124.7386572,48.163951],[-124.7388506,48.1639108],[-124.7388522,48.163373],[-124.7391091,48.1632392],[-124.7394101,48.1625701],[-124.7396849,48.1623315],[-124.7413682,48.1627386],[-124.7413141,48.1628585],[-124.7409937,48.1630858],[-124.741104,48.1633555],[-124.741817,48.1635286],[-124.7421314,48.1634783],[-124.7423365,48.1633157],[-124.7420594,48.1626186],[-124.7412125,48.162226],[-124.7417374,48.1618732],[-124.7414944,48.161736],[-124.7413306,48.1615491],[-124.7413035,48.1613959],[-124.7418635,48.1615286],[-124.7420078,48.1612738],[-124.7425886,48.161116]]],[[[-124.65255400035002,47.90877200016357],[-124.65163999958271,47.905281999727606],[-124.64594200010859,47.904189000009794],[-124.64592253990462,47.9044495057313],[-124.64570399955889,47.90737499972447],[-124.64880599991427,47.90996499970303],[-124.65223700015763,47.91003299976644],[-124.65255400035002,47.90877200016357]]],[[[-124.60220800020161,48.3869299997301],[-124.60167300314426,48.385792681485235],[-124.59983200029254,48.381878999751684],[-124.60125800034758,48.3804579999753],[-124.59935600009148,48.37682700027984],[-124.5984246259066,48.37722107034533],[-124.59674199963274,48.377933000178956],[-124.59293899984372,48.377933000178956],[-124.59507799992632,48.38108999971858],[-124.59935600009148,48.3855100000457],[-124.60034191998044,48.38600088565781],[-124.60220800020161,48.3869299997301]]],[[[-124.50930300013107,47.79884999991942],[-124.50928100038975,47.79831600004213],[-124.50889600042528,47.79796599969887],[-124.50819000007046,47.797884999817946],[-124.50816599978101,47.79768799995301],[-124.50805100015329,47.79746100022085],[-124.50725299973695,47.79760499982303],[-124.50680599984818,47.797476999995204],[-124.50598499986565,47.79706700014943],[-124.50436499964181,47.796941000044384],[-124.5043420000756,47.797366000176744],[-124.50478800013946,47.79760300000729],[-124.50556200026635,47.79802900005535],[-124.50638400007381,47.79861199985428],[-124.50715300017784,47.79917300003112],[-124.50769799997587,47.799290000069384],[-124.50873499986851,47.799109999855],[-124.50930300013107,47.79884999991942]]],[[[-124.49245999998222,47.672078999755435],[-124.48901299984536,47.67167900008667],[-124.48378499982621,47.672078999755435],[-124.48093199989118,47.67455899979862],[-124.47986300021151,47.67711999991969],[-124.48065300023192,47.679802000107784],[-124.48509200005557,47.67752000022126],[-124.49115299975288,47.6740789998958],[-124.49245999998222,47.672078999755435]]],[[[-123.8858340001795,46.964144000124875],[-123.88133300043157,46.963377000057434],[-123.87671899980744,46.96105099987864],[-123.87170000002563,46.96060200018946],[-123.86884799991553,46.95962899979211],[-123.86052900030997,46.956059999960765],[-123.85672599962264,46.956059999960765],[-123.8533980002098,46.958656000093846],[-123.85458700043839,46.96092699983861],[-123.85957799973276,46.96271100026793],[-123.86480699957681,46.965143999863386],[-123.87716599969616,46.96692899990587],[-123.88453500034603,46.96579299976009],[-123.8858340001795,46.964144000124875]]],[[[-123.23782299971633,48.68390299999741],[-123.23040000043642,48.679735999905375],[-123.23173600007978,48.67826799977952],[-123.22931300031505,48.676024999722664],[-123.22382099980696,48.675335000207404],[-123.22008499996508,48.67282399994217],[-123.21974400038154,48.67071800009095],[-123.20035600026925,48.66259400017081],[-123.18922400001334,48.660802000003045],[-123.18282299965914,48.657435999978816],[-123.18009399957265,48.660169999930446],[-123.17940200035983,48.663264999783436],[-123.16701499975309,48.66362399994178],[-123.15801099970909,48.666248000025924],[-123.13574200007267,48.65709299995692],[-123.13058500019862,48.65571999977702],[-123.12748700004123,48.65674999997484],[-123.14351300040545,48.66436400021065],[-123.14913899990957,48.66912499991361],[-123.15848699991015,48.672996999738956],[-123.16870699994689,48.67723500016872],[-123.1725159995837,48.6808090001558],[-123.18320500014885,48.684296999924015],[-123.18798100025637,48.685275999877945],[-123.1952060000679,48.68572599983566],[-123.20206799965625,48.686902999819274],[-123.20697299963524,48.68884699972591],[-123.21587999959486,48.689925000040546],[-123.22001299999506,48.68920499985935],[-123.22822100017083,48.689618999738954],[-123.23747299991196,48.68905600003518],[-123.23606100010062,48.68498799995356],[-123.23782299971633,48.68390299999741]]],[[[-123.2033089997634,48.59554899979764],[-123.20125599989453,48.58748199995323],[-123.1978589999864,48.586248000182685],[-123.1946140004142,48.58644199989109],[-123.18391800017638,48.58534100004051],[-123.1805909996901,48.58282600003398],[-123.17430099966396,48.57803000010571],[-123.17108399968089,48.57575000012664],[-123.17177757633533,48.57428052918783],[-123.17227200008455,48.573233000078346],[-123.17608599974422,48.56851200021494],[-123.17686599971888,48.566164999944895],[-123.1763290003168,48.56236299996285],[-123.17203600008301,48.55523499994325],[-123.16837700023403,48.55327100026499],[-123.16941999997442,48.551684000184345],[-123.1670649999818,48.55006800022119],[-123.16381299983858,48.550083999967455],[-123.16146500041694,48.548239999770004],[-123.16214300028439,48.546172999711885],[-123.16086299981919,48.54271499991775],[-123.16216300037587,48.539059999940584],[-123.16410599974157,48.535215999825496],[-123.1632079997661,48.530055000056066],[-123.15741499985744,48.52434999994948],[-123.15778999977613,48.522474000173794],[-123.15635200002552,48.52079600001086],[-123.15304200015599,48.52011999982357],[-123.15177199973655,48.518665999911526],[-123.15274300040525,48.51621599979173],[-123.15016800030457,48.51312300022354],[-123.14560442930386,48.512943971967225],[-123.14461100039745,48.512905000122494],[-123.14538499962603,48.50967100022584],[-123.1414809995547,48.50547300010666],[-123.13853499973325,48.504747999749846],[-123.13583900015705,48.502250999813285],[-123.1356240000719,48.500238000083094],[-123.13298000037426,48.49830899998694],[-123.12711299994741,48.49784799994647],[-123.1241260001181,48.495854999758095],[-123.11903199999323,48.49186300027658],[-123.11190099989304,48.491704999902964],[-123.10724799980915,48.49059799998061],[-123.10204800027738,48.488679999966564],[-123.09710399994036,48.485050999831515],[-123.0956999996266,48.48318099977357],[-123.09241200039672,48.4817809999081],[-123.08582100007169,48.482327000004034],[-123.08314200021394,48.483356000240214],[-123.0788640000488,48.48130799990943],[-123.0755359997376,48.480835000263816],[-123.07220900014964,48.48241099995519],[-123.07045313243405,48.481235323820734],[-123.06841999970602,48.47987400015673],[-123.06722999965253,48.47690200025287],[-123.06544499957226,48.47273599972814],[-123.0601539998039,48.47075299985658],[-123.0540839998858,48.46976599977668],[-123.05403799985505,48.4677059999659],[-123.05129299987507,48.4664960002769],[-123.04731500018386,48.46421999977094],[-123.04061099988093,48.46173500014255],[-123.03688799955954,48.45786700010931],[-123.03227899985657,48.459877000225],[-123.0279639998815,48.45867200028046],[-123.02306800012336,48.45691499980252],[-123.0174600001626,48.457840000141324],[-123.01155799957564,48.45598900020425],[-123.00691600026073,48.45640899975782],[-122.97475899995025,48.45356599976201],[-122.96704000039435,48.450782000110834],[-122.96253200007538,48.45013000024292],[-122.96097499960078,48.451206999915065],[-122.96026199957325,48.45530599977787],[-122.96192500035308,48.458616000137766],[-122.95935899957492,48.46070299982247],[-122.95896100009,48.462029000158324],[-122.9601519999684,48.46381399986422],[-122.96382699971088,48.467127000200044],[-122.96907800019457,48.46857499975175],[-122.97085599970383,48.46797900025499],[-122.97145099973056,48.46381399986422],[-122.97333399972013,48.46255599973773],[-122.97618599983025,48.46224100011794],[-122.98117700002292,48.46302900003938],[-122.98692300007595,48.46262400028412],[-123.00589600008655,48.47090900002394],[-123.00922400039771,48.47610900014778],[-123.0073220001416,48.48099299996879],[-123.00893399996949,48.48403900014307],[-123.01777999982973,48.49249300011138],[-123.0199189999123,48.49516999983848],[-123.01708000022101,48.49639599975282],[-123.01777999982973,48.49958000025555],[-123.02063199993984,48.50099800020344],[-123.0199189999123,48.50288799996916],[-123.01583400009099,48.50379399992943],[-123.01540300009579,48.506351999937785],[-123.01896900005832,48.507927000149735],[-123.01944400043449,48.510919000121945],[-123.0168059996863,48.51233499991907],[-123.01669100005857,48.51394299990753],[-123.0182550002059,48.515800000117],[-123.01635399977468,48.51863400018647],[-123.01278899963702,48.51863400018647],[-123.00494500040763,48.52083800027054],[-122.99947899983879,48.519262999722514],[-122.99757699958268,48.51658699981271],[-122.99193600000996,48.51472900017089],[-122.9866440004167,48.516428999733336],[-122.98236600025152,48.51454000003547],[-122.97204599975734,48.5203250001962],[-122.97143300018722,48.52524500001316],[-122.96848300016782,48.52746600020679],[-122.96848300016782,48.53281800011153],[-122.9697689995825,48.5361059999468],[-122.97880100011389,48.53421700000404],[-122.98216200003702,48.536387999816895],[-122.98973400017819,48.53516100020698],[-122.99520099967364,48.53547600029567],[-122.99781500013235,48.53673500020967],[-123.00119799979682,48.53935999982166],[-123.00518300005902,48.54145600003616],[-123.00541847005456,48.543119151470904],[-123.00548318289098,48.54357622840226],[-123.00589600008655,48.546492000187406],[-123.00476799995734,48.55125799980445],[-123.00801300042781,48.55539100005344],[-123.01112499993062,48.55656100011437],[-123.01130700040382,48.559585999837694],[-123.01635399977468,48.562066000197774],[-123.02201799981194,48.56256100022455],[-123.02412990041734,48.562744710795656],[-123.03569800040435,48.5637510002538],[-123.0486779995914,48.56977399991955],[-123.05175800020547,48.57564900005849],[-123.06083500004439,48.582494000145275],[-123.06562200002259,48.58544600016878],[-123.07469899986151,48.59185999987766],[-123.07870900023806,48.592978000096466],[-123.08504299974685,48.59398800015816],[-123.1004930003509,48.599017999772634],[-123.10075831777007,48.59972039422561],[-123.10144300020488,48.60153300008826],[-123.10001700014983,48.60546200006271],[-123.09697000004606,48.61193499986791],[-123.10073000017736,48.61583400022519],[-123.10054000020658,48.6190759998192],[-123.10530100024548,48.622643000008644],[-123.11094699984108,48.62239799982123],[-123.11213900044271,48.621176000013676],[-123.1173680002868,48.62211900007188],[-123.12069499987473,48.62007599994921],[-123.12469199983252,48.621718999822264],[-123.12948999968138,48.62149000021507],[-123.13131345484231,48.62110256730405],[-123.1361449995805,48.62007599994921],[-123.14113599977317,48.62039099987171],[-123.13757099963554,48.6230609997812],[-123.14575200004714,48.62502300024976],[-123.15254500003856,48.62321900014888],[-123.15111800015856,48.62196199979663],[-123.15135599980995,48.61929099992147],[-123.15658499965403,48.616776999717366],[-123.15812298728565,48.6169155337762],[-123.16181400039642,48.61724799995119],[-123.16751799971831,48.61913399975742],[-123.17417299961745,48.62007599994921],[-123.17965699972964,48.62204699980963],[-123.18207600019471,48.61684000029447],[-123.18684800010429,48.61240900003036],[-123.1917620003041,48.609391000284425],[-123.19571700042907,48.6077729999232],[-123.19887900016057,48.600709999742435],[-123.2033089997634,48.59554899979764]]],[[[-123.1639249999916,48.64781199982896],[-123.16090600037522,48.64690700011683],[-123.14673600023634,48.64265800014574],[-123.1381449997459,48.63853500005134],[-123.12653800001213,48.63547900026011],[-123.11855300031742,48.63337700024096],[-123.11166400006658,48.63374399981198],[-123.10833599975538,48.632486999788874],[-123.10514800008463,48.63337700024096],[-123.10786100027757,48.635786000253276],[-123.11570399968205,48.637513000239196],[-123.11649299987756,48.6395649998971],[-123.12783099999781,48.64368800008735],[-123.13504800031173,48.64437499987871],[-123.14066100029535,48.64410999996371],[-123.15044699996383,48.64779700019891],[-123.15670799967768,48.649189000040224],[-123.16358199985991,48.649189000040224],[-123.1639249999916,48.64781199982896]]],[[[-123.1518310001861,48.638770000294585],[-123.14731600019446,48.638456000160666],[-123.148029000222,48.63986899991445],[-123.14992999975489,48.64144000016115],[-123.1518310001861,48.641126000027214],[-123.1518310001861,48.638770000294585]]],[[[-123.13828399966307,48.65054800004089],[-123.1359069999291,48.64992000024526],[-123.13139100011257,48.648507000150744],[-123.12354799980976,48.64772200020121],[-123.12639999991988,48.64944899986526],[-123.12804299970993,48.65074500026185],[-123.13115299956289,48.65086200026976],[-123.13566900027774,48.652588999809346],[-123.13828399966307,48.65180399990638],[-123.13828399966307,48.65054800004089]]],[[[-123.09054600012561,49.00197599991243],[-123.08857699992234,48.99802299983536],[-123.08854400031039,48.99686400017304],[-123.08787300011566,48.99515200017488],[-123.08787599959037,48.99372999971601],[-123.08724299992879,48.99112699977565],[-123.08620900040923,48.98978400003331],[-123.08449799994881,48.986535000081545],[-123.08355899996548,48.982240000044456],[-123.08357099966103,48.97981699995481],[-123.08383400032507,48.97613899982237],[-123.08443900039757,48.97433400019365],[-123.08445299974296,48.97235500028526],[-123.08400599985421,48.9714550002545],[-123.0824359998591,48.971365000006486],[-123.08049699979307,48.97172500002368],[-123.07199700043755,48.97387799997042],[-123.06392599963081,48.97483100021875],[-123.06309344641537,48.97497550976694],[-123.06071700004362,48.97538799994057],[-123.05685399998013,48.97533999976286],[-123.04411800029223,48.97722999999518],[-123.0409670004314,48.977304999841095],[-123.03537500036414,48.97593899982466],[-123.0341450001277,48.97533899973412],[-123.03140799964531,48.97455000027117],[-123.02809100010309,48.97394300016534],[-123.02651799973495,48.97413999975762],[-123.02199100004775,48.976473000004816],[-123.02145899977019,48.97729899990475],[-123.02222100020153,48.97857900003899],[-123.02439700009403,48.97925699975639],[-123.02515899962705,48.97976500015505],[-123.02510000007582,48.9821219998762],[-123.0245979999355,48.98289999993111],[-123.0246120001792,48.98401799971531],[-123.02575200000398,48.985814999714634],[-123.02741499988548,48.987471000155786],[-123.02875200025211,48.99083000013072],[-123.03345700021453,48.99759299979063],[-123.03401241058837,48.99890148529293],[-123.03539299990751,49.00215399974696],[-123.06789520032378,49.0020491026128],[-123.09054600012561,49.00197599991243]]],[[[-123.08687800005582,48.645237000155355],[-123.08492499974608,48.64492500014112],[-123.08160300018099,48.64518999992859],[-123.07838799984773,48.64599400005983],[-123.07696199979266,48.64772200020121],[-123.07838799984773,48.64960600008507],[-123.08184668976136,48.64925177261676],[-123.0818640002969,48.649249999870726],[-123.08512499976258,48.64807300027451],[-123.08687800005582,48.645237000155355]]],[[[-123.07118899997546,48.699346000237],[-123.04705800026592,48.69577199997087],[-123.03636000037824,48.69007999970468],[-123.03677200010691,48.68810700022127],[-123.03567199956677,48.68534999985203],[-123.04164500029881,48.67863300004247],[-123.04321100009598,48.67757299985625],[-123.04233700040997,48.6756629998298],[-123.0289510004437,48.678333000182405],[-123.02121500027103,48.681415999898434],[-123.01444900004383,48.6849780002602],[-123.00508599997463,48.694342000199256],[-123.00470799968285,48.697790000258614],[-123.00779800034266,48.699828999917585],[-123.00874800019665,48.70281000025164],[-123.00501499982954,48.70390900011534],[-123.00500399995887,48.70533800013494],[-123.00891100040327,48.712719000247525],[-123.00983899961766,48.717175000251],[-123.00751100028748,48.71886299977152],[-123.00978699973909,48.72229100023575],[-123.01969899980429,48.72131199997386],[-123.02548599986518,48.71796599978262],[-123.02925699986717,48.71645800002693],[-123.04017900006079,48.717296000172915],[-123.0457269997471,48.709003000013944],[-123.05442000034478,48.703804999836805],[-123.06793099998447,48.70030000028731],[-123.07118899997546,48.699346000237]]],[[[-123.05418500016815,48.61751799994575],[-123.05185199991682,48.61604600020557],[-123.05165400044841,48.613484999868916],[-123.05043900028053,48.61192700027556],[-123.0478089999283,48.610829999997826],[-123.04602100037329,48.61094200017219],[-123.04376900031278,48.611976999934164],[-123.04079599982886,48.61089999983896],[-123.03862300030941,48.61048899995243],[-123.03825800043643,48.61211999981296],[-123.04008500034946,48.61697800029415],[-123.04247100030426,48.61869299985426],[-123.04432199960843,48.61947200014003],[-123.04763200037625,48.619540999855644],[-123.04846699970423,48.62092199988919],[-123.04993200011731,48.62133800028584],[-123.05145100005882,48.620665000271835],[-123.0541600000538,48.61853100000084],[-123.05418500016815,48.61751799994575]]],[[[-123.03997599967119,48.73257600013868],[-123.0394190001776,48.73223799992948],[-123.03890500034169,48.73178300013889],[-123.03841599972183,48.7315740000648],[-123.03757999967067,48.731602000068456],[-123.03629699973074,48.731602000068456],[-123.03499200004951,48.73144700027585],[-123.03423600036427,48.73147400017853],[-123.033429999552,48.731602000068456],[-123.03246700017756,48.731870000245344],[-123.03180400037876,48.73212399973563],[-123.03186799995284,48.732604000176785],[-123.03210399995439,48.73309799976626],[-123.03449999995492,48.73288599998765],[-123.03550500006052,48.733070000003245],[-123.03691699987186,48.733084000182934],[-123.03854299994346,48.73297100027174],[-123.0393770003448,48.732758999957625],[-123.03997599967119,48.73257600013868]]],[[[-123.03489699961496,48.591632000282466],[-123.03333199964273,48.59080300026555],[-123.03151700032357,48.59146599982575],[-123.02976400003037,48.59212800022335],[-123.02863699972605,48.59295599993751],[-123.02957599970938,48.59320500020508],[-123.03214300031246,48.59316399992327],[-123.03364499963718,48.59250100006548],[-123.03489699961496,48.591632000282466]]],[[[-123.03034200033868,48.629890000099095],[-123.0299709997196,48.62094099976504],[-123.02796300005657,48.610849000108544],[-123.02193999999415,48.60931300012673],[-123.01647299960037,48.61119799980762],[-123.00797300024483,48.61513899987599],[-123.00720300031591,48.62093999977177],[-123.00316299980211,48.62093999977177],[-123.00035900027088,48.61513899987599],[-122.9931799995918,48.609469999948175],[-122.99274399957372,48.60562099997655],[-122.99104100040755,48.60365500021507],[-122.99703199978464,48.60181399970508],[-123.00797300024483,48.59895699979598],[-123.00778400009895,48.59464400007591],[-123.00387599982963,48.59296600006497],[-122.99555700022408,48.59249500029051],[-122.98846399975872,48.59419999976976],[-122.99008999983032,48.597367999901444],[-122.98866399977527,48.60113999981592],[-122.98367299958258,48.60113999981592],[-122.97701799968344,48.59909700021728],[-122.975353999977,48.602082999892666],[-122.9712280001478,48.60381599994862],[-122.97085599970383,48.609428000172414],[-122.97418700038806,48.6137060002532],[-122.97823000037658,48.61889700002982],[-122.98384199963697,48.62226400025543],[-122.98747600026992,48.6225119997922],[-122.98818900029744,48.62643900004443],[-122.98465699977176,48.62703699978145],[-122.98512999959978,48.629890000099095],[-122.98890200032497,48.631466000131724],[-122.99127900005892,48.63115200025009],[-122.99294299976536,48.63460800015443],[-122.98961500035249,48.63649200018425],[-122.98581199966516,48.63806299994052],[-122.98498700038294,48.639613000240296],[-122.98391100013227,48.642147000076626],[-122.98010800034328,48.641203999706065],[-122.97844399973852,48.63774900015475],[-122.97464099994949,48.63507900022757],[-122.96932900026475,48.62978799976773],[-122.96680299966957,48.628514999883365],[-122.96333399979139,48.630225000272326],[-122.96037999957402,48.631466000131724],[-122.95782799993789,48.62754900018662],[-122.95301199964737,48.625339000081794],[-122.9537249996749,48.62093999977177],[-122.95609999975902,48.61846899979477],[-122.95134899976586,48.60758400024539],[-122.95384500022381,48.6060030002191],[-122.95325000019707,48.602711999785726],[-122.9508729995648,48.60145399988907],[-122.94932000018642,48.598394000040166],[-122.94820575506084,48.59765033266606],[-122.94754599997682,48.59721000001575],[-122.94367644760169,48.597365393595574],[-122.93970199984912,48.59752500002403],[-122.93684999973901,48.59705300010238],[-122.93689999996771,48.593470000122636],[-122.93399799962889,48.59296600006497],[-122.92636600011159,48.591395999784666],[-122.9199749998031,48.592337000018496],[-122.91498399961041,48.59123700024772],[-122.91118099982141,48.59170899984384],[-122.90547599977627,48.59296600006497],[-122.90096099978463,48.592022999718544],[-122.8964449999681,48.59076499980757],[-122.89097799957433,48.59092300024191],[-122.88880099985691,48.58838800025039],[-122.88415500034404,48.58872100008264],[-122.88075800043589,48.591865999728],[-122.87139100016874,48.594673000124736],[-122.87029999984945,48.59909700021728],[-122.86494399978375,48.60145999978825],[-122.86235000031482,48.60419100028252],[-122.86187699958849,48.612282000046086],[-122.86507100000536,48.61496999971474],[-122.86806500040568,48.61608899991093],[-122.87576600041827,48.62266900013804],[-122.8774300001247,48.62690999978259],[-122.87933200038084,48.63083800019555],[-122.88001430856835,48.63412729757211],[-122.88035900022771,48.63578899994427],[-122.8813860000746,48.63798099975023],[-122.89656799999176,48.646787000204455],[-122.9042880002709,48.64905599983291],[-122.90518200004838,48.65178299983034],[-122.90975499976635,48.653923999987526],[-122.91141799964787,48.65832000028488],[-122.91165600019754,48.6628729998037],[-122.91308200025261,48.66632600000588],[-122.9093999999391,48.66860200003761],[-122.90880400008744,48.6705639997613],[-122.91118099982141,48.67291900000013],[-122.91308200025261,48.674958999763746],[-122.91640999966548,48.67935300012783],[-122.9161300001813,48.68318899997756],[-122.9202130003528,48.686101000089515],[-122.9180730004453,48.68955299984869],[-122.91308200025261,48.69080799996204],[-122.90756200015541,48.69127999972418],[-122.90637566971984,48.69101650943378],[-122.89899400012949,48.68937699991608],[-122.89852100030149,48.69080400019138],[-122.89953399990466,48.69331899978361],[-122.89471400031452,48.694611000002574],[-122.8905030000965,48.69300500016271],[-122.88503599970274,48.690023999705105],[-122.88242200014231,48.68516000018062],[-122.8837660001816,48.68223999991515],[-122.88218399959263,48.67794099996623],[-122.88360899982277,48.674958999763746],[-122.88329300035358,48.6603470002671],[-122.88170800028986,48.65345300021568],[-122.87814300015226,48.64984099978798],[-122.87576600041827,48.64560199990798],[-122.87291400030817,48.644030999901055],[-122.8695869998219,48.646701000239986],[-122.86602199968425,48.64497300013198],[-122.86102999966664,48.639477000237434],[-122.85247400023465,48.62816699980758],[-122.84819600006945,48.622040000009555],[-122.83813699969119,48.61815599985219],[-122.83623899963303,48.61917699980175],[-122.83397099967898,48.61922099983681],[-122.8334069996144,48.62013899997219],[-122.8319930001532,48.620504000216954],[-122.83102499985756,48.619811000056615],[-122.83114700005628,48.61892799987955],[-122.83006499995783,48.61658599973071],[-122.82794599996676,48.615828999752694],[-122.82825899996118,48.611982999771094],[-122.83043900005165,48.60605299980372],[-122.83065499996172,48.60211699987842],[-122.82978399975045,48.60120199991693],[-122.82688499978465,48.6016399999956],[-122.82408999957595,48.60080900003952],[-122.81952400042901,48.60205800022047],[-122.81792199974855,48.605646999963405],[-122.81360251628189,48.60678480629585],[-122.81337400014493,48.60684500028408],[-122.80992899965791,48.60569800019575],[-122.8042450004275,48.60251600004532],[-122.7999429999729,48.60181200014883],[-122.79868400032241,48.60273699972822],[-122.80251600042375,48.60746200011857],[-122.80537500020655,48.612603999824074],[-122.80928199975263,48.61610299997283],[-122.80880399990173,48.619915999810715],[-122.80349899988968,48.62176300001677],[-122.79968000020715,48.624708000139094],[-122.795249999706,48.62941399995522],[-122.78908600007655,48.631399000260465],[-122.78497299976783,48.632723000062825],[-122.78337400035872,48.6357450001051],[-122.77876200028273,48.63914400021003],[-122.77574199994314,48.63940799987755],[-122.76907500034844,48.64152200007087],[-122.76381899984187,48.64418799977645],[-122.75930300002533,48.646701000239986],[-122.75479899990434,48.64940300002575],[-122.75483300023953,48.65638799986208],[-122.75089900003096,48.6573250001787],[-122.74517300006943,48.659553999759815],[-122.74147800023545,48.6603470002671],[-122.74195100006347,48.66225100023886],[-122.77308900002463,48.67103499983496],[-122.78771799974783,48.675852999737444],[-122.794776999878,48.67890899975929],[-122.8008970000248,48.67982399989194],[-122.80140099981497,48.6826530001625],[-122.81468100037432,48.68872099981549],[-122.8166659995728,48.69127999972418],[-122.82198700037672,48.69234600000482],[-122.82701100018134,48.69561399975802],[-122.83726200018025,48.69990800028975],[-122.84799600005293,48.70254099979472],[-122.85841600010625,48.704926999999344],[-122.8664950004106,48.70569499970532],[-122.87029999984945,48.70947599992774],[-122.87757900008761,48.71269600016146],[-122.88069099959041,48.711837999876366],[-122.88423663205053,48.712073188947585],[-122.88527400025244,48.71214199975674],[-122.88810600027107,48.713113999878615],[-122.89271800034706,48.714414999860885],[-122.89891100028882,48.71464799983641],[-122.90625247116851,48.71446954723964],[-122.90804400020423,48.71442600014604],[-122.91713399956366,48.71372699982505],[-122.92709599985757,48.710836999723135],[-122.93129799985476,48.71134300010094],[-122.93892100004953,48.70968599997439],[-122.94588200027042,48.711828000180574],[-122.95181999994405,48.71221899984632],[-122.94992299971078,48.7108869997598],[-122.94646100040363,48.70945000008681],[-122.94200300031342,48.70540799987834],[-122.94231700013276,48.70210399985983],[-122.94667499976555,48.69785099997317],[-122.94880299997749,48.69370999976736],[-122.95388000038392,48.69098400022984],[-122.96038799996994,48.69033099972137],[-122.95857299975243,48.68682600013475],[-122.95889156840336,48.68655983442707],[-122.96240900005175,48.6836210001474],[-122.97068800037263,48.68085599980011],[-122.98435499964798,48.67479700022846],[-122.98723799972021,48.66915200004454],[-122.99127900005892,48.66663999986002],[-122.9955789999654,48.664377999933016],[-122.9978610001631,48.66159600023789],[-123.00393899957882,48.65839300025827],[-123.01010200028169,48.654962999893534],[-123.01457100024257,48.64905599983291],[-123.01529400031583,48.642909999786085],[-123.01939400020576,48.638931000253706],[-123.0232699997897,48.63447900016896],[-123.03034200033868,48.629890000099095]]],[[[-123.026196000418,48.599662999917214],[-123.02563200035335,48.59837999982066],[-123.02431799955299,48.597675999904894],[-123.02444300012478,48.59643399987879],[-123.02525700043465,48.59486100007855],[-123.0250060003645,48.594074000264776],[-123.02356699989063,48.59403300009404],[-123.01899699964743,48.594447000000116],[-123.01837099965854,48.594819999952335],[-123.01811999958836,48.59556500001122],[-123.01937199956613,48.59552299995962],[-123.0202489996252,48.596020000213926],[-123.0198109999573,48.596558000269034],[-123.01918499996839,48.5974280001497],[-123.0208749996141,48.59726199972435],[-123.02237699983715,48.59858700020951],[-123.02300299982603,48.59962200012367],[-123.02506900011369,48.59953900001954],[-123.026196000418,48.599662999917214]]],[[[-123.01830799990933,48.60330600006365],[-123.01724400025253,48.602601999891725],[-123.01611699994821,48.60239600027742],[-123.01555399970852,48.602809000206335],[-123.01536600028585,48.603348000178876],[-123.01486499997044,48.60446500010135],[-123.01449000005171,48.605913999944946],[-123.01505300029143,48.606825000175824],[-123.01636800001839,48.60711399981216],[-123.01718200032826,48.60628700017191],[-123.0168690003338,48.60512799977157],[-123.01736899992599,48.603926999905106],[-123.01830799990933,48.60330600006365]]],[[[-123.01743199967521,48.589437000284235],[-123.01581273786654,48.58752455811918],[-123.01480300004617,48.58633200022137],[-123.01314500018749,48.58290400009243],[-123.01654100027075,48.58134799996275],[-123.01416000033883,48.57897199985211],[-122.99936000001313,48.58023099996377],[-122.99222999973784,48.57504199985924],[-122.98945999964349,48.572468999778216],[-122.98509899963764,48.569694999991704],[-122.98465699977176,48.566120000160666],[-122.9808210003708,48.56796500009255],[-122.97773099971097,48.56418999973596],[-122.97250199986694,48.55868400009178],[-122.97464099994949,48.55836999999201],[-122.97796900026067,48.55805500027198],[-122.97913900022267,48.56035399979332],[-122.9824850000772,48.561831000134674],[-122.98474200016058,48.56242799997508],[-122.98799099993072,48.561836000008235],[-122.98703799970367,48.55707899970881],[-122.98436499969371,48.55553199997926],[-122.98034599999463,48.55553799998007],[-122.98094799969407,48.55355399978646],[-122.97799699984975,48.551845999789556],[-122.97321499989445,48.55239199985848],[-122.96822399970172,48.555065999727056],[-122.96615499993933,48.54911099973048],[-122.95919200006867,48.549401999902585],[-122.9539630002246,48.54877300004361],[-122.94825900000434,48.546885000266315],[-122.94303000016028,48.54798599974308],[-122.94261000003573,48.55024799975085],[-122.93992600015511,48.551845999789556],[-122.94255399995922,48.55522399997454],[-122.94136599955553,48.55758299971917],[-122.93778600024761,48.55754200026694],[-122.93706499982416,48.55946000024113],[-122.93922700037126,48.56277400024421],[-122.93233399992248,48.56403300007579],[-122.92639200005088,48.56371799995052],[-122.92890699987709,48.55945400011097],[-122.92755100014223,48.554699000198454],[-122.92472900016934,48.55459399982737],[-122.92326399975623,48.55660199976706],[-122.92116300020679,48.56230199972905],[-122.91854899974807,48.564347000097676],[-122.90385200025281,48.57569099998776],[-122.90280199994137,48.57850200003534],[-122.90280199994137,48.580399000290875],[-122.90476299974875,48.582432999828356],[-122.91498399961041,48.584005000144124],[-122.91898300011631,48.58705899998589],[-122.92211399988568,48.58714900027546],[-122.92449099961966,48.58479099979458],[-122.92850500019419,48.58515499994],[-122.93019499983987,48.5819609997584],[-122.93325799983717,48.58087500026559],[-122.92995700018848,48.575671000025785],[-122.93257199957384,48.57378399982407],[-122.93780100031621,48.57456999972011],[-122.93754600004812,48.57659100019129],[-122.94303000016028,48.579445000121744],[-122.94255399995922,48.5819609997584],[-122.93975000042802,48.58273999979957],[-122.94087199981112,48.58610899989691],[-122.95090500025015,48.58802000001213],[-122.95729099963745,48.58840699989121],[-122.96086099979794,48.58991600015287],[-122.96608499961914,48.590450999839526],[-122.96513399994026,48.59280900003385],[-122.96657599988883,48.594673000124736],[-122.96894599995012,48.59441899974602],[-122.97083800016047,48.59155100008478],[-122.97440400012304,48.59296600006497],[-122.97989699955775,48.59324599985947],[-122.98751100043,48.590865999976735],[-122.9998860004429,48.58705899998589],[-123.00339999962857,48.585734000215716],[-123.00696599959113,48.585734000215716],[-123.00955199956248,48.58740499989264],[-123.0106496366351,48.58937199933693],[-123.01161000035249,48.5910930000672],[-123.01286200033029,48.59117599978813],[-123.01567900028031,48.590596000067244],[-123.01743199967521,48.59014099973946],[-123.01743199967521,48.589437000284235]]],[[[-122.97124599969115,48.78486699987078],[-122.96827499975535,48.783627000123964],[-122.95724148988887,48.78222861588522],[-122.94801299995706,48.78105900005079],[-122.94159700043254,48.78417500014328],[-122.94224500016273,48.785758000227915],[-122.9446229997216,48.78673099988808],[-122.94855799975511,48.78530300021515],[-122.9565829996328,48.78571900013477],[-122.96907499982152,48.788578999966646],[-122.97074199990101,48.787893000145665],[-122.97036299978433,48.78636300029444],[-122.97124599969115,48.78486699987078]]],[[[-122.94573300030748,48.477766999778666],[-122.94566299998729,48.47587399999018],[-122.94285799973285,48.47367500022429],[-122.94172299993092,48.47067200022192],[-122.94457500004103,48.46878100020653],[-122.94528200022079,48.46559899993487],[-122.94243599995845,48.46358100020279],[-122.94304900042685,48.460763999775466],[-122.94433700038967,48.457907000211996],[-122.93457000008942,48.45489099974848],[-122.9341170003529,48.45806400019125],[-122.9300760000142,48.45885200002292],[-122.92627300022517,48.46058600003959],[-122.92128200003248,48.45869500009777],[-122.91747900024347,48.45601500028319],[-122.91676600021594,48.452232000158986],[-122.91629099983977,48.44939400008953],[-122.91961800032604,48.442930000294844],[-122.92532300037118,48.44324599989438],[-122.9307670003004,48.44273800020411],[-122.92624700028593,48.437045999945475],[-122.90892299991313,48.440564999860364],[-122.9044070000966,48.43977699987883],[-122.90488199957441,48.44245699983994],[-122.9044070000966,48.44624099991857],[-122.89709500024642,48.44596899997691],[-122.89055599979996,48.44537400009075],[-122.87659800027149,48.44529500025867],[-122.86847899978419,48.44302900017908],[-122.86423900015214,48.44229999986933],[-122.86210000006956,48.43961899996322],[-122.86590299985858,48.43567699976417],[-122.86923000034484,48.43520399971512],[-122.86899299962006,48.43315399983087],[-122.87160700007878,48.43220800020739],[-122.87517200021644,48.433626999892105],[-122.87398399981276,48.4374119998478],[-122.87731100029902,48.43914600026172],[-122.88396600019816,48.438672999731786],[-122.88877099971967,48.437045999945475],[-122.88936599974645,48.435855999892986],[-122.88444200039922,48.43346899992165],[-122.87731100029902,48.43189199989065],[-122.87707399957424,48.4287380002255],[-122.87968800003297,48.426371999888154],[-122.88277799979447,48.42716100000373],[-122.88871999966605,48.427792000051426],[-122.88967100024328,48.42716100000373],[-122.89352400026101,48.42336300000086],[-122.89530900034127,48.420982000209094],[-122.88416500038977,48.41861399985029],[-122.87270400024586,48.41801099985463],[-122.85366799958777,48.41979200012087],[-122.84891999996763,48.42211500025256],[-122.84950300029882,48.42306000025042],[-122.8566329996758,48.42511099990707],[-122.86257500044573,48.426371999888154],[-122.86067400001451,48.430473000032976],[-122.85330600008784,48.428423000013574],[-122.84831400007025,48.4276339998197],[-122.84472399981824,48.426407000228465],[-122.84221800021285,48.424731999922244],[-122.83904499971239,48.425184000186704],[-122.84332299987754,48.43031499979186],[-122.83904499971239,48.431735000049414],[-122.83643000032706,48.428579999954515],[-122.83225300044423,48.426932999714715],[-122.82739899962056,48.42558399972685],[-122.82756600002513,48.422484999981975],[-122.82316700038446,48.420725999816625],[-122.82026800041866,48.42069400027309],[-122.81262199975937,48.420982000209094],[-122.8090969998047,48.42369099994748],[-122.8074840001519,48.42654700015651],[-122.80213700030706,48.42624199977567],[-122.80346999957737,48.43017200013474],[-122.80069299981032,48.43251299994893],[-122.80163400034179,48.433225999751315],[-122.80481899963952,48.431577000156004],[-122.80885999997824,48.43110400008467],[-122.81242500011587,48.43015700025157],[-122.8140889998223,48.43078800005487],[-122.8109990000608,48.43331200018483],[-122.80767099974965,48.43662299976327],[-122.8090969998047,48.438831000205894],[-122.80793500023859,48.44119699970305],[-122.80767099974965,48.443560999984435],[-122.80291800010664,48.44434900025902],[-122.80013299994367,48.44715900028829],[-122.80172899987805,48.45049800019224],[-122.80341976488836,48.451573698555464],[-122.80489300015768,48.45251099996599],[-122.81191600030284,48.452598000271365],[-122.81559799971804,48.45489099974848],[-122.81860499963886,48.457433999840205],[-122.81916799987854,48.46024300003328],[-122.81765399995996,48.46389599984594],[-122.8146949997197,48.46935800013132],[-122.81321699978614,48.47067200022192],[-122.81333399996198,48.47259900008049],[-122.81670300028104,48.47508400019754],[-122.81892699985413,48.47728800012108],[-122.8181290003361,48.4805990001723],[-122.8161929997448,48.4822540002596],[-122.81748400008063,48.48450499988267],[-122.81619699994275,48.48778499991788],[-122.79933000040278,48.494323999892394],[-122.79651099990463,48.49667200006359],[-122.79269700024496,48.50186400007219],[-122.79287600034512,48.50521600004783],[-122.7899620003107,48.507958000242006],[-122.78468999991063,48.51015200014996],[-122.77595600020337,48.50773500007746],[-122.7697980004217,48.50783500020585],[-122.76920300039495,48.50961700005445],[-122.7694050000613,48.51209999979028],[-122.7745510000647,48.51794800021458],[-122.77740999984752,48.517695000165766],[-122.78648599986153,48.522554000226435],[-122.78825699969808,48.52437200021778],[-122.79296199966049,48.52537199983501],[-122.80339299958446,48.52422199982165],[-122.81599000025352,48.524852000284966],[-122.82868999995641,48.52329999988548],[-122.83191500033541,48.518240000092575],[-122.83701299975992,48.516757999942136],[-122.83904499971239,48.51178500008584],[-122.84058399974533,48.503075000226325],[-122.83678400032937,48.48930699999852],[-122.83405400041799,48.485167999778845],[-122.83334100039046,48.474768999722016],[-122.83403799962615,48.469760999742476],[-122.82976299983402,48.464518000129914],[-122.82668599959304,48.460744000257954],[-122.83148699981491,48.456978999722075],[-122.8369059996298,48.45065499984634],[-122.84135399967428,48.45001599992162],[-122.84415399990586,48.447754000117214],[-122.84926499974915,48.44718699983368],[-122.85116700000526,48.44923700011169],[-122.84855199972162,48.45349299974338],[-122.84379900007859,48.45759100009076],[-122.84355499968113,48.46112999974103],[-122.84712599966657,48.45995600000984],[-122.85173899956749,48.459748999867855],[-122.85734599970333,48.45806400019125],[-122.8594849997859,48.460113000205],[-122.85758400025303,48.46358100020279],[-122.85306800043645,48.470986999927774],[-122.85425599994186,48.4739809998416],[-122.85188300040585,48.47511699992997],[-122.85069099980417,48.47760500014451],[-122.85070000002504,48.481658999835766],[-122.8540190001154,48.48154400027503],[-122.85449399959322,48.4837500000574],[-122.85354299991431,48.48611299990203],[-122.85782199990439,48.48721600024736],[-122.86043600036312,48.48894900022808],[-122.86237899972882,48.49227900000588],[-122.86495200017967,48.49461899992709],[-122.86616499979938,48.49712799976971],[-122.87089400005125,48.49887200001868],[-122.87350900033492,48.502651000167006],[-122.87327099978525,48.505959000038956],[-122.86637800023475,48.51131200023905],[-122.86140399976048,48.525084999952945],[-122.85924799995944,48.53272199973912],[-122.85425599994186,48.5347680001016],[-122.84831400007025,48.536341999831386],[-122.84665100018873,48.5335090000493],[-122.84427399955645,48.53366599985849],[-122.84451200010612,48.53587000015174],[-122.84308600005107,48.538544999775944],[-122.84177399979885,48.53995499994643],[-122.84474899993259,48.54295099991872],[-122.84879000027131,48.53917400006916],[-122.85235500040893,48.53775799982807],[-122.85639599984933,48.53870200002792],[-122.85829700028054,48.54232200016815],[-122.86233799972092,48.54326599970991],[-122.86994300037237,48.54232200016815],[-122.87374600016139,48.54468199990981],[-122.87350900033492,48.54908799987439],[-122.86994300037237,48.55302099992354],[-122.86613999968505,48.554122000281055],[-122.86457600043603,48.55539200015551],[-122.86542699965752,48.558213000103066],[-122.86497499974588,48.56137100013969],[-122.86613999968505,48.563874999993956],[-122.86914099975807,48.564346000172684],[-122.87232000010631,48.56293200019844],[-122.87327099978525,48.55915599988467],[-122.87184499973017,48.556639000266216],[-122.87208199955663,48.554122000281055],[-122.87849999962928,48.55349300022725],[-122.88301600034417,48.55522399997454],[-122.88204800004848,48.558311999832284],[-122.88349099982199,48.560728999889385],[-122.8829700003134,48.5637520001906],[-122.88372900037169,48.566548999883366],[-122.88254000014311,48.569694999991704],[-122.88297841842592,48.57110442119513],[-122.88325700036857,48.57199999990416],[-122.88467900022569,48.57315499995601],[-122.89014599972111,48.56906599978179],[-122.89181000032586,48.56481899995792],[-122.89085899974863,48.558213000103066],[-122.89846500022497,48.55648199976171],[-122.90107899978543,48.554751999765074],[-122.90583300015165,48.55018900018368],[-122.91248800005076,48.54971699998057],[-122.91890500029852,48.5514479998754],[-122.92029600019346,48.55066299994314],[-122.92199500006001,48.53886000022175],[-122.91866799957374,48.53256400001868],[-122.91910600013996,48.52984199970448],[-122.91747900024347,48.52799999977502],[-122.91605300018841,48.52296299992709],[-122.92029600019346,48.522704999765864],[-122.92722399990407,48.5212310002054],[-122.93197800027032,48.517452999893976],[-122.93351800012819,48.513894999705315],[-122.9341170003529,48.50674600023301],[-122.93696899956468,48.50375400028338],[-122.94118900000355,48.498077999873466],[-122.94253968979676,48.49273506065589],[-122.9450500004172,48.48280499996781],[-122.94433700038967,48.479810999735015],[-122.94573300030748,48.477766999778666]]],[[[-122.94347000037634,48.12291099974411],[-122.94261000003573,48.1210399999423],[-122.9352870003149,48.12130399998063],[-122.92643100040891,48.12459899984342],[-122.91814899971497,48.12688600010089],[-122.91075099965109,48.126100000225215],[-122.90960199960547,48.12655400016064],[-122.91057800029705,48.12776800019917],[-122.92077700041742,48.130117000296565],[-122.92777299990009,48.13277300008413],[-122.93061599978937,48.1324660002716],[-122.94347000037634,48.12291099974411]]],[[[-122.91991999955151,48.76024600019547],[-122.91767500006203,48.757660000040524],[-122.9195649997243,48.754934999758724],[-122.91651599997068,48.75281300012532],[-122.91216099981263,48.750582000042094],[-122.90561399986852,48.750061999733205],[-122.90306300005732,48.74801099995379],[-122.89908600019099,48.74659299984522],[-122.89569401557709,48.74695599135931],[-122.89046100026371,48.74751600015889],[-122.88660900007088,48.74863499979795],[-122.88597200021135,48.750677000286004],[-122.88339100026288,48.752117999890295],[-122.88319000042144,48.75355999994991],[-122.889016999767,48.75711099989739],[-122.89864699979987,48.75674200022561],[-122.90743699958361,48.75933900020076],[-122.9122710003158,48.762356000288676],[-122.91032800005179,48.76675399988923],[-122.90630799962948,48.767394999890705],[-122.9044070000966,48.765984999760434],[-122.8911659998953,48.764805999797886],[-122.88875300017635,48.765639999797564],[-122.88941400032532,48.76729500021576],[-122.89869500037875,48.76991999984437],[-122.91385200018155,48.76974299975251],[-122.91844900018893,48.766968000225944],[-122.91991999955151,48.76024600019547]]],[[[-122.84826800003948,48.74712199985009],[-122.84661900040167,48.746001999807746],[-122.83435099962061,48.74351600018965],[-122.8322090000633,48.744369000214945],[-122.8304429589271,48.744153192234215],[-122.82984400002486,48.74408000020988],[-122.8281280004399,48.74527800016984],[-122.82851199968117,48.74697900006542],[-122.8406659997611,48.749522000163516],[-122.84305500008894,48.74809799981598],[-122.84644299977626,48.74852000023065],[-122.84826800003948,48.74712199985009]]],[[[-122.84527100016442,48.31731599985588],[-122.84451700012902,48.316973000005014],[-122.8437980002537,48.31706400001953],[-122.84201599964818,48.31690499989478],[-122.84095399964117,48.31738500003496],[-122.83907099965165,48.31878000002804],[-122.83820600018647,48.31908500022686],[-122.83818000024719,48.31967099995499],[-122.83905599958304,48.31992699993355],[-122.8405450002856,48.32049299978749],[-122.8417439996616,48.32138400025975],[-122.84253200003222,48.32131500011337],[-122.84448399961873,48.31985199978355],[-122.84503199978982,48.31861799988992],[-122.84527100016442,48.31731599985588]]],[[[-122.84185800036275,47.25766000019639],[-122.83805100037576,47.25527999991651],[-122.83640490409297,47.25591346696698],[-122.83410899977126,47.256796999880926],[-122.83220800023838,47.261798000005676],[-122.82815900040207,47.26598899997178],[-122.82531499978957,47.27050699996057],[-122.8288799999272,47.270991000078396],[-122.8323360002849,47.272887999855094],[-122.83553499982631,47.2698619999161],[-122.84005099964287,47.268087999724024],[-122.84089227280475,47.26569741499807],[-122.84137700013882,47.26432000013686],[-122.84040908697973,47.26078462634908],[-122.84028900019258,47.260345999992204],[-122.8416416671777,47.25803034405192],[-122.84185800036275,47.25766000019639]]],[[[-122.83108299958388,48.57252599998984],[-122.82941899987748,48.561831000134674],[-122.82731599977987,48.554519999972854],[-122.82371499965724,48.55239199985848],[-122.82038700024437,48.554122000281055],[-122.81682200010674,48.55223400028097],[-122.81848599981315,48.55003199988165],[-122.82128100002186,48.54650999983555],[-122.81634699973057,48.53996100001004],[-122.81254399994155,48.536184000106],[-122.81135499971296,48.53319400021427],[-122.80768599981825,48.53132200019619],[-122.80256099973127,48.53240699976669],[-122.79471800032675,48.534452999771695],[-122.79210300004311,48.53822999974923],[-122.78748599994425,48.54141700016712],[-122.78744699958617,48.542524999767544],[-122.78010799997185,48.54658699974471],[-122.77797700028519,48.549011999836054],[-122.77220699994272,48.55244699978381],[-122.77158500015177,48.555764999982266],[-122.76902000009686,48.55928000018813],[-122.77094999994205,48.56308899970925],[-122.77570299958508,48.56560600000898],[-122.77855499969517,48.5695380001825],[-122.79103099999038,48.58010099985806],[-122.81088000023514,48.58887899977787],[-122.81631999996638,48.58600799972732],[-122.81848599981315,48.58369000022593],[-122.8220509999508,48.58384800020013],[-122.82434099964613,48.58366800018281],[-122.82894400039959,48.57928800027668],[-122.8271480004487,48.5766750002328],[-122.82799299982238,48.57456999972011],[-122.83108299958388,48.57252599998984]]],[[[-122.82175399984989,48.59090799974055],[-122.82174299997922,48.58923600000041],[-122.82035100025936,48.58875300007584],[-122.81540600009743,48.58993799985295],[-122.80815000032374,48.59302900005004],[-122.8045209997137,48.59621799998614],[-122.80457299959224,48.5977819998074],[-122.80974799990796,48.59886100013152],[-122.81326199999195,48.60058200023483],[-122.81483500036009,48.60002800027824],[-122.81824800016179,48.59265200010904],[-122.82175399984989,48.59090799974055]]],[[[-122.77745500005334,48.69678699997979],[-122.77625800032715,48.69593000028078],[-122.77481100035573,48.6964240001974],[-122.77469113006252,48.69660636550002],[-122.77366399995994,48.69816899998056],[-122.77350800032431,48.70206399984855],[-122.77447304965426,48.70298575225035],[-122.77451099988176,48.70302199994919],[-122.77541606510691,48.70276513996701],[-122.77593100008902,48.70261899990771],[-122.77716700017326,48.69915600001316],[-122.77745500005334,48.69678699997979]]],[[[-122.7700450002939,48.22439499996091],[-122.76304200024023,48.215341999988084],[-122.74461200037787,48.20965000021342],[-122.74067700034436,48.20707000021285],[-122.73503000002556,48.19996399982598],[-122.71590027364228,48.19476639427207],[-122.71150799968817,48.19357300002624],[-122.70496300029218,48.1894640002036],[-122.70092699997636,48.18530399981067],[-122.69740500039474,48.18433800001557],[-122.69308399967355,48.181509000277146],[-122.68662600031621,48.174653000292935],[-122.68415099977467,48.16878800020222],[-122.68307299987417,48.161648999766776],[-122.67955600031542,48.15511299972912],[-122.67674100001523,48.154048999866184],[-122.6712350001617,48.15731200017111],[-122.66531199965837,48.16006999992147],[-122.6560199997343,48.16251299972071],[-122.64608099990491,48.16403700028344],[-122.63316699994179,48.163280999912615],[-122.62429900034024,48.16179399984037],[-122.61746399961773,48.15905499983209],[-122.61271299962453,48.15590299970462],[-122.61166381498342,48.154554238692036],[-122.60956799961149,48.15186000004852],[-122.60515499972709,48.144177999804114],[-122.60210900034654,48.13524900000252],[-122.59830099963632,48.110615999800316],[-122.60470500036364,48.096650000093724],[-122.60729100033495,48.088033999901455],[-122.61321700031301,48.07948499994285],[-122.61402800024985,48.07278799973772],[-122.61233000020822,48.07009999986828],[-122.60604500020494,48.06719200004047],[-122.60573499968524,48.06422099998097],[-122.60094500023231,48.06151099984259],[-122.59741469931915,48.058467192980366],[-122.59492200016984,48.05631800015238],[-122.59362099978827,48.04719999994138],[-122.59678599989282,48.038833999987745],[-122.60070726019406,48.03592091517191],[-122.60734200038858,48.03099200015313],[-122.60078299985061,48.028449999895194],[-122.59666299986918,48.02576200023711],[-122.59367799968967,48.01997799993204],[-122.58808399997261,48.01696599985894],[-122.58177999970277,48.010386000141665],[-122.57977612600186,48.010028356103646],[-122.56001800022959,48.006502000103616],[-122.54758799996513,48.00027699976635],[-122.54292400001057,47.99640400021257],[-122.54156400007777,47.9929979998867],[-122.54306299992774,47.98598299971601],[-122.55103199972893,47.977345999850584],[-122.55122584808242,47.976643135937636],[-122.55205299972803,47.97364400011364],[-122.55184900041186,47.9723639997631],[-122.54990899962259,47.97181500014189],[-122.54779999967722,47.9704890001046],[-122.54682399988397,47.96721499988302],[-122.52121900043879,47.972997000245215],[-122.51777999979953,47.97491599981754],[-122.5148130000617,47.981152000192196],[-122.50125700021614,47.987088999785705],[-122.48752800011822,47.98973599976167],[-122.47882600019801,47.9898100002219],[-122.47266000002045,47.98844900028137],[-122.46924700021876,47.986809999913646],[-122.46915382605918,47.98596592531483],[-122.46882399972115,47.98297799971594],[-122.46179499972821,47.9758819998427],[-122.45541299964054,47.97165800018596],[-122.44668200030635,47.963155000180315],[-122.44075999962794,47.95184499981838],[-122.44078999976516,47.94659399985193],[-122.4412009996689,47.94304500024556],[-122.44208385315034,47.94208716337875],[-122.44463899958494,47.939314999732076],[-122.44575900021654,47.936189999843734],[-122.44551900001703,47.93022600011888],[-122.43069500030019,47.917657000207896],[-122.43103500005881,47.91473200011893],[-122.41927400033927,47.9121250002086],[-122.41244700001269,47.91302799987985],[-122.40967100007055,47.91494499981584],[-122.40786199970086,47.91669299993055],[-122.40756799997297,47.91779199989716],[-122.40651699983665,47.92044199991256],[-122.4054230000426,47.92080800005007],[-122.40470800036526,47.92170999997341],[-122.40331999994505,47.92218899981612],[-122.39860999995975,47.922498999895254],[-122.39537100023531,47.922077000088066],[-122.3942094686915,47.920916510861225],[-122.39314199974105,47.91984999985402],[-122.39478200005635,47.91722799995417],[-122.39541300006812,47.91407100019207],[-122.39734899976112,47.912400999831796],[-122.39042000022562,47.90569599975815],[-122.38049700028976,47.90402299992311],[-122.37730000039817,47.90594100005519],[-122.37577999973347,47.910251999815046],[-122.37585799955126,47.91699100023798],[-122.37683699971757,47.92370300017693],[-122.3678760002296,47.93241500013896],[-122.36538099959655,47.93492400019587],[-122.35881199991115,47.93742000019011],[-122.3579114082961,47.93883875045255],[-122.35761099998699,47.93931199977406],[-122.35677099973785,47.94452400028135],[-122.3507410000027,47.95323499975736],[-122.35055855037187,47.954121891075204],[-122.34959699997995,47.958796000212004],[-122.35025399993097,47.969355000054634],[-122.3528331116207,47.97863426839338],[-122.35361099965617,47.98143299992681],[-122.35426799960719,47.98447699993897],[-122.35989599965941,47.98785499996361],[-122.36414262257006,47.99126513206877],[-122.36916099981936,47.99529499987011],[-122.37156000019293,48.00032999998628],[-122.3717979998443,48.00637299999539],[-122.37278799988125,48.01003099978557],[-122.37227400004537,48.020046999951035],[-122.37370000010043,48.02624700012237],[-122.37397989627833,48.02680666737837],[-122.3759239996735,48.03069399983116],[-122.37625900030756,48.0344570000168],[-122.38035499999954,48.033716999725],[-122.38297000028321,48.034198999983694],[-122.38738200034265,48.03402999990901],[-122.38783087681202,48.03418799471034],[-122.39238799970565,48.03579200007268],[-122.40062799966849,48.036563000281674],[-122.40341000035671,48.03673699976856],[-122.40668699971596,48.04079700016199],[-122.41194900007032,48.04160100022239],[-122.41617799983167,48.04348300004122],[-122.4198705939773,48.043447068322756],[-122.42542700009804,48.04339300013206],[-122.43126600003747,48.04500099975918],[-122.43732099988698,48.04900399981165],[-122.44511999980887,48.05169999981371],[-122.44841899980771,48.05432299987224],[-122.46160599958233,48.068501000131434],[-122.46897699988203,48.07704499994385],[-122.47278100039425,48.077610000205844],[-122.47866499964124,48.08240600007369],[-122.4813315335778,48.084579084234335],[-122.48397700022429,48.08673500014592],[-122.48760599993602,48.091189999923564],[-122.49110400012654,48.09424200006449],[-122.49176000025264,48.09708800022389],[-122.49601800032634,48.095562000163206],[-122.50513600017314,48.09550600017463],[-122.50867600019642,48.09685399980493],[-122.51327599967854,48.09753799988222],[-122.52542200026087,48.09653699988475],[-122.52272499996147,48.089790999954346],[-122.5169060001135,48.08108499970379],[-122.51108100041779,48.07530100022971],[-122.51393099997975,48.06676499993277],[-122.51777499977663,48.06346600003729],[-122.51464400000728,48.06120599974099],[-122.51399399972894,48.05907699987979],[-122.51631399956148,48.05718099998669],[-122.51607000006233,48.053420999818144],[-122.51226700027331,48.04960800014567],[-122.5134410004333,48.04627299970414],[-122.51131599969611,48.04198100004342],[-122.50965199998967,48.03975599994714],[-122.5127500001471,48.0354670000588],[-122.51333775436277,48.033999723738944],[-122.51525800030062,48.02920599990347],[-122.51797099959524,48.02243200013853],[-122.52279299973351,48.01912000021094],[-122.52340446048957,48.01877473701757],[-122.528190999632,48.01607199980149],[-122.52975195269387,48.01611946450394],[-122.53342000037439,48.01623100028362],[-122.5354430692763,48.016159771219264],[-122.53793600019092,48.01607199980149],[-122.54084786223494,48.017429354431634],[-122.54152499971971,48.017745000084034],[-122.54150432140017,48.02000243018897],[-122.54150100032855,48.02036499994229],[-122.54069544328404,48.021004847262176],[-122.53880300020425,48.022508000124084],[-122.53671299962716,48.026165999906496],[-122.53683235249075,48.03324267734652],[-122.5368430002218,48.03387400013365],[-122.53689213986446,48.03676910334519],[-122.53698600033694,48.04229899984766],[-122.53895299999205,48.050231999815914],[-122.54511999999455,48.05254999984768],[-122.54887000008014,48.05373899984981],[-122.54694600008271,48.05735599978437],[-122.54534199975244,48.0624760000807],[-122.54548999989042,48.069118999713176],[-122.54676600015765,48.07301599983459],[-122.54627200041324,48.075952000249266],[-122.55120800035436,48.07627599996888],[-122.55455900023175,48.07739199979141],[-122.5636729998806,48.09183400006462],[-122.56434504391767,48.092530194955266],[-122.56720700005609,48.09549500020187],[-122.57185299956897,48.10214299986574],[-122.57161499991759,48.10511299992087],[-122.5600409997958,48.11312300011658],[-122.55766400006183,48.117884000113705],[-122.55980800016728,48.121452999946214],[-122.56001300020672,48.124450000008586],[-122.56285199989803,48.128910000197834],[-122.56639799976911,48.1328329997784],[-122.56704800004742,48.14414499995969],[-122.56793599997714,48.14862399986961],[-122.57216200026376,48.154048999866184],[-122.5730619325154,48.15455556071977],[-122.57490499969562,48.155592999798856],[-122.57804700023398,48.156804000139346],[-122.58095600024548,48.15959800008897],[-122.5811760003535,48.16768799981257],[-122.58259499983758,48.170423999873044],[-122.58505699996033,48.17426300005539],[-122.58577800038378,48.18235200027413],[-122.5881380003993,48.18593999995922],[-122.59275399977494,48.190425999964816],[-122.60068699959113,48.19624399999223],[-122.60581900024914,48.20174900024146],[-122.60486799967194,48.206381999813985],[-122.60640599987997,48.208262000090926],[-122.61249599988957,48.211846999901496],[-122.61663299958943,48.21241700002336],[-122.62531299976833,48.2204999999105],[-122.62835200037452,48.22246699970152],[-122.63125999966279,48.220685999997556],[-122.63457799992824,48.2197509999054],[-122.63781699965263,48.22171100026212],[-122.64565400010765,48.22293700000553],[-122.64825199977454,48.226887999976874],[-122.65350914473478,48.22517832922832],[-122.65961699965898,48.223192000217395],[-122.66531850076608,48.2236959533865],[-122.66838499970142,48.22396699975273],[-122.67409499976941,48.223566000025656],[-122.67840499972164,48.22091899996066],[-122.68764200029247,48.222614999789066],[-122.68827575813215,48.22257052164462],[-122.69297099969563,48.222241000214154],[-122.6995589996476,48.21806800015886],[-122.70092299798176,48.217723368104366],[-122.70556699964143,48.21655000025142],[-122.71096700008808,48.21410899979266],[-122.71548299990461,48.21490100010007],[-122.72118700012481,48.213791999780604],[-122.72380200040848,48.21505899979757],[-122.72665399962027,48.218860000277395],[-122.72617900014244,48.22266099985848],[-122.72987800017437,48.22360800019512],[-122.7323579998405,48.226144000138255],[-122.73232600005345,48.22945800015495],[-122.72831800022502,48.23247800026245],[-122.71595800028075,48.23611900014657],[-122.70414200030963,48.23805099980069],[-122.6900609998592,48.238364999857225],[-122.68648599967581,48.23991800015158],[-122.68196999985928,48.24023499992195],[-122.6808483014118,48.2398614150866],[-122.67721700021629,48.23865200010568],[-122.66920999988194,48.24061400006628],[-122.65867799967562,48.244508999705644],[-122.65297299963049,48.25147300010912],[-122.653429999565,48.25933999988042],[-122.65263899971966,48.26508100015854],[-122.66034099955716,48.27014400029431],[-122.66170384355617,48.271748980053104],[-122.66343100021697,48.27378300018955],[-122.66283343999166,48.27696439793195],[-122.66271800018944,48.27757899998094],[-122.65630099994169,48.28327300020172],[-122.64788995985043,48.28593878479391],[-122.64631799973138,48.286437000202184],[-122.64299100014343,48.28880900010559],[-122.63609799969461,48.28849300018445],[-122.63253299955699,48.28564600004671],[-122.63110700040025,48.28264099983803],[-122.63538499966708,48.2797939998979],[-122.64394099999741,48.279635999792504],[-122.64370400017096,48.276156000266944],[-122.63823699977719,48.270619000250434],[-122.63110700040025,48.26713800024408],[-122.62377899975824,48.26943100027231],[-122.62587799965786,48.271409999917076],[-122.62492699997895,48.27789600006741],[-122.62142100029085,48.27995799984607],[-122.62074800044631,48.282960999887145],[-122.62587199981004,48.2858119998179],[-122.62675700026503,48.28899100000502],[-122.61846600024859,48.294158999952224],[-122.61681643107887,48.29452003367473],[-122.59953199969773,48.2983030000094],[-122.58408600018994,48.297987000273],[-122.57487200008364,48.29490300025979],[-122.55833199988352,48.2820609999821],[-122.56122900019946,48.277262999928716],[-122.56048900040778,48.27321700003942],[-122.55843599964061,48.272165999912296],[-122.55783999978892,48.27344499974906],[-122.55890000014608,48.277093000227175],[-122.55766400006183,48.279318999741875],[-122.55552857886735,48.28011664579605],[-122.55179300033535,48.28151199979752],[-122.53097599979495,48.28244499973706],[-122.5227559999236,48.285504000253574],[-122.51953499974253,48.2883140002771],[-122.51069700027823,48.29355999973536],[-122.50582800028427,48.29767699981868],[-122.50472899956905,48.30037299988787],[-122.50656800007597,48.31004099992978],[-122.51597899982575,48.32041899983206],[-122.52232225827014,48.32304523275712],[-122.52724900017394,48.32508500008401],[-122.53094700038095,48.32862799991023],[-122.53570800041989,48.33226299975915],[-122.54454900025725,48.336035000169566],[-122.55133399985274,48.34213800028168],[-122.56552499990799,48.34821700024873],[-122.58516200044063,48.35330400018109],[-122.59387211663943,48.35453286638362],[-122.59402900021728,48.354555000014955],[-122.59711899997876,48.355661000158314],[-122.59722900048193,48.356099843791846],[-122.5975940003549,48.35755599989079],[-122.59459975291787,48.35878083117599],[-122.59450399969514,48.358820000216404],[-122.58889099971148,48.36300499995322],[-122.58024300021796,48.37161000019287],[-122.58017299989777,48.37482399996429],[-122.58391299993757,48.37998299980679],[-122.58405299967966,48.38281799983227],[-122.58600900036245,48.38551300027121],[-122.58578099985851,48.38896600003312],[-122.58529087005634,48.39305591124819],[-122.58503799969375,48.3951660000205],[-122.59046400007962,48.39497299989067],[-122.59535099961695,48.397200000161064],[-122.59673200036445,48.405625999814916],[-122.6019799995768,48.40990700027587],[-122.60971499992458,48.411565000231406],[-122.61717400008783,48.407144999943576],[-122.6201729996127,48.40365200006809],[-122.62429299959412,48.40048800019277],[-122.62611500038261,48.40144300003805],[-122.6273039997129,48.404282999735976],[-122.63086899985055,48.40302099972861],[-122.63499100038011,48.40424399984548],[-122.64452689649708,48.405453611099354],[-122.64479799996498,48.405488000271475],[-122.65107200009763,48.4028630000277],[-122.65748900034538,48.40175799986419],[-122.66152999978576,48.40254699974994],[-122.6646589999053,48.40150800023765],[-122.66492800041713,48.37482299987803],[-122.66664007166936,48.36985145477401],[-122.66685036637905,48.36924079585539],[-122.6684109996407,48.36470900010711],[-122.67373099972136,48.35468299976607],[-122.68281799960602,48.343737999732014],[-122.68719899970336,48.341286999888965],[-122.69030100005874,48.33510999986914],[-122.69488499964734,48.329694000088196],[-122.70026400017755,48.32747900010817],[-122.70265900035315,48.321730000122855],[-122.70707700026041,48.31528600011842],[-122.70809765081485,48.31437956458279],[-122.71226000007371,48.31068300027769],[-122.71648187439824,48.30806118750523],[-122.7224159717903,48.30437607316099],[-122.72258999971537,48.304267999812566],[-122.72724299979926,48.2937289997359],[-122.72879299970286,48.28517099991008],[-122.7301311553029,48.2827897554226],[-122.73202200027984,48.27942500003239],[-122.73886399977671,48.27434900004886],[-122.74832892718963,48.264477120652614],[-122.75256299973736,48.260060999710404],[-122.75621431000754,48.25376103742619],[-122.75746100004368,48.25161000002407],[-122.76238799976394,48.23834800013595],[-122.7662569996752,48.2327469997589],[-122.76993899998871,48.227548000018245],[-122.7700450002939,48.22439499996091]]],[[[-122.7670530004417,48.70701199990905],[-122.7661570001161,48.701791000063885],[-122.76600751146967,48.70133467423309],[-122.76505400010122,48.69842399974893],[-122.76434400044675,48.695658000129804],[-122.76346639222822,48.69521122916808],[-122.76153499999434,48.694228000084806],[-122.76076400024048,48.69428200010876],[-122.7595969997532,48.695668999772025],[-122.76001900042591,48.696132999740975],[-122.76033075445704,48.69621421518649],[-122.76146999969698,48.69651099980549],[-122.76283700020082,48.698601999947066],[-122.76284300004862,48.700716000031235],[-122.76484499986384,48.70742699984413],[-122.76563300023444,48.708013000277816],[-122.76656700019491,48.70780100026332],[-122.7670530004417,48.70701199990905]]],[[[-122.74292799968164,47.151474000243645],[-122.73333299980884,47.146018000276264],[-122.72976799967122,47.14068300021345],[-122.72216200009318,47.13712699993477],[-122.71199800013291,47.12768199977366],[-122.70482019690809,47.1248188339227],[-122.70243400022227,47.12386700001601],[-122.69882775483666,47.12481900017367],[-122.69474800027828,47.12589599981656],[-122.69296300019805,47.13065299996307],[-122.69696799965341,47.13567099992763],[-122.69534300030503,47.140175000156624],[-122.69482899957084,47.143755000106346],[-122.68841100039647,47.143431999872234],[-122.68424899968396,47.13985699973175],[-122.67549800025827,47.141963999780465],[-122.67747800033219,47.145047999928764],[-122.6772399997825,47.14844299976971],[-122.67343699999348,47.14989800000189],[-122.67415000002102,47.16783700007904],[-122.67392700043824,47.174675000080825],[-122.68165600003994,47.181216999753396],[-122.69257599968543,47.1843380001256],[-122.69577900032311,47.18900099979778],[-122.70671300021233,47.18738499997245],[-122.7108080000794,47.18538300012775],[-122.71764600027663,47.179147000127244],[-122.72389199992185,47.17645999971191],[-122.72984300001428,47.16694299999217],[-122.72976799967122,47.16363600002038],[-122.72715300028588,47.160727000272146],[-122.73238200012995,47.15927200026428],[-122.73757900018695,47.15683000015108],[-122.74173699980321,47.15504499988674],[-122.74292799968164,47.151474000243645]]],[[[-122.7404820003507,48.584985999858965],[-122.73783399955677,48.58160600020107],[-122.73761099997401,48.57825000027873],[-122.73954199964413,48.5761339997914],[-122.7394400004352,48.573892999725764],[-122.73838897065446,48.57230786269672],[-122.73619900016264,48.56900499990472],[-122.73047999987384,48.565601999813836],[-122.72792999988752,48.56466199987241],[-122.72626600018106,48.56560600000898],[-122.72270100004343,48.56450499989399],[-122.71889800025441,48.561831000134674],[-122.7212749999884,48.55899900005694],[-122.72351000033044,48.55295500016007],[-122.72403099983902,48.54990600027541],[-122.72173000027304,48.54742300005309],[-122.72240700031556,48.5406059997259],[-122.7172780000306,48.53973900015696],[-122.71652454078101,48.53981733552414],[-122.706062999934,48.540905000167214],[-122.69869500000733,48.54342300018784],[-122.69538232046334,48.54348568545961],[-122.69319900019958,48.5435270002098],[-122.68943999989318,48.54390299987869],[-122.68585999968695,48.54310800018431],[-122.68407982355974,48.5442080642604],[-122.68401379558973,48.54424886636536],[-122.68229500044761,48.545311000067464],[-122.6813439998704,48.54830099971536],[-122.6817627441502,48.550623721143275],[-122.6820479996771,48.5522059998302],[-122.68957999963527,48.553781999905254],[-122.69237999986684,48.55234099992837],[-122.6951869997711,48.552177999958516],[-122.69666899990266,48.5531129998646],[-122.69607399987594,48.55434400007699],[-122.68700299988477,48.55801199991269],[-122.68311047129959,48.56051143893561],[-122.67741899988265,48.564166000266276],[-122.67660399974785,48.56629799987902],[-122.67493300036872,48.56642900029011],[-122.67294900009685,48.56396499995056],[-122.67064799963255,48.56446200026171],[-122.67044099994332,48.56563599997632],[-122.66894443273112,48.56617614496178],[-122.66822999989071,48.56643399970914],[-122.66920599968397,48.569356999907384],[-122.67163699984462,48.569183999997804],[-122.67789799955845,48.5766999999847],[-122.68701200010561,48.579873999717584],[-122.69655599992475,48.58809300012554],[-122.69489200021835,48.58950800008994],[-122.69140499989851,48.59026100009963],[-122.69236228868269,48.59119678683266],[-122.69465500039188,48.59343800014582],[-122.6934660001633,48.59563899981923],[-122.69805010665141,48.600034111437154],[-122.69821999963119,48.600196999955756],[-122.70154700011746,48.601297000096494],[-122.7029730001725,48.602711999785726],[-122.70439900022757,48.604441000146245],[-122.70939100024519,48.607111999871734],[-122.71105400012671,48.60931300012673],[-122.71451200013422,48.60877999988348],[-122.7181450000439,48.607339000028254],[-122.71970499999328,48.6049500001405],[-122.72492999963937,48.603263000164056],[-122.72543400032787,48.60204399982838],[-122.72467600009449,48.596982000204626],[-122.72964399982264,48.59569799984536],[-122.73064499973027,48.592893999816056],[-122.72932400015551,48.58971499999182],[-122.73357700020632,48.586761000193945],[-122.7404820003507,48.584985999858965]]],[[[-122.72686799988051,47.204418000098265],[-122.72209799962074,47.2015030001682],[-122.71526899964435,47.199014000260206],[-122.7018810000283,47.197876000057455],[-122.69673000000203,47.19610699992115],[-122.69269000038658,47.193039000123],[-122.68769800036895,47.19255400006401],[-122.67771599998356,47.19110000007787],[-122.65727500008512,47.193523000143195],[-122.64775100035743,47.197281000057636],[-122.64239500029178,47.2008480002379],[-122.64180000026502,47.205013000011725],[-122.64418000037202,47.20917900008313],[-122.64871899975479,47.21564499998736],[-122.65964500014638,47.21929200012298],[-122.66250399992919,47.217420999975076],[-122.66202899955306,47.214192000084154],[-122.66464300001176,47.214031000191774],[-122.66868400035045,47.21580699993062],[-122.66749500012187,47.223393999829966],[-122.67605200027712,47.22613800007845],[-122.67987099995968,47.23118600021412],[-122.68522600020043,47.23237600030468],[-122.69177200031962,47.23118600021412],[-122.70247699987998,47.23118600021412],[-122.70457300030483,47.23098000007503],[-122.70718799969016,47.22484700014866],[-122.70980200014891,47.222263999971574],[-122.71669499969943,47.21677499997446],[-122.71972699973458,47.21096000018769],[-122.72686799988051,47.207394000286264],[-122.72686799988051,47.204418000098265]]],[[[-122.72226199965229,48.73162400022965],[-122.72018799986704,48.72801399989666],[-122.72198100034322,48.72337499990081],[-122.72114600011695,48.72163499996621],[-122.71833800038776,48.720451000256375],[-122.71883299995709,48.716817999740435],[-122.71354999968634,48.71624799979461],[-122.70938899969705,48.71692400012659],[-122.70222300033507,48.71700400020303],[-122.69935699998125,48.71586100017763],[-122.69994299978715,48.71366800024979],[-122.69179499988583,48.71149800021301],[-122.68706900000701,48.70487400023806],[-122.68514699965942,48.69802500003591],[-122.68348399977788,48.69551499981851],[-122.67869400032495,48.6908539999701],[-122.67850500017907,48.68789300027036],[-122.67353800027581,48.6808090001558],[-122.66772299972752,48.678416000045644],[-122.66559700006373,48.67562800004964],[-122.65770500025542,48.670478000011826],[-122.65454799964849,48.66642800002563],[-122.64949500042982,48.66491400019474],[-122.64837700034631,48.661753999792374],[-122.63529900035165,48.6518460000322],[-122.6311269995934,48.65083899981282],[-122.6213400001,48.64907999994534],[-122.61695599962961,48.64556300021984],[-122.60857199972673,48.640447999929215],[-122.60874800035214,48.64435599992218],[-122.61005499968321,48.65047499998346],[-122.6123340004062,48.65458899977977],[-122.61336799992577,48.65847700017812],[-122.61737599975419,48.668058000250184],[-122.61822500022414,48.670721000077286],[-122.62350699977166,48.67364299984],[-122.62470299967296,48.67672000024199],[-122.62712700016088,48.678965000256554],[-122.63152499997668,48.68102699991533],[-122.6349970002279,48.684846000088896],[-122.64490099989715,48.6913889998909],[-122.65187200016376,48.69426000021582],[-122.657576000384,48.694730999920765],[-122.6597160002915,48.69708400001094],[-122.66518199996202,48.69739800028042],[-122.66740999973305,48.70405799985486],[-122.66894700011622,48.70664399999057],[-122.66803400007215,48.70869099988173],[-122.67737200002696,48.71338699988667],[-122.68110700004394,48.71637599991633],[-122.68024300040366,48.71947900024148],[-122.6816689995604,48.7237949998373],[-122.68395900015405,48.72688199991636],[-122.69023499993648,48.73082999984347],[-122.68752400029167,48.73472100011491],[-122.69373899997474,48.735491000252495],[-122.6953680004194,48.737384999764146],[-122.70306000021115,48.74360200020256],[-122.71081700030024,48.74757300001395],[-122.71570899986041,48.74867200001995],[-122.71543100002607,48.74661599983245],[-122.71881799988846,48.74058399994334],[-122.72226199965229,48.73162400022965]]],[[[-122.71374300003019,48.47836800021708],[-122.71321999997348,48.47622099988551],[-122.71034100009918,48.47571499993514],[-122.7041620004011,48.473824000258745],[-122.6951299998697,48.4739809998416],[-122.69094100029132,48.47277600002498],[-122.68799499957156,48.475024999990744],[-122.690138999677,48.476029999896966],[-122.68799899976952,48.47823600008889],[-122.68799899976952,48.4809140001778],[-122.68990100002564,48.48233199999088],[-122.687285999742,48.484380000060945],[-122.68609800023663,48.48690100008266],[-122.68681100026414,48.487846000065595],[-122.68966300037428,48.48753100024169],[-122.6953680004194,48.48469499980759],[-122.70083400008994,48.4837500000574],[-122.705337000386,48.48416999973837],[-122.70915299969549,48.48406500014421],[-122.7100130000361,48.48206499988663],[-122.71171899957534,48.47928499990929],[-122.71374300003019,48.47836800021708]]],[[[-122.71280499987178,48.46729500026924],[-122.71249600007529,48.46473099992589],[-122.71007099976245,48.46162100026186],[-122.70725200016258,48.46121700016984],[-122.70590700029838,48.46093500000483],[-122.70568999966508,48.459175999976445],[-122.6996339999907,48.4577699998486],[-122.69584299989722,48.45979799972159],[-122.69487399977669,48.46243600019817],[-122.69489200021835,48.46468400028269],[-122.69726899995229,48.466101999869906],[-122.69845700035597,48.468308999939794],[-122.69964599968624,48.46972700009252],[-122.706062999934,48.46862400001956],[-122.70843999966796,48.46783600000312],[-122.71186099986558,48.468147999924845],[-122.71280499987178,48.46729500026924]]],[[[-122.69926599974464,48.62111500007702],[-122.69833278491176,48.61731433329309],[-122.69821999963119,48.61685500022236],[-122.69465500039188,48.61748400023267],[-122.69220300031483,48.61689300005925],[-122.69182922839312,48.616669612013325],[-122.68613599987147,48.61326700014109],[-122.68452268760495,48.612712186085794],[-122.67679600026679,48.61005500023569],[-122.67570389681633,48.609853237379106],[-122.6673429171409,48.608308572582956],[-122.66614900043277,48.60808799999224],[-122.65701599961903,48.60989100015444],[-122.65791500031773,48.6123400000692],[-122.66239900034721,48.61434099985757],[-122.66245299987555,48.617399999725485],[-122.66291200035818,48.620378999820176],[-122.666356000122,48.6219589998774],[-122.67151700019403,48.62482699981821],[-122.67289999969306,48.62920700004839],[-122.67417299958723,48.629944000226],[-122.67946099988085,48.62914400006307],[-122.68257913487702,48.62838183590921],[-122.6853850002091,48.627695999926466],[-122.691721000266,48.62490200001568],[-122.69805999979762,48.62308000003949],[-122.69926599974464,48.62111500007702]]],[[[-122.67034800005692,47.27357099984541],[-122.66857100037258,47.270446999763514],[-122.65727199971205,47.262713999991234],[-122.64657999967221,47.25357099976229],[-122.64111300017674,47.24663299995849],[-122.63469599992901,47.24340600012519],[-122.63300299991025,47.24003199989741],[-122.62990599957776,47.23713700028118],[-122.62518800009487,47.23469199969746],[-122.62414789292964,47.23272327600925],[-122.62218399964878,47.22900600029991],[-122.61860699981557,47.22523900005325],[-122.61423599976396,47.22087199991798],[-122.60831300015897,47.21758299998388],[-122.60253899961856,47.21750600019205],[-122.59833099977357,47.22258699985302],[-122.59048699964586,47.22775199981233],[-122.58977399961833,47.23356199974472],[-122.58885999974935,47.23713700028118],[-122.6009545035097,47.24265356303154],[-122.60189599991122,47.243083000257755],[-122.60729999965746,47.249630000292],[-122.62157399955342,47.25855299971337],[-122.62709000035098,47.26050700005047],[-122.6281199996726,47.26747499976407],[-122.63109499980635,47.26801599984609],[-122.63336421967252,47.26730277784367],[-122.63445800027762,47.26695899981379],[-122.64182600020426,47.270345999837],[-122.64953600043769,47.27520800005748],[-122.65703800025867,47.27518400029023],[-122.66381100015855,47.27758799981264],[-122.66701999974573,47.277602999825056],[-122.66963500002937,47.276473999929216],[-122.67034800005692,47.27357099984541]]],[[[-122.65434199978415,48.53795600003344],[-122.65204100021816,48.531329000076056],[-122.64925600005523,48.528768999708795],[-122.64041400039292,48.525860000075674],[-122.63573799984451,48.52602100015489],[-122.61985799996845,48.52924600026905],[-122.59994799962435,48.53690399978997],[-122.5901939997429,48.536258999894095],[-122.58936199988968,48.533823999709156],[-122.58356499978304,48.532339999923956],[-122.57589100043296,48.52930399983748],[-122.57296700035279,48.52902799994319],[-122.57276700033628,48.531015999743786],[-122.57402299961369,48.532949999731585],[-122.5772310002743,48.534167000123794],[-122.5743890002099,48.538544999775944],[-122.57749499986491,48.544671999744885],[-122.57885599962265,48.548130000228575],[-122.5839849999076,48.55153399982318],[-122.59290100008803,48.55363500022798],[-122.59714400009311,48.55436800004477],[-122.60193299972114,48.55802900016973],[-122.61084100040398,48.56114599970424],[-122.62049800020105,48.56780800026214],[-122.62932099959674,48.57220000001872],[-122.63566300039973,48.5786659998153],[-122.63713600031048,48.58431899975752],[-122.64259699995813,48.588338999861485],[-122.64559499965812,48.58889400028737],[-122.64940500001813,48.58845700025669],[-122.65238500017477,48.58343199992841],[-122.65092099958656,48.57645699970876],[-122.65190300012591,48.574568999997204],[-122.6516119998728,48.56921199996834],[-122.6464750000902,48.56484299971223],[-122.64521700026464,48.560887000286485],[-122.64688099997107,48.55758299971917],[-122.65078599986734,48.554019000160125],[-122.65361200003818,48.54897499970565],[-122.65434199978415,48.53795600003344]]],[[[-122.65044600010872,48.71229900029181],[-122.64497899971497,48.706965999844115],[-122.64117699975085,48.705240999956935],[-122.63024299986165,48.69692700003111],[-122.62239999955885,48.69394599994106],[-122.61598300020941,48.69394599994106],[-122.60956500013675,48.69677000015458],[-122.60590600028777,48.6997319997939],[-122.60648100022306,48.70316400013649],[-122.60855900020626,48.708106999724414],[-122.61122899984319,48.71402400007195],[-122.61412500033421,48.71510499978085],[-122.61527000018188,48.71339699986535],[-122.61740900026446,48.709946000116325],[-122.61645799968723,48.70775000007345],[-122.62002299982488,48.706808999859945],[-122.62406400016357,48.706965999844115],[-122.62739099975155,48.708534999979385],[-122.63190699956809,48.71057400005206],[-122.63737399996184,48.71073000015356],[-122.64117699975085,48.708847999922185],[-122.65044600010872,48.71229900029181]]],[[[-122.6406379998006,47.14941299986992],[-122.64029825246857,47.148715576010616],[-122.63912200023218,47.14630099988237],[-122.63643400015361,47.14764500016104],[-122.63517100030515,47.15005900022615],[-122.63038799962662,47.1535430002846],[-122.62891227153236,47.15775471418949],[-122.62884699994382,47.15794100000517],[-122.62922900043355,47.16218100027677],[-122.63018000011246,47.16573600015235],[-122.63060774910468,47.166609059469316],[-122.63086869711827,47.16714166791063],[-122.63112999996646,47.167675000216335],[-122.63477170185632,47.164828436438526],[-122.6358840003327,47.163959000242514],[-122.63864900040416,47.15534200013027],[-122.6406379998006,47.14941299986992]]],[[[-122.61518599961798,48.58018199998601],[-122.61424889957145,48.57963973970517],[-122.61336799992577,48.57912999971704],[-122.60932800031028,48.58085999975295],[-122.61004100033782,48.582432999828356],[-122.61103402500234,48.58254232992024],[-122.61289300044791,48.582747000293985],[-122.61518599961798,48.58018199998601]]],[[[-122.61465500006365,48.61100400011948],[-122.61154500021067,48.60849500004937],[-122.60795199958564,48.60699899984258],[-122.60611499962684,48.60588499981504],[-122.6027599995515,48.605293000180815],[-122.60167608424482,48.60570998413505],[-122.60007999986883,48.60632399995826],[-122.5984799997365,48.60767400020846],[-122.5989030002341,48.61137599998632],[-122.60172199983394,48.614026999728],[-122.60683400040047,48.61367900012108],[-122.61077699993156,48.61573500027957],[-122.61322800018368,48.61433400017671],[-122.61447699978841,48.61314699978571],[-122.61465500006365,48.61100400011948]]],[[[-122.59334600032696,48.6514240002013],[-122.59286500010303,48.64999799997428],[-122.58525100012909,48.64952100020062],[-122.58192399964284,48.6480940001152],[-122.58382400024911,48.645237000155355],[-122.58001700026215,48.64475999986123],[-122.57763700015514,48.64761700013573],[-122.58382400024911,48.659987999908374],[-122.58667800000906,48.66046499975065],[-122.5871580004081,48.65523100006158],[-122.59334600032696,48.6514240002013]]],[[[-122.59084099964818,47.66326099995201],[-122.59076799985326,47.66161500009736],[-122.58060100041824,47.64549300020336],[-122.57780200001157,47.643663999848464],[-122.57777123720467,47.642364931028084],[-122.57724299996984,47.62005800027745],[-122.5736000000144,47.615689999885774],[-122.57517406847941,47.60827341018539],[-122.57684700013473,47.60039100012715],[-122.5733120001343,47.59458299998882],[-122.56763999970114,47.59067700002107],[-122.56162099983662,47.59370900001707],[-122.55691099985134,47.601693999827674],[-122.55097099962956,47.60450600017789],[-122.54915543976166,47.604012773043245],[-122.54797100027976,47.603691000016894],[-122.54579600021218,47.60086099971282],[-122.54669900021048,47.599093999999184],[-122.54454699970911,47.59719400000404],[-122.54186216798854,47.596702343154654],[-122.53841999988961,47.59607200028359],[-122.53216599984847,47.589612000121626],[-122.52275199972563,47.57542300020905],[-122.51836700032865,47.57408000004918],[-122.50392400037832,47.575335999814335],[-122.49858099983314,47.577900000062535],[-122.49592399971668,47.5802929997783],[-122.48525500014135,47.58215699995128],[-122.48027800019236,47.58326799985026],[-122.47987099958824,47.58483000004241],[-122.48393799986623,47.58641799977694],[-122.4991909999285,47.59002400024097],[-122.50349400020802,47.5923530002225],[-122.51474000026676,47.594438000014414],[-122.51612600013884,47.59573099985368],[-122.51573329262924,47.59594939842152],[-122.51421100036225,47.596796000021136],[-122.50585400022354,47.59743300001834],[-122.49965299988584,47.5969640000544],[-122.49847899972586,47.59723000021544],[-122.49834300018175,47.59786699977515],[-122.4993259996477,47.605508000220915],[-122.4989356672837,47.606800152337875],[-122.49778599978981,47.61060600013001],[-122.49922814706211,47.61465029492926],[-122.50035699969256,47.61781600024257],[-122.5020070000536,47.61782599996138],[-122.50345900004791,47.61622399991021],[-122.5118360002781,47.61572100002609],[-122.52419299984932,47.61795099991835],[-122.5258520004312,47.619213000077224],[-122.52565711811683,47.619419794088024],[-122.52462499966943,47.62051499990693],[-122.51989700014079,47.62246200004465],[-122.5143850004395,47.62109199993522],[-122.5107674219083,47.622872532373506],[-122.50452699990268,47.62594399973867],[-122.50139899960806,47.62613499982304],[-122.49638300019932,47.621769999935985],[-122.49380600044879,47.621378000223686],[-122.49328099984393,47.622556999753094],[-122.49430400039117,47.62553199972568],[-122.49326135368868,47.62836283618427],[-122.49280899984085,47.6295910002148],[-122.48913099972529,47.63318400008437],[-122.49320499967595,47.63512199987176],[-122.50211599983352,47.63907399998089],[-122.50816400001035,47.643656999752885],[-122.51257600006981,47.64997199983956],[-122.5174139920168,47.651737052998605],[-122.51828000029005,47.65205300006284],[-122.51495299980378,47.654134000264705],[-122.5078850003511,47.656591000109294],[-122.50069700034948,47.659597000180725],[-122.4978400002165,47.66181899994746],[-122.50387908191917,47.66478409179377],[-122.50416200002968,47.664922999953085],[-122.50870899980838,47.670842999698685],[-122.50779400011449,47.6818520002427],[-122.5049863704912,47.68510467648888],[-122.50464599972837,47.685498999907104],[-122.5063019999372,47.68701999991415],[-122.50382300009599,47.69439900005686],[-122.50460399989558,47.69913600007958],[-122.50791100029036,47.70492900017526],[-122.50991399993049,47.70771500003506],[-122.5111960000455,47.70871499970329],[-122.51243799997754,47.708914999994285],[-122.51412299960037,47.70871300009548],[-122.51666199971606,47.70699799984913],[-122.51754799999594,47.70528499973556],[-122.52048200012182,47.7050709999789],[-122.5228399995892,47.70788700014977],[-122.52535699996353,47.70755399985973],[-122.52645599978045,47.70088899972002],[-122.52811426374382,47.700103554713166],[-122.52827799967064,47.70002600022173],[-122.53002699976588,47.70078700007896],[-122.52985199986371,47.7040240000902],[-122.54086799976866,47.708630999787474],[-122.54316099983704,47.71094099982414],[-122.54410599966816,47.718186000062424],[-122.5481849996417,47.72052699980722],[-122.55284799977133,47.720756999978114],[-122.56287347502321,47.71106818815171],[-122.56389600036167,47.71008000006398],[-122.56271800000373,47.701531000099294],[-122.56545799996083,47.69454100012541],[-122.56463899962812,47.681886000194815],[-122.56129199994868,47.67706999996877],[-122.56106240224015,47.67453959609358],[-122.56100700044163,47.67392900023046],[-122.56450300008397,47.67156300020207],[-122.5657219995515,47.66594199978036],[-122.56917899973409,47.66321899999814],[-122.57084900018661,47.66374399971503],[-122.56995200003608,47.673330000159325],[-122.57094700009594,47.67472599995941],[-122.57317400004204,47.674241999732864],[-122.58571499973628,47.665459999814004],[-122.59084099964818,47.66326099995201]]],[[[-122.58121200033852,48.41342499976171],[-122.5811629999347,48.412003000192264],[-122.5794840001597,48.411785000043515],[-122.5773100232732,48.41362260393231],[-122.5767759999896,48.41407400000795],[-122.57692699960235,48.414870999993475],[-122.57792900023318,48.415203000035916],[-122.58121200033852,48.41342499976171]]],[[[-122.57890500002647,48.395765000254855],[-122.57857119864327,48.39572202614691],[-122.57469499963334,48.395223000020785],[-122.56965400011023,48.39613999981829],[-122.56229000038157,48.3979250000728],[-122.5606030002106,48.39860599987317],[-122.55989000018307,48.40081500024544],[-122.56012799983444,48.402708999779],[-122.56416800034823,48.40192000002056],[-122.56749599976108,48.40192000002056],[-122.57153600027488,48.40034200016894],[-122.573155337542,48.40141636787189],[-122.57319999998131,48.401445999920625],[-122.57533900006389,48.400972999747474],[-122.57771599979785,48.39844800017637],[-122.57890500002647,48.395765000254855]]],[[[-122.57061099963694,48.53719199977046],[-122.57016700012122,48.535842000163534],[-122.5674170001184,48.535263000144354],[-122.56678899958135,48.536057999926406],[-122.56767999988409,48.537400000224416],[-122.5686280000883,48.53796400003747],[-122.57021800017486,48.53798800004198],[-122.57061099963694,48.53719199977046]]],[[[-122.55897399976594,48.53530399980469],[-122.55826599976128,48.534480999933244],[-122.55500100009762,48.53470400015732],[-122.55415500000072,48.53545099979371],[-122.55440299969784,48.53690399978997],[-122.55512816201599,48.5370091933035],[-122.55731900028034,48.5373270000709],[-122.55810000007995,48.537100999897945],[-122.55897399976594,48.53530399980469]]],[[[-122.55242000014917,48.52488999971669],[-122.55066299965799,48.52148799996275],[-122.54674299969312,48.51990099987022],[-122.54536900041491,48.52062300003323],[-122.54357299956568,48.523265999828965],[-122.54489300021385,48.52588899972498],[-122.54663700028621,48.52718500008578],[-122.54959399997833,48.52834499986749],[-122.55177700044183,48.52716000024933],[-122.55242000014917,48.52488999971669]]],[[[-122.53819300010886,48.362907000289304],[-122.53710299961448,48.36179399987064],[-122.53362100021585,48.36092599986581],[-122.53211399996992,48.36123500010383],[-122.52747799960447,48.359723999762736],[-122.52524800018361,48.360730999875145],[-122.52498714289982,48.361268483273804],[-122.52445399996523,48.36236699992845],[-122.5260149997395,48.36425799971581],[-122.53021500008686,48.36574500007011],[-122.53521799997512,48.36526799994594],[-122.53819300010886,48.362907000289304]]],[[[-122.52813000043095,47.34554299973104],[-122.5233760000647,47.337627000281884],[-122.51885199985225,47.33332099993046],[-122.50848799987544,47.33272299989644],[-122.50491299969207,47.33068099986867],[-122.49312600003324,47.33025399993281],[-122.49106599959337,47.33242800007632],[-122.49123399982287,47.33517099969783],[-122.48971099968344,47.351726999872284],[-122.48757199960086,47.35720200027393],[-122.48781000015053,47.36509100016176],[-122.48424400018799,47.380059999896496],[-122.47830200031639,47.384245000140396],[-122.4732690002909,47.38710700023462],[-122.46595211450389,47.38727938056668],[-122.46499199961981,47.387301999935445],[-122.4564360001878,47.38488799976846],[-122.45144499999512,47.38295699995141],[-122.44502699992243,47.389393999917466],[-122.44882999971145,47.392451000300746],[-122.45215800002262,47.3951869998425],[-122.46023899997681,47.39341700013994],[-122.46451700014197,47.39068099992398],[-122.46594300019704,47.3951869998425],[-122.46404199976583,47.39920900026527],[-122.46000100032545,47.40162199977234],[-122.45395800017148,47.402631000156056],[-122.44787900003257,47.40210500023288],[-122.44265000018848,47.404518000253745],[-122.43956100025191,47.404195999784875],[-122.43908500005085,47.39454300023666],[-122.43718399961963,47.39068099992398],[-122.43314300017923,47.38810700010912],[-122.43575799956456,47.38633699981011],[-122.44241300036201,47.384727000008354],[-122.44483811655755,47.38195359163503],[-122.45310799987664,47.372496000122275],[-122.45667399983915,47.37169100003934],[-122.46380400011444,47.37507100007935],[-122.46618099984843,47.372496000122275],[-122.46667299994299,47.36860600005338],[-122.47069699966494,47.36589599998114],[-122.4745000003523,47.35913399988547],[-122.4771139999127,47.35108300002881],[-122.47568799985766,47.347056999905035],[-122.46970400015327,47.34462400017173],[-122.45749700036987,47.342566999714286],[-122.4539949999814,47.343338000263955],[-122.45091299971753,47.349206000061336],[-122.44839500041658,47.35498800029796],[-122.44455200044459,47.356879999749225],[-122.44491999979233,47.35940499970054],[-122.4378129999816,47.36560400018088],[-122.43333399997495,47.36755799993729],[-122.42958399988939,47.369193000126195],[-122.42125900043605,47.371046999886545],[-122.41795700006415,47.374886000009184],[-122.40438399960185,47.378612000107566],[-122.40036499990276,47.38156600019027],[-122.39102500029809,47.38276699978084],[-122.3784789996827,47.385329999834504],[-122.37491100007033,47.38694799971072],[-122.37362700030548,47.38871800017056],[-122.39504999984496,47.399276999861414],[-122.40749575116962,47.40037699154414],[-122.42733000017907,47.40212999973081],[-122.437653000148,47.40742500007609],[-122.4375200000786,47.41262700024919],[-122.43993399962248,47.41700700026797],[-122.43896987106572,47.41765151305708],[-122.43573499999835,47.4198139999087],[-122.43065400029231,47.42150799974741],[-122.4299360002419,47.42367500016993],[-122.43640399964497,47.430262999839634],[-122.43987599989617,47.4377689998847],[-122.43860800002487,47.441986000298975],[-122.43953600013754,47.448897999892765],[-122.44301316570166,47.453358034057416],[-122.4430950004274,47.45346300001823],[-122.43941499976374,47.45863300021012],[-122.43338800040165,47.46643100029541],[-122.44499400031049,47.47317500001953],[-122.4474310003189,47.47825499993489],[-122.45254800000997,47.48112299980783],[-122.46002999973943,47.4868579999342],[-122.45904999974823,47.4922770002688],[-122.4604420003664,47.493762999932606],[-122.45857500027037,47.498218999933705],[-122.45310100020393,47.50225700009738],[-122.45239999987196,47.503471000271155],[-122.4572460002997,47.50584800012874],[-122.4685590003056,47.51007799987797],[-122.47662400036624,47.511078999845445],[-122.47877099994643,47.49690199972695],[-122.48274199996496,47.48313099988717],[-122.48355772863343,47.48274169174325],[-122.49786399960763,47.47591400023026],[-122.50245200029252,47.46796099989699],[-122.5089630002516,47.46111200012014],[-122.51172066557876,47.45436342639463],[-122.51395400044429,47.448897999892765],[-122.51324100041676,47.42333599995096],[-122.5144959998693,47.41930399995176],[-122.5147019997336,47.41404700011674],[-122.52203500039847,47.407251999854545],[-122.52281227757953,47.40520216020454],[-122.5239810001372,47.40212000017628],[-122.5267329997899,47.39858200022044],[-122.5277400004436,47.392289999923605],[-122.52084699999479,47.38295699995141],[-122.51633100017824,47.377323999772194],[-122.51779900006609,47.36867900010718],[-122.52393699975627,47.36653999975306],[-122.52603099963301,47.35890599991268],[-122.52813000043095,47.34554299973104]]],[[[-122.50629400043957,47.54424299999041],[-122.49956699967213,47.53653600017183],[-122.49945600024236,47.53369499985746],[-122.49677300018666,47.5317500001516],[-122.48914900016698,47.52947699992363],[-122.48516200025495,47.53008800004235],[-122.48414899975344,47.53168799982403],[-122.48534200017998,47.53433600029503],[-122.4852669998369,47.53748699983649],[-122.48032900024599,47.54008999970413],[-122.47952300033204,47.54186200025168],[-122.49142499961859,47.545433000285925],[-122.5049229997378,47.54653099991154],[-122.50629400043957,47.54424299999041]]],[[[-122.33452399984274,48.01891599990304],[-122.3261149998255,48.01029500009877],[-122.3211537141058,48.00852096418681],[-122.3173700002476,48.00716799979266],[-122.30662899980393,48.00439700006412],[-122.30345500037686,48.00560300020509],[-122.30884800025245,48.009832000292896],[-122.30971100006781,48.01279699987482],[-122.3148849996603,48.013461000095354],[-122.31639500027924,48.01559000006035],[-122.32028599993181,48.01693200014571],[-122.3213549996115,48.018771000197795],[-122.3223620002652,48.02103700029599],[-122.32834299959654,48.02133499997753],[-122.3316399999456,48.02055599991993],[-122.33452399984274,48.01891599990304]]]]}}
