{"type":"Feature","properties":{"id":"olympic-peninsula","name":"Olympic Peninsula build boundary","boundaryVersion":"olympic-peninsula-boundary-v1","sourceNamedAreaIds":["osm:relation/163769","osm:relation/163767"]},"geometry":{"type":"MultiPolygon","coordinates":[[[[-123.9649784,47.4841609],[-123.9625904,47.4839606],[-123.9613233,47.4840916],[-123.9607341,47.484256],[-123.9600127,47.4845777],[-123.9596151,47.4848328],[-123.9593455,47.4851284],[-123.958893,47.4849378],[-123.9586163,47.4849152],[-123.9577458,47.4850462],[-123.95747,47.4851718],[-123.9561077,47.4852669],[-123.9558048,47.485481],[-123.9556103,47.4860872],[-123.9544986,47.4859752],[-123.9539004,47.4857886],[-123.9529562,47.485905],[-123.9527045,47.4860272],[-123.9524183,47.4864522],[-123.9524973,47.4869603],[-123.9514552,47.4874718],[-123.9507089,47.4882579],[-123.9504916,47.4883488],[-123.9501098,47.4882579],[-123.9496404,47.486704],[-123.9490858,47.4864312],[-123.9479742,47.4863218],[-123.9467245,47.4865427],[-123.9460108,47.4864525],[-123.9446291,47.4865645],[-123.9437991,47.4869686],[-123.9436593,47.4871343],[-123.943483,47.4877071],[-123.9426246,47.4877718],[-123.9390821,47.4889827],[-123.9384237,47.4893464],[-123.9379833,47.4896987],[-123.9371658,47.4905195],[-123.9371198,47.4910394],[-123.9372512,47.4914089],[-123.9379999,47.4924941],[-123.9385611,47.4929452],[-123.9385996,47.4930456],[-123.9384836,47.4930708],[-123.9370612,47.4928408],[-123.9364095,47.4929107],[-123.9352885,47.4931883],[-123.9344412,47.4920784],[-123.9337195,47.4914478],[-123.933477,47.4911142],[-123.9333649,47.4904533],[-123.9336309,47.4897546],[-123.9335819,47.489542],[-123.9219651,47.4894616],[-123.9218419,47.4896794],[-123.9216213,47.490563],[-123.9211811,47.491012],[-123.9207524,47.4916723],[-123.9200063,47.4923036],[-123.9177146,47.4936627],[-123.9152997,47.4946043],[-123.9147489,47.4948562],[-123.9143188,47.495197],[-123.9135632,47.4962468],[-123.9135202,47.4964226],[-123.9136276,47.4966827],[-123.9140505,47.4971382],[-123.9144359,47.4977111],[-123.9145318,47.4983357],[-123.9144729,47.4986016],[-123.9142337,47.4989229],[-123.9134663,47.4996309],[-123.9107272,47.5008224],[-123.9100855,47.5013359],[-123.9090041,47.5024197],[-123.9078187,47.5048316],[-123.9071507,47.5058492],[-123.9072135,47.5058708],[-123.9063247,47.5066981],[-123.9061111,47.5071496],[-123.9061388,47.507366],[-123.90575,47.5080636],[-123.9050273,47.5088543],[-123.9048849,47.5094154],[-123.9045299,47.5100068],[-123.9046221,47.5106793],[-123.9043771,47.5113306],[-123.9044641,47.5115012],[-123.9052894,47.5121834],[-123.9069998,47.5126627],[-123.9074993,47.5126448],[-123.9078761,47.5127271],[-123.9080575,47.5129125],[-123.9085561,47.5131104],[-123.9088123,47.5130884],[-123.9091899,47.5133369],[-123.9098906,47.5132224],[-123.9105852,47.5132749],[-123.911229,47.5131127],[-123.9118634,47.5131217],[-123.9120689,47.5132558],[-123.913196,47.513446],[-123.9134673,47.5136583],[-123.914307,47.5138828],[-123.9146022,47.5141604],[-123.9148252,47.5141058],[-123.915454,47.514155],[-123.9185355,47.5151613],[-123.9203073,47.5151381],[-123.9207741,47.5150339],[-123.9230762,47.515194],[-123.9247164,47.5149902],[-123.9257247,47.5146472],[-123.9261244,47.5146939],[-123.9269211,47.5149466],[-123.9271393,47.5149379],[-123.9278941,47.5144866],[-123.9286418,47.5144608],[-123.9289624,47.5146083],[-123.9298304,47.5143597],[-123.9304216,47.5139485],[-123.9317072,47.5135705],[-123.9318532,47.5133717],[-123.9318193,47.5128019],[-123.9321407,47.5120085],[-123.9323814,47.5119689],[-123.9333301,47.5121241],[-123.9343454,47.5117644],[-123.935247,47.5117398],[-123.9357083,47.5118698],[-123.935933,47.5121079],[-123.9363845,47.512208],[-123.9366464,47.5125933],[-123.9370636,47.5129357],[-123.9377146,47.5132582],[-123.9386509,47.5138829],[-123.9392837,47.5140357],[-123.9395899,47.5140109],[-123.9394669,47.5135752],[-123.9392486,47.5133809],[-123.9389893,47.5129024],[-123.9385976,47.5124466],[-123.9389538,47.5126454],[-123.9393708,47.5131196],[-123.9396914,47.5133331],[-123.9403103,47.5134871],[-123.943303,47.5132534],[-123.9438608,47.5130323],[-123.9451438,47.5128161],[-123.9486259,47.5126685],[-123.9496933,47.5122331],[-123.9511753,47.5117562],[-123.9518811,47.5110316],[-123.9521383,47.5102563],[-123.9525399,47.5102673],[-123.9535362,47.510945],[-123.9547991,47.5116374],[-123.9552294,47.5121688],[-123.9557159,47.5123118],[-123.9561836,47.5126831],[-123.9563159,47.5130663],[-123.9564902,47.5132728],[-123.9571304,47.5134801],[-123.9576002,47.5137499],[-123.958279,47.5137915],[-123.9587046,47.5139993],[-123.9588659,47.5144613],[-123.9589203,47.5152336],[-123.9586424,47.5155292],[-123.9570452,47.5161796],[-123.9565935,47.5166832],[-123.9565607,47.5169474],[-123.9568364,47.5172225],[-123.9568972,47.5174266],[-123.9568372,47.5175737],[-123.9564701,47.5178692],[-123.9564034,47.5181728],[-123.9559851,47.5189663],[-123.955977,47.5192354],[-123.9558627,47.5194223],[-123.9556287,47.5195742],[-123.9551805,47.5196661],[-123.9540776,47.5195098],[-123.9537125,47.5196351],[-123.9534149,47.5199396],[-123.9535137,47.5203731],[-123.9533904,47.5208156],[-123.9527573,47.5218097],[-123.9525037,47.5219703],[-123.9509444,47.5222436],[-123.9505007,47.522478],[-123.9503707,47.5227022],[-123.950781,47.523036],[-123.9510677,47.5231357],[-123.9517548,47.5230833],[-123.9529747,47.5227821],[-123.9536254,47.5228048],[-123.9542546,47.5224515],[-123.9545606,47.5221511],[-123.9552151,47.5221561],[-123.9574029,47.5215365],[-123.9578534,47.5210769],[-123.9582688,47.5209119],[-123.9588149,47.5209024],[-123.9590327,47.5208195],[-123.9600726,47.5203299],[-123.9606382,47.5199],[-123.9612114,47.5197992],[-123.9618017,47.519514],[-123.9633654,47.519449],[-123.9638251,47.5190796],[-123.9646504,47.5189279],[-123.9650903,47.5187677],[-123.9655419,47.5189363],[-123.966056,47.5196053],[-123.966578,47.5199338],[-123.9671935,47.5199991],[-123.9682512,47.5197394],[-123.9687983,47.5197435],[-123.969145,47.5199179],[-123.9695643,47.5202904],[-123.9700769,47.52046],[-123.9703803,47.5204544],[-123.9719853,47.5200698],[-123.972845,47.5200872],[-123.9733222,47.5206118],[-123.9735807,47.5207336],[-123.974104,47.5206122],[-123.9748165,47.520672],[-123.9760548,47.5205197],[-123.9765265,47.5205506],[-123.9770874,47.5207162],[-123.9781133,47.520534],[-123.9792583,47.5207164],[-123.9796859,47.5206853],[-123.9800653,47.5205294],[-123.980589,47.520685],[-123.9815173,47.5206977],[-123.9822436,47.5208504],[-123.9830284,47.520568],[-123.9835643,47.5208549],[-123.9850139,47.5209163],[-123.9854491,47.5208108],[-123.9862748,47.5208674],[-123.9871421,47.5207418],[-123.9877846,47.5209189],[-123.9887112,47.5209014],[-123.9893628,47.5210286],[-123.9899629,47.5210367],[-123.9903288,47.5209936],[-123.9908375,47.5206337],[-123.9913354,47.5206281],[-123.9915433,47.5206497],[-123.9933571,47.5215706],[-123.9942343,47.5216751],[-123.9949614,47.5215753],[-123.9958641,47.5215666],[-123.996254,47.5216491],[-123.9968796,47.522013],[-123.9976954,47.5221083],[-123.9982868,47.5223744],[-123.9991374,47.5225729],[-123.9995886,47.5227991],[-123.9999364,47.5227894],[-124.000483,47.5230512],[-124.0015248,47.5231319],[-124.0019164,47.5233103],[-124.002688,47.523876],[-124.0035902,47.5242569],[-124.0043631,47.5243094],[-124.0050678,47.5248385],[-124.0053366,47.5249298],[-124.0061963,47.5248124],[-124.0066559,47.5246432],[-124.0075418,47.5247556],[-124.0080719,47.5249466],[-124.0082536,47.525268],[-124.0085982,47.5254065],[-124.0092321,47.5259019],[-124.0097354,47.5261841],[-124.0101543,47.5263453],[-124.0111607,47.5264406],[-124.0113526,47.5265313],[-124.0120991,47.5272128],[-124.0133306,47.5276119],[-124.0143821,47.5275166],[-124.0151352,47.5277726],[-124.0160558,47.5277248],[-124.0169152,47.5281974],[-124.0183474,47.5284975],[-124.0193372,47.5291145],[-124.0199037,47.52917],[-124.0204312,47.5294487],[-124.0206323,47.5294267],[-124.02223,47.5297824],[-124.0233924,47.5299089],[-124.0240088,47.5297214],[-124.0253177,47.52966],[-124.0256825,47.5297952],[-124.0266717,47.530467],[-124.0277664,47.5305459],[-124.0283825,47.5301555],[-124.0290172,47.5300032],[-124.029687,47.5301545],[-124.0314563,47.5301376],[-124.0323158,47.5302121],[-124.0324708,47.5301638],[-124.032566,47.5299993],[-124.0327573,47.5298814],[-124.0343723,47.5296603],[-124.0350584,47.5293556],[-124.0357438,47.5293005],[-124.0365873,47.5283933],[-124.0370374,47.5282022],[-124.0373692,47.5279322],[-124.0377342,47.5278725],[-124.0386804,47.5270528],[-124.0392277,47.5267959],[-124.0394101,47.5265356],[-124.0394082,47.5263737],[-124.0391383,47.5255418],[-124.0391632,47.5253545],[-124.039713,47.5251386],[-124.0398262,47.524872],[-124.0406508,47.5243822],[-124.0409545,47.5244478],[-124.0413681,47.5247818],[-124.042309,47.5248649],[-124.043773,47.5251556],[-124.0450756,47.5255852],[-124.0460039,47.5257922],[-124.04689,47.5257754],[-124.0470804,47.5257096],[-124.0474904,47.5252645],[-124.0488437,47.5250066],[-124.0492681,47.5249892],[-124.0501703,47.5252984],[-124.0505542,47.5252847],[-124.0519968,47.524964],[-124.0527682,47.5246649],[-124.0534806,47.5246557],[-124.053854,47.524733],[-124.0542618,47.5251686],[-124.0542267,47.5256498],[-124.0539409,47.5259405],[-124.0539574,47.5264696],[-124.0541312,47.5267254],[-124.0543557,47.5268178],[-124.054912,47.5267088],[-124.055339,47.5267351],[-124.0556924,47.5272079],[-124.0565112,47.5279365],[-124.0567331,47.5282485],[-124.0570893,47.5283756],[-124.0576014,47.5283364],[-124.0583565,47.5284274],[-124.0591128,47.5286666],[-124.0594887,47.5289138],[-124.0596006,47.5291521],[-124.0597192,47.5299555],[-124.0603483,47.5318693],[-124.0603704,47.5322253],[-124.0602429,47.5329808],[-124.0606056,47.5332751],[-124.060925,47.5339528],[-124.0472237,47.5340066],[-124.0468597,47.5990796],[-124.0629039,47.5989185],[-124.0628161,47.5953247],[-124.0682722,47.5952966],[-124.0682318,47.5916655],[-124.0896036,47.5915959],[-124.0895759,47.5807263],[-124.0948673,47.5807209],[-124.0948269,47.5698922],[-124.1323984,47.5698199],[-124.1324165,47.5662206],[-124.1538125,47.5661738],[-124.1538154,47.5626356],[-124.1642136,47.5625494],[-124.1642385,47.5553066],[-124.1746203,47.5551646],[-124.1746219,47.551552],[-124.185275,47.5515954],[-124.1852852,47.5480312],[-124.2013026,47.5480286],[-124.2013292,47.5443513],[-124.2173771,47.5443889],[-124.2173476,47.5407926],[-124.2251977,47.5424394],[-124.2353098,47.5448117],[-124.2457199,47.5468069],[-124.2560321,47.5491541],[-124.2760847,47.5533543],[-124.276234,47.5588389],[-124.2469137,47.5587115],[-124.2468655,47.5605297],[-124.2442001,47.5605991],[-124.2441842,47.5624068],[-124.2387454,47.5624929],[-124.2281627,47.5624857],[-124.2280994,47.5588616],[-124.2174405,47.5588176],[-124.190681,47.5589085],[-124.1906822,47.5624985],[-124.1853543,47.562524],[-124.1853043,47.5660234],[-124.1799495,47.5660651],[-124.1799302,47.5696646],[-124.1746576,47.5697008],[-124.1746806,47.5733084],[-124.1695147,47.573393],[-124.1695123,47.5769305],[-124.1590435,47.5770067],[-124.1590718,47.5805669],[-124.1485453,47.5806458],[-124.1484835,47.5842411],[-124.1216993,47.5843308],[-124.121731,47.5987902],[-124.1111321,47.5988395],[-124.1111416,47.6023846],[-124.10045,47.6024606],[-124.1004428,47.6060823],[-124.089787,47.6061226],[-124.0897846,47.6097249],[-124.0790354,47.6097499],[-124.0790753,47.6133262],[-124.0684475,47.6133314],[-124.0684656,47.6169394],[-124.0469711,47.6169889],[-124.0469833,47.620511],[-124.0555477,47.6205321],[-124.0553754,47.64951],[-124.0126699,47.64944],[-124.0126965,47.6569831],[-124.0109241,47.657288],[-124.0104926,47.6575647],[-124.0101141,47.6576728],[-124.0085058,47.6577921],[-124.0043369,47.6584949],[-124.0035041,47.6584355],[-124.001393,47.6578635],[-124.0009423,47.657877],[-123.9999603,47.6581236],[-123.9987719,47.6586292],[-123.9981686,47.6587773],[-123.9964813,47.6597347],[-123.9945795,47.660532],[-123.9929367,47.6616047],[-123.9916343,47.6620621],[-123.9910646,47.6624956],[-123.990604,47.6627376],[-123.9902606,47.6632167],[-123.9901357,47.6640653],[-123.9896546,47.664717],[-123.9887249,47.6654964],[-123.9863434,47.6670405],[-123.9852824,47.6675924],[-123.9841739,47.6678686],[-123.9821639,47.6681905],[-123.9799941,47.669009],[-123.9795304,47.6690891],[-123.977808,47.6687699],[-123.9766362,47.668369],[-123.9760743,47.6680569],[-123.9752556,47.6681638],[-123.9737507,47.6679059],[-123.9730815,47.6680013],[-123.9723808,47.6682263],[-123.9713616,47.6687586],[-123.9709692,47.6688858],[-123.9691873,47.6693484],[-123.9681535,47.6694894],[-123.9671805,47.6692616],[-123.9667342,47.6690072],[-123.9658803,47.6688096],[-123.9652413,47.6684633],[-123.9649105,47.6683948],[-123.964039,47.6686902],[-123.9623676,47.6695486],[-123.960913,47.6701798],[-123.9599469,47.6712278],[-123.9585518,47.6717069],[-123.9579138,47.6721396],[-123.9565294,47.6733208],[-123.9553656,47.6744447],[-123.9550727,47.6746185],[-123.9535599,47.6751644],[-123.9529218,47.6757411],[-123.9527796,47.6764469],[-123.9527761,47.6770278],[-123.9515548,47.6788759],[-123.9511068,47.6798318],[-123.9501401,47.6801731],[-123.9495409,47.6805685],[-123.9488815,47.6807549],[-123.9484484,47.6809775],[-123.9475099,47.6816931],[-123.9477086,47.682174],[-123.9475497,47.683518],[-123.9472895,47.6839487],[-123.9470385,47.6848839],[-123.9469006,47.6850565],[-123.9466229,47.6852969],[-123.9444167,47.6865175],[-123.9436241,47.6871648],[-123.9432817,47.6876984],[-123.9434038,47.6882116],[-123.9432146,47.6886702],[-123.9421608,47.6888884],[-123.9410307,47.6895738],[-123.9406656,47.6899084],[-123.9405024,47.690778],[-123.9405083,47.6918921],[-123.9394446,47.6923484],[-123.9390287,47.6927517],[-123.9382891,47.6931958],[-123.9370018,47.6937682],[-123.9366215,47.6937998],[-123.9354603,47.6935427],[-123.9346268,47.6934638],[-123.9334619,47.6929971],[-123.932585,47.6928614],[-123.9312084,47.6931773],[-123.9293007,47.6934857],[-123.9283244,47.6938535],[-123.92531,47.6970055],[-123.9249346,47.6973133],[-123.9237348,47.6988656],[-123.9214293,47.7009125],[-123.9203528,47.7014639],[-123.9181667,47.7023545],[-123.9168541,47.7030565],[-123.9161943,47.7032427],[-123.915652,47.7036946],[-123.9144211,47.7042948],[-123.9139861,47.7044316],[-123.9135822,47.70473],[-123.9113257,47.7055764],[-123.9093254,47.7065636],[-123.9090451,47.7066706],[-123.9076231,47.7068342],[-123.906814,47.7073643],[-123.9059411,47.7082854],[-123.9048225,47.7088656],[-123.9043216,47.7092633],[-123.9037767,47.7095256],[-123.9018222,47.7101123],[-123.9012791,47.710409],[-123.9011437,47.7107057],[-123.9010695,47.7113158],[-123.9009035,47.7115075],[-123.9009055,47.7116218],[-123.9034083,47.7127543],[-123.9036956,47.7130473],[-123.9036918,47.7136472],[-123.9035674,47.7140794],[-123.9036077,47.714396],[-123.9037685,47.7146413],[-123.9037738,47.7149463],[-123.9039717,47.7157359],[-123.9043039,47.7164632],[-123.9038652,47.7169705],[-123.903529,47.7178948],[-123.9032558,47.7181904],[-123.9030433,47.7189785],[-123.9025567,47.7197426],[-123.9022854,47.7204479],[-123.9019002,47.7210223],[-123.9016775,47.721205],[-123.9013629,47.7217788],[-123.9012917,47.7225602],[-123.9013609,47.7233025],[-123.9002652,47.7240396],[-123.8997207,47.7247007],[-123.8993291,47.7249677],[-123.8992609,47.7251016],[-123.8999694,47.7269053],[-123.9002391,47.7278174],[-123.8992915,47.7293389],[-123.8989298,47.7304654],[-123.8984512,47.731297],[-123.8988479,47.7324201],[-123.8989928,47.732638],[-123.899279,47.7328643],[-123.9000478,47.7332487],[-123.9003652,47.7336461],[-123.9006224,47.733825],[-123.9035029,47.7346975],[-123.9044084,47.7348237],[-123.9052124,47.7347888],[-123.9059782,47.7349922],[-123.9068825,47.7350422],[-123.9075504,47.7359739],[-123.9094721,47.737031],[-123.9099446,47.7374177],[-123.9102324,47.7377296],[-123.9111457,47.7391032],[-123.9128431,47.7420922],[-123.9130998,47.7434566],[-123.9135523,47.7443329],[-123.9134042,47.7447435],[-123.9134491,47.744886],[-123.9143626,47.7462595],[-123.9147923,47.7474179],[-123.915423,47.7479556],[-123.9167237,47.7488594],[-123.9170011,47.7493809],[-123.9172139,47.7494364],[-123.9182579,47.7493899],[-123.9208904,47.7489403],[-123.92257,47.7489078],[-123.9237588,47.7490601],[-123.9256036,47.749588],[-123.9273686,47.7503832],[-123.9291432,47.7509211],[-123.9319122,47.7510034],[-123.9328179,47.7511199],[-123.9335459,47.7515615],[-123.934595,47.7525814],[-123.9355634,47.7530401],[-123.9360431,47.7530172],[-123.9375612,47.7526334],[-123.9401838,47.7516406],[-123.9409065,47.7509967],[-123.941312,47.7507744],[-123.9420213,47.7501781],[-123.9422334,47.7501954],[-123.9426048,47.7504305],[-123.9434066,47.7518237],[-123.9447383,47.7528507],[-123.9454197,47.753663],[-123.9462453,47.7554582],[-123.9473328,47.7570204],[-123.9475306,47.7572212],[-123.9486158,47.7573413],[-123.9484584,47.7611749],[-123.9479357,47.7947972],[-123.9466745,47.7948144],[-123.946921,47.8091516],[-123.9685624,47.8090775],[-123.9685739,47.8163363],[-124.0328234,47.8165442],[-124.03278,47.83833],[-124.075497,47.8383138],[-124.0754385,47.8447962],[-124.1395579,47.8450685],[-124.1614712,47.8445234],[-124.16147,47.8518972],[-124.1838106,47.8520316],[-124.1838344,47.8514547],[-124.2143322,47.8519596],[-124.2138996,47.8590805],[-124.2256511,47.8590816],[-124.2475895,47.8598964],[-124.2472584,47.8744375],[-124.2636381,47.8743357],[-124.2635809,47.8765971],[-124.2647654,47.8765606],[-124.2670694,47.876676],[-124.2678397,47.8768082],[-124.2716774,47.8769065],[-124.2729254,47.8766111],[-124.274572,47.8755138],[-124.2755376,47.8750809],[-124.2760942,47.8750278],[-124.2774268,47.8753413],[-124.2785549,47.8758448],[-124.2794796,47.8765851],[-124.2796225,47.8770273],[-124.2796563,47.8742416],[-124.2850183,47.8742278],[-124.2849994,47.876421],[-124.2854657,47.8761429],[-124.2860885,47.8759483],[-124.2904025,47.8755714],[-124.291375,47.8754198],[-124.2941471,47.8747317],[-124.295044,47.8743463],[-124.297191,47.8737591],[-124.2978857,47.8736574],[-124.3022774,47.8736076],[-124.3040142,47.8733533],[-124.3065793,47.8727612],[-124.3082405,47.8722731],[-124.3115399,47.8709949],[-124.3117462,47.8743629],[-124.3115635,47.8811687],[-124.3118704,47.8960414],[-124.3119054,47.910088],[-124.3103171,47.9248234],[-124.3099537,47.9677265],[-124.2994822,47.9678631],[-124.266786,47.9680742],[-124.2297794,47.9679706],[-124.229771,47.9715684],[-124.2244856,47.9716043],[-124.2245011,47.9679844],[-124.2142763,47.9680234],[-124.2141625,47.9752079],[-124.2244599,47.9751943],[-124.2244144,47.9824043],[-124.2241703,47.9895132],[-124.2138078,47.9895122],[-124.2135891,47.9965955],[-124.1923995,47.9965959],[-124.1926164,47.9895649],[-124.1817152,47.989574],[-124.1813163,48.0004382],[-124.1866289,48.0003377],[-124.1865926,48.0038702],[-124.1812276,48.0039887],[-124.1810298,48.0125996],[-124.1862971,48.0125993],[-124.1862913,48.0143996],[-124.1916567,48.0143962],[-124.1916122,48.0162881],[-124.2023506,48.0162665],[-124.2022959,48.0180599],[-124.2130951,48.0180849],[-124.2133302,48.0071869],[-124.2106563,48.0071944],[-124.2106906,48.0035932],[-124.2133741,48.0035498],[-124.2133639,48.0017088],[-124.2241022,48.0016659],[-124.2240947,48.0054118],[-124.2294259,48.0053362],[-124.2294509,48.0090702],[-124.2348232,48.0090562],[-124.2348256,48.0109523],[-124.2294066,48.0109456],[-124.2292582,48.0162708],[-124.2239055,48.0162235],[-124.2238189,48.019947],[-124.2185207,48.0199253],[-124.2184972,48.021748],[-124.2075936,48.0217045],[-124.2074803,48.0252888],[-124.2047388,48.0252762],[-124.2045367,48.032573],[-124.1938614,48.032612],[-124.1936771,48.0397684],[-124.1909774,48.0397816],[-124.1908826,48.0434147],[-124.1802301,48.0434599],[-124.1801296,48.0470191],[-124.1907799,48.0469931],[-124.1907543,48.0489229],[-124.1746684,48.0484379],[-124.1746819,48.0531296],[-124.1559005,48.0530661],[-124.1559089,48.0566248],[-124.1584724,48.0566367],[-124.1585419,48.057115],[-124.1584331,48.0577999],[-124.1577285,48.0585502],[-124.1568535,48.0592434],[-124.1563673,48.0594963],[-124.1558939,48.0594831],[-124.1545429,48.059179],[-124.1507482,48.0580881],[-124.1477809,48.0577793],[-124.1455069,48.057731],[-124.1451206,48.0578254],[-124.1451434,48.0602398],[-124.1365219,48.0602546],[-124.1340292,48.0611006],[-124.1320349,48.0614924],[-124.1256625,48.0610368],[-124.1238141,48.0612327],[-124.1201536,48.0612901],[-124.1185484,48.0614043],[-124.1175756,48.0617956],[-124.1156541,48.0629779],[-124.1150461,48.0636789],[-124.1150296,48.0639339],[-124.1238805,48.0639443],[-124.1239123,48.06292],[-124.1293101,48.0628499],[-124.1295388,48.074686],[-124.1371577,48.0746122],[-124.1371505,48.0728399],[-124.1345208,48.0728195],[-124.1344925,48.0673929],[-124.1451543,48.0673545],[-124.1451536,48.0664517],[-124.1506724,48.0664597],[-124.1506753,48.0673321],[-124.1558724,48.0673629],[-124.1558557,48.0745359],[-124.1747744,48.0744503],[-124.1748926,48.0772841],[-124.201658,48.0779529],[-124.2017331,48.081485],[-124.2072025,48.081585],[-124.2071851,48.0780677],[-124.2127763,48.0781583],[-124.2127065,48.085411],[-124.2179444,48.0855117],[-124.2178722,48.0923555],[-124.2233399,48.0924509],[-124.2395936,48.0932177],[-124.2400924,48.1074982],[-124.2455652,48.1075591],[-124.2552188,48.1074197],[-124.2543116,48.1085803],[-124.2532584,48.109757],[-124.2523402,48.1105136],[-124.2515972,48.1112662],[-124.2512126,48.1115202],[-124.2502913,48.1120112],[-124.2454137,48.1139022],[-124.2424942,48.1149339],[-124.2405285,48.1154533],[-124.240251,48.1155135],[-124.2402277,48.1142649],[-124.2296936,48.1138431],[-124.2297329,48.1171936],[-124.2402864,48.117553],[-124.2402563,48.1158001],[-124.2426628,48.1151842],[-124.2440779,48.1147045],[-124.2505369,48.1122326],[-124.2514758,48.1117315],[-124.2519048,48.1114481],[-124.2526784,48.1106701],[-124.2535913,48.1099171],[-124.2546715,48.1087111],[-124.2556914,48.1074113],[-124.2618556,48.1073008],[-124.2614506,48.096672],[-124.2690384,48.0968759],[-124.2689094,48.0932219],[-124.282285,48.0933091],[-124.2807537,48.1038291],[-124.2759131,48.1034324],[-124.2768156,48.1075094],[-124.2769392,48.1113201],[-124.283075,48.1114679],[-124.2932733,48.1113365],[-124.2937102,48.11491],[-124.2990566,48.1149517],[-124.299434,48.1186607],[-124.3025063,48.1187456],[-124.3024876,48.1250274],[-124.3023704,48.1291624],[-124.2989306,48.1294976],[-124.2946586,48.129572],[-124.2947588,48.1332396],[-124.2895695,48.1332726],[-124.2895248,48.1336769],[-124.2896702,48.1360406],[-124.3069089,48.1364041],[-124.3068866,48.1504866],[-124.3176652,48.150496],[-124.3175096,48.157888],[-124.3067554,48.1577484],[-124.3066579,48.1630598],[-124.2957893,48.1629543],[-124.2957476,48.1592264],[-124.2956049,48.1556974],[-124.2848672,48.1556296],[-124.2847362,48.1484193],[-124.2739487,48.1483121],[-124.2738097,48.1410802],[-124.2630723,48.1410253],[-124.2630457,48.1374259],[-124.2523142,48.1373836],[-124.2523239,48.1351223],[-124.2141342,48.1341838],[-124.2139935,48.1306563],[-124.2302382,48.1310649],[-124.2298122,48.1207549],[-124.2245394,48.1203965],[-124.2245436,48.120567],[-124.223748,48.1209647],[-124.223699,48.1209208],[-124.2229723,48.1213307],[-124.2215274,48.1223913],[-124.2208489,48.1220398],[-124.2185796,48.1213384],[-124.2169623,48.121303],[-124.2167567,48.121153],[-124.2167354,48.1208137],[-124.2174491,48.1204738],[-124.2177214,48.1201908],[-124.2192714,48.1202384],[-124.2190649,48.1134201],[-124.2026752,48.112865],[-124.2025417,48.1093841],[-124.1755731,48.1084245],[-124.1753198,48.0992808],[-124.1719015,48.0993144],[-124.1718737,48.0956603],[-124.1751984,48.0955773],[-124.1750782,48.088356],[-124.1664846,48.0885263],[-124.1664673,48.0920583],[-124.161058,48.0921412],[-124.1610757,48.0958395],[-124.1556599,48.0959524],[-124.1505874,48.0958001],[-124.150648,48.0994148],[-124.1556732,48.0995274],[-124.1556835,48.1031792],[-124.1546785,48.116908],[-124.1555712,48.1241789],[-124.1610332,48.1241607],[-124.1605961,48.1205047],[-124.1659733,48.1205135],[-124.1664381,48.1241494],[-124.1709288,48.1240591],[-124.1711085,48.133316],[-124.1352911,48.1329362],[-124.092532,48.1327214],[-124.070639,48.1324406],[-124.0491891,48.1315926],[-124.0305614,48.131777],[-124.0247628,48.1316477],[-124.007389,48.1307324],[-124.0025522,48.1307325],[-123.9880408,48.1310102],[-123.9663994,48.1309166],[-123.9555626,48.1309727],[-123.9232009,48.130756],[-123.9242471,48.1158193],[-123.9241879,48.1013128],[-123.9243113,48.0942201],[-123.9202308,48.094078],[-123.9149906,48.0940166],[-123.9150315,48.0904171],[-123.9097535,48.0903523],[-123.9098022,48.0867694],[-123.8992622,48.0866224],[-123.8992206,48.0902224],[-123.904487,48.0902875],[-123.9044416,48.0938926],[-123.8886531,48.0937053],[-123.8886877,48.0900914],[-123.8939542,48.0901571],[-123.8939921,48.0865623],[-123.8637095,48.0861599],[-123.8612928,48.0860981],[-123.8514685,48.0855629],[-123.8300417,48.0854883],[-123.819179,48.0855552],[-123.8083933,48.0850878],[-123.8085254,48.0888095],[-123.8084686,48.0922912],[-123.8080866,48.0997609],[-123.7865703,48.0995832],[-123.7758281,48.0995791],[-123.7651066,48.0993213],[-123.76343,48.0990771],[-123.7421966,48.0996446],[-123.7423784,48.0932907],[-123.7422945,48.0877565],[-123.7395463,48.0877518],[-123.7395224,48.0859439],[-123.7367796,48.0859417],[-123.7365662,48.0790017],[-123.7419665,48.0789825],[-123.7417616,48.0719001],[-123.7442815,48.0715774],[-123.7422293,48.0715747],[-123.7205691,48.0722561],[-123.701108,48.0716454],[-123.6688789,48.0715722],[-123.6688444,48.0678915],[-123.6631608,48.0678425],[-123.663219,48.0715143],[-123.6575251,48.0714323],[-123.6362903,48.0715852],[-123.6252398,48.0715254],[-123.6252752,48.0678705],[-123.6199018,48.0678008],[-123.6199271,48.0642895],[-123.614589,48.0641884],[-123.6146587,48.0607028],[-123.608872,48.0605343],[-123.6029681,48.0605453],[-123.6027045,48.056907],[-123.6026522,48.0533812],[-123.608009,48.0533822],[-123.6079468,48.0425479],[-123.5865901,48.0425403],[-123.5865694,48.0461519],[-123.5919851,48.0462173],[-123.5920095,48.0570028],[-123.586542,48.0569887],[-123.5865064,48.0498232],[-123.5812018,48.0498142],[-123.581234,48.0534396],[-123.5757353,48.0534056],[-123.5757262,48.0569679],[-123.5709236,48.0569893],[-123.5541609,48.0567817],[-123.5542234,48.0533801],[-123.5487446,48.0533824],[-123.5487432,48.0566364],[-123.5384916,48.0564269],[-123.5385264,48.0601808],[-123.5331461,48.0601086],[-123.5331082,48.0562697],[-123.5274815,48.0561925],[-123.5038629,48.0572802],[-123.5041333,48.0428616],[-123.4877949,48.0437569],[-123.4582819,48.043565],[-123.4583245,48.0398909],[-123.4476498,48.039879],[-123.4476677,48.0415895],[-123.442283,48.0414878],[-123.4422776,48.0398234],[-123.4308808,48.0399296],[-123.4305028,48.0403531],[-123.4302323,48.0404007],[-123.4302905,48.040556],[-123.4298054,48.0405066],[-123.4289148,48.0408242],[-123.4273449,48.0408383],[-123.4273251,48.0417851],[-123.4286023,48.0417752],[-123.428546,48.0433753],[-123.4220357,48.043481],[-123.4221772,48.0504661],[-123.4227069,48.0505226],[-123.422965,48.0597707],[-123.4251118,48.0598483],[-123.4352242,48.0685603],[-123.4360016,48.0685662],[-123.4361689,48.0722183],[-123.4353553,48.0722035],[-123.434848,48.0757817],[-123.4326594,48.0757405],[-123.4323551,48.0794305],[-123.4343573,48.0872904],[-123.4338158,48.0872884],[-123.43381,48.0873574],[-123.4337014,48.0873563],[-123.4336353,48.0894304],[-123.4321723,48.0894719],[-123.4319019,48.0902512],[-123.432563,48.0902757],[-123.4325545,48.0910134],[-123.4322932,48.0910234],[-123.4323928,48.094397],[-123.4316902,48.0943906],[-123.4315023,48.0957679],[-123.4301703,48.0957773],[-123.4299462,48.0980499],[-123.4317675,48.0980656],[-123.431798,48.0986008],[-123.4332113,48.0986],[-123.4332239,48.0980601],[-123.4350879,48.0980126],[-123.434967,48.1016344],[-123.4310126,48.1016493],[-123.4255685,48.101863],[-123.4252322,48.1010365],[-123.4249728,48.1000703],[-123.4246777,48.1000759],[-123.4248622,48.0982668],[-123.4242184,48.0974099],[-123.4248235,48.0973897],[-123.4248746,48.0972186],[-123.4254798,48.0971624],[-123.4255781,48.0964647],[-123.4277678,48.0943963],[-123.4289037,48.094374],[-123.4291457,48.0883541],[-123.4310496,48.088347],[-123.4317862,48.0868642],[-123.4317468,48.0853618],[-123.4303911,48.0853264],[-123.4303066,48.0834463],[-123.4284759,48.079355],[-123.4272752,48.0793145],[-123.4273238,48.077281],[-123.4255433,48.0772471],[-123.4256845,48.0721857],[-123.4313211,48.0722197],[-123.4314281,48.0685699],[-123.4231065,48.0622984],[-123.4216866,48.0622317],[-123.420977,48.0614695],[-123.4194753,48.0607192],[-123.4192435,48.0602792],[-123.419119,48.0597713],[-123.4190489,48.0587819],[-123.4192731,48.0577779],[-123.4195228,48.0573811],[-123.4201248,48.0568886],[-123.4206346,48.0566033],[-123.42067,48.0563693],[-123.4205832,48.0561222],[-123.419541,48.0551768],[-123.4199981,48.0545093],[-123.4196824,48.054263],[-123.4185744,48.0540557],[-123.4183556,48.0539125],[-123.418279,48.0535079],[-123.4189267,48.0532806],[-123.4192998,48.0527934],[-123.4203282,48.0521419],[-123.4205027,48.0518938],[-123.4205104,48.051246],[-123.4201177,48.0506041],[-123.4190139,48.0500728],[-123.4187445,48.0487017],[-123.4185919,48.0484954],[-123.4185777,48.0483065],[-123.418613,48.0481039],[-123.4191244,48.0476657],[-123.4189392,48.0474234],[-123.4183702,48.0472231],[-123.4182169,48.0470842],[-123.418154,48.0468775],[-123.4182083,48.0464409],[-123.4183749,48.0461434],[-123.4184829,48.0452973],[-123.4184673,48.0445596],[-123.4185203,48.044213],[-123.4186677,48.0439298],[-123.418692,48.0435201],[-123.4079634,48.0435303],[-123.4045866,48.043312],[-123.4026745,48.0435132],[-123.3828791,48.0434427],[-123.3829705,48.0286316],[-123.3724981,48.0286756],[-123.3725375,48.0218064],[-123.3670526,48.0217296],[-123.3671594,48.0145262],[-123.345516,48.0145507],[-123.3456164,48.0072566],[-123.3403042,48.0072506],[-123.3402289,47.9999575],[-123.2977962,47.9999793],[-123.2863378,48.0000942],[-123.2758987,47.9999578],[-123.2540558,47.9999405],[-123.2077454,47.9994206],[-123.1204556,47.999679],[-123.0694043,47.9996483],[-123.0694181,47.9961196],[-123.0802108,47.9961807],[-123.0801924,47.9925489],[-123.0855664,47.9925191],[-123.0855669,47.9979653],[-123.0909228,47.9979396],[-123.0909393,47.9942972],[-123.0936654,47.9942797],[-123.0936758,47.9924644],[-123.0990593,47.9924278],[-123.0990815,47.9906048],[-123.1017404,47.9905851],[-123.1017757,47.9878556],[-123.0963707,47.9878963],[-123.0963961,47.9851526],[-123.0937363,47.9851646],[-123.0937269,47.983363],[-123.0910874,47.9833855],[-123.0911407,47.9824745],[-123.0857306,47.9825069],[-123.0857891,47.9815311],[-123.0801586,47.9815451],[-123.0801661,47.9779551],[-123.0752387,47.9779393],[-123.075025,47.9815576],[-123.0587606,47.9815072],[-123.0587716,47.9851738],[-123.0536021,47.9851849],[-123.0535046,47.9888146],[-123.0587794,47.9888006],[-123.0585887,47.9996419],[-122.9950382,47.9996037],[-122.9950409,47.999811],[-122.9822446,47.999813],[-122.9837895,47.9851537],[-122.9837037,47.9805002],[-122.9731465,47.9803278],[-122.9731465,47.9698127],[-122.9511523,47.969238],[-122.9495371,47.9692924],[-122.940445,47.969238],[-122.9416872,47.9542162],[-122.9426292,47.9395174],[-122.941814,47.925111],[-122.9412596,47.9105403],[-122.9402446,47.8957107],[-122.9391048,47.8816354],[-122.9394337,47.8668748],[-122.9392638,47.8523186],[-122.9381569,47.8381],[-122.9356414,47.8096025],[-122.9361474,47.7951482],[-122.9047258,47.7954868],[-122.8848447,47.795607],[-122.8855527,47.7814159],[-122.8857743,47.766559],[-122.8961509,47.7666599],[-122.8961134,47.7720051],[-122.9014242,47.7719547],[-122.901392,47.7728488],[-122.9053295,47.7728163],[-122.905426,47.7710425],[-122.904101,47.7710281],[-122.9041493,47.770152],[-122.9027975,47.7701592],[-122.9028028,47.7692614],[-122.9014832,47.7692722],[-122.9015853,47.7665561],[-122.9068727,47.7664667],[-122.9067982,47.759313],[-122.9066237,47.7521631],[-122.8855057,47.7522675],[-122.8846657,47.748712],[-122.8905022,47.7486806],[-122.8904379,47.7477789],[-122.8844465,47.7477972],[-122.8837697,47.7451794],[-122.8901911,47.7450952],[-122.8896761,47.7379669],[-122.8892684,47.7119417],[-122.8869993,47.7119489],[-122.8870019,47.711801],[-122.8868571,47.711801],[-122.8859473,47.7111968],[-122.8872824,47.7098002],[-122.8880899,47.7091589],[-122.8906189,47.7078132],[-122.8895299,47.7060085],[-122.8951097,47.7061024],[-122.8950385,47.7085247],[-122.9054714,47.7083811],[-122.916363,47.7083389],[-122.9266351,47.7079424],[-122.926711,47.7225173],[-122.9496039,47.7223828],[-122.9910637,47.7223656],[-122.9909426,47.7076266],[-122.9692582,47.7082461],[-122.9696304,47.6929057],[-122.9921151,47.6931546],[-122.9916859,47.6648382],[-122.9918576,47.6502118],[-122.9868794,47.6502407],[-122.9869652,47.6538688],[-122.9816437,47.6538254],[-122.9814935,47.6502118],[-122.9819978,47.6502118],[-122.9819441,47.6465401],[-122.9873944,47.6465111],[-122.9875231,47.6427813],[-122.9919863,47.6427813],[-122.9921432,47.6352884],[-122.9921638,47.6282168],[-122.9921726,47.6211445],[-122.9920482,47.6137376],[-122.9976511,47.6137144],[-122.997737,47.610127],[-123.0028868,47.6101848],[-123.002949,47.6066105],[-123.0085906,47.6068071],[-123.00838,47.6174174],[-123.0028868,47.6173885],[-123.002801,47.6210333],[-123.0133582,47.6210911],[-123.0141009,47.6069992],[-123.0556429,47.6065362],[-123.0832522,47.6068655],[-123.0834858,47.5945247],[-123.0943998,47.5946895],[-123.1100739,47.5947581],[-123.1101097,47.5912248],[-123.1150651,47.5911557],[-123.115265,47.5875752],[-123.1210092,47.5874869],[-123.1210702,47.591085],[-123.1241539,47.5910388],[-123.1239735,47.5780997],[-123.1241699,47.565899],[-123.1241444,47.5202005],[-123.1467991,47.5203228],[-123.1682609,47.520199],[-123.1671807,47.5053966],[-123.1888314,47.5053775],[-123.1890327,47.4906639],[-123.1944995,47.4908383],[-123.1944318,47.4944354],[-123.2055177,47.4947309],[-123.2055259,47.4911761],[-123.2115163,47.491356],[-123.2167113,47.4913724],[-123.216803,47.4951467],[-123.2220653,47.4951449],[-123.2220241,47.4913892],[-123.23794,47.4914395],[-123.2391536,47.491499],[-123.2393871,47.4949204],[-123.2431337,47.4948968],[-123.2431268,47.4952781],[-123.243317,47.4952681],[-123.2432232,47.4981082],[-123.2539179,47.4979295],[-123.2753137,47.497925],[-123.2815379,47.498049],[-123.2807147,47.4944341],[-123.3022287,47.4949197],[-123.3029104,47.4985303],[-123.3083065,47.498669],[-123.3090084,47.5021156],[-123.3144025,47.5023103],[-123.3149905,47.5058553],[-123.3157745,47.5059031],[-123.3158872,47.5061948],[-123.3167267,47.5067456],[-123.3187221,47.5070532],[-123.3192902,47.5072307],[-123.3211309,47.5074468],[-123.321265,47.5076171],[-123.3213294,47.5079034],[-123.3219275,47.5084215],[-123.3221903,47.5087748],[-123.3228569,47.5092069],[-123.3230071,47.5091779],[-123.3258247,47.5069105],[-123.3257335,47.5062954],[-123.325806,47.5062945],[-123.3246319,47.4989644],[-123.319295,47.498862],[-123.3176653,47.4915766],[-123.3170081,47.4879544],[-123.3117397,47.4878659],[-123.3110418,47.4842365],[-123.3163725,47.4843208],[-123.3157525,47.4806859],[-123.2940899,47.4803649],[-123.2829683,47.4800825],[-123.2822618,47.4764716],[-123.2822169,47.4726711],[-123.2765748,47.4725202],[-123.2765247,47.4687195],[-123.2708775,47.468568],[-123.2709078,47.4649858],[-123.2604393,47.4649758],[-123.2604252,47.461373],[-123.2607967,47.4392787],[-123.2506206,47.4392712],[-123.2510882,47.4208239],[-123.251417,47.3948505],[-123.2698815,47.3948637],[-123.2701619,47.3876247],[-123.2913936,47.3877009],[-123.292749,47.3734223],[-123.3138144,47.3740245],[-123.314104,47.3597113],[-123.2927201,47.3595084],[-123.2927235,47.3523091],[-123.292468,47.3451413],[-123.3143377,47.3449027],[-123.3142248,47.3523055],[-123.3251515,47.3523206],[-123.3252119,47.3448669],[-123.3552183,47.3446988],[-123.3769618,47.3447144],[-123.3768111,47.3374557],[-123.3871044,47.3376532],[-123.3865922,47.3306119],[-123.3972644,47.330621],[-123.3982804,47.323215],[-123.419026,47.3234763],[-123.4403782,47.3234363],[-123.4510141,47.3236121],[-123.4510113,47.3166387],[-123.4617479,47.3169956],[-123.4730857,47.3169784],[-123.4933027,47.3167382],[-123.5057017,47.3143557],[-123.505529,47.3220295],[-123.5058755,47.3368642],[-123.5163421,47.3369239],[-123.5162207,47.3293694],[-123.5270053,47.3297551],[-123.5373072,47.3299319],[-123.5483161,47.3304365],[-123.5590083,47.3306622],[-123.5696716,47.3304927],[-123.5789936,47.3309006],[-123.5900336,47.3309092],[-123.600511,47.3304999],[-123.6008494,47.3379615],[-123.6118517,47.3377577],[-123.6120927,47.3436608],[-123.6229522,47.3442386],[-123.6330047,47.3451179],[-123.6488899,47.3450969],[-123.6488814,47.3486854],[-123.6382839,47.3487263],[-123.6382638,47.3523397],[-123.6435625,47.3523098],[-123.6435263,47.3595201],[-123.638212,47.359575],[-123.6381267,47.3668605],[-123.632778,47.3668886],[-123.6329101,47.3596321],[-123.6279896,47.3596494],[-123.6279292,47.3632839],[-123.622666,47.3633086],[-123.622674,47.3669377],[-123.6120247,47.3669828],[-123.6120312,47.3742441],[-123.6173612,47.374157],[-123.6173641,47.3748181],[-123.6173737,47.3813633],[-123.6120508,47.3813705],[-123.6120586,47.3849338],[-123.6173823,47.3849334],[-123.6173912,47.3885118],[-123.6120586,47.3885028],[-123.6120696,47.3957721],[-123.6067734,47.3957758],[-123.6067805,47.3994103],[-123.6014958,47.3994106],[-123.6015113,47.4057251],[-123.5961577,47.4057324],[-123.5961656,47.4102338],[-123.5935071,47.4102465],[-123.5935367,47.4156993],[-123.5908857,47.4157034],[-123.5908966,47.4175165],[-123.5961912,47.4175165],[-123.5961724,47.4138767],[-123.6014858,47.4138568],[-123.6015022,47.4066197],[-123.6119462,47.406589],[-123.6120689,47.4030473],[-123.6233532,47.4032556],[-123.6230302,47.3957717],[-123.6280585,47.395819],[-123.6280529,47.3919594],[-123.6327033,47.3918923],[-123.6327013,47.3956813],[-123.6380508,47.3956889],[-123.6380944,47.3885278],[-123.6280479,47.3885237],[-123.6279735,47.3849318],[-123.6326866,47.3849307],[-123.6326663,47.3813842],[-123.6227003,47.3813515],[-123.6226912,47.3777732],[-123.6253563,47.3777652],[-123.6253501,47.3741003],[-123.6303232,47.374134],[-123.6303388,47.3777152],[-123.6326486,47.3777388],[-123.6327101,47.3705197],[-123.6380763,47.3705104],[-123.6380324,47.3777427],[-123.6434124,47.3777521],[-123.6434038,47.381346],[-123.6541355,47.3813481],[-123.6542043,47.3741699],[-123.6488126,47.3741642],[-123.6488205,47.3668147],[-123.6648328,47.3667803],[-123.6649199,47.3595193],[-123.6541343,47.3594099],[-123.6542802,47.3523889],[-123.6541809,47.3450887],[-123.6967774,47.3450534],[-123.6965797,47.3162421],[-123.6968089,47.3088763],[-123.7020325,47.3088493],[-123.70206,47.3052043],[-123.7075043,47.3051734],[-123.7076296,47.2992219],[-123.7166988,47.2992132],[-123.7166495,47.3017576],[-123.7393573,47.3015769],[-123.7565434,47.3016031],[-123.755617,47.3127435],[-123.7552186,47.3268414],[-123.7651567,47.3275609],[-123.7975007,47.328677],[-123.797154,47.3409276],[-123.7918083,47.3408946],[-123.7917022,47.3445133],[-123.7917273,47.3517308],[-123.7970497,47.3517617],[-123.7970509,47.3481512],[-123.8075952,47.3482285],[-123.8075376,47.3445921],[-123.8023294,47.3445697],[-123.8024584,47.3409449],[-123.8077361,47.3409846],[-123.8082915,47.3290412],[-123.8135702,47.3292207],[-123.8137258,47.3283973],[-123.8184992,47.3284956],[-123.8187829,47.3282134],[-123.8191635,47.3275727],[-123.8191853,47.3268311],[-123.8351803,47.3267532],[-123.8350086,47.3293929],[-123.8402658,47.3293784],[-123.8611675,47.3304589],[-123.861141,47.3309068],[-123.882832,47.3311144],[-123.8826611,47.3448618],[-123.905138,47.3453569],[-123.9196714,47.3454443],[-123.9196773,47.3484484],[-123.9249909,47.3484324],[-123.9250514,47.3556659],[-123.9303841,47.3556518],[-123.930425,47.3592724],[-123.9303574,47.3629014],[-123.9250077,47.3629131],[-123.9248634,47.3701659],[-123.9302336,47.370148],[-123.9302976,47.3665247],[-123.9356515,47.366507],[-123.9355491,47.3737559],[-123.9409196,47.3737376],[-123.9409665,47.3701146],[-123.9463292,47.3701013],[-123.9463636,47.3664764],[-123.9516748,47.3664207],[-123.9516314,47.3700244],[-123.9569298,47.3699497],[-123.9571274,47.3627831],[-123.9517184,47.3628198],[-123.9517618,47.3592161],[-123.962424,47.3591853],[-123.9623619,47.3698119],[-123.966927,47.3698119],[-123.9436669,47.3891947],[-123.9336462,47.3980991],[-123.9124031,47.4176893],[-123.8988901,47.428447],[-123.8920773,47.4348265],[-123.8852913,47.4406429],[-123.8789828,47.4455916],[-123.8678462,47.4552772],[-123.8679034,47.4555883],[-123.866922,47.455654],[-123.866149,47.456155],[-123.865717,47.457013],[-123.864626,47.458263],[-123.864273,47.459237],[-123.864251,47.459777],[-123.863461,47.460584],[-123.862989,47.461505],[-123.862932,47.46192],[-123.862728,47.462128],[-123.862363,47.462203],[-123.860863,47.461971],[-123.860225,47.462102],[-123.858974,47.462912],[-123.857256,47.463654],[-123.8567822,47.4640798],[-123.856313,47.464309],[-123.855766,47.464448],[-123.855301,47.464748],[-123.854584,47.464997],[-123.854334,47.465205],[-123.853901,47.465272],[-123.853288,47.465654],[-123.852287,47.465464],[-123.851797,47.465512],[-123.851536,47.465712],[-123.851348,47.466073],[-123.851001,47.466211],[-123.850541,47.466727],[-123.8488634,47.4677422],[-123.8485233,47.46859],[-123.847622,47.468998],[-123.847509,47.469251],[-123.847509,47.469521],[-123.8476503,47.469673],[-123.8473071,47.4703784],[-123.8467644,47.4706013],[-123.8463813,47.4705173],[-123.8455833,47.4700077],[-123.8451774,47.4699831],[-123.8447287,47.4700217],[-123.8442555,47.4702024],[-123.8434526,47.4708687],[-123.8429915,47.4710818],[-123.8421413,47.4718322],[-123.8414971,47.4726379],[-123.83951,47.473305],[-123.839227,47.473528],[-123.839163,47.473785],[-123.839061,47.473844],[-123.838327,47.473867],[-123.8378255,47.4740971],[-123.83752,47.47368],[-123.837122,47.473521],[-123.836746,47.473154],[-123.836576,47.47312],[-123.8360313,47.4732584],[-123.835946,47.4734012],[-123.835632,47.473531],[-123.834267,47.473496],[-123.8334911,47.4740548],[-123.8331248,47.4746049],[-123.8282593,47.4746065],[-123.8283065,47.4781551],[-123.8229519,47.4781649],[-123.8229916,47.4817219],[-123.8176297,47.4817398],[-123.8125741,47.4815569],[-123.8125926,47.4852217],[-123.8101369,47.4852258],[-123.8101179,47.4870206],[-123.8034417,47.486987],[-123.8034611,47.4888606],[-123.7987731,47.4888571],[-123.7986503,47.492471],[-123.7963377,47.49247],[-123.796335,47.4940955],[-123.7937909,47.4940793],[-123.7937108,47.4958886],[-123.7910916,47.4958746],[-123.7910302,47.4967898],[-123.7883894,47.4967653],[-123.7883316,47.4976749],[-123.7856996,47.4976529],[-123.7855881,47.5012689],[-123.7831636,47.5012771],[-123.7802324,47.5029225],[-123.7802154,47.50319],[-123.7755595,47.5031909],[-123.7757176,47.5066394],[-123.7704213,47.5069216],[-123.7703426,47.5104107],[-123.76514,47.5104394],[-123.7651048,47.5140492],[-123.7597979,47.5140601],[-123.7597761,47.5177246],[-123.7544833,47.5177251],[-123.7544403,47.5249773],[-123.7499729,47.5249769],[-123.7499995,47.5283451],[-123.7336572,47.5282942],[-123.7336903,47.5249087],[-123.7174866,47.5247337],[-123.7175087,47.5282712],[-123.7121681,47.5282841],[-123.7121564,47.5265341],[-123.7095521,47.5265342],[-123.709537,47.5274344],[-123.7068104,47.5274952],[-123.7067604,47.5282784],[-123.7040845,47.5283049],[-123.7068558,47.5300811],[-123.7075414,47.5314217],[-123.709118,47.5317303],[-123.70732672823412,47.53192815805136],[-123.7074903,47.5319429],[-123.7077334,47.5321742],[-123.7081783,47.5327102],[-123.7084522,47.5331991],[-123.7092818,47.5340349],[-123.7094733,47.5344227],[-123.7103682,47.5347958],[-123.711232,47.5348919],[-123.711724,47.5346939],[-123.7125642,47.5346247],[-123.7135505,47.5349477],[-123.7149581,47.5350287],[-123.7193462,47.5340293],[-123.7202094,47.534116],[-123.7213337,47.5346933],[-123.7221386,47.5347171],[-123.7228595,47.5349276],[-123.7233909,47.5349313],[-123.7250984,47.5343402],[-123.7254368,47.5340819],[-123.7258216,47.5334629],[-123.7262491,47.5331008],[-123.7267091,47.5330511],[-123.7272266,47.5331113],[-123.7299194,47.5337279],[-123.7305895,47.5337739],[-123.734343,47.5331859],[-123.7349684,47.5329999],[-123.7358031,47.5330704],[-123.7365556,47.5336116],[-123.7382123,47.5351913],[-123.7391135,47.5357869],[-123.7399516,47.5361968],[-123.7407388,47.5363388],[-123.7417521,47.5363448],[-123.7446934,47.53549],[-123.7468448,47.5350202],[-123.7478302,47.5347233],[-123.7497351,47.5346107],[-123.7516336,47.5342512],[-123.7527418,47.5336351],[-123.7536034,47.5324396],[-123.7538212,47.5312348],[-123.7544519,47.5307956],[-123.7552228,47.5303876],[-123.7576841,47.5298972],[-123.7585191,47.5294054],[-123.7593352,47.5291718],[-123.7601835,47.5291831],[-123.7618161,47.5295707],[-123.7630797,47.5295821],[-123.7648471,47.5295097],[-123.7649565,47.5293192],[-123.7664267,47.5290321],[-123.7666541,47.5290725],[-123.7668936,47.5293117],[-123.7673771,47.5295792],[-123.7683952,47.5298199],[-123.7701769,47.5298167],[-123.7718017,47.5300756],[-123.7725925,47.5299948],[-123.7737677,47.5296924],[-123.7744808,47.5297543],[-123.7752939,47.5294738],[-123.7757258,47.5291806],[-123.7761528,47.5285964],[-123.7768144,47.5281229],[-123.777854,47.5272037],[-123.7786118,47.5262782],[-123.7788237,47.5257111],[-123.7789092,47.5248814],[-123.7787809,47.5244926],[-123.7785045,47.5240302],[-123.7781712,47.5229473],[-123.7783982,47.5220179],[-123.7794415,47.5209693],[-123.7800879,47.519932],[-123.7803101,47.5189258],[-123.7801,47.5179842],[-123.7795616,47.5176635],[-123.779103,47.517539],[-123.7789539,47.5173142],[-123.7796133,47.5166697],[-123.7805598,47.5162918],[-123.7821618,47.5159413],[-123.7857043,47.5155024],[-123.786857,47.5151797],[-123.7879122,47.5147377],[-123.7898883,47.5135062],[-123.7909274,47.5124386],[-123.7913335,47.5117095],[-123.7916832,47.5107988],[-123.7923987,47.5099693],[-123.7935146,47.5090522],[-123.7943839,47.5085238],[-123.7944845,47.5082216],[-123.7952703,47.5074359],[-123.7957757,47.5072231],[-123.7962707,47.5064762],[-123.7982071,47.5060702],[-123.7991467,47.5059519],[-123.8000985,47.5056653],[-123.8012039,47.5049469],[-123.8017963,47.5039529],[-123.8016742,47.5034373],[-123.8025711,47.501784],[-123.8025297,47.5011134],[-123.8031915,47.5005144],[-123.8034182,47.4998056],[-123.8038522,47.4995337],[-123.8047905,47.4986673],[-123.8061332,47.498507],[-123.8072405,47.4985519],[-123.8088887,47.4982302],[-123.8094729,47.4981983],[-123.8119717,47.4982638],[-123.8139737,47.498558],[-123.8156427,47.4985715],[-123.8164246,47.4984576],[-123.8171765,47.4982224],[-123.8183184,47.4980982],[-123.8230817,47.4982065],[-123.8274105,47.4987685],[-123.8284942,47.4984322],[-123.8288061,47.498011],[-123.8289133,47.4971987],[-123.8290949,47.4968576],[-123.829975,47.4965118],[-123.8305186,47.4961908],[-123.831709,47.4957598],[-123.8329763,47.4954792],[-123.8343996,47.49553],[-123.8356835,47.4958749],[-123.8366783,47.4959227],[-123.8371103,47.4956202],[-123.8381142,47.4951733],[-123.8386175,47.4951112],[-123.839437,47.4953739],[-123.8412308,47.4954465],[-123.8419813,47.4952818],[-123.8424346,47.495097],[-123.8426435,47.4948333],[-123.8426424,47.4946668],[-123.8429253,47.494649],[-123.8435195,47.494775],[-123.8440456,47.4947536],[-123.8445131,47.4950836],[-123.8454377,47.4953108],[-123.844857,47.4962838],[-123.844742,47.496743],[-123.845058,47.496943],[-123.845867,47.4969767],[-123.84793,47.497826],[-123.848853,47.498008],[-123.851619,47.497052],[-123.852564,47.496559],[-123.853668,47.496137],[-123.853929,47.496009],[-123.854999,47.495029],[-123.856342,47.494929],[-123.857094,47.494761],[-123.859471,47.493907],[-123.860086,47.493794],[-123.860382,47.493864],[-123.860826,47.493825],[-123.86127,47.493569],[-123.8616,47.493153],[-123.862151,47.492195],[-123.862704,47.491786],[-123.863205,47.49153],[-123.86366,47.491554],[-123.864069,47.49219],[-123.864888,47.492345],[-123.865321,47.49227],[-123.8668,47.491485],[-123.866982,47.491268],[-123.86762,47.490921],[-123.868541,47.490203],[-123.868916,47.48967],[-123.868916,47.48949],[-123.868517,47.48907],[-123.868518,47.488836],[-123.868654,47.488511],[-123.868847,47.488338],[-123.86879,47.487907],[-123.868904,47.487726],[-123.869746,47.487198],[-123.870771,47.487253],[-123.871111,47.487196],[-123.871475,47.486537],[-123.871827,47.486246],[-123.872306,47.486018],[-123.872999,47.485463],[-123.87309,47.485211],[-123.873329,47.485002],[-123.873501,47.4846899],[-123.873648,47.484604],[-123.874239,47.484608],[-123.87515,47.484412],[-123.876291,47.483576],[-123.877484,47.483045],[-123.87868,47.482838],[-123.879454,47.482571],[-123.88131,47.482233],[-123.882538,47.482133],[-123.8838,47.482177],[-123.88429,47.482084],[-123.885099,47.481807],[-123.885977,47.481333],[-123.886375,47.480898],[-123.886547,47.480321],[-123.886844,47.479886],[-123.887379,47.479918],[-123.888401,47.480234],[-123.889745,47.480161],[-123.89004,47.480024],[-123.89053,47.480011],[-123.891098,47.480321],[-123.891403,47.481012],[-123.89163,47.481199],[-123.891937,47.481251],[-123.892689,47.481092],[-123.892985,47.480748],[-123.892907,47.480154],[-123.89301,47.480073],[-123.893851,47.479814],[-123.894388,47.479495],[-123.894445,47.479252],[-123.894401,47.478919],[-123.89448,47.478819],[-123.895686,47.478576],[-123.895936,47.478682],[-123.896322,47.479093],[-123.896674,47.479252],[-123.89704,47.479348],[-123.897812,47.479333],[-123.89812,47.479241],[-123.898486,47.478113],[-123.899237,47.477711],[-123.89984,47.477617],[-123.899966,47.477418],[-123.899865,47.476717],[-123.90081,47.476691],[-123.901186,47.476544],[-123.901157,47.47641],[-123.90179,47.475784],[-123.902155,47.475565],[-123.902703,47.475039],[-123.90326,47.47471],[-123.906265,47.473886],[-123.90778,47.473127],[-123.908701,47.472823],[-123.909145,47.472441],[-123.909772,47.472184],[-123.910205,47.471839],[-123.911628,47.471009],[-123.9127864,47.4697688],[-123.9246644,47.4724649],[-123.9244891,47.4817281],[-123.9245227,47.4859807],[-123.9272162,47.4860226],[-123.9272611,47.4824821],[-123.9353257,47.4824512],[-123.9353401,47.4807222],[-123.9392764,47.4807628],[-123.9392305,47.4824377],[-123.9405334,47.4824321],[-123.940526,47.4833268],[-123.9457427,47.4833182],[-123.9456896,47.4784277],[-123.9433261,47.4783629],[-123.9433226,47.4765552],[-123.946139,47.4771423],[-123.9587647,47.4802331],[-123.9587715,47.480414],[-123.9589795,47.4807786],[-123.959866,47.4819944],[-123.9606446,47.4826945],[-123.9614208,47.4830846],[-123.9623377,47.4833914],[-123.9647609,47.4838404],[-123.9649768,47.483999],[-123.9649784,47.4841609]],[[-124.2635809,47.8765971],[-124.2618453,47.8769212],[-124.261507,47.8773471],[-124.2610247,47.877587],[-124.2607777,47.8779334],[-124.2635422,47.877858],[-124.2635809,47.8765971]],[[-124.2582087,47.8780116],[-124.2581243,47.8793719],[-124.258421,47.8794922],[-124.2600279,47.8796153],[-124.2609331,47.8795584],[-124.2615515,47.8791763],[-124.2606909,47.8782006],[-124.2607777,47.8779334],[-124.2582087,47.8780116]],[[-122.9837895,47.9698989],[-122.9840041,47.9617956],[-122.9727173,47.9623704],[-122.9731465,47.9698127],[-122.9837895,47.9698989]],[[-123.2913586,47.4021512],[-123.3019673,47.4027435],[-123.3019861,47.3991252],[-123.3126022,47.3997108],[-123.3126197,47.3960789],[-123.3073143,47.3957916],[-123.3073504,47.3885386],[-123.2913936,47.3877009],[-123.2913586,47.4021512]],[[-123.6120063,47.3597274],[-123.6172574,47.3597026],[-123.6173118,47.3524618],[-123.6068079,47.3524536],[-123.6067543,47.3633126],[-123.6014436,47.3632862],[-123.6014331,47.3668993],[-123.6120247,47.3669828],[-123.6120063,47.3597274]],[[-123.596095,47.3668952],[-123.596104,47.3705024],[-123.6014235,47.3705289],[-123.6014331,47.3668993],[-123.596095,47.3668952]],[[-123.9250799,47.3592894],[-123.9037144,47.3593333],[-123.9036792,47.3611395],[-123.9010318,47.3611647],[-123.9009966,47.362971],[-123.8983607,47.3629874],[-123.8982389,47.3702065],[-123.8930178,47.3702188],[-123.892978,47.3738168],[-123.9140887,47.3738041],[-123.914324,47.3629328],[-123.9250077,47.3629131],[-123.9250799,47.3592894]],[[-123.9461971,48.0813467],[-123.9480763,48.0825539],[-123.9499254,48.0815105],[-123.9460296,48.0789693],[-123.9460422,48.0814586],[-123.9461971,48.0813467]],[[-123.9514448,48.0761685],[-123.9567281,48.076269],[-123.9568016,48.0799161],[-123.9620763,48.0799343],[-123.9622224,48.0764074],[-123.967649,48.0764376],[-123.9676149,48.0799175],[-123.9947566,48.0803172],[-123.9947787,48.0767389],[-123.9894279,48.076609],[-123.9785702,48.0765421],[-123.9784279,48.0728726],[-123.9615532,48.0727111],[-123.9597151,48.073427],[-123.9597276,48.0738752],[-123.9596097,48.0742358],[-123.9592862,48.0744605],[-123.9588126,48.0745643],[-123.9577189,48.0746217],[-123.9566312,48.0753319],[-123.9562617,48.0754881],[-123.9554004,48.0756504],[-123.9548449,48.0756555],[-123.9538243,48.0747469],[-123.9530626,48.0741919],[-123.951533,48.0733696],[-123.9514448,48.0761685]],[[-124.0002407,48.0660262],[-124.0056084,48.0661702],[-124.0055854,48.0697898],[-124.0002272,48.0696607],[-124.0002201,48.0732113],[-124.010886,48.0734981],[-124.0162858,48.0735624],[-124.0162183,48.0771777],[-124.021685,48.0772564],[-124.0217107,48.0754888],[-124.0272248,48.075607],[-124.0272777,48.0737535],[-124.0493102,48.0743206],[-124.0925404,48.0744506],[-124.0922507,48.0672151],[-124.0826742,48.0671853],[-124.0824269,48.0669769],[-124.0793617,48.0673022],[-124.076357,48.0682307],[-124.0749095,48.0684829],[-124.0740219,48.0681892],[-124.07356,48.0677325],[-124.0724908,48.0662566],[-124.0717736,48.065971],[-124.0706701,48.0657424],[-124.0686722,48.0658803],[-124.0647303,48.0674113],[-124.0640004,48.0675578],[-124.0631976,48.0675166],[-124.0620434,48.0670079],[-124.0520591,48.0670537],[-124.0510352,48.0674375],[-124.0505609,48.067478],[-124.0491964,48.0673525],[-124.0484191,48.0670844],[-124.0476518,48.0669705],[-124.0453992,48.0672248],[-124.0420513,48.0680591],[-124.04042,48.0686068],[-124.0365737,48.0705104],[-124.0361718,48.0705596],[-124.0355384,48.0703885],[-124.0345756,48.0697604],[-124.0333329,48.0690916],[-124.0325236,48.0688387],[-124.0284614,48.0688895],[-124.0280228,48.0687754],[-124.0275841,48.0683266],[-124.0271331,48.0677064],[-124.026,48.0669967],[-124.0253177,48.0666379],[-124.0218096,48.0652922],[-124.0214199,48.0652516],[-124.0208843,48.0654232],[-124.0204827,48.0658722],[-124.020276,48.0664599],[-124.0193513,48.0675867],[-124.0188156,48.0678481],[-124.0185355,48.0678236],[-124.014881,48.0657024],[-124.0143085,48.0654495],[-124.0139429,48.0650252],[-124.013894,48.0645926],[-124.0135039,48.0637356],[-124.0108129,48.0623129],[-124.0107727,48.059039],[-124.0161568,48.0591394],[-124.0162042,48.0626693],[-124.0350291,48.0630316],[-124.0349413,48.0595084],[-124.0323388,48.059452],[-124.0322522,48.0558135],[-124.0490285,48.0561953],[-124.0597246,48.0562485],[-124.0598019,48.0599065],[-124.0704528,48.0599191],[-124.0699431,48.0456426],[-124.0488495,48.0454058],[-124.0489254,48.0489213],[-124.0424802,48.0487196],[-124.0424331,48.0452331],[-124.0305156,48.0448709],[-124.0107034,48.044565],[-123.9780857,48.0439146],[-123.9781017,48.0404471],[-123.9671072,48.0403703],[-123.9672727,48.0479209],[-123.9688589,48.0479085],[-123.9703599,48.0476717],[-123.9744038,48.0470075],[-123.9786585,48.0458536],[-123.9796736,48.0459314],[-123.9811694,48.0465934],[-123.9816284,48.0476275],[-123.98331,48.049029],[-123.9851134,48.0492374],[-123.9855596,48.0491415],[-123.9860031,48.0490043],[-123.9863907,48.0483311],[-123.9866048,48.0481455],[-123.98691,48.0480951],[-123.987965,48.0488082],[-123.9891706,48.0493101],[-123.9903918,48.0500458],[-123.9929461,48.0511637],[-123.9949186,48.0529936],[-123.997484,48.0541442],[-123.9977933,48.0544658],[-123.9981308,48.055214],[-123.9981476,48.0557787],[-123.997551,48.0576436],[-123.9972049,48.0583217],[-123.997046,48.0590295],[-123.9972203,48.0591759],[-123.9977035,48.059327],[-123.9999875,48.059463],[-124.0002407,48.0660262]],[[-124.1933013,47.9679987],[-124.1825093,47.9680473],[-124.1822366,47.975246],[-124.1930524,47.9752255],[-124.1933013,47.9679987]],[[-124.1264875,48.0285307],[-124.1264027,48.0322017],[-124.1209523,48.0323088],[-124.1208308,48.0395177],[-124.1369734,48.0391608],[-124.1531473,48.0394152],[-124.1532244,48.0356565],[-124.1584793,48.0356826],[-124.1692571,48.0359567],[-124.1692486,48.0396201],[-124.1746232,48.0397187],[-124.1748767,48.0252534],[-124.1640952,48.0250787],[-124.1639711,48.0321536],[-124.1585369,48.0320068],[-124.1477634,48.0319757],[-124.1478959,48.0249968],[-124.1425638,48.0249616],[-124.1428599,48.0195667],[-124.1590159,48.0195764],[-124.1644505,48.0196875],[-124.1645547,48.0178158],[-124.1699105,48.0179125],[-124.1703461,48.0107006],[-124.170399,48.0038441],[-124.1596379,48.003699],[-124.1270244,48.0037515],[-124.1275853,48.0115876],[-124.1276906,48.0177631],[-124.105057,48.0180207],[-124.1047501,48.0252431],[-124.0938703,48.0253459],[-124.0937982,48.0325877],[-124.1102126,48.0324215],[-124.110046,48.0396674],[-124.1100657,48.043033],[-124.115268,48.0429772],[-124.115602,48.0287194],[-124.1264875,48.0285307]],[[-124.1152134,48.0457591],[-124.1126514,48.045816],[-124.1128239,48.0494302],[-124.1182082,48.0493474],[-124.1183725,48.0530195],[-124.1236681,48.0530159],[-124.123546,48.0492438],[-124.1290914,48.0491202],[-124.1290419,48.0455271],[-124.1369149,48.0454652],[-124.1421999,48.0455625],[-124.1422591,48.0428407],[-124.1369309,48.0427757],[-124.115268,48.0429772],[-124.1152134,48.0457591]],[[-124.1131732,48.0879304],[-124.113089,48.1059737],[-124.118417,48.1060079],[-124.1184249,48.109731],[-124.1239141,48.1097796],[-124.1238875,48.1060295],[-124.134833,48.1060747],[-124.1400225,48.1061832],[-124.1400399,48.0991145],[-124.1452484,48.0992772],[-124.1452244,48.0956531],[-124.1347534,48.0953731],[-124.1346695,48.0883731],[-124.1131732,48.0879304]],[[-124.112699,48.0684968],[-124.1113611,48.0684235],[-124.1101083,48.0681871],[-124.1079921,48.0679424],[-124.1071529,48.0679832],[-124.1037714,48.0692221],[-124.1028008,48.0693532],[-124.1028678,48.0745142],[-124.1132763,48.0746224],[-124.1133812,48.068448],[-124.112699,48.0684968]],[[-124.1028008,48.0693532],[-124.1026818,48.0601667],[-124.0919501,48.0599964],[-124.0920966,48.0627799],[-124.0927908,48.0628623],[-124.0938486,48.0634494],[-124.0956603,48.0646561],[-124.0962196,48.065129],[-124.0965476,48.0661889],[-124.0963407,48.0670938],[-124.0957079,48.0677784],[-124.0937009,48.0683813],[-124.0932143,48.0687318],[-124.0932019,48.069009],[-124.0933964,48.0693515],[-124.0938464,48.0695472],[-124.0943208,48.0695961],[-124.0950385,48.0694658],[-124.0981643,48.0694336],[-124.1002563,48.0695724],[-124.1028008,48.0693532]],[[-123.7031548,47.5309532],[-123.7010235,47.5305198],[-123.697598,47.5300907],[-123.6962401,47.5303972],[-123.6962491,47.5313114],[-123.697285,47.5314043],[-123.6989496,47.5319814],[-123.6999518,47.5321297],[-123.7008692,47.5321356],[-123.7019248,47.5318996],[-123.7028079,47.5318443],[-123.7035144,47.531649],[-123.704668,47.5317724],[-123.7048932,47.5317041],[-123.70491942099504,47.531420479381],[-123.7031548,47.5309532]],[[-123.8798296,47.4004497],[-123.8798295,47.4026666],[-123.8771592,47.4026808],[-123.8771042,47.4168503],[-123.8823936,47.4168206],[-123.8824197,47.4154672],[-123.8929717,47.4154353],[-123.8930725,47.4099809],[-123.8983425,47.4099757],[-123.8983503,47.3954451],[-123.9035349,47.3954529],[-123.903509,47.39364],[-123.8983325,47.3936265],[-123.8982808,47.388201],[-123.8927374,47.3881918],[-123.8929339,47.3954105],[-123.8825897,47.3954013],[-123.8826008,47.4004355],[-123.8798296,47.4004497]],[[-123.8927973,47.3845932],[-123.8954556,47.3845982],[-123.8954673,47.382798],[-123.8928295,47.382798],[-123.8928574,47.3810002],[-123.8877111,47.3809964],[-123.8876663,47.388175],[-123.8927374,47.3881918],[-123.8927973,47.3845932]],[[-123.7969973,47.3625834],[-123.7970522,47.3553638],[-123.786432,47.3553259],[-123.7864235,47.3625332],[-123.7969973,47.3625834]],[[-123.7545232,47.3443679],[-123.7546283,47.3583129],[-123.7758704,47.3589068],[-123.7756514,47.344405],[-123.7545232,47.3443679]],[[-123.6092946,47.3864447],[-123.6088051,47.3859624],[-123.6076578,47.3858054],[-123.6070122,47.3855825],[-123.6064518,47.3853448],[-123.6053823,47.3847243],[-123.6049291,47.3838497],[-123.6045692,47.3834375],[-123.604566,47.3832495],[-123.6050547,47.3830473],[-123.6052437,47.3828377],[-123.6052312,47.3827293],[-123.6050803,47.3826569],[-123.600576,47.3826315],[-123.6006001,47.3840673],[-123.6020921,47.3843713],[-123.6026419,47.3846246],[-123.6031093,47.3850587],[-123.6041277,47.3864613],[-123.6043266,47.3868443],[-123.6044608,47.3878277],[-123.6050287,47.3885146],[-123.6104713,47.3885061],[-123.6092946,47.3864447]],[[-123.6014356,47.3813533],[-123.6014253,47.3741436],[-123.5908071,47.374118],[-123.5908244,47.3813317],[-123.6014356,47.3813533]],[[-123.1999341,47.5019787],[-123.1943613,47.5018177],[-123.1943036,47.5055464],[-123.1999098,47.5057231],[-123.1999341,47.5019787]],[[-123.1590781,47.9924674],[-123.1522772,47.9925146],[-123.1523246,47.9961174],[-123.1590587,47.9961184],[-123.1590781,47.9924674]],[[-123.1232761,47.7430593],[-123.1244307,47.7390044],[-123.1293339,47.7389059],[-123.1305949,47.7349694],[-123.1232331,47.7349939],[-123.1209171,47.7430463],[-123.1232761,47.7430593]],[[-123.0983651,47.8445384],[-123.0989811,47.8448389],[-123.0989464,47.8407832],[-123.0984511,47.8405462],[-123.1019089,47.8371782],[-123.0980196,47.8352421],[-123.0945276,47.8386711],[-123.0943554,47.8426596],[-123.0926991,47.8457805],[-123.093384,47.8461619],[-123.0924547,47.8476476],[-123.0906586,47.8468219],[-123.0877053,47.8503907],[-123.0895991,47.8514011],[-123.0890423,47.8520867],[-123.0910385,47.853106],[-123.0919591,47.852073],[-123.0952071,47.8535749],[-123.0964762,47.8522169],[-123.0948775,47.8514394],[-123.0975659,47.8481581],[-123.1019364,47.8500819],[-123.1032264,47.8489262],[-123.0982256,47.8464748],[-123.0968215,47.8478109],[-123.0966841,47.847745],[-123.0983651,47.8445384]],[[-123.1018104,47.9842098],[-123.1018097,47.9814896],[-123.0991357,47.9814967],[-123.0991369,47.9842326],[-123.1018104,47.9842098]],[[-123.0285823,47.7404778],[-123.0338663,47.7404814],[-123.0338824,47.7440635],[-123.0446649,47.7442006],[-123.0446863,47.7407664],[-123.0392361,47.740752],[-123.0392468,47.737],[-123.0286038,47.7369784],[-123.0285823,47.7404778]],[[-123.0124891,47.724079],[-123.0124891,47.7224154],[-123.0018246,47.7223866],[-123.0018568,47.7295892],[-123.0178428,47.7295964],[-123.0178106,47.7259393],[-123.0099356,47.7258906],[-123.0099142,47.7241404],[-123.0124891,47.724079]],[[-123.0080936,47.6862995],[-123.0080225,47.6788958],[-122.9974225,47.6789419],[-122.9974936,47.6863456],[-123.0080936,47.6862995]],[[-122.9486752,47.8668311],[-122.9448327,47.8668544],[-122.9447944,47.8742269],[-122.9484426,47.874186],[-122.9486752,47.8668311]],[[-122.9066062,47.7736852],[-122.9098678,47.7758339],[-122.9159832,47.7758483],[-122.9159296,47.7715437],[-122.9136229,47.7723152],[-122.9067135,47.7723873],[-122.9066062,47.7736852]]],[[[-124.7420078,48.1612738],[-124.7418635,48.1615286],[-124.7413035,48.1613959],[-124.7413306,48.1615491],[-124.7414944,48.161736],[-124.7417374,48.1618732],[-124.7412125,48.162226],[-124.7420594,48.1626186],[-124.7423365,48.1633157],[-124.7421314,48.1634783],[-124.741817,48.1635286],[-124.741104,48.1633555],[-124.7409937,48.1630858],[-124.7413141,48.1628585],[-124.7413682,48.1627386],[-124.7396849,48.1623315],[-124.7394101,48.1625701],[-124.7391091,48.1632392],[-124.7388522,48.163373],[-124.7388506,48.1639108],[-124.7386572,48.163951],[-124.738345,48.1638527],[-124.7381154,48.163908],[-124.7380041,48.164139],[-124.7381075,48.1644282],[-124.7380816,48.164627],[-124.7376031,48.1647221],[-124.7374599,48.1649026],[-124.7374827,48.1651214],[-124.7377059,48.1653185],[-124.7347881,48.1653148],[-124.734775,48.164215],[-124.734679,48.163798],[-124.698292,48.163857],[-124.698354,48.1720477],[-124.698513,48.176398],[-124.7208786,48.1762158],[-124.720315,48.1766905],[-124.7200252,48.1770414],[-124.7209149,48.1777992],[-124.7193048,48.1787945],[-124.7186822,48.1789465],[-124.7174938,48.1789976],[-124.7168321,48.1791963],[-124.7162716,48.1795486],[-124.7163116,48.1796684],[-124.7160953,48.1797575],[-124.716353,48.1798163],[-124.7163979,48.1799312],[-124.716235,48.1802959],[-124.7164337,48.1808098],[-124.7163228,48.1811538],[-124.7160926,48.1812282],[-124.7154109,48.1810362],[-124.7154692,48.1812429],[-124.7158129,48.1815444],[-124.7157594,48.1817545],[-124.7158156,48.1820343],[-124.7156766,48.1822999],[-124.7142078,48.1827209],[-124.7135024,48.1826632],[-124.7130021,48.1827661],[-124.7124463,48.1826026],[-124.7112768,48.1830545],[-124.7106589,48.1830223],[-124.709027,48.1822816],[-124.708171,48.1825093],[-124.7065985,48.1833318],[-124.7047077,48.1848477],[-124.7040705,48.1855507],[-124.7023257,48.1882136],[-124.7019096,48.1886653],[-124.7005525,48.1907033],[-124.6993102,48.1932023],[-124.6982476,48.1948106],[-124.6972685,48.1971204],[-124.6964971,48.1983383],[-124.6960129,48.1992898],[-124.6957814,48.2004365],[-124.6949414,48.2032444],[-124.6941518,48.2048668],[-124.6936253,48.2061753],[-124.6932022,48.2089348],[-124.6925497,48.2104021],[-124.6921878,48.2115043],[-124.6908949,48.2142303],[-124.6909088,48.2159598],[-124.6910032,48.2165809],[-124.6907803,48.2177148],[-124.6904251,48.2189346],[-124.6904545,48.2195369],[-124.6908407,48.220819],[-124.6915811,48.2215446],[-124.6919796,48.2227329],[-124.6924406,48.2235332],[-124.6927539,48.2243293],[-124.6928995,48.2245124],[-124.6934517,48.2246901],[-124.6946754,48.2249421],[-124.6951663,48.2248855],[-124.6953036,48.2251909],[-124.6955227,48.2251911],[-124.6955405,48.2254008],[-124.6954796,48.2254493],[-124.6959712,48.2256149],[-124.6962925,48.2255672],[-124.6964404,48.2258603],[-124.697085,48.2263565],[-124.6974031,48.2261642],[-124.6976716,48.2262466],[-124.698252,48.2262194],[-124.6983753,48.2260222],[-124.6989071,48.2259065],[-124.6989841,48.2258073],[-124.6991127,48.2258498],[-124.6992569,48.2261344],[-124.6994417,48.2259449],[-124.6996774,48.225986],[-124.6998245,48.2258638],[-124.7000304,48.2259357],[-124.7001199,48.2260491],[-124.699905,48.2261431],[-124.7000836,48.226198],[-124.7003176,48.2264838],[-124.7002396,48.2265771],[-124.7000552,48.226526],[-124.6999905,48.2268851],[-124.6998778,48.2267549],[-124.6997176,48.2267732],[-124.7000094,48.2271849],[-124.6998658,48.2272511],[-124.6992034,48.2270925],[-124.699305,48.2275393],[-124.6990882,48.2276623],[-124.6991754,48.2277916],[-124.6990905,48.2278595],[-124.6991883,48.2280534],[-124.6993425,48.228147],[-124.6993969,48.228261],[-124.6992997,48.228413],[-124.6994554,48.2284247],[-124.6994258,48.2285621],[-124.6995195,48.2286248],[-124.6997825,48.2284332],[-124.6999274,48.2284651],[-124.699974,48.2286545],[-124.6998393,48.2287385],[-124.69989,48.2290121],[-124.7000737,48.2291087],[-124.7001289,48.2288044],[-124.700268,48.2287308],[-124.7004851,48.2287844],[-124.7003261,48.2289524],[-124.7008087,48.2289577],[-124.7007913,48.2290468],[-124.7002832,48.2291685],[-124.700222,48.2292686],[-124.7004316,48.2293896],[-124.7004049,48.2295909],[-124.7000627,48.2295047],[-124.700014,48.2291902],[-124.6999357,48.2291839],[-124.6999828,48.2292583],[-124.6997316,48.2291526],[-124.6997276,48.2290835],[-124.6994665,48.229036],[-124.6992896,48.2294245],[-124.6991469,48.229503],[-124.6989744,48.2293089],[-124.6988515,48.2293462],[-124.6988522,48.2294237],[-124.6991609,48.229601],[-124.6991567,48.2297414],[-124.6993896,48.2299453],[-124.6991072,48.2300421],[-124.6990315,48.2302609],[-124.6998281,48.2307122],[-124.6998723,48.230894],[-124.6998302,48.2309935],[-124.6996913,48.2309486],[-124.6997401,48.2310824],[-124.6995947,48.2311617],[-124.6992325,48.2311547],[-124.6992725,48.2313474],[-124.6991018,48.23142],[-124.6990167,48.2315678],[-124.6993323,48.231641],[-124.6994677,48.2317759],[-124.6996736,48.2318185],[-124.6998361,48.2317398],[-124.6999687,48.2318371],[-124.6998537,48.2320261],[-124.6997124,48.2320945],[-124.6998622,48.2321832],[-124.7000424,48.2321308],[-124.7004035,48.2322839],[-124.7002771,48.2323409],[-124.7003721,48.2325083],[-124.7002707,48.2325905],[-124.7003111,48.2327461],[-124.700167,48.2328489],[-124.7001659,48.232995],[-124.7003735,48.2330859],[-124.6999477,48.2332173],[-124.7005731,48.2336615],[-124.7008927,48.2337792],[-124.70105,48.2340071],[-124.7011466,48.2338731],[-124.7013168,48.2338922],[-124.701273,48.2341466],[-124.7015841,48.2341523],[-124.7015326,48.2342556],[-124.701624,48.2343878],[-124.7014661,48.23445],[-124.7016378,48.2345651],[-124.701636,48.2348119],[-124.7017081,48.2348375],[-124.7016297,48.2348974],[-124.7016436,48.2350229],[-124.7018635,48.2350745],[-124.7018676,48.2351565],[-124.7020927,48.2351573],[-124.7023457,48.2353677],[-124.7025308,48.2353886],[-124.7026717,48.2355279],[-124.7025906,48.2356437],[-124.702626,48.235748],[-124.7027421,48.2357205],[-124.7028751,48.2359264],[-124.7033058,48.236076],[-124.7032441,48.2361439],[-124.703317,48.2361729],[-124.7032722,48.2362411],[-124.7033664,48.236317],[-124.7033994,48.2365182],[-124.7033185,48.2366191],[-124.703341,48.2367454],[-124.7031731,48.2368181],[-124.7031027,48.2369466],[-124.7035758,48.2370408],[-124.7033538,48.2371639],[-124.7033806,48.2372579],[-124.7038046,48.2371751],[-124.7038108,48.2373245],[-124.7040727,48.2372215],[-124.7044195,48.2374032],[-124.7040749,48.2377743],[-124.7041206,48.2378325],[-124.7044291,48.2378172],[-124.7045044,48.2379726],[-124.7043305,48.2383038],[-124.7046495,48.2383793],[-124.7044889,48.238588],[-124.7040531,48.2384264],[-124.7037128,48.2383959],[-124.7035866,48.2386301],[-124.7036819,48.2389825],[-124.7043661,48.2389886],[-124.7046953,48.2388486],[-124.7051465,48.2389395],[-124.7052737,48.2392553],[-124.7055493,48.2390755],[-124.7061016,48.2391991],[-124.7060471,48.2394489],[-124.7057643,48.239633],[-124.7059404,48.2397224],[-124.7062759,48.2395385],[-124.7063836,48.2395905],[-124.7063718,48.239866],[-124.7062105,48.240188],[-124.7060147,48.2403675],[-124.7061273,48.2404804],[-124.7060033,48.2407687],[-124.7060041,48.2410786],[-124.7061426,48.2410231],[-124.7063836,48.2410697],[-124.706605,48.2409246],[-124.7067483,48.2409614],[-124.7068179,48.2412123],[-124.7070304,48.2414579],[-124.7074892,48.2416576],[-124.7072744,48.2417117],[-124.7074066,48.241902],[-124.707939,48.2417353],[-124.7080405,48.2415769],[-124.7084357,48.2416082],[-124.708545,48.2414793],[-124.7086717,48.2415571],[-124.7085959,48.2416642],[-124.7086804,48.2418404],[-124.7085105,48.2419507],[-124.7086475,48.2419826],[-124.7086478,48.2421087],[-124.7083901,48.2422828],[-124.7084738,48.2424782],[-124.7080945,48.2428829],[-124.7078414,48.2429928],[-124.7077174,48.242878],[-124.7073637,48.2428165],[-124.707118,48.2431892],[-124.7064029,48.2430488],[-124.7062726,48.2428869],[-124.7059648,48.2427369],[-124.7034929,48.2425024],[-124.7031749,48.2426553],[-124.7036482,48.2426539],[-124.7039423,48.2427387],[-124.7040679,48.2428421],[-124.7040913,48.242974],[-124.7039828,48.2431434],[-124.7037755,48.243136],[-124.7035956,48.243228],[-124.7031886,48.2430635],[-124.7027944,48.2430539],[-124.7025935,48.242901],[-124.7024869,48.2430501],[-124.7025172,48.2431618],[-124.7029889,48.2432446],[-124.7031886,48.2434564],[-124.7031264,48.2437198],[-124.7025977,48.243732],[-124.7029406,48.2439506],[-124.7029209,48.2440834],[-124.7030864,48.2441536],[-124.7030155,48.2442509],[-124.7027568,48.2443257],[-124.7025853,48.2442124],[-124.702623,48.2441044],[-124.7020044,48.2439676],[-124.7013274,48.244082],[-124.7009887,48.243815],[-124.7005885,48.243947],[-124.6999614,48.2445253],[-124.6999695,48.2446751],[-124.7002884,48.2451059],[-124.7005464,48.2452368],[-124.7005397,48.245336],[-124.7008811,48.2456472],[-124.7009017,48.2457943],[-124.7007945,48.2458846],[-124.7003608,48.2458215],[-124.7003872,48.2459306],[-124.7009845,48.2460726],[-124.7014975,48.2463213],[-124.7014621,48.2464702],[-124.7012272,48.2466171],[-124.701249,48.2467061],[-124.7011232,48.2468478],[-124.7025812,48.2473818],[-124.7026306,48.2474865],[-124.7024935,48.2476307],[-124.7027372,48.2478293],[-124.7028915,48.2477599],[-124.7032142,48.2479585],[-124.7031849,48.2480475],[-124.7028922,48.2480451],[-124.7029152,48.2483061],[-124.7032043,48.2483753],[-124.7033307,48.2481889],[-124.7032894,48.2480592],[-124.7033904,48.2479743],[-124.703929,48.2480938],[-124.7040977,48.2480165],[-124.7042124,48.2481161],[-124.7042083,48.2482506],[-124.7044013,48.2481626],[-124.7045682,48.2482008],[-124.7045887,48.2483034],[-124.7049727,48.248294],[-124.704989,48.2483847],[-124.7053625,48.2483424],[-124.7052585,48.2488383],[-124.7055888,48.2487683],[-124.7060088,48.248557],[-124.706767,48.2487377],[-124.7071985,48.2487282],[-124.707325,48.2488144],[-124.7066411,48.2491332],[-124.7067078,48.2492423],[-124.7069817,48.2493039],[-124.7072117,48.2494882],[-124.7070486,48.2496118],[-124.7070841,48.2498282],[-124.7068367,48.2498727],[-124.7067629,48.2499642],[-124.7063607,48.2499365],[-124.7062119,48.2502115],[-124.7067118,48.2502416],[-124.706892,48.2503665],[-124.7067696,48.2506859],[-124.7066938,48.2506777],[-124.7066786,48.2508458],[-124.7065739,48.250806],[-124.7064372,48.2510236],[-124.7058001,48.250847],[-124.7055504,48.2506294],[-124.7053982,48.2506603],[-124.7051105,48.2501176],[-124.7046911,48.2499626],[-124.704256,48.2495359],[-124.7041876,48.2496103],[-124.7040565,48.2494358],[-124.703952,48.2495833],[-124.7038416,48.2495373],[-124.7037629,48.2492888],[-124.7031586,48.24919],[-124.7029468,48.249037],[-124.7029539,48.2489196],[-124.702101,48.2487916],[-124.7012168,48.2487689],[-124.6979846,48.2493339],[-124.6975224,48.2494739],[-124.696596,48.2499238],[-124.6946469,48.2503814],[-124.6938714,48.2506382],[-124.6921069,48.251459],[-124.6907054,48.2518763],[-124.6886576,48.2535828],[-124.6878728,48.2541193],[-124.6871937,48.2544689],[-124.6868916,48.2549731],[-124.6864674,48.2562507],[-124.6863004,48.2564695],[-124.6849227,48.2574859],[-124.6845194,48.2580541],[-124.684387,48.2583921],[-124.6843628,48.258807],[-124.6844584,48.259224],[-124.6848655,48.2600685],[-124.6847626,48.2603276],[-124.6843726,48.2605273],[-124.6829461,48.2608468],[-124.6825848,48.2612327],[-124.6826883,48.2618213],[-124.6829629,48.2622706],[-124.6819896,48.264231],[-124.6819842,48.264631],[-124.6813798,48.2659569],[-124.6812639,48.2668498],[-124.6815735,48.26808],[-124.6815339,48.2682664],[-124.681306,48.2684207],[-124.6813872,48.268512],[-124.6813342,48.2686868],[-124.6814961,48.2688813],[-124.6815543,48.2693924],[-124.6814932,48.2696064],[-124.6815812,48.2697376],[-124.6813861,48.2700107],[-124.6814194,48.2702638],[-124.6815582,48.2705358],[-124.681812,48.2707819],[-124.682217,48.2710202],[-124.6821345,48.2711711],[-124.6819657,48.2711903],[-124.681838,48.2713127],[-124.6821249,48.2716607],[-124.6820567,48.2719712],[-124.6814998,48.2721214],[-124.6813448,48.2722361],[-124.6811913,48.2724877],[-124.6811122,48.2728253],[-124.6805613,48.2733078],[-124.680434,48.2733333],[-124.6802656,48.2742047],[-124.6803378,48.2749124],[-124.6801435,48.2751576],[-124.6793397,48.2752636],[-124.6665411,48.2750886],[-124.6664885,48.2738998],[-124.6720298,48.2739238],[-124.6718104,48.2558565],[-124.6772516,48.2558654],[-124.677236,48.2486036],[-124.6826883,48.2486073],[-124.6827601,48.2239127],[-124.6831106,48.2239123],[-124.6840179,48.2115848],[-124.6846042,48.1822929],[-124.6898346,48.1822892],[-124.6898744,48.1717462],[-124.689784,48.166287],[-124.6793536,48.166186],[-124.6793805,48.1643752],[-124.6684237,48.1643019],[-124.6683212,48.1570225],[-124.6632597,48.1570319],[-124.6633317,48.1534776],[-124.6606482,48.1532491],[-124.6591806,48.1528075],[-124.6583307,48.1518931],[-124.6569701,48.1484755],[-124.6561119,48.1473713],[-124.653308,48.1451342],[-124.6524448,48.1446381],[-124.6421597,48.1404534],[-124.6406489,48.1401173],[-124.6390948,48.1400268],[-124.6378691,48.139831],[-124.6367801,48.1394067],[-124.6353919,48.1384866],[-124.6310127,48.1385832],[-124.6310017,48.1293777],[-124.6255851,48.1259782],[-124.622445,48.1279707],[-124.6149645,48.128014],[-124.6150243,48.1208058],[-124.6204246,48.1188594],[-124.6204198,48.1148995],[-124.6070786,48.1149007],[-124.6070838,48.1171889],[-124.6041004,48.120862],[-124.6041227,48.1217106],[-124.5970038,48.1217039],[-124.5947588,48.1181594],[-124.594286,48.1157863],[-124.5943319,48.1154836],[-124.5952759,48.11355],[-124.5956376,48.1135493],[-124.5956649,48.1099279],[-124.5989542,48.1045107],[-124.6022274,48.1045199],[-124.6022346,48.0990984],[-124.5989617,48.0990908],[-124.598891,48.0882024],[-124.6211866,48.0881846],[-124.623116,48.0845862],[-124.6231633,48.0809926],[-124.6204517,48.0773959],[-124.6200428,48.0773954],[-124.6200329,48.0737987],[-124.6189179,48.0702196],[-124.6154495,48.0670131],[-124.6142209,48.0669319],[-124.6142042,48.0648145],[-124.6150244,48.0648177],[-124.6150021,48.0543792],[-124.6173949,48.0543836],[-124.6174183,48.0501077],[-124.6186444,48.0501028],[-124.6186991,48.0441587],[-124.6195969,48.0441548],[-124.6196267,48.0368987],[-124.6210242,48.0368974],[-124.6210298,48.0356906],[-124.6263751,48.0357017],[-124.6290678,48.0369078],[-124.6290414,48.0404932],[-124.6316832,48.042142],[-124.6316748,48.0441394],[-124.6331779,48.0477765],[-124.6424875,48.0478659],[-124.6424759,48.052165],[-124.6472719,48.055503],[-124.6531992,48.0555044],[-124.653163,48.0594254],[-124.6550212,48.0628243],[-124.6578829,48.0628311],[-124.6633236,48.0602872],[-124.6633429,48.0519839],[-124.6639599,48.051964],[-124.6642089,48.011729],[-124.6642057,47.9973975],[-124.6588157,47.9973818],[-124.6588177,47.9900902],[-124.6534526,47.9900751],[-124.6536744,47.9687544],[-124.6498449,47.9687704],[-124.6492618,47.9615427],[-124.643819,47.9615936],[-124.6432805,47.9547625],[-124.6378671,47.9546771],[-124.6379162,47.9476508],[-124.6325441,47.9477013],[-124.6326248,47.9407221],[-124.6332242,47.933834],[-124.6277699,47.9336873],[-124.6283592,47.926801],[-124.6123171,47.9266263],[-124.6067817,47.9262505],[-124.6068863,47.9222354],[-124.5903024,47.9215228],[-124.5903761,47.9106124],[-124.5913695,47.9105155],[-124.5928183,47.9106766],[-124.594983,47.9110922],[-124.5982105,47.9121179],[-124.6004812,47.9120383],[-124.6048531,47.9122785],[-124.6094505,47.9132323],[-124.6105517,47.9137663],[-124.6116625,47.9144831],[-124.6125381,47.9156418],[-124.6126345,47.9195509],[-124.6135855,47.9199615],[-124.6154897,47.920512],[-124.6174521,47.9205748],[-124.6198848,47.9210172],[-124.6214816,47.9208634],[-124.6242342,47.9211719],[-124.6242503,47.921344],[-124.6241173,47.9214387],[-124.6241399,47.9215527],[-124.624658,47.9218096],[-124.6261889,47.9221428],[-124.6272359,47.9221923],[-124.6275497,47.9223218],[-124.628087,47.9222253],[-124.6286846,47.921799],[-124.6294931,47.9214033],[-124.6301157,47.9208537],[-124.6303988,47.9207284],[-124.632319,47.92046],[-124.6329405,47.9202587],[-124.6335399,47.9202782],[-124.6336775,47.9201824],[-124.6342468,47.9202726],[-124.6342873,47.9202123],[-124.6394209,47.9203614],[-124.6397577,47.9221125],[-124.6399988,47.9227722],[-124.6402496,47.9245196],[-124.6409357,47.9256878],[-124.6412347,47.9265977],[-124.641666,47.9275126],[-124.6416414,47.9277679],[-124.6420744,47.9294944],[-124.6432596,47.9314417],[-124.643592,47.9321309],[-124.6439806,47.9330801],[-124.644202,47.9340103],[-124.6450316,47.9353168],[-124.6458432,47.936359],[-124.6470448,47.9375594],[-124.6478619,47.9384764],[-124.6479644,47.9387108],[-124.6484772,47.9389736],[-124.6488125,47.9395702],[-124.6491826,47.9397671],[-124.6495035,47.9395718],[-124.6498878,47.9396343],[-124.6498256,47.9397164],[-124.6499967,47.9398009],[-124.6500458,47.9399413],[-124.6499987,47.9400573],[-124.6498577,47.9401168],[-124.6498572,47.9403405],[-124.6494274,47.9403273],[-124.6494419,47.9406191],[-124.6495565,47.9407451],[-124.6497533,47.9408829],[-124.6502445,47.9407926],[-124.6502472,47.9410563],[-124.6501189,47.941229],[-124.6502453,47.9414098],[-124.6507894,47.941604],[-124.6512516,47.9413263],[-124.6517679,47.9411726],[-124.6522793,47.9412519],[-124.6523272,47.941338],[-124.6522174,47.9414569],[-124.6524443,47.9415105],[-124.653082,47.9414033],[-124.6531078,47.9416533],[-124.6527785,47.9421147],[-124.6527378,47.9423465],[-124.6530753,47.9428479],[-124.6533492,47.9431035],[-124.6533549,47.943322],[-124.6537672,47.9435767],[-124.6539511,47.9438461],[-124.6536314,47.9441644],[-124.6539509,47.9442664],[-124.6535249,47.9446771],[-124.6540855,47.9449929],[-124.6542769,47.9450439],[-124.6545705,47.9447857],[-124.6556485,47.9444411],[-124.6557388,47.9444698],[-124.6556487,47.9446418],[-124.6559291,47.9448732],[-124.6559262,47.9451518],[-124.6562914,47.9451766],[-124.6564051,47.9453284],[-124.6567709,47.9454961],[-124.6572818,47.9454592],[-124.6575544,47.9456253],[-124.6577701,47.9455187],[-124.6582369,47.9447528],[-124.6584147,47.9446403],[-124.6589837,47.9445792],[-124.6589484,47.9443561],[-124.65912,47.9442517],[-124.6604773,47.9440702],[-124.6607413,47.943893],[-124.6611434,47.9440624],[-124.6612893,47.9442566],[-124.6609466,47.9446873],[-124.660382,47.9447806],[-124.6604531,47.9450695],[-124.6603664,47.9451227],[-124.6596625,47.944977],[-124.6597031,47.9452623],[-124.6598828,47.9455102],[-124.6603456,47.9457447],[-124.6607865,47.9457288],[-124.6615192,47.9460738],[-124.6619384,47.9459186],[-124.6622378,47.9461991],[-124.6621812,47.9464046],[-124.6623819,47.9463501],[-124.6625395,47.946439],[-124.6624613,47.9466338],[-124.6622334,47.9466535],[-124.6621779,47.9467416],[-124.6625329,47.9467514],[-124.6630011,47.9469238],[-124.6630939,47.947043],[-124.6628533,47.9472073],[-124.6625642,47.9471802],[-124.6623951,47.9474839],[-124.662547,47.9475305],[-124.6628336,47.9473755],[-124.6630828,47.9474264],[-124.6631942,47.9475665],[-124.6629991,47.9478164],[-124.6633606,47.9478535],[-124.6634589,47.9480063],[-124.6632394,47.9481449],[-124.6627936,47.948221],[-124.6628089,47.948332],[-124.6630466,47.9485895],[-124.6627353,47.9486898],[-124.6623175,47.9490524],[-124.6626268,47.9492034],[-124.6627544,47.9494264],[-124.6629697,47.9495517],[-124.6633085,47.9494669],[-124.6633693,47.9496607],[-124.6633349,47.9500463],[-124.6635322,47.9500715],[-124.6636861,47.9498557],[-124.6640615,47.9500168],[-124.6636736,47.9504802],[-124.6635972,47.9514339],[-124.6634825,47.9516839],[-124.6635373,47.9518368],[-124.6631785,47.9519251],[-124.6633073,47.9520044],[-124.6633211,47.9523575],[-124.6634871,47.9525395],[-124.6632366,47.9528878],[-124.6635335,47.9528703],[-124.6634231,47.952991],[-124.6634504,47.9530777],[-124.6639432,47.9531528],[-124.6644819,47.9529463],[-124.664655,47.9526448],[-124.6649642,47.95247],[-124.6651555,47.9528986],[-124.664652,47.953343],[-124.6637513,47.953696],[-124.6637307,47.9537678],[-124.6638651,47.9538833],[-124.6643475,47.9537936],[-124.6645757,47.953941],[-124.6638784,47.9543121],[-124.6637724,47.9545675],[-124.664049,47.9546784],[-124.6649718,47.954444],[-124.6653713,47.9545305],[-124.666365,47.9540456],[-124.6666482,47.9539878],[-124.6666586,47.9538362],[-124.6668672,47.9536643],[-124.6667788,47.9535135],[-124.6668273,47.9533262],[-124.6669367,47.953368],[-124.6669861,47.9536788],[-124.6671232,47.9537593],[-124.6675252,47.9534801],[-124.6676841,47.9531305],[-124.6678994,47.9531028],[-124.6683253,47.9534003],[-124.6682398,47.9537171],[-124.6679899,47.9538951],[-124.6677079,47.9538401],[-124.6671343,47.9539152],[-124.6669391,47.9540316],[-124.6668522,47.9542077],[-124.6665708,47.9542527],[-124.6660998,47.9545516],[-124.6661859,47.9547949],[-124.6664905,47.9548435],[-124.6667668,47.9550449],[-124.6668029,47.9554466],[-124.6667374,47.9557219],[-124.6668047,47.9558027],[-124.6670766,47.9556271],[-124.6672324,47.9556344],[-124.6675361,47.9554872],[-124.6679051,47.95557],[-124.66796,47.9556529],[-124.6678299,47.955925],[-124.6679647,47.9560393],[-124.6686349,47.95616],[-124.6689795,47.9563888],[-124.6693198,47.9564234],[-124.6693952,47.9564975],[-124.6693347,47.9569425],[-124.6697725,47.956922],[-124.6699374,47.957066],[-124.6704764,47.9572078],[-124.6706463,47.9570629],[-124.6711245,47.9569233],[-124.6717203,47.9562549],[-124.6721026,47.9560288],[-124.6724316,47.956223],[-124.6729863,47.9568687],[-124.672948,47.9570126],[-124.6731897,47.9571024],[-124.6731613,47.9573591],[-124.6735699,47.9576435],[-124.6736556,47.9579978],[-124.6734667,47.95831],[-124.6735601,47.9583899],[-124.6734991,47.9585439],[-124.6735612,47.9585546],[-124.6735429,47.9586464],[-124.6732283,47.9587615],[-124.6734305,47.9587882],[-124.6735302,47.9588954],[-124.6733944,47.9591135],[-124.6735924,47.9593769],[-124.6735921,47.9595254],[-124.6733157,47.9594925],[-124.6731524,47.9592746],[-124.6728832,47.9592441],[-124.6726072,47.9593246],[-124.6724024,47.9595242],[-124.671903,47.9597897],[-124.6715625,47.96064],[-124.6714739,47.9606994],[-124.6713087,47.9606742],[-124.6711543,47.9605231],[-124.6709187,47.9598892],[-124.6703021,47.959647],[-124.6700993,47.9593356],[-124.6697641,47.959357],[-124.6698068,47.9595936],[-124.6695905,47.959659],[-124.6690551,47.9594373],[-124.6687711,47.9594367],[-124.6683427,47.9596578],[-124.6680364,47.9597119],[-124.6677617,47.9597009],[-124.6671625,47.9594323],[-124.6667426,47.9593949],[-124.6666582,47.9592407],[-124.666334,47.9592912],[-124.6658086,47.9592164],[-124.6654397,47.9594429],[-124.6653628,47.9597547],[-124.6651674,47.9599093],[-124.6643425,47.9597618],[-124.6640772,47.9600674],[-124.6635796,47.9603521],[-124.6634928,47.9605672],[-124.6635642,47.9606423],[-124.6638541,47.9605241],[-124.6640158,47.9607299],[-124.6645056,47.9607932],[-124.6646734,47.9609589],[-124.664484,47.9612365],[-124.6642362,47.9612639],[-124.6641006,47.9615001],[-124.6637466,47.9615677],[-124.6637059,47.9616969],[-124.6638274,47.9618235],[-124.6641863,47.9619426],[-124.6640069,47.962129],[-124.6642935,47.9623473],[-124.6644549,47.9627485],[-124.6652994,47.9632717],[-124.665566,47.9635486],[-124.6657257,47.9637855],[-124.6657153,47.9644969],[-124.6659187,47.9646656],[-124.6662742,47.9647082],[-124.6691656,47.9637968],[-124.6705404,47.9636354],[-124.6715424,47.9637742],[-124.6723232,47.9639878],[-124.6724446,47.9639545],[-124.6724876,47.9639865],[-124.6724208,47.9640396],[-124.6727707,47.9641698],[-124.6731706,47.9640764],[-124.6734597,47.9641932],[-124.6735753,47.9640889],[-124.6746868,47.9645277],[-124.6748355,47.9649079],[-124.6750497,47.965033],[-124.6754835,47.9650048],[-124.6763793,47.9656188],[-124.6766441,47.9660386],[-124.677025,47.9662856],[-124.6770459,47.9664584],[-124.6772959,47.9666177],[-124.6772295,47.966724],[-124.6773202,47.9668379],[-124.6771359,47.9669223],[-124.6777122,47.967576],[-124.6776553,47.9679363],[-124.6779226,47.9683268],[-124.6778743,47.9684918],[-124.6769311,47.968477],[-124.676342,47.9687218],[-124.6762109,47.9686062],[-124.6762599,47.9684873],[-124.6759785,47.9685127],[-124.6755308,47.9684171],[-124.6748972,47.9684866],[-124.6746949,47.9686199],[-124.6744567,47.9685284],[-124.67406,47.9686825],[-124.6738232,47.9689144],[-124.6739818,47.9691515],[-124.6744201,47.9692435],[-124.6746002,47.9693763],[-124.6745705,47.9694971],[-124.6740804,47.9695476],[-124.6740009,47.9697039],[-124.6749134,47.9705715],[-124.6746288,47.9706837],[-124.6741756,47.9705605],[-124.6738545,47.9706472],[-124.6738204,47.9710355],[-124.6742778,47.9720026],[-124.674439,47.9722126],[-124.6751947,47.9726569],[-124.6759397,47.9726897],[-124.6763112,47.9730895],[-124.6763377,47.9732866],[-124.6761487,47.9735901],[-124.6756695,47.9740833],[-124.675725,47.9742123],[-124.6754295,47.9744598],[-124.6753269,47.9748833],[-124.6753695,47.9751692],[-124.6751995,47.9752429],[-124.6750508,47.9755783],[-124.6744081,47.9759001],[-124.6738989,47.9758761],[-124.6733427,47.9760205],[-124.6730298,47.9759763],[-124.6727094,47.9761592],[-124.6726847,47.9763031],[-124.6732292,47.9772967],[-124.6736321,47.9775389],[-124.6738488,47.9774902],[-124.6739412,47.9773566],[-124.674248,47.9776175],[-124.6743919,47.9778679],[-124.6742498,47.9780911],[-124.673975,47.9780282],[-124.673786,47.9781583],[-124.6738259,47.9783967],[-124.6732721,47.9784948],[-124.6737499,47.9786946],[-124.6740143,47.9787104],[-124.6737853,47.9788093],[-124.6735803,47.9787591],[-124.6735481,47.9789007],[-124.6737318,47.9790561],[-124.6732649,47.9792786],[-124.6732892,47.9800585],[-124.6728997,47.9802416],[-124.6730434,47.980444],[-124.6730663,47.9808463],[-124.6724623,47.9808528],[-124.6721878,47.9809197],[-124.6720098,47.9810647],[-124.6724286,47.9817291],[-124.6723372,47.9819001],[-124.6722333,47.9820498],[-124.6720247,47.9820482],[-124.672038,47.9822183],[-124.6718742,47.9821582],[-124.6718788,47.9820542],[-124.6717737,47.9820158],[-124.6716915,47.982104],[-124.6716867,47.9822854],[-124.6714589,47.9823262],[-124.6712488,47.9826165],[-124.6709552,47.9825596],[-124.671045,47.9827154],[-124.6709786,47.9828951],[-124.6710654,47.9829377],[-124.6712571,47.9828178],[-124.6719956,47.9831363],[-124.6720932,47.9832507],[-124.6719992,47.9834379],[-124.6720856,47.9836086],[-124.6724575,47.9838394],[-124.6726602,47.9837647],[-124.6728361,47.9838014],[-124.673052,47.9840498],[-124.6735759,47.9842521],[-124.6739054,47.9842956],[-124.6742734,47.9842239],[-124.674362,47.9842813],[-124.6746756,47.98511],[-124.6749526,47.9862697],[-124.6748489,47.986721],[-124.6745853,47.9872412],[-124.6744012,47.9874246],[-124.67443,47.987689],[-124.6743285,47.9877753],[-124.6739456,47.987758],[-124.673856,47.9878271],[-124.6738266,47.9880679],[-124.6739244,47.9885638],[-124.6743235,47.9888912],[-124.6743364,47.989169],[-124.6744578,47.9893548],[-124.6751795,47.9898745],[-124.6756936,47.9901435],[-124.6760155,47.990215],[-124.6767375,47.9899433],[-124.6768577,47.9900547],[-124.6770739,47.9907725],[-124.6774579,47.9907825],[-124.677624,47.9906208],[-124.6778284,47.9911655],[-124.6780967,47.9912572],[-124.6782506,47.9912265],[-124.6784644,47.9913559],[-124.6788202,47.9920102],[-124.6786758,47.9927139],[-124.6780324,47.9937312],[-124.6781362,47.9950232],[-124.6782402,47.9954158],[-124.6787249,47.9962059],[-124.6796893,47.9972203],[-124.6801606,47.9980834],[-124.6807301,47.9983106],[-124.6813552,47.9981742],[-124.6816318,47.9979051],[-124.6818117,47.9979927],[-124.6817912,47.9981305],[-124.6815918,47.9982749],[-124.680713,47.9985217],[-124.6807636,47.9988454],[-124.680981,47.9988863],[-124.6810078,47.9989688],[-124.6810202,47.9995614],[-124.6814881,47.9997114],[-124.6820949,47.9994803],[-124.6824598,47.9995363],[-124.6825688,47.9997208],[-124.6824487,47.9998068],[-124.6822781,47.999794],[-124.6824026,47.999974],[-124.6821191,47.9999776],[-124.6817436,47.999847],[-124.6813421,48.0000642],[-124.6813703,48.0002118],[-124.6820089,48.0002805],[-124.6824987,48.0004626],[-124.6827257,48.0008233],[-124.6827144,48.0009473],[-124.6822943,48.0011582],[-124.681806,48.0011169],[-124.68174,48.0014384],[-124.6818306,48.001631],[-124.6819931,48.0016461],[-124.6820766,48.0017415],[-124.6820871,48.0020696],[-124.6817766,48.002193],[-124.6816583,48.0020866],[-124.6812078,48.0021293],[-124.6810029,48.0022222],[-124.6807859,48.002524],[-124.680673,48.0029508],[-124.6807711,48.0035491],[-124.6809476,48.0036946],[-124.6806576,48.0044427],[-124.6800311,48.0045589],[-124.6796178,48.0048039],[-124.6793471,48.0051529],[-124.6792613,48.0054969],[-124.6790346,48.0055883],[-124.6790202,48.0062177],[-124.6788427,48.0065814],[-124.6790081,48.0071006],[-124.6786221,48.0073955],[-124.6785513,48.0077102],[-124.6782755,48.0078627],[-124.6781503,48.0081194],[-124.6782661,48.008372],[-124.6781084,48.0085455],[-124.6783528,48.0087134],[-124.6786476,48.0102524],[-124.6796308,48.0105072],[-124.6800349,48.0108015],[-124.6801575,48.0113188],[-124.6801611,48.011847],[-124.680081,48.0120905],[-124.6798903,48.0123134],[-124.6801165,48.0128996],[-124.6801225,48.0131052],[-124.6804263,48.0135141],[-124.6806213,48.01405],[-124.6805295,48.014383],[-124.6805762,48.0148109],[-124.6805207,48.0151212],[-124.6803237,48.015261],[-124.6803428,48.0156747],[-124.6801314,48.0161945],[-124.6803861,48.0163413],[-124.6806146,48.0167847],[-124.6805587,48.017448],[-124.6808547,48.0177889],[-124.6806595,48.0182181],[-124.6807205,48.0183459],[-124.6813394,48.0184998],[-124.6820388,48.0189997],[-124.6822144,48.0191914],[-124.6821614,48.0193227],[-124.6822524,48.0194456],[-124.682613,48.0194426],[-124.6827338,48.01964],[-124.6827761,48.0195397],[-124.6832405,48.0193756],[-124.6830007,48.0189633],[-124.6829963,48.01886],[-124.6831539,48.0187943],[-124.6840781,48.0195116],[-124.684021,48.0196426],[-124.6837875,48.0197075],[-124.6836368,48.0197374],[-124.6834266,48.0196403],[-124.6831708,48.0196945],[-124.6832796,48.0198118],[-124.6831718,48.0198579],[-124.6832019,48.0201232],[-124.6835517,48.0203202],[-124.6840097,48.0208043],[-124.6839015,48.0211775],[-124.6838453,48.021249],[-124.6837537,48.0212266],[-124.683473,48.0215409],[-124.6833661,48.0219103],[-124.6831328,48.0220924],[-124.6832835,48.0221753],[-124.6828684,48.0225791],[-124.6830488,48.0226856],[-124.6831291,48.0226769],[-124.6831022,48.0225516],[-124.6831731,48.0225062],[-124.6833416,48.0225578],[-124.6831514,48.0229062],[-124.6831875,48.022958],[-124.683337,48.0229247],[-124.6835403,48.0227075],[-124.6841977,48.0227956],[-124.6834579,48.0230569],[-124.6832268,48.0230369],[-124.683253,48.0231749],[-124.6831373,48.0232977],[-124.6826567,48.0235647],[-124.6825989,48.0236684],[-124.6827977,48.0237781],[-124.6827478,48.023812],[-124.6824607,48.0237621],[-124.681646,48.0239228],[-124.6817062,48.0240631],[-124.6821685,48.0240702],[-124.682159,48.0241607],[-124.6816971,48.0242753],[-124.6816062,48.0243897],[-124.6816528,48.0244487],[-124.682245,48.0244559],[-124.6824145,48.0247127],[-124.6821563,48.0249562],[-124.6822379,48.0250454],[-124.682402,48.02508],[-124.6827117,48.0249528],[-124.683392,48.0249625],[-124.6835242,48.025104],[-124.6833945,48.0252853],[-124.6839578,48.0252421],[-124.684133,48.0253822],[-124.6842338,48.0256981],[-124.6841268,48.0258139],[-124.6836209,48.0259328],[-124.683137,48.025894],[-124.682803,48.0260451],[-124.6827932,48.0261273],[-124.6830647,48.0263588],[-124.6837946,48.0265832],[-124.684197,48.026849],[-124.6842718,48.027014],[-124.6840339,48.0271853],[-124.6848191,48.0275219],[-124.684594,48.0277844],[-124.6846915,48.0280478],[-124.6849195,48.0282513],[-124.6851572,48.028308],[-124.6852959,48.0285596],[-124.6857256,48.028784],[-124.6854941,48.0289586],[-124.6851185,48.0290642],[-124.6845028,48.0290012],[-124.6842975,48.0290129],[-124.6842704,48.0290887],[-124.6847557,48.0292601],[-124.6854434,48.0292254],[-124.686901,48.0295995],[-124.6874368,48.0295068],[-124.6877879,48.0290547],[-124.6882794,48.0288235],[-124.6888567,48.028908],[-124.6888933,48.0290647],[-124.6892838,48.0288685],[-124.6895903,48.0288717],[-124.689331,48.0291872],[-124.6892166,48.0296758],[-124.6889165,48.0298585],[-124.6885699,48.0299458],[-124.6874705,48.0297263],[-124.6872263,48.0297793],[-124.6873311,48.0300571],[-124.6872593,48.0302189],[-124.6868724,48.0303682],[-124.6867128,48.0305787],[-124.6867416,48.0308204],[-124.6870839,48.0311264],[-124.6870341,48.0312301],[-124.6857735,48.0318259],[-124.6851732,48.0319197],[-124.6842575,48.0322855],[-124.6841161,48.0324604],[-124.6839561,48.0329407],[-124.6841852,48.0331929],[-124.6844723,48.0333205],[-124.6843147,48.0335574],[-124.6846119,48.0338212],[-124.6849617,48.0343476],[-124.6849609,48.034606],[-124.685143,48.0348635],[-124.6851311,48.035008],[-124.6849175,48.0352935],[-124.6849341,48.0355417],[-124.6850844,48.0356444],[-124.6856485,48.0355178],[-124.6857952,48.0355793],[-124.6860967,48.0362697],[-124.6856186,48.0367407],[-124.6856082,48.0369526],[-124.6858182,48.0376363],[-124.6858807,48.0382524],[-124.6857598,48.0386148],[-124.6856629,48.0386328],[-124.6857911,48.0389513],[-124.6861937,48.0394661],[-124.6861951,48.0401104],[-124.6866799,48.0406639],[-124.6873217,48.0409859],[-124.6875016,48.0413008],[-124.6872627,48.0414383],[-124.6875092,48.0420811],[-124.6878574,48.0426524],[-124.6878638,48.0431623],[-124.6876919,48.0434104],[-124.687937,48.0439404],[-124.6877279,48.0441851],[-124.6876889,48.0444196],[-124.6877833,48.0447615],[-124.6877421,48.0454299],[-124.6878933,48.0459963],[-124.6877625,48.0462197],[-124.6879968,48.0463657],[-124.6876705,48.0464229],[-124.6877193,48.0465873],[-124.6876531,48.0467285],[-124.6879313,48.0469733],[-124.687757,48.0471026],[-124.6878292,48.0472764],[-124.6882878,48.0475734],[-124.6885448,48.0481138],[-124.6889217,48.0484407],[-124.6889788,48.0485957],[-124.6888001,48.0488611],[-124.6888705,48.0493539],[-124.6886595,48.0498005],[-124.6887226,48.0500565],[-124.6891894,48.0504491],[-124.6891543,48.0508557],[-124.6899729,48.0511602],[-124.6900175,48.051215],[-124.6898462,48.051317],[-124.690376,48.0513981],[-124.6904488,48.0514926],[-124.69049,48.0516227],[-124.690236,48.0517343],[-124.6902683,48.0518481],[-124.6905893,48.052083],[-124.6905677,48.052441],[-124.6909008,48.0529721],[-124.6909584,48.0537511],[-124.6909312,48.0538723],[-124.6908525,48.0538821],[-124.6908811,48.054092],[-124.6912371,48.0544721],[-124.6910512,48.0545072],[-124.6910832,48.0546976],[-124.6922354,48.0555233],[-124.6923584,48.0556734],[-124.6923091,48.0559123],[-124.6925633,48.0560722],[-124.6926809,48.0562641],[-124.6927836,48.0563179],[-124.6929008,48.0560621],[-124.693029,48.056092],[-124.6933757,48.0565006],[-124.6929867,48.0568141],[-124.6933818,48.0572661],[-124.692768,48.0569909],[-124.6927818,48.0571542],[-124.6930894,48.0574519],[-124.6933045,48.0578107],[-124.6937442,48.0579765],[-124.694115,48.0582341],[-124.6943906,48.0582959],[-124.6946074,48.0586838],[-124.6948425,48.0588843],[-124.6946108,48.0591043],[-124.6946016,48.0592172],[-124.6948247,48.0595621],[-124.6949062,48.0600664],[-124.695121,48.0602134],[-124.6952441,48.0604302],[-124.6956899,48.0615223],[-124.695648,48.0618382],[-124.6958409,48.0623963],[-124.695633,48.0624383],[-124.6956661,48.0625542],[-124.6961236,48.0628272],[-124.6966484,48.0628899],[-124.6965935,48.0630654],[-124.6969558,48.0634647],[-124.6957411,48.063716],[-124.6956059,48.063816],[-124.695527,48.0640742],[-124.6948021,48.0641293],[-124.6947916,48.0643541],[-124.6951928,48.0645487],[-124.6953005,48.064833],[-124.6958905,48.0655597],[-124.6952948,48.0656431],[-124.6951415,48.0657046],[-124.6950821,48.0658241],[-124.6959344,48.0661183],[-124.6967905,48.0668536],[-124.6970817,48.0669493],[-124.6971977,48.0672385],[-124.6980878,48.0680488],[-124.6978337,48.068102],[-124.6980213,48.0683121],[-124.6991066,48.0689116],[-124.699363,48.0692122],[-124.6998817,48.0695513],[-124.6999477,48.0696635],[-124.699857,48.0699254],[-124.6998871,48.0701454],[-124.6997173,48.0702414],[-124.6998203,48.0706575],[-124.6995432,48.0706728],[-124.699622,48.0709468],[-124.6998052,48.0711664],[-124.6994965,48.0712002],[-124.6996162,48.0713329],[-124.699744,48.0718388],[-124.7004297,48.0728092],[-124.7005288,48.0732508],[-124.7005356,48.0734143],[-124.7004682,48.0735192],[-124.700249,48.0735667],[-124.7001356,48.0739075],[-124.7000183,48.073948],[-124.6997432,48.0738532],[-124.6996764,48.0740067],[-124.6997365,48.0745263],[-124.6998993,48.0747733],[-124.6999479,48.0752868],[-124.699867,48.075648],[-124.7000331,48.0760741],[-124.6999771,48.076511],[-124.6999087,48.0766709],[-124.6997243,48.0768136],[-124.6999382,48.0772009],[-124.6997484,48.0773542],[-124.6997902,48.077512],[-124.6996,48.0779213],[-124.6995901,48.0783612],[-124.6998029,48.078738],[-124.6997212,48.0792384],[-124.6997453,48.0799525],[-124.6998112,48.0800931],[-124.6996965,48.0802784],[-124.6999033,48.0805517],[-124.6999069,48.0806884],[-124.6998722,48.0809119],[-124.6996644,48.0811717],[-124.6999024,48.0813496],[-124.6998995,48.081606],[-124.7001139,48.0817444],[-124.6999098,48.0820541],[-124.7000124,48.0823534],[-124.6997361,48.0825412],[-124.6995175,48.0831224],[-124.6992472,48.0834067],[-124.6993118,48.0842496],[-124.6995209,48.0846306],[-124.6992388,48.0849584],[-124.6991717,48.0853793],[-124.6993249,48.0859112],[-124.6988455,48.0862996],[-124.6991654,48.0868537],[-124.6990462,48.0872876],[-124.6990643,48.0876193],[-124.6986985,48.0879387],[-124.6981208,48.0881591],[-124.6973013,48.0882198],[-124.6971938,48.0883384],[-124.6970211,48.0888501],[-124.6967526,48.0890269],[-124.6962267,48.0890706],[-124.6954225,48.089583],[-124.6952643,48.0898772],[-124.6952874,48.0901001],[-124.6951369,48.0900389],[-124.6949257,48.0897352],[-124.6948107,48.0897098],[-124.6945365,48.0902514],[-124.6943289,48.0904032],[-124.6941025,48.0904562],[-124.6939629,48.0903383],[-124.6938096,48.0903926],[-124.6934228,48.0907703],[-124.6929689,48.0909334],[-124.6929596,48.0911126],[-124.6925893,48.0913291],[-124.6922223,48.0914388],[-124.6917933,48.0913028],[-124.6915013,48.0913322],[-124.6913117,48.0915693],[-124.6914179,48.0917264],[-124.6913871,48.0920511],[-124.6910696,48.0925068],[-124.6904591,48.093061],[-124.6901515,48.0934496],[-124.6895267,48.0939467],[-124.6887972,48.0949498],[-124.6886447,48.0950085],[-124.6883635,48.0960614],[-124.6885962,48.0963006],[-124.6887799,48.0970658],[-124.6891545,48.0974972],[-124.6901709,48.0990114],[-124.6905691,48.0994286],[-124.6906125,48.0996735],[-124.6904782,48.0997845],[-124.689937,48.0997254],[-124.6890402,48.0991081],[-124.6887175,48.0990442],[-124.6886068,48.0991136],[-124.6887916,48.0995827],[-124.6896267,48.1000098],[-124.6905988,48.1002208],[-124.6910334,48.100144],[-124.6918233,48.0998228],[-124.692369,48.0997245],[-124.6920721,48.1001507],[-124.6921321,48.1002557],[-124.6926522,48.1001869],[-124.6928057,48.1005156],[-124.693014,48.1003533],[-124.6932393,48.1003722],[-124.6933193,48.100609],[-124.6929379,48.1009656],[-124.6929761,48.1013423],[-124.6928813,48.1016037],[-124.6928712,48.1020432],[-124.6926863,48.1022414],[-124.6920579,48.1025838],[-124.6925853,48.1031354],[-124.6930873,48.1033299],[-124.6933387,48.1030958],[-124.6940966,48.1026495],[-124.6942813,48.1026667],[-124.6947554,48.1029191],[-124.6955503,48.1029476],[-124.6957294,48.1030244],[-124.6958313,48.1037075],[-124.6957582,48.1039633],[-124.6950945,48.1045238],[-124.6948398,48.1049425],[-124.6943156,48.1049943],[-124.6942063,48.105091],[-124.6943137,48.1052624],[-124.6947116,48.1053317],[-124.6948221,48.1056085],[-124.6944168,48.1062922],[-124.694386,48.1069249],[-124.6940371,48.1073238],[-124.6944623,48.1078598],[-124.6944,48.1082241],[-124.6940339,48.1089837],[-124.6935144,48.109499],[-124.6932065,48.1096647],[-124.6931133,48.1099],[-124.6931904,48.1103553],[-124.6935798,48.1108238],[-124.6941446,48.1111243],[-124.6946398,48.1112244],[-124.6948501,48.1114444],[-124.6949381,48.1117856],[-124.695,48.1129193],[-124.6952495,48.1133769],[-124.6951955,48.1136215],[-124.6958472,48.1142828],[-124.6960665,48.1149567],[-124.6968613,48.1152403],[-124.6970142,48.1151394],[-124.697155,48.1152337],[-124.6976278,48.1162204],[-124.6977978,48.1168736],[-124.6981365,48.1171901],[-124.6984199,48.1176694],[-124.6987472,48.1176604],[-124.6990428,48.1171802],[-124.6996339,48.1172473],[-124.7014167,48.1185433],[-124.7029356,48.1199277],[-124.7038953,48.1204439],[-124.7048304,48.1207225],[-124.706991,48.1219178],[-124.7096713,48.1229279],[-124.7102209,48.1229514],[-124.7110657,48.1231542],[-124.711727,48.1228225],[-124.7120407,48.1229272],[-124.7121467,48.123162],[-124.7132666,48.1233731],[-124.7139443,48.1231375],[-124.7141955,48.1231509],[-124.7155332,48.1238128],[-124.7158033,48.1236048],[-124.7159537,48.1236071],[-124.7164188,48.1242633],[-124.7166845,48.1244231],[-124.7172596,48.1243903],[-124.7173834,48.1248466],[-124.7172589,48.125903],[-124.7170403,48.1263421],[-124.7161812,48.1270947],[-124.715896,48.1278281],[-124.715722,48.1280101],[-124.7153012,48.1282403],[-124.7145947,48.1283275],[-124.7142369,48.1282796],[-124.7140315,48.1280202],[-124.7138332,48.127964],[-124.7131916,48.1279463],[-124.7123081,48.1277957],[-124.7117621,48.1274897],[-124.7111373,48.1274285],[-124.7108186,48.1275008],[-124.7106612,48.1278914],[-124.7102064,48.1279907],[-124.7093526,48.1285761],[-124.7093873,48.1287994],[-124.7095165,48.1289127],[-124.7093001,48.1290972],[-124.709289,48.1293819],[-124.7095321,48.1295692],[-124.7105988,48.1298777],[-124.7107278,48.1299794],[-124.7104524,48.1302585],[-124.7102612,48.1302314],[-124.7101643,48.1299782],[-124.7098893,48.1298093],[-124.709355,48.1297155],[-124.7089801,48.1297675],[-124.7089919,48.1298525],[-124.7094293,48.1299422],[-124.7085973,48.1301728],[-124.7090347,48.1304444],[-124.7090231,48.1307275],[-124.7088007,48.1308136],[-124.7090115,48.131085],[-124.708438,48.1311412],[-124.7082666,48.1312068],[-124.7081441,48.1313798],[-124.7084637,48.1315327],[-124.7090879,48.1314959],[-124.7093633,48.1315734],[-124.7100051,48.1311772],[-124.7106372,48.1315116],[-124.7109254,48.131792],[-124.7119006,48.1321186],[-124.7115882,48.1321419],[-124.7135033,48.1336727],[-124.7133439,48.1337346],[-124.7126957,48.1334852],[-124.7126068,48.1335331],[-124.7126977,48.1337767],[-124.7131918,48.1340401],[-124.7135157,48.1345169],[-124.7136395,48.1345406],[-124.7139035,48.1343671],[-124.713913,48.1346645],[-124.7140256,48.1346607],[-124.7141673,48.1344899],[-124.7144069,48.1346858],[-124.7143479,48.1348992],[-124.7146454,48.1348454],[-124.7146598,48.1350418],[-124.7149276,48.1351906],[-124.7149826,48.1353149],[-124.7148079,48.1355308],[-124.7149911,48.1356692],[-124.7156296,48.1359804],[-124.7161848,48.1361028],[-124.7163911,48.1362649],[-124.7164224,48.1363451],[-124.7162854,48.1363661],[-124.7156763,48.1362559],[-124.7154251,48.1363059],[-124.7160004,48.1365997],[-124.7161987,48.1368359],[-124.7147818,48.1371024],[-124.7150947,48.1373814],[-124.7145725,48.1375705],[-124.7144276,48.1377028],[-124.7152142,48.1377384],[-124.7151663,48.1378605],[-124.7148772,48.1379564],[-124.7150335,48.1381567],[-124.7154786,48.1381264],[-124.7159096,48.1384726],[-124.7159557,48.1386834],[-124.7160797,48.1387931],[-124.7174893,48.1392037],[-124.7182781,48.1393232],[-124.7185893,48.1392521],[-124.7190466,48.139297],[-124.7190813,48.1391193],[-124.7191967,48.1390751],[-124.719708,48.1389446],[-124.7200539,48.1389779],[-124.7200383,48.1390603],[-124.7195109,48.1392573],[-124.7195048,48.1393292],[-124.7199237,48.1394112],[-124.7201624,48.1393633],[-124.720807,48.1396097],[-124.7209327,48.1399115],[-124.7208769,48.1400957],[-124.7209949,48.1402187],[-124.7220642,48.1404917],[-124.7222779,48.1412869],[-124.7220587,48.1412927],[-124.7221581,48.1413708],[-124.7222918,48.1418639],[-124.7220283,48.1420205],[-124.7216329,48.1419782],[-124.7215118,48.1420401],[-124.7215063,48.142214],[-124.7218565,48.143406],[-124.7220885,48.143384],[-124.7221322,48.1432315],[-124.722201,48.1432498],[-124.7223774,48.1436474],[-124.7223485,48.1437371],[-124.721922,48.1438195],[-124.7217005,48.1440936],[-124.7221998,48.1442745],[-124.7222599,48.1444352],[-124.7221244,48.1445385],[-124.7223143,48.1446953],[-124.7222575,48.1447922],[-124.7220937,48.1447865],[-124.721974,48.1448819],[-124.7217757,48.1455363],[-124.7216002,48.1457649],[-124.7212877,48.1459515],[-124.7215857,48.1460954],[-124.7216172,48.14618],[-124.7215802,48.146507],[-124.7216733,48.1467156],[-124.7216318,48.147015],[-124.721708,48.1473656],[-124.7221028,48.1481407],[-124.7226766,48.1486859],[-124.7230314,48.1489147],[-124.7234223,48.1497197],[-124.723705,48.1500879],[-124.7238854,48.1502747],[-124.7243818,48.1503215],[-124.7245601,48.150408],[-124.7246291,48.1505577],[-124.7245671,48.1508485],[-124.7247175,48.1511402],[-124.7260012,48.1518393],[-124.7261835,48.1520786],[-124.726202,48.1522667],[-124.7264766,48.1527272],[-124.7265911,48.1532031],[-124.7268016,48.1535841],[-124.7267956,48.1540625],[-124.7274419,48.1546248],[-124.7277577,48.1546948],[-124.7286084,48.1544011],[-124.7291575,48.1543874],[-124.729274,48.1546746],[-124.7288633,48.1550369],[-124.7283621,48.1553395],[-124.728249,48.1556819],[-124.7285585,48.1561606],[-124.7287801,48.1561993],[-124.7291361,48.1559941],[-124.729376,48.1556962],[-124.7302765,48.1553483],[-124.7305214,48.1551423],[-124.7310016,48.1549357],[-124.7314092,48.1549909],[-124.732224,48.1549069],[-124.7324632,48.1550725],[-124.7325509,48.1553179],[-124.7324912,48.1558094],[-124.7327082,48.1561454],[-124.7329919,48.1563965],[-124.7332437,48.1570235],[-124.7331449,48.1572895],[-124.7328854,48.1573774],[-124.7326183,48.1577537],[-124.7328034,48.1580392],[-124.7333144,48.1583837],[-124.7333859,48.1586225],[-124.7340556,48.1586358],[-124.7343771,48.1587604],[-124.7347559,48.158774],[-124.7353336,48.1590337],[-124.7356762,48.1590622],[-124.736085,48.1594695],[-124.7365627,48.1596432],[-124.7373873,48.15978],[-124.7381011,48.1601106],[-124.739476,48.1601593],[-124.7392452,48.1598626],[-124.7394377,48.1596649],[-124.7394517,48.1593939],[-124.739314,48.1592028],[-124.7398051,48.1580584],[-124.740048,48.1577693],[-124.7403425,48.1577407],[-124.7406254,48.1578344],[-124.7420428,48.1587382],[-124.7421642,48.1589226],[-124.7420808,48.1590379],[-124.7423424,48.1594594],[-124.7422495,48.1595484],[-124.7418872,48.1593099],[-124.7415619,48.1592137],[-124.7404491,48.1591231],[-124.7402446,48.1592485],[-124.7404434,48.1594947],[-124.7404799,48.1596742],[-124.741094,48.1596871],[-124.7417985,48.1599913],[-124.7420933,48.1601573],[-124.7423916,48.1605266],[-124.7425886,48.161116],[-124.7420078,48.1612738]]],[[[-124.6335446,47.8938777],[-124.6333497,47.8938255],[-124.6330636,47.8941423],[-124.6326402,47.8941947],[-124.6323311,47.8944152],[-124.6326471,47.8945719],[-124.6323515,47.8948038],[-124.6325297,47.8948321],[-124.6324529,47.8949011],[-124.6322676,47.8948289],[-124.6320714,47.8948636],[-124.6319162,47.8949558],[-124.6320113,47.8950326],[-124.6322187,47.8949575],[-124.632349,47.8950003],[-124.6321959,47.8951063],[-124.6320281,47.8950801],[-124.6321138,47.895138],[-124.6317039,47.8951253],[-124.6317081,47.8951887],[-124.631907,47.895186],[-124.6319435,47.8952625],[-124.6318084,47.8952795],[-124.6318977,47.895337],[-124.6317839,47.8955138],[-124.6315629,47.8954822],[-124.6315033,47.8956634],[-124.6313653,47.8955695],[-124.6315356,47.8954584],[-124.6313953,47.895398],[-124.6312372,47.8956181],[-124.6313603,47.8957242],[-124.631174,47.8956696],[-124.6310966,47.8957179],[-124.6312312,47.8957476],[-124.6309092,47.8958972],[-124.6214315,47.8957474],[-124.6212245,47.8883612],[-124.6183055,47.888357],[-124.6181162,47.8865179],[-124.6054069,47.8870242],[-124.605792,47.8957191],[-124.611601,47.8957354],[-124.6127317,47.9080793],[-124.590474,47.908367],[-124.5907673,47.9026759],[-124.5901637,47.8957246],[-124.5899521,47.8900601],[-124.5870682,47.8901148],[-124.5869992,47.8891949],[-124.5843485,47.8892498],[-124.5842771,47.8883351],[-124.5662895,47.8887406],[-124.5657898,47.88147],[-124.5618539,47.8814984],[-124.5641629,47.8742637],[-124.558785,47.874372],[-124.5587764,47.870912],[-124.5480956,47.8709945],[-124.5481663,47.8674222],[-124.5428356,47.8674078],[-124.5428133,47.8529443],[-124.5267527,47.8529241],[-124.52655,47.8495813],[-124.5266266,47.848844],[-124.5265355,47.8420847],[-124.5158281,47.841968],[-124.5157653,47.8383545],[-124.4837011,47.8380074],[-124.4834889,47.8271836],[-124.4782025,47.8271646],[-124.4781394,47.8164269],[-124.4727468,47.8163849],[-124.472687,47.8091208],[-124.4620769,47.8090232],[-124.4617004,47.7947159],[-124.4566309,47.7945882],[-124.4566325,47.7874102],[-124.4512545,47.7873697],[-124.4512455,47.7764225],[-124.4458784,47.7764219],[-124.4458723,47.7655198],[-124.4459824,47.761894],[-124.440598,47.7618719],[-124.4406402,47.7586883],[-124.435916,47.7587104],[-124.4359517,47.7560087],[-124.4332679,47.7560317],[-124.4332819,47.7551349],[-124.4145325,47.7551792],[-124.4146208,47.748807],[-124.4146435,47.7485424],[-124.4150684,47.7478541],[-124.4170124,47.7474329],[-124.4175188,47.7474328],[-124.4193696,47.7478252],[-124.4215872,47.7489398],[-124.4208158,47.7492378],[-124.420968,47.7493479],[-124.4213047,47.7493956],[-124.4218853,47.7491387],[-124.4224888,47.7490684],[-124.4238621,47.7494291],[-124.4240284,47.7493768],[-124.4241411,47.7494543],[-124.4269527,47.7498322],[-124.4283843,47.7498853],[-124.4288296,47.7498312],[-124.4310665,47.7500044],[-124.4336307,47.7504985],[-124.4348216,47.7506211],[-124.4362753,47.7509038],[-124.4364202,47.7507943],[-124.4362164,47.7501739],[-124.43465,47.7492217],[-124.4342423,47.7487961],[-124.4338989,47.7486734],[-124.4338882,47.7485219],[-124.4341523,47.7483055],[-124.4351918,47.7484822],[-124.438639,47.7503829],[-124.4393077,47.7510774],[-124.440532,47.7519917],[-124.4416196,47.7524207],[-124.4426712,47.7531303],[-124.4442994,47.7539205],[-124.4450635,47.7544416],[-124.4476408,47.7557199],[-124.4482271,47.7564097],[-124.4483531,47.7569891],[-124.448561,47.7573613],[-124.4492085,47.7576032],[-124.4499302,47.7580853],[-124.4502326,47.7581759],[-124.4504701,47.7583289],[-124.4505471,47.7584869],[-124.4507162,47.7585638],[-124.4510623,47.7589678],[-124.4511827,47.7596442],[-124.4507172,47.7603877],[-124.4507394,47.7611225],[-124.4510013,47.7619398],[-124.4518198,47.7632811],[-124.452842,47.7643869],[-124.4540247,47.7652989],[-124.4546335,47.7656831],[-124.4562623,47.7663656],[-124.4568388,47.7664773],[-124.4572107,47.766422],[-124.4577384,47.7661041],[-124.4582621,47.7653926],[-124.4585875,47.7651523],[-124.4587981,47.7651722],[-124.4593838,47.76487],[-124.4607178,47.7646649],[-124.4612695,47.7646862],[-124.4618487,47.7645239],[-124.4624839,47.7646228],[-124.4628184,47.764782],[-124.4628926,47.7648701],[-124.4627956,47.7649182],[-124.4628196,47.7650104],[-124.4630092,47.765383],[-124.463408,47.7656631],[-124.4635518,47.7661293],[-124.46351,47.7659141],[-124.4636337,47.7658918],[-124.4639422,47.7662843],[-124.4642661,47.7664064],[-124.4644321,47.7665263],[-124.4644307,47.7666106],[-124.4648848,47.7665855],[-124.4649379,47.7666916],[-124.4652084,47.7667184],[-124.465416,47.7669694],[-124.4661102,47.7672434],[-124.4664664,47.7676033],[-124.4669352,47.7678106],[-124.4670581,47.7676913],[-124.4674378,47.7675633],[-124.4679148,47.7677024],[-124.4683155,47.7680321],[-124.4682489,47.7681079],[-124.4683103,47.7682058],[-124.4687248,47.7682896],[-124.4693219,47.7682118],[-124.4696343,47.7679248],[-124.4697455,47.7676496],[-124.4701341,47.7676024],[-124.4705869,47.7674341],[-124.4710262,47.7671763],[-124.4711814,47.7669621],[-124.4721476,47.7667745],[-124.4728326,47.7664962],[-124.4735009,47.766413],[-124.4758605,47.7666344],[-124.4766011,47.7668957],[-124.4768863,47.7668152],[-124.4772813,47.7668831],[-124.4774254,47.7670214],[-124.4778083,47.767004],[-124.477945,47.7671224],[-124.4778287,47.7672784],[-124.478072,47.7672102],[-124.4781808,47.7670544],[-124.4783555,47.7670396],[-124.4796499,47.7674149],[-124.4794462,47.767495],[-124.4795081,47.7675371],[-124.4793703,47.767595],[-124.4794129,47.7676834],[-124.4793537,47.767759],[-124.4794988,47.7677205],[-124.4795312,47.7677763],[-124.4795579,47.7676851],[-124.4797611,47.767679],[-124.4797825,47.7675705],[-124.480212,47.7676926],[-124.4804104,47.7678924],[-124.480235,47.7681149],[-124.4804466,47.7689434],[-124.4802714,47.7691456],[-124.4801542,47.7691514],[-124.480117,47.7690775],[-124.4798326,47.7691318],[-124.4797528,47.7692295],[-124.4799999,47.7692433],[-124.4797761,47.76934],[-124.4785306,47.7695127],[-124.4780864,47.7697822],[-124.4776159,47.7698735],[-124.476114,47.7700263],[-124.4747664,47.7699532],[-124.4748636,47.7701178],[-124.4753612,47.7704855],[-124.4751336,47.7708028],[-124.4749003,47.7708171],[-124.4741674,47.7705632],[-124.4735533,47.7706861],[-124.47336,47.7707909],[-124.4736326,47.7709418],[-124.4736398,47.7714132],[-124.4735628,47.7715867],[-124.4730895,47.7713517],[-124.473022,47.7715623],[-124.4732915,47.7717182],[-124.4732328,47.7719571],[-124.471834,47.7716944],[-124.4717933,47.7720253],[-124.4722519,47.7720802],[-124.4724565,47.7720283],[-124.4728713,47.7722721],[-124.4728602,47.7723922],[-124.472347,47.7726227],[-124.472491,47.7728631],[-124.4727283,47.7728263],[-124.4727806,47.7726476],[-124.4729908,47.7726044],[-124.4738569,47.7730095],[-124.4742684,47.77339],[-124.4741673,47.7736092],[-124.4744282,47.7739542],[-124.4744595,47.7742504],[-124.4751827,47.7745182],[-124.4756251,47.7745827],[-124.4759958,47.7748452],[-124.476216,47.7747725],[-124.476743,47.7748865],[-124.4766751,47.7750329],[-124.4767137,47.7753203],[-124.4769506,47.7754478],[-124.4770115,47.7755839],[-124.4769157,47.7757111],[-124.4770131,47.7758472],[-124.4769614,47.7760246],[-124.4768267,47.7761035],[-124.4766394,47.7760728],[-124.4764298,47.7759367],[-124.4762981,47.7761207],[-124.4761143,47.7762132],[-124.4761462,47.7762886],[-124.4763524,47.7763022],[-124.4772126,47.7769168],[-124.4772115,47.7771045],[-124.4768864,47.7773681],[-124.4766154,47.7773076],[-124.4764988,47.7774452],[-124.4763258,47.7774918],[-124.4763976,47.7775831],[-124.4767125,47.7776287],[-124.4769144,47.7777697],[-124.4769022,47.7781014],[-124.4770863,47.7782343],[-124.4771567,47.7785042],[-124.4769383,47.7787374],[-124.4764452,47.7789696],[-124.4767135,47.7792268],[-124.4773213,47.7792834],[-124.4774165,47.7795027],[-124.4776167,47.779599],[-124.478061,47.7802103],[-124.4796795,47.7814274],[-124.4798272,47.7816933],[-124.4796615,47.7818214],[-124.4797805,47.7820427],[-124.4793646,47.782304],[-124.4793698,47.7823743],[-124.4796229,47.7823729],[-124.4798585,47.7822455],[-124.4801962,47.7827117],[-124.4807253,47.7832146],[-124.4807004,47.7834885],[-124.4803529,47.7838922],[-124.480604,47.7847653],[-124.4810574,47.7853836],[-124.4816524,47.7857139],[-124.4819352,47.7861575],[-124.4823849,47.7865297],[-124.4824833,47.7867492],[-124.4825396,47.7869259],[-124.4822569,47.7874368],[-124.4821175,47.7880027],[-124.4821519,47.7884055],[-124.4820383,47.7885089],[-124.4821109,47.7888143],[-124.4819665,47.7891584],[-124.4821691,47.7893731],[-124.482705,47.7895945],[-124.4827546,47.7897753],[-124.4825724,47.7905215],[-124.4826042,47.7906777],[-124.4827495,47.7907853],[-124.4826689,47.7910821],[-124.4827179,47.7913878],[-124.4828658,47.7915868],[-124.4830606,47.7916474],[-124.4831316,47.7917961],[-124.4831773,47.7915315],[-124.4833711,47.791574],[-124.483449,47.7919214],[-124.4832185,47.7923011],[-124.4830623,47.7923997],[-124.4826036,47.7921751],[-124.4821634,47.7920648],[-124.4816225,47.7920477],[-124.4814631,47.7921683],[-124.4813694,47.7924607],[-124.4814711,47.7927461],[-124.4820965,47.7929744],[-124.4823221,47.792897],[-124.4824705,47.7929518],[-124.4825178,47.7930553],[-124.4824572,47.7935393],[-124.482189,47.7939125],[-124.4827629,47.7943467],[-124.4827032,47.7945635],[-124.4829136,47.7947805],[-124.4826321,47.7948278],[-124.4829809,47.7954348],[-124.4828309,47.7963673],[-124.4828874,47.7965788],[-124.4834664,47.7979235],[-124.4834723,47.7988529],[-124.4833442,47.7992058],[-124.4835085,47.8002394],[-124.4837996,47.8008738],[-124.4839994,47.8015735],[-124.4843463,47.8021715],[-124.4847405,47.802512],[-124.485289,47.8032041],[-124.485579,47.8038623],[-124.4857111,47.804418],[-124.4856659,47.8052514],[-124.4859121,47.8064098],[-124.4858903,47.8071814],[-124.4860953,47.8081118],[-124.4862134,47.808312],[-124.4874855,47.8095794],[-124.4878237,47.8100962],[-124.4880106,47.8106555],[-124.4878693,47.8127635],[-124.4879533,47.813172],[-124.4882469,47.8136798],[-124.4883758,47.8143524],[-124.4887208,47.8149326],[-124.4892915,47.8153138],[-124.4898958,47.8153621],[-124.4899013,47.8152977],[-124.4905429,47.8150951],[-124.4907068,47.8152883],[-124.4906388,47.8154319],[-124.4904484,47.8155426],[-124.4904951,47.8156071],[-124.4903174,47.8157182],[-124.4902296,47.8157407],[-124.4900787,47.8155907],[-124.4900107,47.8156739],[-124.4903835,47.8166563],[-124.4911158,47.8178952],[-124.4919634,47.8186732],[-124.4937229,47.8199411],[-124.4951099,47.8202414],[-124.4956654,47.8201835],[-124.4959205,47.8200741],[-124.4959672,47.8198715],[-124.496333,47.819481],[-124.4968392,47.8191194],[-124.4970641,47.819087],[-124.4971851,47.8192157],[-124.4970607,47.8195256],[-124.4969813,47.820342],[-124.4968479,47.8205129],[-124.4966785,47.8205766],[-124.4962833,47.8205413],[-124.4961137,47.8208953],[-124.496072,47.8210772],[-124.4963461,47.8214179],[-124.4969416,47.8217493],[-124.5004766,47.8229782],[-124.5019699,47.8231721],[-124.5037023,47.8236333],[-124.5052764,47.8238368],[-124.5060202,47.8238475],[-124.5071526,47.8237148],[-124.5075524,47.8238834],[-124.5081416,47.8238537],[-124.5089753,47.8236054],[-124.5091239,47.8234922],[-124.5091654,47.8233219],[-124.5095037,47.8232997],[-124.5095024,47.8231107],[-124.5093015,47.8228459],[-124.5093443,47.8227495],[-124.5095247,47.8228271],[-124.5095657,47.8226785],[-124.5096511,47.8226428],[-124.5096526,47.8228373],[-124.5097711,47.822937],[-124.5098744,47.8229001],[-124.509915,47.8227492],[-124.5101725,47.8226516],[-124.5103068,47.8224863],[-124.5104369,47.8224733],[-124.5104781,47.8226021],[-124.5103529,47.8228691],[-124.5104601,47.8229577],[-124.5106088,47.8229658],[-124.5105837,47.8229016],[-124.5107309,47.8227787],[-124.5108756,47.8229608],[-124.5109926,47.8229077],[-124.5109573,47.8228041],[-124.5106074,47.8225968],[-124.5104954,47.822329],[-124.5106232,47.8222009],[-124.5106925,47.8223293],[-124.5107818,47.82233],[-124.5108723,47.8220337],[-124.5110161,47.822039],[-124.5109683,47.8218034],[-124.5110657,47.8217531],[-124.510578,47.8214503],[-124.5108211,47.8213329],[-124.5108601,47.8209976],[-124.5110107,47.8208915],[-124.5109537,47.820782],[-124.511137,47.8207803],[-124.5110708,47.8206863],[-124.511128,47.820397],[-124.5112074,47.8203207],[-124.5116115,47.8203104],[-124.5116149,47.820229],[-124.5112949,47.8200507],[-124.5113288,47.8199771],[-124.511788,47.8199273],[-124.5120136,47.8197895],[-124.5120273,47.8200155],[-124.5121973,47.8200603],[-124.5122478,47.8201534],[-124.512807,47.8200346],[-124.5130275,47.8201026],[-124.513106,47.8202358],[-124.513059,47.8205005],[-124.5125803,47.8207981],[-124.5126585,47.8209197],[-124.5121576,47.8209814],[-124.5122134,47.8210193],[-124.5118761,47.8211669],[-124.5121281,47.8213178],[-124.5124002,47.8213263],[-124.5126578,47.8214968],[-124.5127368,47.8216301],[-124.5126748,47.8217592],[-124.5125236,47.8218551],[-124.5121997,47.8217062],[-124.5120194,47.8216956],[-124.5118817,47.8217845],[-124.5118478,47.8215774],[-124.5117446,47.8215032],[-124.5115715,47.8216396],[-124.5116605,47.8217147],[-124.5112679,47.8219607],[-124.511434,47.8220356],[-124.5114079,47.8221628],[-124.5112629,47.8221967],[-124.5111819,47.8223258],[-124.5113244,47.8224362],[-124.5112693,47.822652],[-124.5113764,47.8227207],[-124.5123143,47.8223998],[-124.5124856,47.8222735],[-124.5128814,47.8222414],[-124.5129884,47.8219631],[-124.5131551,47.8218898],[-124.5133214,47.8219244],[-124.5136061,47.8216784],[-124.5137863,47.8216816],[-124.5136643,47.8218023],[-124.5137059,47.8218758],[-124.5141611,47.8217035],[-124.5142831,47.8217221],[-124.514329,47.8218152],[-124.5144332,47.8217339],[-124.5145072,47.8217675],[-124.5145389,47.8218507],[-124.5143766,47.8220615],[-124.5141242,47.8221761],[-124.5141292,47.8222974],[-124.5148976,47.8223709],[-124.5151442,47.8222472],[-124.5146553,47.8227843],[-124.5148132,47.8231031],[-124.5150329,47.8231967],[-124.5149642,47.8232646],[-124.5150888,47.8234527],[-124.5153187,47.8235369],[-124.5154806,47.8234932],[-124.5155436,47.8235924],[-124.5157793,47.8236425],[-124.5156981,47.8236669],[-124.5157839,47.8236962],[-124.5157483,47.8237663],[-124.5155825,47.8238936],[-124.5155826,47.8239726],[-124.5156862,47.8240052],[-124.5156829,47.8242447],[-124.5160228,47.8241331],[-124.5160737,47.8241789],[-124.5156848,47.8243819],[-124.515552,47.8247007],[-124.5155999,47.8247761],[-124.5157132,47.8248231],[-124.515748,47.8247565],[-124.5159169,47.8247607],[-124.515871,47.8246091],[-124.5159675,47.8245524],[-124.5162589,47.824552],[-124.5161103,47.8248146],[-124.5159925,47.8247947],[-124.5160195,47.8251324],[-124.5161709,47.8251518],[-124.516104,47.8252085],[-124.5162407,47.8253175],[-124.5167767,47.8252976],[-124.5167752,47.825372],[-124.5164181,47.8255812],[-124.5165079,47.8256702],[-124.5164492,47.8257525],[-124.5166699,47.8264043],[-124.5179106,47.8263594],[-124.5179819,47.826434],[-124.5179139,47.8266215],[-124.5181019,47.8267092],[-124.5181948,47.8269172],[-124.5184786,47.8269902],[-124.5188583,47.8269481],[-124.5186818,47.8261636],[-124.5189415,47.8261181],[-124.5191955,47.8261927],[-124.51907,47.8262744],[-124.5193524,47.8265111],[-124.5193247,47.8267494],[-124.5194231,47.8269287],[-124.519356,47.8269849],[-124.5193941,47.8272113],[-124.5192143,47.8271806],[-124.5191451,47.827245],[-124.5191621,47.8274234],[-124.5192265,47.8274778],[-124.5193398,47.8273117],[-124.5194313,47.8273029],[-124.5200969,47.82795],[-124.5200653,47.8281923],[-124.5204521,47.8284551],[-124.5205507,47.8289688],[-124.5209947,47.8294695],[-124.5216684,47.8308067],[-124.5224121,47.8312167],[-124.5255762,47.8322181],[-124.5272332,47.8324951],[-124.5279363,47.8327034],[-124.5287203,47.832782],[-124.5343915,47.8329875],[-124.5365564,47.8335976],[-124.5384556,47.8337294],[-124.5397815,47.8335452],[-124.540348,47.8331815],[-124.5400487,47.8326751],[-124.5401161,47.8324375],[-124.5403302,47.8324025],[-124.5408575,47.8326856],[-124.5409598,47.8328635],[-124.5412008,47.8329896],[-124.5412547,47.8328848],[-124.5419851,47.8331521],[-124.5425493,47.8335035],[-124.5419718,47.8328919],[-124.5420619,47.8325883],[-124.5422714,47.8325536],[-124.5422897,47.832488],[-124.5416754,47.8320721],[-124.5416924,47.8319973],[-124.5417464,47.8319263],[-124.5419326,47.832019],[-124.5427768,47.8318246],[-124.5427688,47.8316685],[-124.5425304,47.8315944],[-124.542405,47.8313812],[-124.5432295,47.8313077],[-124.5433061,47.8312354],[-124.5431015,47.8310425],[-124.5434679,47.8308298],[-124.5437736,47.8307738],[-124.5439695,47.8308406],[-124.5442164,47.8307942],[-124.5445412,47.8309385],[-124.5444131,47.830988],[-124.5444577,47.8311556],[-124.5441037,47.8313576],[-124.5445003,47.8314485],[-124.5441931,47.8316131],[-124.5442838,47.831707],[-124.5441177,47.8318348],[-124.5442812,47.831907],[-124.5444605,47.8318165],[-124.5453061,47.8317393],[-124.5461957,47.8320405],[-124.5459824,47.8321317],[-124.5460195,47.8322733],[-124.5461901,47.8322789],[-124.5464081,47.8321106],[-124.5465835,47.8321505],[-124.5467015,47.8322991],[-124.5469204,47.8321834],[-124.5470544,47.8321982],[-124.5469214,47.8323697],[-124.5470453,47.8324957],[-124.5472355,47.8323302],[-124.5473856,47.8323389],[-124.5473745,47.8324413],[-124.5475332,47.8326088],[-124.5479132,47.832259],[-124.5481389,47.8323259],[-124.548275,47.8326322],[-124.5481294,47.8327453],[-124.5477047,47.8328182],[-124.5475195,47.8329518],[-124.5475882,47.8331466],[-124.5474501,47.8332963],[-124.5469935,47.8333052],[-124.5466586,47.8336734],[-124.5462654,47.833947],[-124.5460208,47.833985],[-124.5458934,47.8341314],[-124.5459094,47.8343453],[-124.5457937,47.8345953],[-124.5456421,47.8347522],[-124.5450029,47.8347802],[-124.5440936,47.8345396],[-124.5437475,47.8347733],[-124.5438557,47.8348955],[-124.5433829,47.8350051],[-124.5431956,47.8351674],[-124.5439385,47.8358854],[-124.5445442,47.8360953],[-124.5443927,47.8362652],[-124.5435083,47.8359409],[-124.5434243,47.8359871],[-124.5436654,47.8361524],[-124.5436653,47.8363573],[-124.5435123,47.8364027],[-124.5434926,47.8367321],[-124.5432907,47.8368154],[-124.5427975,47.836547],[-124.5424089,47.8364672],[-124.5418891,47.8366545],[-124.5417177,47.8368672],[-124.5417974,47.8371328],[-124.541761,47.8373197],[-124.5418623,47.8374868],[-124.5417055,47.8376206],[-124.5413124,47.8375922],[-124.5409567,47.8376821],[-124.5409726,47.8378644],[-124.5407801,47.8378444],[-124.5409001,47.8382016],[-124.5406061,47.8382307],[-124.5405444,47.8383498],[-124.5402366,47.8382679],[-124.5397987,47.8379349],[-124.5397189,47.8382973],[-124.5397604,47.838561],[-124.5401273,47.8388532],[-124.5402836,47.8387987],[-124.540512,47.8388958],[-124.5405587,47.8390906],[-124.5402665,47.839399],[-124.5398376,47.8394926],[-124.5395732,47.8397345],[-124.5394616,47.8400661],[-124.5395321,47.8408001],[-124.5396883,47.8412185],[-124.5400113,47.841673],[-124.5404175,47.8420602],[-124.540744,47.8422825],[-124.5409045,47.8422595],[-124.5409833,47.8423167],[-124.5409438,47.8424122],[-124.5415449,47.8427491],[-124.5429079,47.8434282],[-124.5440067,47.8444143],[-124.5446348,47.8448108],[-124.5462283,47.8454304],[-124.5482769,47.8455949],[-124.5490393,47.8455125],[-124.549781,47.8456596],[-124.5503811,47.8455976],[-124.550405,47.8454089],[-124.5500484,47.8450656],[-124.5499187,47.8445506],[-124.5496803,47.8444505],[-124.5495642,47.8442357],[-124.5497349,47.8440757],[-124.5502254,47.8439213],[-124.5503128,47.8438117],[-124.549892,47.8432568],[-124.5500283,47.8430455],[-124.55001,47.8428062],[-124.550098,47.8426514],[-124.5502509,47.8426583],[-124.5504854,47.8428582],[-124.5507054,47.8426886],[-124.5514434,47.8433009],[-124.5523738,47.8435546],[-124.5526226,47.843995],[-124.5529725,47.844031],[-124.5532234,47.8441718],[-124.5532512,47.8443912],[-124.5528401,47.8445055],[-124.5528922,47.8446147],[-124.5531632,47.8447128],[-124.5533424,47.8449281],[-124.5534928,47.8449564],[-124.554165,47.8454005],[-124.5545793,47.8455448],[-124.5552713,47.8456293],[-124.5553991,47.8457705],[-124.5557338,47.8458148],[-124.5560474,47.8459659],[-124.5560005,47.8461126],[-124.555701,47.8462157],[-124.5552651,47.846193],[-124.5550951,47.8464993],[-124.5543636,47.8466462],[-124.5537594,47.8466074],[-124.5532609,47.8463815],[-124.5529179,47.8463671],[-124.5522481,47.8458716],[-124.5517744,47.845836],[-124.5513715,47.8460605],[-124.5510487,47.8465838],[-124.551042,47.8478871],[-124.5514024,47.8491999],[-124.5519626,47.8499831],[-124.5529875,47.8510389],[-124.5533309,47.8512148],[-124.5536567,47.8515019],[-124.5552174,47.8521222],[-124.5565143,47.8524076],[-124.5573584,47.8526726],[-124.5575626,47.852819],[-124.5579333,47.8528666],[-124.5581284,47.8527363],[-124.5584722,47.8528231],[-124.558427,47.8526345],[-124.558506,47.8525211],[-124.5586657,47.852511],[-124.5586024,47.8522949],[-124.5586852,47.852277],[-124.5589879,47.8527491],[-124.5595152,47.8529965],[-124.5598241,47.8535128],[-124.5599502,47.8538398],[-124.5599062,47.8539319],[-124.5597302,47.853927],[-124.5596947,47.8540122],[-124.5591296,47.8537321],[-124.5588017,47.8542387],[-124.5587983,47.8544679],[-124.5589735,47.8546424],[-124.5591969,47.8552471],[-124.5591376,47.8553335],[-124.5592088,47.855687],[-124.559015,47.8561992],[-124.5590645,47.8563443],[-124.5592348,47.8563648],[-124.5593525,47.85654],[-124.5589744,47.8567585],[-124.5591367,47.8569031],[-124.5590899,47.8573663],[-124.5591274,47.8574771],[-124.5595209,47.8573749],[-124.5597789,47.8571816],[-124.5597892,47.8570014],[-124.560115,47.8569212],[-124.5605937,47.8571425],[-124.5607944,47.8570246],[-124.5609265,47.8570567],[-124.5610587,47.85719],[-124.5610077,47.8572952],[-124.5614173,47.857747],[-124.5611619,47.858005],[-124.5612876,47.8581955],[-124.5611848,47.8583485],[-124.5607752,47.8585141],[-124.5602205,47.8585199],[-124.5592642,47.8582045],[-124.5584279,47.8582372],[-124.5586134,47.8586089],[-124.5586689,47.8589942],[-124.5589742,47.8596137],[-124.5593336,47.8599523],[-124.5592557,47.8607595],[-124.5589849,47.86169],[-124.5590622,47.8618673],[-124.5593407,47.8619613],[-124.5594607,47.862244],[-124.5592912,47.8625928],[-124.5587741,47.8628615],[-124.5588495,47.8634981],[-124.5592542,47.8641008],[-124.5601608,47.8650273],[-124.5605152,47.8652524],[-124.5611508,47.8651149],[-124.5612731,47.8649382],[-124.5619051,47.8650514],[-124.5621738,47.8655511],[-124.5623972,47.8656231],[-124.562822,47.86544],[-124.5630374,47.8654551],[-124.563056,47.865623],[-124.5628973,47.8656745],[-124.5629481,47.865767],[-124.562862,47.8659989],[-124.5629598,47.8660884],[-124.5630672,47.8660433],[-124.5630437,47.8659428],[-124.5631312,47.8658224],[-124.5636408,47.8658732],[-124.5638402,47.8661476],[-124.5640373,47.8662692],[-124.5641986,47.8666098],[-124.5645395,47.8668116],[-124.5643284,47.8671184],[-124.5656376,47.8675315],[-124.5660912,47.8676045],[-124.56673,47.8673744],[-124.5661276,47.8672527],[-124.5663428,47.8671497],[-124.5661736,47.8669742],[-124.5662956,47.866805],[-124.56644,47.8668707],[-124.5665331,47.8670322],[-124.5667445,47.8670583],[-124.5670806,47.8667635],[-124.5675221,47.8669119],[-124.5676188,47.8666175],[-124.5680079,47.8661082],[-124.5687283,47.8656776],[-124.5690724,47.8655628],[-124.5695918,47.865576],[-124.5697411,47.8657131],[-124.5696614,47.8658195],[-124.5696701,47.8659406],[-124.5697294,47.865934],[-124.5703526,47.8657389],[-124.5712026,47.8649599],[-124.5716114,47.8649748],[-124.57172,47.8652359],[-124.5716568,47.8654473],[-124.5710856,47.8656366],[-124.5710234,47.8657376],[-124.5713817,47.8659016],[-124.5719253,47.8658843],[-124.5721098,47.86575],[-124.5724697,47.8657515],[-124.5727934,47.8656476],[-124.5731791,47.8659007],[-124.5735476,47.8656353],[-124.5736631,47.8656998],[-124.5736951,47.865879],[-124.5739677,47.8658527],[-124.5743715,47.8660243],[-124.5744574,47.8661463],[-124.5744596,47.866467],[-124.5747416,47.8666172],[-124.5748068,47.8669453],[-124.5750032,47.86728],[-124.5755596,47.8676752],[-124.575609,47.8677347],[-124.5755487,47.8678915],[-124.5760159,47.868178],[-124.576065,47.8684584],[-124.5762727,47.8688585],[-124.5762333,47.8689403],[-124.5763127,47.8690194],[-124.5764656,47.8689809],[-124.5766741,47.8694142],[-124.576614,47.8694945],[-124.5768314,47.8695973],[-124.576792,47.8700573],[-124.5769583,47.8702484],[-124.5768924,47.8704404],[-124.5770708,47.870952],[-124.576878,47.8711437],[-124.5769924,47.8712085],[-124.5769196,47.8712902],[-124.576944,47.8714007],[-124.5770843,47.8715234],[-124.5769503,47.8716618],[-124.577041,47.8717327],[-124.5769914,47.8718989],[-124.5771987,47.8718893],[-124.5776784,47.8720906],[-124.5778568,47.8723761],[-124.5777909,47.8726377],[-124.5779101,47.872793],[-124.5779738,47.8733275],[-124.5781376,47.873493],[-124.5793377,47.8741369],[-124.5802965,47.8748116],[-124.5828219,47.8759983],[-124.5854825,47.8767159],[-124.5868098,47.8773301],[-124.5884998,47.8779344],[-124.5922694,47.8787726],[-124.5938471,47.8789199],[-124.595394,47.8788634],[-124.5971687,47.8785694],[-124.5978397,47.8782983],[-124.5979618,47.8779712],[-124.5981667,47.877896],[-124.5977709,47.877389],[-124.5980177,47.8771784],[-124.5982975,47.877208],[-124.5986308,47.8770142],[-124.5989699,47.8765868],[-124.5989497,47.8763279],[-124.5987163,47.8758822],[-124.5987794,47.8755736],[-124.5990408,47.8750694],[-124.5986989,47.8749543],[-124.5987694,47.8748214],[-124.5986646,47.8747241],[-124.5988035,47.8742798],[-124.599144,47.8740952],[-124.5998327,47.8743239],[-124.600298,47.8747625],[-124.6004214,47.8746805],[-124.6002573,47.874374],[-124.6003203,47.8743218],[-124.6004091,47.8743992],[-124.6005205,47.874355],[-124.6007087,47.8745732],[-124.6008698,47.8742848],[-124.6010606,47.8743454],[-124.6010552,47.8741559],[-124.6008857,47.8738816],[-124.6006575,47.8737118],[-124.6006872,47.8735842],[-124.600827,47.8736246],[-124.6008494,47.8735683],[-124.6007672,47.8733811],[-124.6006918,47.8726243],[-124.6008425,47.8722827],[-124.6008229,47.8721224],[-124.6006085,47.8719837],[-124.6007098,47.8718508],[-124.6009943,47.8718036],[-124.6015274,47.8722355],[-124.6019045,47.8723156],[-124.6020774,47.8721623],[-124.6021307,47.8718416],[-124.6024182,47.8717308],[-124.6025582,47.8714436],[-124.6027456,47.8713246],[-124.6031328,47.8714101],[-124.6035681,47.8716247],[-124.6036337,47.8717444],[-124.6039431,47.8716516],[-124.6041473,47.8716884],[-124.6044363,47.8718987],[-124.6044838,47.8720018],[-124.6044253,47.8721363],[-124.6046634,47.8723337],[-124.6046896,47.872477],[-124.6045366,47.8725291],[-124.6045048,47.8726181],[-124.6046713,47.8729709],[-124.6047935,47.8728577],[-124.6049411,47.8724369],[-124.6052839,47.8723684],[-124.6053522,47.8721352],[-124.6055305,47.872047],[-124.6054156,47.8719633],[-124.6056783,47.8718085],[-124.6062978,47.8719056],[-124.6063855,47.8717057],[-124.6070072,47.8717664],[-124.6072241,47.8718774],[-124.6078802,47.8717496],[-124.6082107,47.8718476],[-124.6084517,47.8717592],[-124.6084507,47.8716627],[-124.6082319,47.8716877],[-124.6081457,47.8715713],[-124.6084953,47.871447],[-124.6087202,47.8717108],[-124.6086518,47.8717906],[-124.6090012,47.8718152],[-124.6092757,47.8717022],[-124.6090207,47.8715884],[-124.6092143,47.871503],[-124.6092643,47.8713128],[-124.6100742,47.8713244],[-124.6104387,47.8714439],[-124.6103204,47.8713545],[-124.6103042,47.8712372],[-124.6101496,47.8712559],[-124.6100189,47.8711079],[-124.6102567,47.871081],[-124.6106571,47.871189],[-124.6107779,47.8712842],[-124.6107552,47.8713414],[-124.611342,47.8715181],[-124.6118176,47.8719721],[-124.6117117,47.8719421],[-124.6120095,47.872109],[-124.6121994,47.8724085],[-124.6126281,47.8725481],[-124.6126924,47.8729103],[-124.6125455,47.8729071],[-124.6120805,47.8725269],[-124.6119718,47.8725233],[-124.6116867,47.8727163],[-124.6115277,47.8726214],[-124.6113303,47.8726469],[-124.611441,47.8728172],[-124.6111886,47.8730443],[-124.6112554,47.8732498],[-124.6112202,47.8733185],[-124.6110915,47.8732298],[-124.6109331,47.8733635],[-124.6108113,47.8735213],[-124.6107748,47.8738704],[-124.6106765,47.8739885],[-124.6104826,47.8738978],[-124.6097702,47.8739375],[-124.6088904,47.8741321],[-124.6085635,47.8743818],[-124.6084797,47.8746066],[-124.6086706,47.8746241],[-124.6090234,47.8748608],[-124.6089859,47.8751225],[-124.6094163,47.8752288],[-124.6094205,47.8753939],[-124.6097982,47.875622],[-124.6098067,47.8757487],[-124.609643,47.8759552],[-124.6099955,47.8762611],[-124.6099721,47.8763594],[-124.6092198,47.8762341],[-124.6097209,47.8765019],[-124.610341,47.8763595],[-124.6105672,47.8765919],[-124.6104111,47.8767782],[-124.610373,47.8770462],[-124.6101241,47.8771852],[-124.6095677,47.8773029],[-124.6092788,47.8775072],[-124.6089457,47.8776034],[-124.6089528,47.8777306],[-124.6091823,47.8777514],[-124.6091888,47.8778441],[-124.6089639,47.8779244],[-124.6088994,47.878037],[-124.6085539,47.8781423],[-124.6085945,47.8784158],[-124.6088301,47.8787292],[-124.6092047,47.8790002],[-124.6102425,47.8793772],[-124.6105774,47.8799052],[-124.6109679,47.880282],[-124.6113255,47.8807999],[-124.6120876,47.8813651],[-124.6125223,47.8813641],[-124.6129362,47.8811933],[-124.6131504,47.8812623],[-124.6159231,47.8827832],[-124.6175225,47.8833228],[-124.617753,47.8834607],[-124.6177634,47.8835622],[-124.6180772,47.8835835],[-124.6185304,47.8837965],[-124.6190115,47.8838713],[-124.6193663,47.8840931],[-124.6199908,47.8842859],[-124.6203921,47.8845541],[-124.6212875,47.8848441],[-124.6224135,47.8856833],[-124.6227007,47.885743],[-124.6228348,47.885681],[-124.6223685,47.8854051],[-124.6224318,47.8852644],[-124.6225966,47.8852345],[-124.6254054,47.8854772],[-124.6267488,47.8858673],[-124.6271878,47.8858804],[-124.6271819,47.8861841],[-124.6265759,47.886656],[-124.6262778,47.8871965],[-124.6262606,47.8873971],[-124.6264763,47.8878046],[-124.6280386,47.8888178],[-124.628463,47.8891996],[-124.6285341,47.8895677],[-124.6280079,47.8898577],[-124.6276034,47.8902845],[-124.6288104,47.8900272],[-124.6295006,47.8906014],[-124.6308519,47.8910647],[-124.6313273,47.8911092],[-124.6315274,47.890859],[-124.6317148,47.890756],[-124.6318746,47.890776],[-124.6319872,47.8910703],[-124.632247,47.8912717],[-124.6319322,47.8914108],[-124.6315123,47.8914188],[-124.631392,47.8915895],[-124.6315151,47.8918596],[-124.6305117,47.8921219],[-124.6303958,47.8922327],[-124.6303404,47.8924857],[-124.6307215,47.8927295],[-124.6311994,47.8927822],[-124.6313342,47.8927491],[-124.6316242,47.8924777],[-124.631877,47.892467],[-124.6318409,47.8923969],[-124.6323756,47.8922793],[-124.6322092,47.8922174],[-124.6322399,47.892135],[-124.6325122,47.8921573],[-124.6324139,47.8922619],[-124.6324799,47.8922836],[-124.6329399,47.892141],[-124.6330027,47.8922177],[-124.6327238,47.8924262],[-124.6326558,47.892571],[-124.632119,47.8925368],[-124.6322112,47.8925744],[-124.6321405,47.892688],[-124.6323689,47.8927757],[-124.6324145,47.8929164],[-124.6318079,47.8933174],[-124.6316213,47.893252],[-124.6315637,47.8933886],[-124.6311938,47.8935872],[-124.631381,47.8937294],[-124.6316579,47.8937715],[-124.6324492,47.8931078],[-124.6326845,47.8930189],[-124.632159,47.893404],[-124.632242,47.8934581],[-124.6324409,47.8933358],[-124.6324929,47.8933782],[-124.6323533,47.8934882],[-124.6324005,47.8935442],[-124.6327971,47.8933679],[-124.6327979,47.8934514],[-124.6329544,47.8934776],[-124.632681,47.8935664],[-124.6328257,47.8936468],[-124.6323407,47.8939065],[-124.632389,47.8939496],[-124.6326819,47.8938039],[-124.6331754,47.8938113],[-124.6333658,47.8936858],[-124.6333381,47.8935938],[-124.6334179,47.8935502],[-124.6336332,47.8936986],[-124.6335554,47.8937152],[-124.6336253,47.8937973],[-124.6335446,47.8938777]]],[[[-124.4039655,47.7370581],[-124.4040181,47.7334313],[-124.3986389,47.733416],[-124.3985598,47.7298853],[-124.3877626,47.729823],[-124.3878274,47.7078809],[-124.3984342,47.7078645],[-124.398253,47.6891736],[-124.387578,47.6891143],[-124.3874138,47.6713183],[-124.3820591,47.6711985],[-124.3817922,47.6568635],[-124.3764312,47.65673],[-124.3764693,47.6351389],[-124.3711532,47.6347796],[-124.3711665,47.627752],[-124.3656868,47.6277229],[-124.3655288,47.6206839],[-124.3663226,47.6206604],[-124.3662544,47.6133381],[-124.3605579,47.613387],[-124.3606209,47.6096746],[-124.3451483,47.6095136],[-124.3451112,47.6060194],[-124.3445951,47.5914109],[-124.3446745,47.5697448],[-124.3444972,47.5609629],[-124.3532838,47.5620498],[-124.3624801,47.5627925],[-124.3626352,47.5633265],[-124.3628258,47.5635986],[-124.3628451,47.564146],[-124.3630609,47.5651574],[-124.363343,47.5655356],[-124.36329,47.5658912],[-124.3634075,47.5666504],[-124.3636688,47.5673548],[-124.3638801,47.5685535],[-124.3641573,47.569356],[-124.3641,47.5702501],[-124.3642926,47.5713424],[-124.3647565,47.572171],[-124.3647494,47.5726498],[-124.3649771,47.5730404],[-124.3649673,47.5735036],[-124.3659293,47.5763454],[-124.3660329,47.5765103],[-124.3661586,47.5765404],[-124.3663742,47.5772951],[-124.366605,47.5788093],[-124.3666502,47.5800882],[-124.3669085,47.5810898],[-124.3668764,47.5812263],[-124.3667028,47.5812942],[-124.3666108,47.5814631],[-124.3669738,47.5825801],[-124.3669509,47.582882],[-124.3673706,47.5840808],[-124.3692467,47.5906438],[-124.3699479,47.5914132],[-124.3701354,47.592531],[-124.3709111,47.5936493],[-124.3709681,47.5943312],[-124.3711081,47.594549],[-124.3715388,47.5948954],[-124.3719725,47.59492],[-124.3723875,47.5951357],[-124.3725867,47.5956267],[-124.372807,47.5971247],[-124.3732442,47.5982124],[-124.3734724,47.5990185],[-124.3738396,47.5996951],[-124.3763491,47.6029195],[-124.3767491,47.6036827],[-124.3771709,47.6048657],[-124.3776669,47.6055706],[-124.3779688,47.6068638],[-124.3787048,47.608773],[-124.3788871,47.610615],[-124.3792953,47.612077],[-124.3790941,47.613518],[-124.3792501,47.6141858],[-124.3796138,47.6151376],[-124.3797311,47.6158782],[-124.3798103,47.6173707],[-124.3803458,47.6192691],[-124.3805343,47.6207129],[-124.3809363,47.6219047],[-124.3810945,47.6229649],[-124.3814702,47.6243992],[-124.3823176,47.6257479],[-124.3825432,47.6273034],[-124.3826895,47.6278372],[-124.3832774,47.62895],[-124.3838425,47.6304858],[-124.383919,47.6311275],[-124.384058,47.6314776],[-124.3841449,47.6328104],[-124.38429,47.6334256],[-124.3847729,47.634408],[-124.3850723,47.6347807],[-124.3857084,47.6352359],[-124.3857919,47.6353848],[-124.3858357,47.6355804],[-124.3856338,47.6361199],[-124.3855322,47.6370927],[-124.3857392,47.6381404],[-124.386483,47.6381813],[-124.3868245,47.6387803],[-124.3870774,47.6395166],[-124.3871953,47.639587],[-124.3871571,47.6406176],[-124.3872985,47.6412171],[-124.3873675,47.6421463],[-124.3874412,47.6423421],[-124.3877368,47.6424213],[-124.3878466,47.6425611],[-124.3878379,47.6427481],[-124.3873486,47.6434301],[-124.3874468,47.6436726],[-124.3884581,47.6442831],[-124.3886025,47.6446733],[-124.3883524,47.6450975],[-124.3882004,47.6456501],[-124.3883098,47.645835],[-124.3886246,47.6460468],[-124.3888559,47.6464307],[-124.3884967,47.6467567],[-124.3884596,47.6472398],[-124.3884831,47.6474265],[-124.388924,47.6481122],[-124.3889918,47.6487496],[-124.3894484,47.6495697],[-124.3896355,47.6503126],[-124.3905418,47.6518228],[-124.3909596,47.6521303],[-124.3912781,47.6521504],[-124.3918423,47.6524849],[-124.391872,47.6522421],[-124.3920689,47.6521544],[-124.3923551,47.6522045],[-124.3923477,47.6522671],[-124.3920764,47.6523222],[-124.3923923,47.6524849],[-124.3925298,47.6526726],[-124.3924852,47.6527602],[-124.3925749,47.6531403],[-124.3923923,47.6535788],[-124.392095,47.6537666],[-124.3919975,47.6539735],[-124.3923482,47.6553771],[-124.3924307,47.6560812],[-124.3932581,47.6579787],[-124.3932696,47.6582687],[-124.3934457,47.6584508],[-124.3935364,47.6589902],[-124.3938861,47.6593704],[-124.3940413,47.6597221],[-124.3942911,47.6609934],[-124.3948354,47.6621045],[-124.3955201,47.6625975],[-124.3956701,47.6627939],[-124.3957941,47.6631465],[-124.3957373,47.6634915],[-124.3958873,47.6639994],[-124.3965322,47.6647552],[-124.3968654,47.6649978],[-124.397105,47.6654371],[-124.3972034,47.6661883],[-124.3980381,47.6671344],[-124.398257,47.6675043],[-124.3985913,47.6676926],[-124.3998498,47.6698816],[-124.4002038,47.6703341],[-124.4004567,47.67156],[-124.4008563,47.6722538],[-124.4015456,47.6737734],[-124.4032457,47.6757185],[-124.4045737,47.676969],[-124.4052979,47.6777868],[-124.4062373,47.6785103],[-124.4065432,47.6790097],[-124.4068276,47.6799129],[-124.4072821,47.6805587],[-124.4078011,47.6821088],[-124.4084489,47.683016],[-124.4097487,47.6856324],[-124.410504,47.6866866],[-124.4113959,47.6875291],[-124.4117124,47.6881303],[-124.4125439,47.6909902],[-124.4139041,47.6949077],[-124.4143725,47.696823],[-124.4146443,47.6988329],[-124.4145754,47.699648],[-124.4146263,47.7003434],[-124.415807,47.7037255],[-124.4163953,47.704853],[-124.416606,47.705534],[-124.417257,47.7067067],[-124.4179615,47.7074741],[-124.4180086,47.7076242],[-124.4179539,47.707743],[-124.4175175,47.7080216],[-124.4172503,47.7083666],[-124.4168931,47.7090571],[-124.4167677,47.7099922],[-124.4169645,47.7108182],[-124.4174499,47.711936],[-124.4173467,47.7124],[-124.4173773,47.7127675],[-124.4186137,47.7141217],[-124.419151,47.7145413],[-124.4198214,47.7148556],[-124.4197673,47.7150487],[-124.4193773,47.7154301],[-124.4192042,47.7159056],[-124.4190507,47.7168711],[-124.4191278,47.7173958],[-124.4193759,47.7185348],[-124.4199576,47.7198109],[-124.4202215,47.7201645],[-124.4205399,47.7217299],[-124.4204925,47.7229055],[-124.4207536,47.7249632],[-124.4218137,47.7287217],[-124.4231336,47.7324649],[-124.4223496,47.7330207],[-124.4117246,47.7332222],[-124.4121973,47.7370467],[-124.4039655,47.7370581]]]]}}
