{
  "type": "Feature",
  "properties": {
    "id": "central-cascades",
    "name": "Central Cascades build boundary",
    "boundaryVersion": "central-cascades-boundary-v2",
    "sourceNamedAreaIds": [
      "osm:relation/6115914",
      "osm:relation/6112652",
      "osm:relation/6437099",
      "osm:relation/6114550",
      "osm:relation/3093637"
    ]
  },
  "geometry": {
    "type": "MultiPolygon",
    "coordinates": [
      [
      [
        [
          -121.73319523634241,
          47.51173934113827
        ],
        [
          -121.73318970127562,
          47.50820914073252
        ],
        [
          -121.73267197327834,
          47.50469630454683
        ],
        [
          -121.73164713933458,
          47.501234656211665
        ],
        [
          -121.73012516418929,
          47.49785751987173
        ],
        [
          -121.72812079073623,
          47.49459739977444
        ],
        [
          -121.7256533947609,
          47.49148566798442
        ],
        [
          -121.72274679556212,
          47.48855226320265
        ],
        [
          -121.71942902438215,
          47.485825403554315
        ],
        [
          -121.71573205295849,
          47.48333131606835
        ],
        [
          -121.7116914848675,
          47.481093985406694
        ],
        [
          -121.70734621266097,
          47.479134924212744
        ],
        [
          -121.70273804409567,
          47.477472967239805
        ],
        [
          -121.6979113010254,
          47.47612409119188
        ],
        [
          -121.69291239475923,
          47.475101261965214
        ],
        [
          -121.68778938189126,
          47.47441431071908
        ],
        [
          -121.68259150477233,
          47.47406983993368
        ],
        [
          -121.67736872092354,
          47.474071160331825
        ],
        [
          -121.67217122578427,
          47.4744182592521
        ],
        [
          -121.58988694542002,
          47.482646555664545
        ],
        [
          -121.5899318,
          47.4682938
        ],
        [
          -121.5947686,
          47.4654488
        ],
        [
          -121.5943078,
          47.4642564
        ],
        [
          -121.5929521,
          47.4626987
        ],
        [
          -121.5933492,
          47.4617168
        ],
        [
          -121.5899272,
          47.461778
        ],
        [
          -121.5899123,
          47.4414888
        ],
        [
          -121.589,
          47.4410104
        ],
        [
          -121.5899094,
          47.4410118
        ],
        [
          -121.5897743,
          47.429337
        ],
        [
          -121.5861928,
          47.4289963
        ],
        [
          -121.5804356,
          47.4261227
        ],
        [
          -121.5788452,
          47.42571
        ],
        [
          -121.5784305,
          47.4261205
        ],
        [
          -121.5777683,
          47.4253483
        ],
        [
          -121.5755543,
          47.4240182
        ],
        [
          -121.5760869,
          47.423259
        ],
        [
          -121.5758586,
          47.4227414
        ],
        [
          -121.5733271,
          47.4207502
        ],
        [
          -121.5715917,
          47.4182566
        ],
        [
          -121.570194,
          47.4171181
        ],
        [
          -121.5685932,
          47.4163293
        ],
        [
          -121.5641194,
          47.415
        ],
        [
          -121.5610596,
          47.412408
        ],
        [
          -121.5593337,
          47.4117076
        ],
        [
          -121.5569394,
          47.4100035
        ],
        [
          -121.5556472,
          47.4080593
        ],
        [
          -121.5527934,
          47.4066793
        ],
        [
          -121.550421,
          47.4072311
        ],
        [
          -121.5491077,
          47.4060333
        ],
        [
          -121.5463205,
          47.4054912
        ],
        [
          -121.5388374,
          47.4032456
        ],
        [
          -121.5342684,
          47.4030156
        ],
        [
          -121.5334106,
          47.4043573
        ],
        [
          -121.5316203,
          47.4043804
        ],
        [
          -121.5311650452362,
          47.404137425340295
        ],
        [
          -121.58158200503956,
          47.378921368353794
        ],
        [
          -121.58561542226964,
          47.37668474369909
        ],
        [
          -121.58930532437469,
          47.374191053722654
        ],
        [
          -121.59261617546902,
          47.37146434868835
        ],
        [
          -121.5955161101141,
          47.368530922258415
        ],
        [
          -121.59797723942721,
          47.36541905696289
        ],
        [
          -121.59997591815451,
          47.362158750592094
        ],
        [
          -121.60149297019572,
          47.35878142619393
        ],
        [
          -121.60251387049334,
          47.355319628511744
        ],
        [
          -121.60302888164269,
          47.351806709822206
        ],
        [
          -121.60303314403386,
          47.34827650822701
        ],
        [
          -121.60252671879776,
          47.344763021515845
        ],
        [
          -121.60151458329034,
          47.34130007975126
        ],
        [
          -121.60000657931063,
          47.33792101972823
        ],
        [
          -121.59801731469736,
          47.334658364433274
        ],
        [
          -121.59556601939194,
          47.33154351057044
        ],
        [
          -121.59267635747744,
          47.3286064271344
        ],
        [
          -121.58937619710943,
          47.32587536789796
        ],
        [
          -121.58569734063713,
          47.32337660053979
        ],
        [
          -121.5816752175701,
          47.32113415497442
        ],
        [
          -121.57734854337608,
          47.319169593257804
        ],
        [
          -121.57275894739486,
          47.317501803234094
        ],
        [
          -121.56795057342183,
          47.31614681786064
        ],
        [
          -121.56296965675033,
          47.31511766190473
        ],
        [
          -121.55786408166234,
          47.314424227446175
        ],
        [
          -121.55268292352392,
          47.314073179348945
        ],
        [
          -121.54747597977021,
          47.314067891583846
        ],
        [
          -121.54229329416002,
          47.31440841499652
        ],
        [
          -121.53718467873442,
          47.31509147682065
        ],
        [
          -121.53219923793449,
          47.31611051194144
        ],
        [
          -121.52738489931424,
          47.31745572561769
        ],
        [
          -121.52278795523077,
          47.31911418707775
        ],
        [
          -121.51845261979976,
          47.32106995311602
        ],
        [
          -121.41847759090483,
          47.37104251681246
        ],
        [
          -121.41840330288495,
          47.371079649724905
        ],
        [
          -121.35980734594433,
          47.40036885525405
        ],
        [
          -121.3598942,
          47.3939379
        ],
        [
          -121.3385052,
          47.3940147
        ],
        [
          -121.3386178,
          47.3781889
        ],
        [
          -121.3167,
          47.378139
        ],
        [
          -121.3164413,
          47.3927037
        ],
        [
          -121.3168131,
          47.3927047
        ],
        [
          -121.3167182,
          47.4071683
        ],
        [
          -121.2976035,
          47.4070884
        ],
        [
          -121.2956474,
          47.4060114
        ],
        [
          -121.2845885,
          47.4036274
        ],
        [
          -121.2839157,
          47.4065353
        ],
        [
          -121.2833029,
          47.4072087
        ],
        [
          -121.281765,
          47.4079101
        ],
        [
          -121.2797187,
          47.4074674
        ],
        [
          -121.2781846,
          47.4075549
        ],
        [
          -121.2742304,
          47.408665
        ],
        [
          -121.2698662,
          47.4115963
        ],
        [
          -121.2709312,
          47.41365
        ],
        [
          -121.2702811,
          47.4150945
        ],
        [
          -121.2711113,
          47.4161107
        ],
        [
          -121.2709206,
          47.4169594
        ],
        [
          -121.2689487,
          47.4172199
        ],
        [
          -121.2694164,
          47.4181117
        ],
        [
          -121.2691083,
          47.4185633
        ],
        [
          -121.2643076,
          47.4196187
        ],
        [
          -121.262905,
          47.4216406
        ],
        [
          -121.2600044,
          47.4260923
        ],
        [
          -121.2607704,
          47.4293028
        ],
        [
          -121.2599737,
          47.4314694
        ],
        [
          -121.2601547,
          47.4321578
        ],
        [
          -121.2577004,
          47.4362281
        ],
        [
          -121.2559202,
          47.4382421
        ],
        [
          -121.254941,
          47.438894
        ],
        [
          -121.25492101164082,
          47.439498995031364
        ],
        [
          -121.23421190283365,
          47.42835543061331
        ],
        [
          -121.13614436074481,
          47.369557115079154
        ],
        [
          -121.12936487693918,
          47.36583090070325
        ],
        [
          -121.12213049373908,
          47.36252074105301
        ],
        [
          -121.02369897119,
          47.32153821274132
        ],
        [
          -121.02460063698322,
          47.321450336376515
        ],
        [
          -121.02710161828254,
          47.32103562513504
        ],
        [
          -121.02953147945509,
          47.32045849132152
        ],
        [
          -121.03186732068343,
          47.31972437468727
        ],
        [
          -121.03408713081609,
          47.31884019435859
        ],
        [
          -121.03616999523204,
          47.317814283443234
        ],
        [
          -121.03809629323148,
          47.31665631028756
        ],
        [
          -121.03984788307758,
          47.31537718713642
        ],
        [
          -121.04140827293575,
          47.3139889670669
        ],
        [
          -121.04276277609708,
          47.31250473017839
        ],
        [
          -121.04389864902666,
          47.31093846012225
        ],
        [
          -121.04480521094656,
          47.30930491214531
        ],
        [
          -121.04547394384323,
          47.30761947390015
        ],
        [
          -121.04589857197848,
          47.305898020342205
        ],
        [
          -121.04607512018235,
          47.304156764087914
        ],
        [
          -121.0465003308409,
          47.289813768184366
        ],
        [
          -121.04650444893231,
          47.28927841564594
        ],
        [
          -121.04609162824968,
          47.26029131523888
        ],
        [
          -121.04594030048591,
          47.258537864123696
        ],
        [
          -121.04553771482958,
          47.2568027904196
        ],
        [
          -121.0448877343418,
          47.25510263793974
        ],
        [
          -121.04399657939689,
          47.25345361595355
        ],
        [
          -121.04287276753065,
          47.25187144476587
        ],
        [
          -121.04152703148824,
          47.250371206010605
        ],
        [
          -121.03997221628052,
          47.24896719907907
        ],
        [
          -121.038223156253,
          47.247672805041894
        ],
        [
          -121.03629653335624,
          47.24650035935192
        ],
        [
          -121.03421071797911,
          47.24546103452972
        ],
        [
          -121.03198559386588,
          47.24456473393842
        ],
        [
          -121.02964236878245,
          47.243819997648956
        ],
        [
          -121.0272950821338,
          47.24325595968292
        ],
        [
          -121.02664317753211,
          47.24265768455259
        ],
        [
          -121.02490818501118,
          47.24135367833015
        ],
        [
          -121.02299412872321,
          47.24017080504041
        ],
        [
          -121.02091927569936,
          47.239120346576264
        ],
        [
          -121.0187034229564,
          47.23821232126794
        ],
        [
          -121.01636770881021,
          47.23745538856948
        ],
        [
          -121.01393441155881,
          47.236856766691524
        ],
        [
          -121.01142673743934,
          47.236422163955865
        ],
        [
          -121.00886859986018,
          47.23615572451714
        ],
        [
          -121.00628439198748,
          47.23605998896216
        ],
        [
          -121.00491250662655,
          47.236054712157156
        ],
        [
          -121.0037510881775,
          47.23517585360627
        ],
        [
          -121.00188879405671,
          47.23401212807155
        ],
        [
          -120.9998715156056,
          47.232974356713
        ],
        [
          -120.99771766142808,
          47.23207200529051
        ],
        [
          -120.99544688270923,
          47.23131330391744
        ],
        [
          -120.9930798942105,
          47.230705172189666
        ],
        [
          -120.99063828569359,
          47.230253156248374
        ],
        [
          -120.98967636242718,
          47.23014062397816
        ],
        [
          -120.98957315002781,
          47.22966672250885
        ],
        [
          -120.98895993302337,
          47.227987352123606
        ],
        [
          -120.98811198018481,
          47.22635575828768
        ],
        [
          -120.98703715686419,
          47.2247870342789
        ],
        [
          -120.98574542460182,
          47.22329569047948
        ],
        [
          -120.98424874837751,
          47.22189552032989
        ],
        [
          -120.98256098546256,
          47.220599472949885
        ],
        [
          -120.98069775691616,
          47.21941953359543
        ],
        [
          -120.9786763029256,
          47.21836661304738
        ],
        [
          -120.97651532333269,
          47.21745044694449
        ],
        [
          -120.97423480481957,
          47.216679505981155
        ],
        [
          -120.97185583634509,
          47.216060917790514
        ],
        [
          -120.96940041452454,
          47.215600401225714
        ],
        [
          -120.9668912407349,
          47.21530221363854
        ],
        [
          -120.96435151179807,
          47.21516911163636
        ],
        [
          -120.96372392569309,
          47.21515678555546
        ],
        [
          -120.96281577456256,
          47.21432285381716
        ],
        [
          -120.96107776362933,
          47.21301634062059
        ],
        [
          -120.95916008861366,
          47.211831498936085
        ],
        [
          -120.95708112732049,
          47.21077967651421
        ],
        [
          -120.95486079859397,
          47.20987094648722
        ],
        [
          -120.95252037167947,
          47.209114011134766
        ],
        [
          -120.95008226281625,
          47.208516118764656
        ],
        [
          -120.94756982099328,
          47.20808299449376
        ],
        [
          -120.94500710489804,
          47.20781878558354
        ],
        [
          -120.94241865316837,
          47.20772602184548
        ],
        [
          -120.92092992939398,
          47.20766925402942
        ],
        [
          -120.92025665221989,
          47.20704705590088
        ],
        [
          -120.91852010230416,
          47.20573424607935
        ],
        [
          -120.91660259906499,
          47.20454335559064
        ],
        [
          -120.9145226049071,
          47.203485843591395
        ],
        [
          -120.91230014207105,
          47.20257188518027
        ],
        [
          -120.90995660010374,
          47.20181027373331
        ],
        [
          -120.90751453033869,
          47.201208336520565
        ],
        [
          -120.90499742934793,
          47.2007718644049
        ],
        [
          -120.90242951342735,
          47.20050505629046
        ],
        [
          -120.89983548625844,
          47.200410478847225
        ],
        [
          -120.80458508635715,
          47.200077016247405
        ],
        [
          -120.80252795811595,
          47.199137498579624
        ],
        [
          -120.80030925389828,
          47.19832081404073
        ],
        [
          -120.79798624629925,
          47.197651331668624
        ],
        [
          -120.79558002715774,
          47.19713512902931
        ],
        [
          -120.79311244154196,
          47.19677689205631
        ],
        [
          -120.79060588994355,
          47.19657987263637
        ],
        [
          -120.78808312550323,
          47.19654585917808
        ],
        [
          -120.78576651059676,
          47.19658964447131
        ],
        [
          -120.78313407073051,
          47.196728856317186
        ],
        [
          -120.78053511103748,
          47.19704551404302
        ],
        [
          -120.7779954654275,
          47.19753647013691
        ],
        [
          -120.77554037997714,
          47.19819684448949
        ],
        [
          -120.77319426263624,
          47.199020072761115
        ],
        [
          -120.77098044114581,
          47.19999797144982
        ],
        [
          -120.7689209315458,
          47.20112081902256
        ],
        [
          -120.76703621955153,
          47.202377452313954
        ],
        [
          -120.76534505695713,
          47.20375537724628
        ],
        [
          -120.7645095112392,
          47.20459360656797
        ],
        [
          -120.76244838871193,
          47.20509396143145
        ],
        [
          -120.76008782006049,
          47.20585254134913
        ],
        [
          -120.7578486586367,
          47.206765373096836
        ],
        [
          -120.75712298218535,
          47.20713175866262
        ],
        [
          -120.75209857013554,
          47.207035121159954
        ],
        [
          -120.75018940482245,
          47.207062781804396
        ],
        [
          -120.74911998685414,
          47.2062464002263
        ],
        [
          -120.7472395540584,
          47.20506394668644
        ],
        [
          -120.74519975728656,
          47.20401049048318
        ],
        [
          -120.74301969615846,
          47.20309589103878
        ],
        [
          -120.74071977972052,
          47.20232870772185
        ],
        [
          -120.73832153568752,
          47.20171611995042
        ],
        [
          -120.73584740935478,
          47.20126386018886
        ],
        [
          -120.7333205540431,
          47.200976160457074
        ],
        [
          -120.73076461501415,
          47.200855712845396
        ],
        [
          -120.7095158203745,
          47.20055261829667
        ],
        [
          -120.70688806216629,
          47.200603565968514
        ],
        [
          -120.70428067970616,
          47.20083127980399
        ],
        [
          -120.70171935954001,
          47.20123351651499
        ],
        [
          -120.69922933578925,
          47.201806313465774
        ],
        [
          -120.69683514223932,
          47.20254402759593
        ],
        [
          -120.6945603712269,
          47.203439390855166
        ],
        [
          -120.69242744167188,
          47.20448358161167
        ],
        [
          -120.69045737851404,
          47.205666311340046
        ],
        [
          -120.68866960571003,
          47.20697592574619
        ],
        [
          -120.68708175481822,
          47.20839951934462
        ],
        [
          -120.68570949105462,
          47.20992306237228
        ],
        [
          -120.68456635853732,
          47.21153153880102
        ],
        [
          -120.68366364625702,
          47.213209094100876
        ],
        [
          -120.68301027611298,
          47.21493919130969
        ],
        [
          -120.68261271414424,
          47.21670477388041
        ],
        [
          -120.68247490586182,
          47.21848843370967
        ],
        [
          -120.68241617937286,
          47.23294691797849
        ],
        [
          -120.68253639698096,
          47.23470889352481
        ],
        [
          -120.6829102266734,
          47.23645440046168
        ],
        [
          -120.68353409759888,
          47.238166649691266
        ],
        [
          -120.68440203237631,
          47.23982917039506
        ],
        [
          -120.68550570371839,
          47.241425968588224
        ],
        [
          -120.68683451375841,
          47.242941681142206
        ],
        [
          -120.6883756953471,
          47.24436172378675
        ],
        [
          -120.69011443436933,
          47.24567243165788
        ],
        [
          -120.69203401192219,
          47.246861191029325
        ],
        [
          -120.69411596499816,
          47.2479165609483
        ],
        [
          -120.6963402641328,
          47.24882838359316
        ],
        [
          -120.69868550630447,
          47.24958788227922
        ],
        [
          -120.70112912122092,
          47.25018774615758
        ],
        [
          -120.70364758899126,
          47.250622200781464
        ],
        [
          -120.70621666706671,
          47.250887063851486
        ],
        [
          -120.70881162423854,
          47.25097978559544
        ],
        [
          -120.70937050159414,
          47.250981120329705
        ],
        [
          -120.70987990183289,
          47.25245096110007
        ],
        [
          -120.71073063747097,
          47.254136097212125
        ],
        [
          -120.71182284073245,
          47.25575584153721
        ],
        [
          -120.7131458159267,
          47.25729430025089
        ],
        [
          -120.71468659963367,
          47.2587363757996
        ],
        [
          -120.71643008734966,
          47.2600679152856
        ],
        [
          -120.7183591813186,
          47.261275849614364
        ],
        [
          -120.72045495811189,
          47.262348322026526
        ],
        [
          -120.72269685431752,
          47.26327480474016
        ],
        [
          -120.72506286851484,
          47.26404620254581
        ],
        [
          -120.7275297775421,
          47.26465494232503
        ],
        [
          -120.73007336491787,
          47.265095047602294
        ],
        [
          -120.73266865915032,
          47.265362197388264
        ],
        [
          -120.73529017956702,
          47.26545376872871
        ],
        [
          -120.7475029636461,
          47.265468643683576
        ],
        [
          -120.7482193901642,
          47.266823911567386
        ],
        [
          -120.7493365469641,
          47.26842239385989
        ],
        [
          -120.75067979392281,
          47.269938656075816
        ],
        [
          -120.75223614775102,
          47.271358021380664
        ],
        [
          -120.75399055879198,
          47.2726667497236
        ],
        [
          -120.75592605633418,
          47.27385217108766
        ],
        [
          -120.75802391270041,
          47.274902808400654
        ],
        [
          -120.76026382452923,
          47.27580848890503
        ],
        [
          -120.76115851528624,
          47.2760935331649
        ],
        [
          -120.76083808050271,
          47.35379713783594
        ],
        [
          -120.76095885471725,
          47.355561838150855
        ],
        [
          -120.7613346060721,
          47.357309999193966
        ],
        [
          -120.76196173429268,
          47.359024754237176
        ],
        [
          -120.76283421221478,
          47.360689557239475
        ],
        [
          -120.76394364305479,
          47.36228834261958
        ],
        [
          -120.7652793406457,
          47.36380568044844
        ],
        [
          -120.76682843189415,
          47.36522692555641
        ],
        [
          -120.76857598049462,
          47.36653835910651
        ],
        [
          -120.77050513072558,
          47.36772732125745
        ],
        [
          -120.77259726995206,
          47.36878233362354
        ],
        [
          -120.77483220827024,
          47.36969321033781
        ],
        [
          -120.77718837355866,
          47.370451156633905
        ],
        [
          -120.77964302004264,
          47.371048853983474
        ],
        [
          -120.7821724483429,
          47.37148053095639
        ],
        [
          -120.7826561615366,
          47.37152956491379
        ],
        [
          -120.78274442688047,
          47.37192102783705
        ],
        [
          -120.78338340800119,
          47.373621811803524
        ],
        [
          -120.7842641499152,
          47.37527232133429
        ],
        [
          -120.78537828700861,
          47.37685683761711
        ],
        [
          -120.7867152281906,
          47.37836026894988
        ],
        [
          -120.78826225712066,
          47.37976829466903
        ],
        [
          -120.79000465282377,
          47.38106750177246
        ],
        [
          -120.7919258295627,
          47.3822455129252
        ],
        [
          -120.79400749464628,
          47.38329110461739
        ],
        [
          -120.79622982267483,
          47.384194314337776
        ],
        [
          -120.7985716445606,
          47.384946535729554
        ],
        [
          -120.80101064951275,
          47.385540600811424
        ],
        [
          -120.80352359804772,
          47.38597084846987
        ],
        [
          -120.80608654397315,
          47.386233178561056
        ],
        [
          -120.80867506320453,
          47.38632509109962
        ],
        [
          -120.83003704540936,
          47.386374808848785
        ],
        [
          -120.83265921278249,
          47.38629283383266
        ],
        [
          -120.83525660959651,
          47.38603599287396
        ],
        [
          -120.8378038514265,
          47.385606796137104
        ],
        [
          -120.8402760454859,
          47.3850094381783
        ],
        [
          -120.84264903456412,
          47.3842497568308
        ],
        [
          -120.84359253839962,
          47.38386634313051
        ],
        [
          -120.86751182546263,
          47.40782313099633
        ],
        [
          -120.87385902006022,
          47.41350136491935
        ],
        [
          -120.88105673379148,
          47.41869475286258
        ],
        [
          -120.88902479335461,
          47.42334527432769
        ],
        [
          -120.89484523535455,
          47.42607441841471
        ],
        [
          -120.8945983,
          47.4260656
        ],
        [
          -120.8928211,
          47.4265923
        ],
        [
          -120.8918596,
          47.4276889
        ],
        [
          -120.8913625,
          47.4277296
        ],
        [
          -120.8874481,
          47.4255192
        ],
        [
          -120.8849343,
          47.4225541
        ],
        [
          -120.8786529,
          47.4199056
        ],
        [
          -120.8772615,
          47.4189173
        ],
        [
          -120.8760257,
          47.4174423
        ],
        [
          -120.8722189,
          47.4153413
        ],
        [
          -120.8706322,
          47.4154275
        ],
        [
          -120.8681424,
          47.4161795
        ],
        [
          -120.8668706,
          47.4170547
        ],
        [
          -120.8664824,
          47.4182421
        ],
        [
          -120.8614704,
          47.4206359
        ],
        [
          -120.8604062,
          47.4199155
        ],
        [
          -120.8584963,
          47.4193244
        ],
        [
          -120.8561787,
          47.4177175
        ],
        [
          -120.8551702,
          47.4165404
        ],
        [
          -120.8525814,
          47.4154912
        ],
        [
          -120.8498519,
          47.4137629
        ],
        [
          -120.8464733,
          47.4128816
        ],
        [
          -120.8432695,
          47.4115993
        ],
        [
          -120.8409658,
          47.412604
        ],
        [
          -120.8375891,
          47.4148616
        ],
        [
          -120.8371173,
          47.415544
        ],
        [
          -120.8371596,
          47.4174575
        ],
        [
          -120.8367045,
          47.4182198
        ],
        [
          -120.8337385,
          47.419865
        ],
        [
          -120.8309634,
          47.4224669
        ],
        [
          -120.8286479,
          47.4238796
        ],
        [
          -120.8231554,
          47.4223191
        ],
        [
          -120.8193925,
          47.4208474
        ],
        [
          -120.8161174,
          47.4205589
        ],
        [
          -120.8134979,
          47.4196828
        ],
        [
          -120.8094083,
          47.4201463
        ],
        [
          -120.8069724,
          47.4208107
        ],
        [
          -120.8054763,
          47.4215103
        ],
        [
          -120.8036282,
          47.4230859
        ],
        [
          -120.8025334,
          47.4226259
        ],
        [
          -120.8017408,
          47.4209491
        ],
        [
          -120.8001664,
          47.4190793
        ],
        [
          -120.7875757,
          47.419048
        ],
        [
          -120.7866352,
          47.4195225
        ],
        [
          -120.7820732,
          47.419747
        ],
        [
          -120.7781966,
          47.421659
        ],
        [
          -120.7751567,
          47.4237523
        ],
        [
          -120.7738557,
          47.4243615
        ],
        [
          -120.7725154,
          47.4245244
        ],
        [
          -120.7711659,
          47.4252586
        ],
        [
          -120.7702053,
          47.4267658
        ],
        [
          -120.7647523,
          47.429876
        ],
        [
          -120.759878,
          47.4308538
        ],
        [
          -120.7529151,
          47.4353496
        ],
        [
          -120.7494457,
          47.435673
        ],
        [
          -120.7476274,
          47.4363842
        ],
        [
          -120.7475841,
          47.438408
        ],
        [
          -120.7099145,
          47.4383814
        ],
        [
          -120.7038558,
          47.439484
        ],
        [
          -120.6970434,
          47.4429378
        ],
        [
          -120.6915326,
          47.4441767
        ],
        [
          -120.6901416,
          47.4450441
        ],
        [
          -120.6859321,
          47.4489276
        ],
        [
          -120.6838459,
          47.4499113
        ],
        [
          -120.6835784,
          47.4509047
        ],
        [
          -120.6839978,
          47.4529469
        ],
        [
          -120.6813371,
          47.4560381
        ],
        [
          -120.6800064,
          47.4593497
        ],
        [
          -120.6803341,
          47.4642471
        ],
        [
          -120.6807537,
          47.4652274
        ],
        [
          -120.6813604,
          47.4653882
        ],
        [
          -120.690708,
          47.4655454
        ],
        [
          -120.6938798,
          47.4662032
        ],
        [
          -120.6992224,
          47.4656581
        ],
        [
          -120.709175,
          47.4636168
        ],
        [
          -120.7115602,
          47.4636735
        ],
        [
          -120.7170258,
          47.4646463
        ],
        [
          -120.7197925,
          47.4667936
        ],
        [
          -120.7213726,
          47.469745
        ],
        [
          -120.7247612,
          47.4706987
        ],
        [
          -120.7264751,
          47.4715786
        ],
        [
          -120.7348961,
          47.4783504
        ],
        [
          -120.7318695,
          47.481224
        ],
        [
          -120.7309701,
          47.4827089
        ],
        [
          -120.7303814,
          47.4829312
        ],
        [
          -120.7291831,
          47.4827455
        ],
        [
          -120.7270021,
          47.4833772
        ],
        [
          -120.7232172,
          47.4854707
        ],
        [
          -120.7217948,
          47.4857572
        ],
        [
          -120.7207026,
          47.4864421
        ],
        [
          -120.7202752,
          47.4878824
        ],
        [
          -120.7187377,
          47.4885719
        ],
        [
          -120.7190178,
          47.4892672
        ],
        [
          -120.7179723,
          47.491436
        ],
        [
          -120.7180356,
          47.4920222
        ],
        [
          -120.7167331,
          47.4940074
        ],
        [
          -120.7167016,
          47.4952891
        ],
        [
          -120.7171483,
          47.4956849
        ],
        [
          -120.7168648,
          47.497668
        ],
        [
          -120.7161861,
          47.4987748
        ],
        [
          -120.715655,
          47.5009411
        ],
        [
          -120.7145227,
          47.5026158
        ],
        [
          -120.7146326,
          47.5031963
        ],
        [
          -120.7140689,
          47.5035515
        ],
        [
          -120.7125278,
          47.5069815
        ],
        [
          -120.7113679,
          47.5073238
        ],
        [
          -120.7106542,
          47.5083528
        ],
        [
          -120.7101958,
          47.5093298
        ],
        [
          -120.7105219,
          47.5107002
        ],
        [
          -120.7093727,
          47.5109552
        ],
        [
          -120.707761,
          47.513722
        ],
        [
          -120.7067768,
          47.5145827
        ],
        [
          -120.7067928,
          47.5157985
        ],
        [
          -120.70675662223191,
          47.515951338547744
        ],
        [
          -120.70617215856699,
          47.51601367203978
        ],
        [
          -120.69942654482827,
          47.517232739739995
        ],
        [
          -120.69290669116808,
          47.51892189165749
        ],
        [
          -120.59296961552599,
          47.548898381488165
        ],
        [
          -120.58713025260035,
          47.550883029642975
        ],
        [
          -120.58160673698116,
          47.55324415972834
        ],
        [
          -120.57645219406625,
          47.55595908194542
        ],
        [
          -120.57171622556969,
          47.55900170288986
        ],
        [
          -120.56744443335108,
          47.562342774822255
        ],
        [
          -120.56367798056989,
          47.565950175255146
        ],
        [
          -120.56045319437786,
          47.5697892142432
        ],
        [
          -120.5578012140081,
          47.573822966496735
        ],
        [
          -120.5557476877271,
          47.57801262519557
        ],
        [
          -120.5543125216884,
          47.58231787416491
        ],
        [
          -120.55350968326323,
          47.58669727488875
        ],
        [
          -120.55334706093201,
          47.59110866468244
        ],
        [
          -120.55382638229936,
          47.59550956222431
        ],
        [
          -120.55494319125317,
          47.59985757656196
        ],
        [
          -120.5566868847255,
          47.60411081565839
        ],
        [
          -120.5590408089382,
          47.608228290532885
        ],
        [
          -120.56198241443339,
          47.612170311077925
        ],
        [
          -120.56548346860164,
          47.615898869699606
        ],
        [
          -120.56951032384217,
          47.61937800903301
        ],
        [
          -120.57402423891689,
          47.62257417012684
        ],
        [
          -120.57898175050933,
          47.62545651767116
        ],
        [
          -120.58433509147054,
          47.627997239057486
        ],
        [
          -120.59003265173854,
          47.63017181431054
        ],
        [
          -120.5960194774586,
          47.63195925421125
        ],
        [
          -120.60223780341818,
          47.63334230424124
        ],
        [
          -120.60862761354545,
          47.63430761231496
        ],
        [
          -120.61512722391252,
          47.634845858623365
        ],
        [
          -120.62167388243455,
          47.6349518462902
        ],
        [
          -120.62820437927071,
          47.63462455193272
        ],
        [
          -120.63465566181428,
          47.63386713562022
        ],
        [
          -120.64096544810654,
          47.63268691013042
        ],
        [
          -120.64707283252834,
          47.6310952698117
        ],
        [
          -120.734162055372,
          47.60497130668711
        ],
        [
          -120.75430025425233,
          47.604970061959996
        ],
        [
          -120.7543193,
          47.6132781
        ],
        [
          -120.7514006,
          47.613284
        ],
        [
          -120.7515464,
          47.6421312
        ],
        [
          -120.7526743,
          47.6432106
        ],
        [
          -120.7545566,
          47.6441248
        ],
        [
          -120.7599904,
          47.6438036
        ],
        [
          -120.7667993,
          47.6442153
        ],
        [
          -120.7677781,
          47.6453636
        ],
        [
          -120.7668569,
          47.6493454
        ],
        [
          -120.7646396,
          47.6512774
        ],
        [
          -120.7680252,
          47.6517707
        ],
        [
          -120.7714223,
          47.6512924
        ],
        [
          -120.7781084,
          47.6529157
        ],
        [
          -120.7839012,
          47.6534912
        ],
        [
          -120.7838573,
          47.6596812
        ],
        [
          -120.7812212,
          47.660737
        ],
        [
          -120.7779216,
          47.6659867
        ],
        [
          -120.7761343,
          47.666875
        ],
        [
          -120.7730987,
          47.6676155
        ],
        [
          -120.7718843,
          47.6682341
        ],
        [
          -120.7707015,
          47.6682738
        ],
        [
          -120.7656409,
          47.669865
        ],
        [
          -120.7622055,
          47.6702165
        ],
        [
          -120.7624466,
          47.6962353
        ],
        [
          -120.7655077,
          47.6977617
        ],
        [
          -120.7671221,
          47.6990304
        ],
        [
          -120.7673915,
          47.7008938
        ],
        [
          -120.7700665,
          47.7063447
        ],
        [
          -120.7716231,
          47.7080801
        ],
        [
          -120.773849,
          47.7096935
        ],
        [
          -120.7780703,
          47.7115525
        ],
        [
          -120.7797939,
          47.7127196
        ],
        [
          -120.7799039,
          47.7158576
        ],
        [
          -120.8007804,
          47.7157826
        ],
        [
          -120.8009628,
          47.7014878
        ],
        [
          -120.8224191,
          47.701474
        ],
        [
          -120.8223247,
          47.7159773
        ],
        [
          -120.8226251,
          47.7159875
        ],
        [
          -120.8225915,
          47.7204545
        ],
        [
          -120.8270239,
          47.7198797
        ],
        [
          -120.8309732,
          47.7217976
        ],
        [
          -120.8352117,
          47.7225112
        ],
        [
          -120.8411901,
          47.7224394
        ],
        [
          -120.84249354865793,
          47.72264874362115
        ],
        [
          -120.84151115468799,
          47.72286851464769
        ],
        [
          -120.83237578549544,
          47.72557065750659
        ],
        [
          -120.71248808600407,
          47.76552107337906
        ],
        [
          -120.70340465429103,
          47.768918863097646
        ],
        [
          -120.6948531457877,
          47.77289221355583
        ],
        [
          -120.68691407318762,
          47.77740377605059
        ],
        [
          -120.67966224848975,
          47.782411132510845
        ],
        [
          -120.67316607998859,
          47.78786719054319
        ],
        [
          -120.66748692673461,
          47.79372062248856
        ],
        [
          -120.6626785165605,
          47.79991634453949
        ],
        [
          -120.6587864332782,
          47.80639603158684
        ],
        [
          -120.65584767810397,
          47.81309866311575
        ],
        [
          -120.65389030976675,
          47.819961095161595
        ],
        [
          -120.6529331670971,
          47.82691865306633
        ],
        [
          -120.65298567718918,
          47.83390573955183
        ],
        [
          -120.65404775147357,
          47.84085645244862
        ],
        [
          -120.65610977124426,
          47.847705206292595
        ],
        [
          -120.65915266335247,
          47.85438735192779
        ],
        [
          -120.66314806592133,
          47.860839788235246
        ],
        [
          -120.66805858305588,
          47.86700156014562
        ],
        [
          -120.67383812663309,
          47.8728144371889
        ],
        [
          -120.68043234236593,
          47.878223466988686
        ],
        [
          -120.68777911645499,
          47.883177498319846
        ],
        [
          -120.69580915828192,
          47.887629668616675
        ],
        [
          -120.7594510886262,
          47.91951503065507
        ],
        [
          -120.74689928378639,
          47.93410991826855
        ],
        [
          -120.74253419782764,
          47.93974398431197
        ],
        [
          -120.73892651965487,
          47.945613764209995
        ],
        [
          -120.66870487034814,
          48.07555214619239
        ],
        [
          -120.66869719128327,
          48.07556883142424
        ],
        [
          -120.6676617,
          48.0756208
        ],
        [
          -120.6666241,
          48.0765927
        ],
        [
          -120.663666,
          48.0780267
        ],
        [
          -120.6624449,
          48.0795596
        ],
        [
          -120.6623405,
          48.0812422
        ],
        [
          -120.6626454,
          48.0828814
        ],
        [
          -120.6615618,
          48.0837017
        ],
        [
          -120.6610597,
          48.0848609
        ],
        [
          -120.6584993,
          48.0847947
        ],
        [
          -120.6545153,
          48.0854546
        ],
        [
          -120.6540189,
          48.0877198
        ],
        [
          -120.6551104,
          48.0893539
        ],
        [
          -120.6536265,
          48.0903225
        ],
        [
          -120.6535022,
          48.0908278
        ],
        [
          -120.6558024,
          48.0920964
        ],
        [
          -120.6566846,
          48.0929961
        ],
        [
          -120.6560468,
          48.0971714
        ],
        [
          -120.6522986,
          48.09899
        ],
        [
          -120.6464347,
          48.1028533
        ],
        [
          -120.6450124,
          48.1055241
        ],
        [
          -120.6457978,
          48.1072238
        ],
        [
          -120.6456539,
          48.1082063
        ],
        [
          -120.6434673,
          48.1112829
        ],
        [
          -120.6351955,
          48.116127
        ],
        [
          -120.6317249,
          48.1158594
        ],
        [
          -120.6291407,
          48.1150773
        ],
        [
          -120.625969,
          48.1165865
        ],
        [
          -120.6260278,
          48.1175685
        ],
        [
          -120.6243986,
          48.1200814
        ],
        [
          -120.6245106,
          48.1213658
        ],
        [
          -120.6240371,
          48.1237451
        ],
        [
          -120.6232312,
          48.125519
        ],
        [
          -120.6222873,
          48.1264218
        ],
        [
          -120.621388,
          48.1270691
        ],
        [
          -120.6182621,
          48.1274407
        ],
        [
          -120.6168631,
          48.1285447
        ],
        [
          -120.6128632,
          48.1291096
        ],
        [
          -120.6112037,
          48.1299448
        ],
        [
          -120.6103923,
          48.1307171
        ],
        [
          -120.6070389,
          48.1312885
        ],
        [
          -120.6066173,
          48.1320156
        ],
        [
          -120.6068617,
          48.1334916
        ],
        [
          -120.6048066,
          48.1352224
        ],
        [
          -120.6034617,
          48.1372205
        ],
        [
          -120.6019828,
          48.136315
        ],
        [
          -120.5989952,
          48.1362423
        ],
        [
          -120.5965232,
          48.1381331
        ],
        [
          -120.5943172,
          48.1391202
        ],
        [
          -120.5904155,
          48.1389934
        ],
        [
          -120.5874081,
          48.1392943
        ],
        [
          -120.5858015,
          48.1398919
        ],
        [
          -120.5822575,
          48.1399366
        ],
        [
          -120.578877,
          48.1407996
        ],
        [
          -120.5721017,
          48.1434334
        ],
        [
          -120.5652315,
          48.1439903
        ],
        [
          -120.5618778,
          48.1454944
        ],
        [
          -120.5606328,
          48.1463732
        ],
        [
          -120.5595814,
          48.1466215
        ],
        [
          -120.5400743,
          48.1485217
        ],
        [
          -120.5387527,
          48.1489831
        ],
        [
          -120.5360738,
          48.1508455
        ],
        [
          -120.5346372,
          48.1510918
        ],
        [
          -120.5309583,
          48.1509194
        ],
        [
          -120.5276988,
          48.1521968
        ],
        [
          -120.5297281,
          48.1522192
        ],
        [
          -120.5346856,
          48.1552708
        ],
        [
          -120.5354286,
          48.1560079
        ],
        [
          -120.5365037,
          48.1560609
        ],
        [
          -120.5375695,
          48.1576955
        ],
        [
          -120.5395138,
          48.1587162
        ],
        [
          -120.5423935,
          48.1620999
        ],
        [
          -120.5451436,
          48.1614547
        ],
        [
          -120.5463988,
          48.1615388
        ],
        [
          -120.5467119,
          48.1621587
        ],
        [
          -120.5482134,
          48.1617495
        ],
        [
          -120.5500776,
          48.1619984
        ],
        [
          -120.5515722,
          48.162632
        ],
        [
          -120.554405,
          48.161634
        ],
        [
          -120.5624784,
          48.1638094
        ],
        [
          -120.5651157,
          48.1655259
        ],
        [
          -120.5705194,
          48.166989
        ],
        [
          -120.5715724,
          48.1665727
        ],
        [
          -120.572827,
          48.1647111
        ],
        [
          -120.5744584,
          48.1653842
        ],
        [
          -120.5774467,
          48.1659283
        ],
        [
          -120.5794081,
          48.1659337
        ],
        [
          -120.5814917,
          48.1667686
        ],
        [
          -120.5839029,
          48.1692103
        ],
        [
          -120.5842609,
          48.1701706
        ],
        [
          -120.5850205,
          48.1708764
        ],
        [
          -120.5880373,
          48.1715892
        ],
        [
          -120.5909417,
          48.1728366
        ],
        [
          -120.5944445,
          48.1750852
        ],
        [
          -120.597946,
          48.176496
        ],
        [
          -120.5992578,
          48.1779981
        ],
        [
          -120.6016485,
          48.1789976
        ],
        [
          -120.603266,
          48.1804137
        ],
        [
          -120.6054588,
          48.1810812
        ],
        [
          -120.6058022,
          48.1826093
        ],
        [
          -120.6086253,
          48.1856639
        ],
        [
          -120.6104642,
          48.1904331
        ],
        [
          -120.6115124,
          48.1897827
        ],
        [
          -120.6122182,
          48.1900074
        ],
        [
          -120.6138394,
          48.1894654
        ],
        [
          -120.6140925,
          48.1883446
        ],
        [
          -120.6154215,
          48.1875991
        ],
        [
          -120.6184939,
          48.1882472
        ],
        [
          -120.6196264,
          48.1871334
        ],
        [
          -120.6219915,
          48.1871005
        ],
        [
          -120.6235702,
          48.1866223
        ],
        [
          -120.6280979,
          48.1879338
        ],
        [
          -120.6316986,
          48.1871945
        ],
        [
          -120.6348678,
          48.1874299
        ],
        [
          -120.6369893,
          48.1878563
        ],
        [
          -120.6390579,
          48.1889762
        ],
        [
          -120.6422076,
          48.189003
        ],
        [
          -120.6437637,
          48.188612
        ],
        [
          -120.6447915,
          48.1893074
        ],
        [
          -120.6462644,
          48.1892404
        ],
        [
          -120.6475997,
          48.1895649
        ],
        [
          -120.6507564,
          48.1889323
        ],
        [
          -120.6542287,
          48.1892432
        ],
        [
          -120.6573642,
          48.1876876
        ],
        [
          -120.6597427,
          48.1877753
        ],
        [
          -120.6637769,
          48.187384
        ],
        [
          -120.6671958,
          48.1866346
        ],
        [
          -120.6679152,
          48.1872206
        ],
        [
          -120.6695376,
          48.187123
        ],
        [
          -120.6707121,
          48.186445
        ],
        [
          -120.6716313,
          48.186945
        ],
        [
          -120.6748493,
          48.187343
        ],
        [
          -120.6779164,
          48.1865772
        ],
        [
          -120.6809716,
          48.1873227
        ],
        [
          -120.6836621,
          48.1867561
        ],
        [
          -120.6839964,
          48.1864119
        ],
        [
          -120.6843992,
          48.1865235
        ],
        [
          -120.684178,
          48.1867485
        ],
        [
          -120.6877,
          48.1871388
        ],
        [
          -120.6893578,
          48.1879369
        ],
        [
          -120.6909315,
          48.1879686
        ],
        [
          -120.692611,
          48.1887716
        ],
        [
          -120.6946913,
          48.1884219
        ],
        [
          -120.6988901,
          48.1891224
        ],
        [
          -120.7025928,
          48.1907621
        ],
        [
          -120.7031447,
          48.1903997
        ],
        [
          -120.7035922,
          48.1904356
        ],
        [
          -120.7036176,
          48.1907331
        ],
        [
          -120.7064375,
          48.1907534
        ],
        [
          -120.7094041,
          48.1918023
        ],
        [
          -120.7124479,
          48.1923847
        ],
        [
          -120.7139635,
          48.193341
        ],
        [
          -120.7168395,
          48.1939072
        ],
        [
          -120.7187443,
          48.1937606
        ],
        [
          -120.7204474,
          48.1943477
        ],
        [
          -120.7228098,
          48.1936702
        ],
        [
          -120.7241206,
          48.1946094
        ],
        [
          -120.7261795,
          48.1948391
        ],
        [
          -120.7332595,
          48.1942546
        ],
        [
          -120.7346801,
          48.1948449
        ],
        [
          -120.7358669,
          48.1945759
        ],
        [
          -120.7391629,
          48.1947352
        ],
        [
          -120.7397831,
          48.1950128
        ],
        [
          -120.7414771,
          48.1970572
        ],
        [
          -120.7431005,
          48.1972105
        ],
        [
          -120.7440745,
          48.1967887
        ],
        [
          -120.7470591,
          48.1916824
        ],
        [
          -120.7515642,
          48.1866193
        ],
        [
          -120.7552922,
          48.1847125
        ],
        [
          -120.7563124,
          48.1838236
        ],
        [
          -120.7596402,
          48.1822914
        ],
        [
          -120.7637804,
          48.1793801
        ],
        [
          -120.7698007,
          48.1792786
        ],
        [
          -120.7923116,
          48.1826081
        ],
        [
          -120.7937204,
          48.185192
        ],
        [
          -120.7956628,
          48.1875322
        ],
        [
          -120.7959608,
          48.1887479
        ],
        [
          -120.7977753,
          48.1899927
        ],
        [
          -120.8000512,
          48.1935192
        ],
        [
          -120.8016199,
          48.1969945
        ],
        [
          -120.7945056,
          48.2022448
        ],
        [
          -120.7946118,
          48.209893
        ],
        [
          -120.7923936,
          48.2144275
        ],
        [
          -120.7918962,
          48.2188821
        ],
        [
          -120.792296,
          48.2214888
        ],
        [
          -120.7805727,
          48.2175805
        ],
        [
          -120.7782426,
          48.2161145
        ],
        [
          -120.7722777,
          48.2145417
        ],
        [
          -120.7682947,
          48.2115454
        ],
        [
          -120.7669803,
          48.211106
        ],
        [
          -120.7620673,
          48.213197
        ],
        [
          -120.7576678,
          48.2158152
        ],
        [
          -120.7548942,
          48.2179746
        ],
        [
          -120.7513476,
          48.2215405
        ],
        [
          -120.7476506,
          48.2227144
        ],
        [
          -120.7436707,
          48.2248453
        ],
        [
          -120.7411922,
          48.2255525
        ],
        [
          -120.7386758,
          48.2276355
        ],
        [
          -120.7389458,
          48.2265116
        ],
        [
          -120.7381415,
          48.2246917
        ],
        [
          -120.7337749,
          48.2229906
        ],
        [
          -120.731487,
          48.2212134
        ],
        [
          -120.7285089,
          48.2208892
        ],
        [
          -120.7268191,
          48.219866
        ],
        [
          -120.7251874,
          48.2200002
        ],
        [
          -120.7237757,
          48.2196889
        ],
        [
          -120.7199261,
          48.2169762
        ],
        [
          -120.7145415,
          48.2167343
        ],
        [
          -120.7092644,
          48.2135565
        ],
        [
          -120.7042794,
          48.2114821
        ],
        [
          -120.701207,
          48.2111778
        ],
        [
          -120.6992848,
          48.210307
        ],
        [
          -120.6970572,
          48.209925
        ],
        [
          -120.6920548,
          48.210558
        ],
        [
          -120.690282,
          48.2102615
        ],
        [
          -120.6890376,
          48.2107674
        ],
        [
          -120.6863407,
          48.211091
        ],
        [
          -120.6814787,
          48.2109391
        ],
        [
          -120.6792556,
          48.2132697
        ],
        [
          -120.6769564,
          48.2135787
        ],
        [
          -120.675671,
          48.2140926
        ],
        [
          -120.6757277,
          48.2152185
        ],
        [
          -120.6746267,
          48.2169734
        ],
        [
          -120.6730526,
          48.2220704
        ],
        [
          -120.6691238,
          48.2233585
        ],
        [
          -120.6668121,
          48.2236715
        ],
        [
          -120.6652525,
          48.2243777
        ],
        [
          -120.6649078,
          48.2257204
        ],
        [
          -120.6647505,
          48.2304501
        ],
        [
          -120.6631906,
          48.2328209
        ],
        [
          -120.6576179,
          48.234374
        ],
        [
          -120.6546215,
          48.2378143
        ],
        [
          -120.6539808,
          48.2403143
        ],
        [
          -120.6533401,
          48.2414634
        ],
        [
          -120.6500654,
          48.2439996
        ],
        [
          -120.6470622,
          48.2468397
        ],
        [
          -120.643472,
          48.2487413
        ],
        [
          -120.6433434,
          48.2491545
        ],
        [
          -120.6438091,
          48.2503754
        ],
        [
          -120.6411088,
          48.2527089
        ],
        [
          -120.642259,
          48.2562568
        ],
        [
          -120.6532612,
          48.2584433
        ],
        [
          -120.657565,
          48.2566415
        ],
        [
          -120.6599734,
          48.254945
        ],
        [
          -120.6623928,
          48.2541844
        ],
        [
          -120.6652171,
          48.2522263
        ],
        [
          -120.6684579,
          48.2505825
        ],
        [
          -120.6743898,
          48.2481337
        ],
        [
          -120.6748346,
          48.2475174
        ],
        [
          -120.6781017,
          48.2457253
        ],
        [
          -120.6869263,
          48.246461
        ],
        [
          -120.6887636,
          48.2469048
        ],
        [
          -120.6912202,
          48.2481748
        ],
        [
          -120.6919771,
          48.248668
        ],
        [
          -120.6935943,
          48.2509364
        ],
        [
          -120.6945996,
          48.2537458
        ],
        [
          -120.6937281,
          48.2563466
        ],
        [
          -120.6921941,
          48.2580974
        ],
        [
          -120.6936827,
          48.2603497
        ],
        [
          -120.6935211,
          48.2612462
        ],
        [
          -120.6939221,
          48.262217
        ],
        [
          -120.6931767,
          48.2632098
        ],
        [
          -120.6929606,
          48.2647171
        ],
        [
          -120.6945704,
          48.2666748
        ],
        [
          -120.6942208,
          48.2678555
        ],
        [
          -120.6957872,
          48.2821661
        ],
        [
          -120.696617,
          48.2831995
        ],
        [
          -120.6964872,
          48.2840221
        ],
        [
          -120.6974863,
          48.2857877
        ],
        [
          -120.6961464,
          48.2880013
        ],
        [
          -120.6966072,
          48.2888473
        ],
        [
          -120.6963373,
          48.2894114
        ],
        [
          -120.6950983,
          48.2896833
        ],
        [
          -120.6940027,
          48.2906601
        ],
        [
          -120.6921054,
          48.2906041
        ],
        [
          -120.6916056,
          48.2915208
        ],
        [
          -120.6917008,
          48.2929983
        ],
        [
          -120.6899147,
          48.2952299
        ],
        [
          -120.6883981,
          48.2986545
        ],
        [
          -120.6873672,
          48.2996929
        ],
        [
          -120.6869616,
          48.3006115
        ],
        [
          -120.6855465,
          48.3011794
        ],
        [
          -120.6848632,
          48.3034755
        ],
        [
          -120.6850239,
          48.3058747
        ],
        [
          -120.6847563,
          48.3073179
        ],
        [
          -120.6828512,
          48.3088811
        ],
        [
          -120.683561,
          48.3095882
        ],
        [
          -120.6939779,
          48.3166717
        ],
        [
          -120.7007041,
          48.3188847
        ],
        [
          -120.7122463,
          48.3174953
        ],
        [
          -120.7160491,
          48.3160142
        ],
        [
          -120.7200546,
          48.3154279
        ],
        [
          -120.7228939,
          48.3155831
        ],
        [
          -120.725928,
          48.3153012
        ],
        [
          -120.73108,
          48.3165366
        ],
        [
          -120.7300435,
          48.3177038
        ],
        [
          -120.7300375,
          48.3205739
        ],
        [
          -120.7291155,
          48.3228051
        ],
        [
          -120.7322913,
          48.3284642
        ],
        [
          -120.7322563,
          48.3444431
        ],
        [
          -120.7385142,
          48.3418041
        ],
        [
          -120.7439715,
          48.3392479
        ],
        [
          -120.7447833,
          48.338589
        ],
        [
          -120.7489608,
          48.338113
        ],
        [
          -120.7530892,
          48.3359893
        ],
        [
          -120.7562459,
          48.3381653
        ],
        [
          -120.7571063,
          48.3446962
        ],
        [
          -120.7646594,
          48.3482082
        ],
        [
          -120.7668171,
          48.347633
        ],
        [
          -120.7779073,
          48.3461921
        ],
        [
          -120.7854157,
          48.3436106
        ],
        [
          -120.7911379,
          48.342056
        ],
        [
          -120.7950297,
          48.3419417
        ],
        [
          -120.7958971,
          48.3415444
        ],
        [
          -120.7976273,
          48.339913
        ],
        [
          -120.8007949,
          48.3387499
        ],
        [
          -120.802857,
          48.3398097
        ],
        [
          -120.8034405,
          48.341028
        ],
        [
          -120.8061735,
          48.3439387
        ],
        [
          -120.806582,
          48.3450927
        ],
        [
          -120.8060104,
          48.3458315
        ],
        [
          -120.8061731,
          48.3459778
        ],
        [
          -120.8090193,
          48.3461677
        ],
        [
          -120.8105698,
          48.3465983
        ],
        [
          -120.8115548,
          48.3474756
        ],
        [
          -120.8118111,
          48.3487401
        ],
        [
          -120.8125417,
          48.349761
        ],
        [
          -120.8163631,
          48.3524526
        ],
        [
          -120.8170092,
          48.3535742
        ],
        [
          -120.8202807,
          48.3561798
        ],
        [
          -120.8217766,
          48.356559
        ],
        [
          -120.8266295,
          48.3567227
        ],
        [
          -120.830983,
          48.3575246
        ],
        [
          -120.8438393,
          48.3590216
        ],
        [
          -120.8519676,
          48.360737
        ],
        [
          -120.8547161,
          48.3695517
        ],
        [
          -120.8561718,
          48.3832135
        ],
        [
          -120.8655387,
          48.3891909
        ],
        [
          -120.8746651,
          48.4074804
        ],
        [
          -120.8800875,
          48.405976
        ],
        [
          -120.8818177,
          48.4059628
        ],
        [
          -120.88316,
          48.4055286
        ],
        [
          -120.885498,
          48.4035652
        ],
        [
          -120.8869553,
          48.4029621
        ],
        [
          -120.8893885,
          48.4026109
        ],
        [
          -120.8921533,
          48.4033903
        ],
        [
          -120.8944058,
          48.401644
        ],
        [
          -120.8961721,
          48.4014064
        ],
        [
          -120.8973004,
          48.4002573
        ],
        [
          -120.8977324,
          48.3986647
        ],
        [
          -120.8973137,
          48.3966586
        ],
        [
          -120.8963154,
          48.3954105
        ],
        [
          -120.8977096,
          48.3936067
        ],
        [
          -120.8978084,
          48.3914115
        ],
        [
          -120.898922,
          48.3906752
        ],
        [
          -120.9030205,
          48.3892949
        ],
        [
          -120.9051117,
          48.3877134
        ],
        [
          -120.9099983,
          48.3873081
        ],
        [
          -120.9133639,
          48.3874134
        ],
        [
          -120.9158844,
          48.3885388
        ],
        [
          -120.9171902,
          48.3896421
        ],
        [
          -120.9189304,
          48.3900335
        ],
        [
          -120.919835,
          48.3910395
        ],
        [
          -120.9232024,
          48.3912802
        ],
        [
          -120.9247821,
          48.3922985
        ],
        [
          -120.9255366,
          48.391451
        ],
        [
          -120.9259911,
          48.3881455
        ],
        [
          -120.9268344,
          48.3876703
        ],
        [
          -120.9336698,
          48.3883436
        ],
        [
          -120.9367546,
          48.3895445
        ],
        [
          -120.9464864,
          48.3904113
        ],
        [
          -120.9539239,
          48.3919023
        ],
        [
          -120.9570501,
          48.3921018
        ],
        [
          -120.9573653,
          48.3936303
        ],
        [
          -120.9582418,
          48.3948951
        ],
        [
          -120.9583713,
          48.3964887
        ],
        [
          -120.9576243,
          48.3990806
        ],
        [
          -120.9576984,
          48.4006436
        ],
        [
          -120.9571235,
          48.4019057
        ],
        [
          -120.9571432,
          48.4027334
        ],
        [
          -120.9555841,
          48.4050433
        ],
        [
          -120.9558217,
          48.4058572
        ],
        [
          -120.9552326,
          48.4070704
        ],
        [
          -120.9556034,
          48.4078545
        ],
        [
          -120.9575422,
          48.4093825
        ],
        [
          -120.9576553,
          48.4099333
        ],
        [
          -120.9557341,
          48.4157205
        ],
        [
          -120.9545631,
          48.4217848
        ],
        [
          -120.9568155,
          48.4315659
        ],
        [
          -120.9574185,
          48.4324972
        ],
        [
          -120.9624876,
          48.432857
        ],
        [
          -120.9647073,
          48.4337941
        ],
        [
          -120.9696775,
          48.4337692
        ],
        [
          -120.970819,
          48.4341377
        ],
        [
          -120.9732644,
          48.4341808
        ],
        [
          -120.9745231,
          48.434149
        ],
        [
          -120.9765865,
          48.4332585
        ],
        [
          -120.9788596,
          48.4328756
        ],
        [
          -120.9802606,
          48.4321454
        ],
        [
          -120.9842592,
          48.4320615
        ],
        [
          -120.9855774,
          48.4324697
        ],
        [
          -120.9862535,
          48.4333587
        ],
        [
          -120.9871433,
          48.4336016
        ],
        [
          -120.988359,
          48.4333478
        ],
        [
          -120.9895398,
          48.4326514
        ],
        [
          -120.9930702,
          48.4322425
        ],
        [
          -120.9947154,
          48.4312364
        ],
        [
          -120.9965742,
          48.4314127
        ],
        [
          -120.9996543,
          48.4328519
        ],
        [
          -121.0017174,
          48.4319529
        ],
        [
          -121.0027798,
          48.4307162
        ],
        [
          -121.0072402,
          48.4300547
        ],
        [
          -121.0076764,
          48.4301343
        ],
        [
          -121.0090973,
          48.4315229
        ],
        [
          -121.010727,
          48.4315119
        ],
        [
          -121.0122414,
          48.4327248
        ],
        [
          -121.0150802,
          48.4318411
        ],
        [
          -121.0203121,
          48.4319132
        ],
        [
          -121.0220196,
          48.4324341
        ],
        [
          -121.0230227,
          48.4333938
        ],
        [
          -121.0239244,
          48.4337689
        ],
        [
          -121.0288453,
          48.4335761
        ],
        [
          -121.0295534,
          48.4333722
        ],
        [
          -121.0299501,
          48.4325643
        ],
        [
          -121.0310129,
          48.4317817
        ],
        [
          -121.0324536,
          48.4315634
        ],
        [
          -121.0334278,
          48.4309727
        ],
        [
          -121.0349929,
          48.4310984
        ],
        [
          -121.03726,
          48.4321101
        ],
        [
          -121.0372089,
          48.4331574
        ],
        [
          -121.038692,
          48.434854
        ],
        [
          -121.0387939,
          48.4369096
        ],
        [
          -121.0381797,
          48.4384441
        ],
        [
          -121.0389283,
          48.4391392
        ],
        [
          -121.0395225,
          48.4403393
        ],
        [
          -121.0394242,
          48.440965
        ],
        [
          -121.0405514,
          48.4421697
        ],
        [
          -121.0409504,
          48.4430919
        ],
        [
          -121.0408937,
          48.4437633
        ],
        [
          -121.040415,
          48.4443302
        ],
        [
          -121.0409305,
          48.4454675
        ],
        [
          -121.0428182,
          48.4471062
        ],
        [
          -121.0444897,
          48.4477768
        ],
        [
          -121.0461517,
          48.4480157
        ],
        [
          -121.0474263,
          48.4472002
        ],
        [
          -121.0482809,
          48.447235
        ],
        [
          -121.0506652,
          48.4480686
        ],
        [
          -121.0517488,
          48.4490107
        ],
        [
          -121.0525866,
          48.4486125
        ],
        [
          -121.0533606,
          48.4488391
        ],
        [
          -121.0546455,
          48.4499113
        ],
        [
          -121.0555484,
          48.4500547
        ],
        [
          -121.0556387,
          48.4509029
        ],
        [
          -121.0561328,
          48.4516803
        ],
        [
          -121.0571002,
          48.4515268
        ],
        [
          -121.0580396,
          48.4523165
        ],
        [
          -121.0588808,
          48.4524143
        ],
        [
          -121.0604319,
          48.4538675
        ],
        [
          -121.0603591,
          48.4544139
        ],
        [
          -121.0615245,
          48.4570236
        ],
        [
          -121.0612305,
          48.4581975
        ],
        [
          -121.0622834,
          48.4594341
        ],
        [
          -121.0633183,
          48.4600037
        ],
        [
          -121.0675931,
          48.4606014
        ],
        [
          -121.0714203,
          48.4606971
        ],
        [
          -121.0729673,
          48.4613033
        ],
        [
          -121.0741326,
          48.4622135
        ],
        [
          -121.079999,
          48.4633236
        ],
        [
          -121.0813423,
          48.4631931
        ],
        [
          -121.0828897,
          48.4625621
        ],
        [
          -121.0850452,
          48.4629353
        ],
        [
          -121.0859914,
          48.4623032
        ],
        [
          -121.0874697,
          48.4622693
        ],
        [
          -121.091605,
          48.4645467
        ],
        [
          -121.0958834,
          48.4656297
        ],
        [
          -121.0975847,
          48.4671091
        ],
        [
          -121.1000161,
          48.4665887
        ],
        [
          -121.1006914,
          48.4658936
        ],
        [
          -121.1020417,
          48.4652815
        ],
        [
          -121.1054803,
          48.4647893
        ],
        [
          -121.1078732,
          48.4628313
        ],
        [
          -121.1084853,
          48.4610329
        ],
        [
          -121.1095272,
          48.4597274
        ],
        [
          -121.1096488,
          48.4589106
        ],
        [
          -121.1090959,
          48.4581368
        ],
        [
          -121.1096465,
          48.4567872
        ],
        [
          -121.1150471,
          48.4547029
        ],
        [
          -121.1159044,
          48.4530299
        ],
        [
          -121.1159627,
          48.4503362
        ],
        [
          -121.1162691,
          48.4500488
        ],
        [
          -121.1220989,
          48.4492713
        ],
        [
          -121.1262642,
          48.4477055
        ],
        [
          -121.1354946,
          48.4472699
        ],
        [
          -121.1347408,
          48.4460287
        ],
        [
          -121.1345384,
          48.4445544
        ],
        [
          -121.134801,
          48.4443472
        ],
        [
          -121.1361723,
          48.4445624
        ],
        [
          -121.1382696,
          48.444265
        ],
        [
          -121.1385683,
          48.4453114
        ],
        [
          -121.1397376,
          48.4465363
        ],
        [
          -121.1419853,
          48.4475829
        ],
        [
          -121.1434444,
          48.4476667
        ],
        [
          -121.146225,
          48.4495698
        ],
        [
          -121.1484179,
          48.4503752
        ],
        [
          -121.1491688,
          48.4512037
        ],
        [
          -121.1516879,
          48.4520767
        ],
        [
          -121.1526105,
          48.4526635
        ],
        [
          -121.1519126,
          48.4530958
        ],
        [
          -121.1521581,
          48.4535363
        ],
        [
          -121.1542561,
          48.4553366
        ],
        [
          -121.1565558,
          48.4553383
        ],
        [
          -121.1565523,
          48.4567987
        ],
        [
          -121.1587738,
          48.4577219
        ],
        [
          -121.1606624,
          48.4580682
        ],
        [
          -121.1658536,
          48.4578132
        ],
        [
          -121.167431,
          48.4570334
        ],
        [
          -121.1674175,
          48.4554427
        ],
        [
          -121.1724142,
          48.4552046
        ],
        [
          -121.1752748,
          48.454443
        ],
        [
          -121.1800782,
          48.4546377
        ],
        [
          -121.1830516,
          48.4543922
        ],
        [
          -121.1879532,
          48.4548626
        ],
        [
          -121.1907056,
          48.4548075
        ],
        [
          -121.1926077,
          48.4539792
        ],
        [
          -121.1929446,
          48.4526569
        ],
        [
          -121.1927982,
          48.4517746
        ],
        [
          -121.2439012,
          48.4515186
        ],
        [
          -121.2438203,
          48.4542766
        ],
        [
          -121.2442278,
          48.4562599
        ],
        [
          -121.2458819,
          48.4610457
        ],
        [
          -121.2458334,
          48.4626907
        ],
        [
          -121.2452583,
          48.464458
        ],
        [
          -121.2483961,
          48.4661786
        ],
        [
          -121.2491192,
          48.4661841
        ],
        [
          -121.249107,
          48.4665618
        ],
        [
          -121.2544952,
          48.4694768
        ],
        [
          -121.2569179,
          48.4693254
        ],
        [
          -121.2606862,
          48.469879
        ],
        [
          -121.2633724,
          48.4706804
        ],
        [
          -121.2677775,
          48.4704858
        ],
        [
          -121.2697309,
          48.4708923
        ],
        [
          -121.271074,
          48.470794
        ],
        [
          -121.2719309,
          48.4712212
        ],
        [
          -121.2759188,
          48.4713979
        ],
        [
          -121.2772072,
          48.4706912
        ],
        [
          -121.2814518,
          48.4700689
        ],
        [
          -121.2866027,
          48.4758823
        ],
        [
          -121.2905778,
          48.4745837
        ],
        [
          -121.2937785,
          48.4729207
        ],
        [
          -121.2941097,
          48.4726151
        ],
        [
          -121.2942495,
          48.4716716
        ],
        [
          -121.2963603,
          48.4698621
        ],
        [
          -121.2968793,
          48.4684593
        ],
        [
          -121.2988415,
          48.4670999
        ],
        [
          -121.2991947,
          48.4665091
        ],
        [
          -121.3003088,
          48.4661729
        ],
        [
          -121.3014705,
          48.4651978
        ],
        [
          -121.3021655,
          48.4632295
        ],
        [
          -121.3038877,
          48.4618107
        ],
        [
          -121.3080277,
          48.4629013
        ],
        [
          -121.3111518,
          48.4642014
        ],
        [
          -121.3163103,
          48.4652902
        ],
        [
          -121.3176224,
          48.466288
        ],
        [
          -121.3180263,
          48.4680216
        ],
        [
          -121.3590251,
          48.4681224
        ],
        [
          -121.3578346,
          48.4668718
        ],
        [
          -121.3584098,
          48.4650901
        ],
        [
          -121.3583344,
          48.4625575
        ],
        [
          -121.3591479,
          48.4599084
        ],
        [
          -121.3643985,
          48.4515563
        ],
        [
          -121.3661098,
          48.4500818
        ],
        [
          -121.366538,
          48.4484708
        ],
        [
          -121.3688123,
          48.446089
        ],
        [
          -121.3684621,
          48.4445089
        ],
        [
          -121.3690723,
          48.4433684
        ],
        [
          -121.3699091,
          48.4426189
        ],
        [
          -121.3655995,
          48.4406851
        ],
        [
          -121.3591237,
          48.4406047
        ],
        [
          -121.3564873,
          48.4419814
        ],
        [
          -121.3573218,
          48.3979738
        ],
        [
          -121.3560099,
          48.3968832
        ],
        [
          -121.3551047,
          48.3953001
        ],
        [
          -121.355919,
          48.3940272
        ],
        [
          -121.3558616,
          48.3936491
        ],
        [
          -121.3629753,
          48.3941238
        ],
        [
          -121.3670663,
          48.3948671
        ],
        [
          -121.3703757,
          48.3944652
        ],
        [
          -121.3720894,
          48.3949835
        ],
        [
          -121.3738837,
          48.3961183
        ],
        [
          -121.3747752,
          48.3971092
        ],
        [
          -121.374861,
          48.3993979
        ],
        [
          -121.3758323,
          48.4016988
        ],
        [
          -121.375653,
          48.4030374
        ],
        [
          -121.3783519,
          48.407123
        ],
        [
          -121.3901121,
          48.4072313
        ],
        [
          -121.412754,
          48.4094966
        ],
        [
          -121.414435,
          48.406322
        ],
        [
          -121.4139101,
          48.4050553
        ],
        [
          -121.411843,
          48.4024779
        ],
        [
          -121.4118363,
          48.4015294
        ],
        [
          -121.4123321,
          48.4002248
        ],
        [
          -121.4119865,
          48.3991519
        ],
        [
          -121.4095902,
          48.3983826
        ],
        [
          -121.4077458,
          48.3954284
        ],
        [
          -121.4078571,
          48.3932567
        ],
        [
          -121.4071876,
          48.3926378
        ],
        [
          -121.4050646,
          48.3919849
        ],
        [
          -121.4041539,
          48.3911615
        ],
        [
          -121.4041366,
          48.3903446
        ],
        [
          -121.4035999,
          48.3898237
        ],
        [
          -121.4035518,
          48.3884587
        ],
        [
          -121.4029373,
          48.3879875
        ],
        [
          -121.4029027,
          48.385981
        ],
        [
          -121.4014571,
          48.3854673
        ],
        [
          -121.3996714,
          48.3833186
        ],
        [
          -121.4017567,
          48.3809892
        ],
        [
          -121.4019935,
          48.379335
        ],
        [
          -121.4027802,
          48.3775629
        ],
        [
          -121.4028362,
          48.3763043
        ],
        [
          -121.4024433,
          48.3750151
        ],
        [
          -121.401414,
          48.3742224
        ],
        [
          -121.3980219,
          48.345345
        ],
        [
          -121.3917707,
          48.3438018
        ],
        [
          -121.3879971,
          48.343927
        ],
        [
          -121.3849878,
          48.3436234
        ],
        [
          -121.3781978,
          48.3412186
        ],
        [
          -121.3758742,
          48.3408074
        ],
        [
          -121.3666445,
          48.3413603
        ],
        [
          -121.3636016,
          48.3381834
        ],
        [
          -121.3615916,
          48.3350537
        ],
        [
          -121.3582528,
          48.3338271
        ],
        [
          -121.3555707,
          48.3336748
        ],
        [
          -121.3532337,
          48.3330932
        ],
        [
          -121.3520084,
          48.3334989
        ],
        [
          -121.3434357,
          48.3342637
        ],
        [
          -121.3431301,
          48.3337222
        ],
        [
          -121.3435391,
          48.332262
        ],
        [
          -121.3465723,
          48.3297072
        ],
        [
          -121.3480815,
          48.3264821
        ],
        [
          -121.3488204,
          48.325566
        ],
        [
          -121.3469397,
          48.3233045
        ],
        [
          -121.3452039,
          48.3219552
        ],
        [
          -121.3366512,
          48.3208058
        ],
        [
          -121.3238455,
          48.3218891
        ],
        [
          -121.3238212,
          48.3206391
        ],
        [
          -121.3251753,
          48.3191201
        ],
        [
          -121.3253394,
          48.3182312
        ],
        [
          -121.3232511,
          48.3151779
        ],
        [
          -121.3227643,
          48.31112
        ],
        [
          -121.3241459,
          48.3103465
        ],
        [
          -121.3266516,
          48.3080988
        ],
        [
          -121.330094,
          48.3028782
        ],
        [
          -121.3301852,
          48.3012713
        ],
        [
          -121.3315316,
          48.2998673
        ],
        [
          -121.3344047,
          48.2983005
        ],
        [
          -121.3358829,
          48.2952785
        ],
        [
          -121.3396303,
          48.2936776
        ],
        [
          -121.3442858,
          48.292958
        ],
        [
          -121.3302718,
          48.2703505
        ],
        [
          -121.2970093,
          48.2742806
        ],
        [
          -121.2937988,
          48.2752995
        ],
        [
          -121.2910939,
          48.2754584
        ],
        [
          -121.2879638,
          48.2776886
        ],
        [
          -121.2838748,
          48.2783242
        ],
        [
          -121.2820767,
          48.2793346
        ],
        [
          -121.2806625,
          48.2787122
        ],
        [
          -121.278312,
          48.2785597
        ],
        [
          -121.2746584,
          48.2792206
        ],
        [
          -121.2724658,
          48.2802296
        ],
        [
          -121.2659851,
          48.2802761
        ],
        [
          -121.2587293,
          48.2814298
        ],
        [
          -121.2575877,
          48.281456
        ],
        [
          -121.2537113,
          48.2805409
        ],
        [
          -121.2516805,
          48.280817
        ],
        [
          -121.2495569,
          48.2792675
        ],
        [
          -121.2481125,
          48.278911
        ],
        [
          -121.228549,
          48.2700489
        ],
        [
          -121.2263776,
          48.2685486
        ],
        [
          -121.2243335,
          48.2680897
        ],
        [
          -121.2224762,
          48.2662976
        ],
        [
          -121.2235038,
          48.2653593
        ],
        [
          -121.2256917,
          48.2642114
        ],
        [
          -121.2264809,
          48.2632794
        ],
        [
          -121.2226549,
          48.2633144
        ],
        [
          -121.2226791,
          48.2627276
        ],
        [
          -121.2218232,
          48.2619273
        ],
        [
          -121.2185308,
          48.2603102
        ],
        [
          -121.2167238,
          48.260223
        ],
        [
          -121.2111071,
          48.259041
        ],
        [
          -121.2062478,
          48.2586513
        ],
        [
          -121.2012814,
          48.2570583
        ],
        [
          -121.1924551,
          48.2511267
        ],
        [
          -121.1865241,
          48.2530982
        ],
        [
          -121.1865475,
          48.2420651
        ],
        [
          -121.1925513,
          48.2420004
        ],
        [
          -121.2147675,
          48.2295178
        ],
        [
          -121.2153232,
          48.2286497
        ],
        [
          -121.2193572,
          48.227142
        ],
        [
          -121.2219264,
          48.226722
        ],
        [
          -121.22300620410427,
          48.22578757164641
        ],
        [
          -121.28340248250093,
          48.24168530849268
        ],
        [
          -121.39756875266954,
          48.29878037303565
        ],
        [
          -121.4015372351705,
          48.300583143674245
        ],
        [
          -121.40573089919509,
          48.302144273715946
        ],
        [
          -121.41011658436516,
          48.30345141180996
        ],
        [
          -121.41465960244825,
          48.30449421527249
        ],
        [
          -121.41932401298045,
          48.305264432392896
        ],
        [
          -121.56942349884385,
          48.32527821004903
        ],
        [
          -121.57467502835758,
          48.32579798645643
        ],
        [
          -121.5799779476078,
          48.32597276866427
        ],
        [
          -121.58528107939307,
          48.32580086993929
        ],
        [
          -121.59053324446455,
          48.325283949300285
        ],
        [
          -121.59568375854094,
          48.32442699540426
        ],
        [
          -121.60068292439674,
          48.32323827810088
        ],
        [
          -121.60548251413141,
          48.3217292681373
        ],
        [
          -121.61003623683372,
          48.319914525811676
        ],
        [
          -121.61430018701371,
          48.31781155968178
        ],
        [
          -121.61823326938233,
          48.31544065673085
        ],
        [
          -121.62179759581362,
          48.31282468567293
        ],
        [
          -121.62495885062057,
          48.309988875343365
        ],
        [
          -121.62768662061251,
          48.30696057036113
        ],
        [
          -121.62995468677238,
          48.30376896646954
        ],
        [
          -121.63174127479277,
          48.300444828153985
        ],
        [
          -121.63302926213436,
          48.29702019130352
        ],
        [
          -121.63380633971495,
          48.29352805381995
        ],
        [
          -121.63406512679664,
          48.290002057187635
        ],
        [
          -121.63380323810532,
          48.286476162094665
        ],
        [
          -121.63302330268915,
          48.282984321244896
        ],
        [
          -121.63173293449222,
          48.27956015251581
        ],
        [
          -121.629944655085,
          48.27623661560459
        ],
        [
          -121.62767576944616,
          48.27304569526083
        ],
        [
          -121.62494819613144,
          48.2700180941306
        ],
        [
          -121.62178825358592,
          48.26718293813719
        ],
        [
          -121.61822640475668,
          48.264567497193916
        ],
        [
          -121.6142969625385,
          48.26219692389284
        ],
        [
          -121.61003775893356,
          48.26009401263528
        ],
        [
          -121.60548978112567,
          48.258278981471705
        ],
        [
          -121.60069677795686,
          48.256769278699785
        ],
        [
          -121.59570484055007,
          48.25557941603317
        ],
        [
          -121.5905619610412,
          48.25472082990146
        ],
        [
          -121.45262587206008,
          48.236337551689886
        ],
        [
          -121.3424242354121,
          48.18124424680036
        ],
        [
          -121.33841553807515,
          48.17941813934234
        ],
        [
          -121.33417713841104,
          48.177839568807684
        ],
        [
          -121.32974331632612,
          48.176521295281844
        ],
        [
          -121.26249516880168,
          48.158826230357846
        ],
        [
          -121.2625374,
          48.1586225
        ],
        [
          -121.26222055063985,
          48.158753969836454
        ],
        [
          -121.25932615812356,
          48.15799236575698
        ],
        [
          -121.2594433,
          48.1451819
        ],
        [
          -121.2597979,
          48.1449612
        ],
        [
          -121.2617384,
          48.1458121
        ],
        [
          -121.2637802,
          48.1455413
        ],
        [
          -121.2714397,
          48.1469132
        ],
        [
          -121.2722977,
          48.146655
        ],
        [
          -121.2734699,
          48.1471933
        ],
        [
          -121.2749786,
          48.1468558
        ],
        [
          -121.2819583,
          48.1468013
        ],
        [
          -121.2823736,
          48.1483925
        ],
        [
          -121.2834311,
          48.1493835
        ],
        [
          -121.2876162,
          48.1515246
        ],
        [
          -121.2909676,
          48.152468
        ],
        [
          -121.2924911,
          48.1524181
        ],
        [
          -121.2936637,
          48.1534277
        ],
        [
          -121.2951281,
          48.1536357
        ],
        [
          -121.2964217,
          48.1544309
        ],
        [
          -121.2993063,
          48.1553624
        ],
        [
          -121.3002644,
          48.1553036
        ],
        [
          -121.3045368,
          48.1565364
        ],
        [
          -121.3062238,
          48.1559893
        ],
        [
          -121.3058953,
          48.1572435
        ],
        [
          -121.3061239,
          48.1580458
        ],
        [
          -121.3101159,
          48.1603925
        ],
        [
          -121.3121889,
          48.1603591
        ],
        [
          -121.3170083,
          48.162173
        ],
        [
          -121.3223351,
          48.1626002
        ],
        [
          -121.3248432,
          48.1639163
        ],
        [
          -121.3300306,
          48.1651441
        ],
        [
          -121.3356532,
          48.1651773
        ],
        [
          -121.336757,
          48.1661621
        ],
        [
          -121.3430234,
          48.1682948
        ],
        [
          -121.3434418,
          48.1687425
        ],
        [
          -121.3576259,
          48.1687664
        ],
        [
          -121.3576331,
          48.165855
        ],
        [
          -121.3751776,
          48.1647895
        ],
        [
          -121.3944011,
          48.1576737
        ],
        [
          -121.3946174,
          48.1560908
        ],
        [
          -121.3944547,
          48.1554474
        ],
        [
          -121.39348,
          48.154361
        ],
        [
          -121.3937988,
          48.1535343
        ],
        [
          -121.3931759,
          48.1523832
        ],
        [
          -121.3934835,
          48.1512906
        ],
        [
          -121.3930752,
          48.1499218
        ],
        [
          -121.3917621,
          48.1485822
        ],
        [
          -121.3909681,
          48.1482707
        ],
        [
          -121.3889688,
          48.1478747
        ],
        [
          -121.3868063,
          48.1479235
        ],
        [
          -121.3844552,
          48.1471864
        ],
        [
          -121.3825583,
          48.1471653
        ],
        [
          -121.3797252,
          48.1438506
        ],
        [
          -121.3745048,
          48.1432859
        ],
        [
          -121.3735933,
          48.1419031
        ],
        [
          -121.3738296,
          48.1409945
        ],
        [
          -121.3734784,
          48.1395405
        ],
        [
          -121.3736151,
          48.138128
        ],
        [
          -121.3726949,
          48.137074
        ],
        [
          -121.3707705,
          48.1359564
        ],
        [
          -121.369517,
          48.1343502
        ],
        [
          -121.3671483,
          48.1330262
        ],
        [
          -121.3667442,
          48.1323618
        ],
        [
          -121.3674006,
          48.1312869
        ],
        [
          -121.3667849,
          48.1299656
        ],
        [
          -121.3655865,
          48.1293133
        ],
        [
          -121.3646773,
          48.1281194
        ],
        [
          -121.3648696,
          48.125717
        ],
        [
          -121.3636981,
          48.1228904
        ],
        [
          -121.3625802,
          48.1216893
        ],
        [
          -121.3624819,
          48.1196995
        ],
        [
          -121.36288,
          48.1185901
        ],
        [
          -121.3611915,
          48.1152313
        ],
        [
          -121.361094,
          48.1145026
        ],
        [
          -121.3586011,
          48.1121234
        ],
        [
          -121.3559394,
          48.1108251
        ],
        [
          -121.3545648,
          48.1105024
        ],
        [
          -121.3526495,
          48.1105576
        ],
        [
          -121.3515111,
          48.1109192
        ],
        [
          -121.3495719,
          48.1106181
        ],
        [
          -121.3485608,
          48.109803
        ],
        [
          -121.3481032,
          48.1086783
        ],
        [
          -121.347065,
          48.1084143
        ],
        [
          -121.3456483,
          48.1091937
        ],
        [
          -121.3437715,
          48.1094022
        ],
        [
          -121.3416114,
          48.1103521
        ],
        [
          -121.3389992,
          48.1103087
        ],
        [
          -121.3348503,
          48.1126079
        ],
        [
          -121.332615,
          48.1130233
        ],
        [
          -121.3311763,
          48.1140987
        ],
        [
          -121.3274192,
          48.1146386
        ],
        [
          -121.3248638,
          48.1145563
        ],
        [
          -121.3197536,
          48.1153018
        ],
        [
          -121.3190727,
          48.1164698
        ],
        [
          -121.3167803,
          48.1178009
        ],
        [
          -121.3100599,
          48.11716
        ],
        [
          -121.3102876,
          48.1156595
        ],
        [
          -121.3095346,
          48.1094779
        ],
        [
          -121.2795437,
          48.0883986
        ],
        [
          -121.2788344,
          48.08728
        ],
        [
          -121.2777134,
          48.0863467
        ],
        [
          -121.2774688,
          48.0850318
        ],
        [
          -121.2731324,
          48.0836476
        ],
        [
          -121.2717431,
          48.0814488
        ],
        [
          -121.269553,
          48.0798479
        ],
        [
          -121.2655302,
          48.0757783
        ],
        [
          -121.2674705,
          48.0744907
        ],
        [
          -121.2696797,
          48.07403
        ],
        [
          -121.2706199,
          48.0739524
        ],
        [
          -121.2737608,
          48.0748259
        ],
        [
          -121.2746051,
          48.0745458
        ],
        [
          -121.2776927,
          48.0715922
        ],
        [
          -121.2796943,
          48.0708032
        ],
        [
          -121.2813636,
          48.0708597
        ],
        [
          -121.2813404,
          48.0667805
        ],
        [
          -121.2829958,
          48.0666534
        ],
        [
          -121.28553249353726,
          48.06564612676213
        ],
        [
          -121.28672723045825,
          48.06552059480418
        ],
        [
          -121.287093,
          48.0655982
        ],
        [
          -121.2878685,
          48.06636
        ],
        [
          -121.2888177,
          48.0663919
        ],
        [
          -121.2891334745627,
          48.06526776882346
        ],
        [
          -121.33995368028475,
          48.05992804941263
        ],
        [
          -121.36545885199305,
          48.1007971864112
        ],
        [
          -121.36915811018179,
          48.10593644664153
        ],
        [
          -121.3736496690794,
          48.11078616460207
        ],
        [
          -121.37888350406931,
          48.11529209305596
        ],
        [
          -121.3848012422473,
          48.11940381655932
        ],
        [
          -121.39133681091384,
          48.12307531877485
        ],
        [
          -121.39841717484425,
          48.12626550080036
        ],
        [
          -121.49847497265512,
          48.16630151348671
        ],
        [
          -121.5054787674491,
          48.16879551463283
        ],
        [
          -121.51281596615279,
          48.170819191934214
        ],
        [
          -121.520415737355,
          48.172352999748476
        ],
        [
          -121.52820469103058,
          48.17338212232567
        ],
        [
          -121.53610759303984,
          48.17389661820377
        ],
        [
          -121.54404809824739,
          48.1738915171263
        ],
        [
          -121.55194949486894,
          48.173366868502455
        ],
        [
          -121.55973545252348,
          48.17232774092039
        ],
        [
          -121.5673307664279,
          48.17078417271857
        ],
        [
          -121.57466209021382,
          48.168751074115185
        ],
        [
          -121.58165864997804,
          48.16624808188459
        ],
        [
          -121.58825293239254,
          48.163299368047504
        ],
        [
          -121.59438133999521,
          48.159933404502674
        ],
        [
          -121.59998480715436,
          48.15618268596651
        ],
        [
          -121.60500937064157,
          48.15208341399999
        ],
        [
          -121.60940668925278,
          48.147675145282875
        ],
        [
          -121.6131345074784,
          48.14300040764169
        ],
        [
          -121.61615705883274,
          48.13810428764606
        ],
        [
          -121.61844540510015,
          48.13303399385385
        ],
        [
          -121.61997770843433,
          48.12783840000946
        ],
        [
          -121.62073943394662,
          48.12256757267689
        ],
        [
          -121.62072348113149,
          48.117272287920876
        ],
        [
          -121.61993024319396,
          48.11200354173447
        ],
        [
          -121.61836759405669,
          48.106812058948826
        ],
        [
          -121.61605080352538,
          48.10174780535271
        ],
        [
          -121.61300238177455,
          48.09685950769536
        ],
        [
          -121.60925185497463,
          48.092194186148575
        ],
        [
          -121.60483547451037,
          48.087796703663514
        ],
        [
          -121.59979586283443,
          48.08370933647801
        ],
        [
          -121.59418159955726,
          48.07997136981214
        ],
        [
          -121.58804675188792,
          48.076618722536516
        ],
        [
          -121.58145035401044,
          48.07368360431313
        ],
        [
          -121.50423446467558,
          48.04282023421325
        ],
        [
          -121.4643855917242,
          47.97918704122023
        ],
        [
          -121.46109087616456,
          47.97455075699186
        ],
        [
          -121.45715349863247,
          47.970144958043484
        ],
        [
          -121.45260920789079,
          47.96600946772411
        ],
        [
          -121.44749920931633,
          47.962181656872204
        ],
        [
          -121.4418697895624,
          47.958696107984295
        ],
        [
          -121.43577189666966,
          47.955584304726756
        ],
        [
          -121.42926067945567,
          47.95287434950811
        ],
        [
          -121.42239499032773,
          47.950590711575025
        ],
        [
          -121.41523685594419,
          47.94875400782264
        ],
        [
          -121.4078509203899,
          47.947380818219465
        ],
        [
          -121.40030386573788,
          47.94648353744354
        ],
        [
          -121.39266381503312,
          47.946070264011006
        ],
        [
          -121.38499972286498,
          47.946144727852506
        ],
        [
          -121.37738075878272,
          47.946706256961406
        ],
        [
          -121.1875720923021,
          47.9666856078867
        ],
        [
          -121.1798695283107,
          47.96774949870851
        ],
        [
          -121.17235810405057,
          47.96931052876444
        ],
        [
          -121.16510916439974,
          47.97135387528799
        ],
        [
          -121.15819158361529,
          47.973860133676695
        ],
        [
          -121.15167111558584,
          47.97680550018283
        ],
        [
          -121.13839136756552,
          47.98344227029602
        ],
        [
          -121.1364896,
          47.9825386
        ],
        [
          -121.1356144,
          47.9828805
        ],
        [
          -121.1352335,
          47.9840334
        ],
        [
          -121.1348668,
          47.9841888
        ],
        [
          -121.13500816579013,
          47.985133080422486
        ],
        [
          -121.13426736821968,
          47.98550330605989
        ],
        [
          -121.1340925,
          47.985503
        ],
        [
          -121.1313844,
          47.9864981
        ],
        [
          -121.1300307,
          47.9875486
        ],
        [
          -121.1290748,
          47.9869789
        ],
        [
          -121.1267662,
          47.9863536
        ],
        [
          -121.1137626,
          47.9846435
        ],
        [
          -121.1093054,
          47.9843537
        ],
        [
          -121.1063064,
          47.9818919
        ],
        [
          -121.1050212,
          47.9817513
        ],
        [
          -121.1048816,
          47.9807034
        ],
        [
          -121.1031891,
          47.9789278
        ],
        [
          -121.1013507,
          47.9781634
        ],
        [
          -121.0993955,
          47.9778092
        ],
        [
          -121.0937371,
          47.9772962
        ],
        [
          -121.0894741,
          47.9750822
        ],
        [
          -121.0884118,
          47.9734812
        ],
        [
          -121.0868361,
          47.9725475
        ],
        [
          -121.086113,
          47.9711066
        ],
        [
          -121.0834653,
          47.968842
        ],
        [
          -121.0776344,
          47.9650701
        ],
        [
          -121.0758979,
          47.9645834
        ],
        [
          -121.074042,
          47.963517
        ],
        [
          -121.0738408,
          47.9610407
        ],
        [
          -121.0725414,
          47.9586218
        ],
        [
          -121.0730862,
          47.9561241
        ],
        [
          -121.0725474,
          47.95345
        ],
        [
          -121.0727553,
          47.9526123
        ],
        [
          -121.0724154,
          47.9509277
        ],
        [
          -121.072704,
          47.9497682
        ],
        [
          -121.0725037,
          47.9488182
        ],
        [
          -121.0717266,
          47.9477991
        ],
        [
          -121.070463,
          47.9469269
        ],
        [
          -121.0689788,
          47.9461796
        ],
        [
          -121.0661074,
          47.9454378
        ],
        [
          -121.0641738,
          47.9440223
        ],
        [
          -121.0625919,
          47.941467
        ],
        [
          -121.0599915,
          47.9386258
        ],
        [
          -121.0617294,
          47.9358182
        ],
        [
          -121.0616195,
          47.934037
        ],
        [
          -121.0607296,
          47.9322675
        ],
        [
          -121.0608449,
          47.9303666
        ],
        [
          -121.0621822,
          47.928427
        ],
        [
          -121.0617466,
          47.9259188
        ],
        [
          -121.0622388,
          47.9243847
        ],
        [
          -121.062113,
          47.9212835
        ],
        [
          -121.0611846,
          47.9195121
        ],
        [
          -121.0624728,
          47.917375
        ],
        [
          -121.0620539,
          47.9156528
        ],
        [
          -121.0601599,
          47.9136682
        ],
        [
          -121.0585533,
          47.9128388
        ],
        [
          -121.0569295,
          47.9124993
        ],
        [
          -121.0559648,
          47.910384
        ],
        [
          -121.0554159,
          47.9098841
        ],
        [
          -121.0470515,
          47.9056363
        ],
        [
          -121.0438806,
          47.9035
        ],
        [
          -121.0378414,
          47.9009467
        ],
        [
          -121.0332659,
          47.9001008
        ],
        [
          -121.0293887,
          47.9002388
        ],
        [
          -121.0272928,
          47.8994289
        ],
        [
          -121.0244191,
          47.8974585
        ],
        [
          -121.023342,
          47.8971745
        ],
        [
          -121.0207694,
          47.8973372
        ],
        [
          -121.0173582,
          47.8970579
        ],
        [
          -121.016194,
          47.8977847
        ],
        [
          -121.0081419,
          47.8952114
        ],
        [
          -121.00688473622816,
          47.8942599026669
        ],
        [
          -121.00597426207284,
          47.88871902519135
        ],
        [
          -121.0038453896591,
          47.88190481334045
        ],
        [
          -121.00074508694846,
          47.87526042881723
        ],
        [
          -120.99670271734934,
          47.868848015111155
        ],
        [
          -120.99175641558517,
          47.86272752355685
        ],
        [
          -120.98595272018447,
          47.856956155559
        ],
        [
          -120.97934612955798,
          47.851587831169994
        ],
        [
          -120.97273659403898,
          47.84716644285605
        ],
        [
          -121.08384625072162,
          47.82598465366254
        ],
        [
          -121.15976552580615,
          47.84667925657285
        ],
        [
          -121.1696974937548,
          47.84900783455646
        ],
        [
          -121.17992245311729,
          47.850670984380024
        ],
        [
          -121.1903415581635,
          47.85165262451562
        ],
        [
          -121.2008540630137,
          47.8519432625388
        ],
        [
          -121.21135830749103,
          47.85154008804238
        ],
        [
          -121.22175271235511,
          47.850447000143234
        ],
        [
          -121.23193677370239,
          47.84867456930041
        ],
        [
          -121.24181204632858,
          47.84623993383611
        ],
        [
          -121.25128310598275,
          47.84316663222248
        ],
        [
          -121.26025848069506,
          47.839484372852326
        ],
        [
          -121.26865154173142,
          47.83522874364931
        ],
        [
          -121.27638134520745,
          47.83044086448061
        ],
        [
          -121.28337341597567,
          47.82516698590816
        ],
        [
          -121.28956046607159,
          47.819458038346085
        ],
        [
          -121.29488304075859,
          47.81336913617627
        ],
        [
          -121.29929008603175,
          47.806959041806216
        ],
        [
          -121.30273943231771,
          47.80028959502955
        ],
        [
          -121.30519819002645,
          47.79342511336635
        ],
        [
          -121.30664305355906,
          47.786431769315776
        ],
        [
          -121.30706051133963,
          47.7793769506453
        ],
        [
          -121.30644696040719,
          47.77232860996933
        ],
        [
          -121.30480872506415,
          47.765354609934676
        ],
        [
          -121.30216198001924,
          47.75852207033209
        ],
        [
          -121.2985325793766,
          47.75189672339408
        ],
        [
          -121.29395579370028,
          47.745542283420605
        ],
        [
          -121.28847595821692,
          47.739519836700076
        ],
        [
          -121.28214603600368,
          47.73388725746406
        ],
        [
          -121.27502710073934,
          47.72869865533734
        ],
        [
          -121.26718774426787,
          47.72400385941937
        ],
        [
          -121.25870341483765,
          47.71984794376746
        ],
        [
          -121.2496556924283,
          47.71627079864664
        ],
        [
          -121.24013150806577,
          47.71330675147168
        ],
        [
          -121.19530570697924,
          47.70108409477435
        ],
        [
          -121.1949623,
          47.6930518
        ],
        [
          -121.1920955,
          47.6930528
        ],
        [
          -121.1900014,
          47.6902658
        ],
        [
          -121.190252,
          47.6877292
        ],
        [
          -121.1909263,
          47.6859999
        ],
        [
          -121.1927119,
          47.6847277
        ],
        [
          -121.1894799,
          47.6840773
        ],
        [
          -121.1868825,
          47.6830134
        ],
        [
          -121.1856328,
          47.6819262
        ],
        [
          -121.1846666,
          47.6795084
        ],
        [
          -121.1850583,
          47.6756171
        ],
        [
          -121.1842463,
          47.6749809
        ],
        [
          -121.1841065,
          47.6735229
        ],
        [
          -121.1843595,
          47.6725132
        ],
        [
          -121.1838563,
          47.6713277
        ],
        [
          -121.1853871,
          47.6712025
        ],
        [
          -121.1845409,
          47.669966
        ],
        [
          -121.1842021,
          47.6684574
        ],
        [
          -121.1828036,
          47.6671769
        ],
        [
          -121.1824707,
          47.6662432
        ],
        [
          -121.1791888,
          47.6658179
        ],
        [
          -121.1798511,
          47.6643695
        ],
        [
          -121.1794745,
          47.6633797
        ],
        [
          -121.1801411,
          47.6599666
        ],
        [
          -121.1845907,
          47.6517215
        ],
        [
          -121.1847764,
          47.6458364
        ],
        [
          -121.1861501,
          47.6424396
        ],
        [
          -121.1948737,
          47.6424337
        ],
        [
          -121.1948848,
          47.6568922
        ],
        [
          -121.1955809,
          47.6572329
        ],
        [
          -121.1985082,
          47.6601928
        ],
        [
          -121.1994626,
          47.6595674
        ],
        [
          -121.2071959,
          47.6581096
        ],
        [
          -121.2187242,
          47.6608083
        ],
        [
          -121.2219595,
          47.663603
        ],
        [
          -121.2243559,
          47.6668878
        ],
        [
          -121.2342599,
          47.6691922
        ],
        [
          -121.2362891,
          47.6707845
        ],
        [
          -121.2365982,
          47.6718473
        ],
        [
          -121.23642,
          47.6725413
        ],
        [
          -121.2393159,
          47.6733133
        ],
        [
          -121.2495357,
          47.6712955
        ],
        [
          -121.2523357,
          47.671214
        ],
        [
          -121.2541395,
          47.6716365
        ],
        [
          -121.2563373,
          47.6711773
        ],
        [
          -121.2590068,
          47.6715291
        ],
        [
          -121.2589736,
          47.6570691
        ],
        [
          -121.2727028,
          47.6477333
        ],
        [
          -121.2783217,
          47.6401587
        ],
        [
          -121.2816766,
          47.6378509
        ],
        [
          -121.2800762,
          47.6361657
        ],
        [
          -121.279747,
          47.6351472
        ],
        [
          -121.2800721,
          47.6337971
        ],
        [
          -121.2827146,
          47.6340608
        ],
        [
          -121.2847366,
          47.6338281
        ],
        [
          -121.2904224,
          47.6310036
        ],
        [
          -121.2926043,
          47.6319324
        ],
        [
          -121.2946796,
          47.6336209
        ],
        [
          -121.295734,
          47.6349682
        ],
        [
          -121.2973791,
          47.6361541
        ],
        [
          -121.2981452,
          47.6360934
        ],
        [
          -121.3000752,
          47.6346736
        ],
        [
          -121.3027661,
          47.6335222
        ],
        [
          -121.3077167,
          47.6351246
        ],
        [
          -121.3058747,
          47.6372953
        ],
        [
          -121.3051825,
          47.6387978
        ],
        [
          -121.308404,
          47.6419836
        ],
        [
          -121.3126246,
          47.6426404
        ],
        [
          -121.3176287,
          47.6441928
        ],
        [
          -121.3206781,
          47.6440729
        ],
        [
          -121.3222684,
          47.6432162
        ],
        [
          -121.3229342,
          47.6432601
        ],
        [
          -121.3228412,
          47.6635365
        ],
        [
          -121.324691,
          47.6634654
        ],
        [
          -121.3291564,
          47.6623385
        ],
        [
          -121.3331751,
          47.6633052
        ],
        [
          -121.3389699,
          47.6636881
        ],
        [
          -121.3455924,
          47.6628142
        ],
        [
          -121.3559836,
          47.6602393
        ],
        [
          -121.3570075,
          47.660369
        ],
        [
          -121.3588764,
          47.6613884
        ],
        [
          -121.3638411,
          47.6607622
        ],
        [
          -121.3634061,
          47.6559091
        ],
        [
          -121.3627472,
          47.6549663
        ],
        [
          -121.3619595,
          47.6525164
        ],
        [
          -121.3592875,
          47.6502972
        ],
        [
          -121.363124,
          47.6485412
        ],
        [
          -121.3657971,
          47.6453267
        ],
        [
          -121.3654498,
          47.6438945
        ],
        [
          -121.3656672,
          47.6425475
        ],
        [
          -121.3645876,
          47.6416972
        ],
        [
          -121.3668159,
          47.6402474
        ],
        [
          -121.3667607,
          47.6364535
        ],
        [
          -121.3681009,
          47.6346433
        ],
        [
          -121.3673673,
          47.6335145
        ],
        [
          -121.3689795,
          47.6329285
        ],
        [
          -121.3699357,
          47.6312653
        ],
        [
          -121.3701779,
          47.6295727
        ],
        [
          -121.3737709,
          47.6283851
        ],
        [
          -121.3742061,
          47.6265599
        ],
        [
          -121.3761396,
          47.6237516
        ],
        [
          -121.3758556,
          47.6221903
        ],
        [
          -121.3780506,
          47.6215329
        ],
        [
          -121.3787303,
          47.6210005
        ],
        [
          -121.3800102,
          47.6177841
        ],
        [
          -121.3811026,
          47.6167974
        ],
        [
          -121.3809414,
          47.6161183
        ],
        [
          -121.381957,
          47.6159159
        ],
        [
          -121.3831188,
          47.6145944
        ],
        [
          -121.3828126,
          47.6120819
        ],
        [
          -121.3837557,
          47.6100323
        ],
        [
          -121.3819096,
          47.6079659
        ],
        [
          -121.3809431,
          47.6074276
        ],
        [
          -121.380938,
          47.6057937
        ],
        [
          -121.3839215,
          47.6057849
        ],
        [
          -121.3867911,
          47.6068867
        ],
        [
          -121.3918061,
          47.6099492
        ],
        [
          -121.3914253,
          47.6107324
        ],
        [
          -121.3894845,
          47.6119646
        ],
        [
          -121.3899891,
          47.6125241
        ],
        [
          -121.3902122,
          47.6136772
        ],
        [
          -121.3910797,
          47.6147997
        ],
        [
          -121.3909648,
          47.6169277
        ],
        [
          -121.3892105,
          47.6185784
        ],
        [
          -121.3891116,
          47.6191821
        ],
        [
          -121.3896815,
          47.6205199
        ],
        [
          -121.389495,
          47.6210983
        ],
        [
          -121.3871747,
          47.6219604
        ],
        [
          -121.3858749,
          47.6232854
        ],
        [
          -121.38571,
          47.6241689
        ],
        [
          -121.3841588,
          47.6251141
        ],
        [
          -121.3837468,
          47.6260427
        ],
        [
          -121.3837781,
          47.6274681
        ],
        [
          -121.3826486,
          47.6284249
        ],
        [
          -121.3808154,
          47.6284035
        ],
        [
          -121.3799635,
          47.6295371
        ],
        [
          -121.3782581,
          47.630502
        ],
        [
          -121.3787606,
          47.6320103
        ],
        [
          -121.3778725,
          47.6343338
        ],
        [
          -121.3778057,
          47.6360996
        ],
        [
          -121.377115,
          47.6379206
        ],
        [
          -121.3772256,
          47.6391866
        ],
        [
          -121.3758442,
          47.6416797
        ],
        [
          -121.3749699,
          47.6426406
        ],
        [
          -121.3750059,
          47.6460948
        ],
        [
          -121.3744647,
          47.647109
        ],
        [
          -121.378362,
          47.6473618
        ],
        [
          -121.3790487,
          47.6482495
        ],
        [
          -121.3809289,
          47.6495674
        ],
        [
          -121.3806631,
          47.6501416
        ],
        [
          -121.3808804,
          47.6511357
        ],
        [
          -121.3819506,
          47.6518105
        ],
        [
          -121.3819358,
          47.6527043
        ],
        [
          -121.3837951,
          47.656262
        ],
        [
          -121.3850292,
          47.6567029
        ],
        [
          -121.3855533,
          47.6586606
        ],
        [
          -121.3869105,
          47.6592187
        ],
        [
          -121.3894469,
          47.6615284
        ],
        [
          -121.3921097,
          47.6630972
        ],
        [
          -121.3984893,
          47.662745
        ],
        [
          -121.39982,
          47.661587
        ],
        [
          -121.4009492,
          47.6613045
        ],
        [
          -121.4041467,
          47.6594517
        ],
        [
          -121.4063695,
          47.6586345
        ],
        [
          -121.4067594,
          47.6582953
        ],
        [
          -121.4067782,
          47.6577908
        ],
        [
          -121.4084244,
          47.6576702
        ],
        [
          -121.4108017,
          47.6568877
        ],
        [
          -121.4148196,
          47.6547974
        ],
        [
          -121.4149976,
          47.6543771
        ],
        [
          -121.4165001,
          47.654131
        ],
        [
          -121.4187832,
          47.6529349
        ],
        [
          -121.4231149,
          47.650289
        ],
        [
          -121.4251448,
          47.6504128
        ],
        [
          -121.4264583,
          47.6489008
        ],
        [
          -121.4304193,
          47.6483153
        ],
        [
          -121.4326755,
          47.6469492
        ],
        [
          -121.4344197,
          47.6465644
        ],
        [
          -121.4355402,
          47.6455853
        ],
        [
          -121.4392609,
          47.6439015
        ],
        [
          -121.440607,
          47.6417642
        ],
        [
          -121.4428167,
          47.639932
        ],
        [
          -121.4435391,
          47.6382366
        ],
        [
          -121.4434871,
          47.6372554
        ],
        [
          -121.4439262,
          47.6359618
        ],
        [
          -121.4450284,
          47.6345029
        ],
        [
          -121.4458062,
          47.6344164
        ],
        [
          -121.4469094,
          47.6351014
        ],
        [
          -121.4482083,
          47.6351821
        ],
        [
          -121.4473012,
          47.6380573
        ],
        [
          -121.4462714,
          47.6391321
        ],
        [
          -121.446434,
          47.6405403
        ],
        [
          -121.4458754,
          47.6409847
        ],
        [
          -121.4456295,
          47.6421512
        ],
        [
          -121.4442592,
          47.6439461
        ],
        [
          -121.4441802,
          47.64481
        ],
        [
          -121.4417536,
          47.6471862
        ],
        [
          -121.4404637,
          47.6489339
        ],
        [
          -121.4405598,
          47.6509128
        ],
        [
          -121.4391159,
          47.6512989
        ],
        [
          -121.4364566,
          47.651132
        ],
        [
          -121.43535,
          47.6519219
        ],
        [
          -121.430368,
          47.6537274
        ],
        [
          -121.4285763,
          47.6549321
        ],
        [
          -121.4239968,
          47.6568448
        ],
        [
          -121.4206547,
          47.6587701
        ],
        [
          -121.4194831,
          47.6599523
        ],
        [
          -121.4167977,
          47.6607639
        ],
        [
          -121.4163678,
          47.6615035
        ],
        [
          -121.415566,
          47.6612966
        ],
        [
          -121.414305,
          47.6617498
        ],
        [
          -121.4133904,
          47.6627058
        ],
        [
          -121.4120977,
          47.6621394
        ],
        [
          -121.4087542,
          47.6636368
        ],
        [
          -121.408762,
          47.691811
        ],
        [
          -121.4288508,
          47.6918364
        ],
        [
          -121.4283581,
          47.6911616
        ],
        [
          -121.432978,
          47.6893432
        ],
        [
          -121.4342772,
          47.6907999
        ],
        [
          -121.4369262,
          47.689854
        ],
        [
          -121.4384798,
          47.6918136
        ],
        [
          -121.5022576,
          47.6918053
        ],
        [
          -121.5022775,
          47.6649876
        ],
        [
          -121.5041224,
          47.6656303
        ],
        [
          -121.5110753,
          47.6702804
        ],
        [
          -121.5171011,
          47.6731059
        ],
        [
          -121.519709,
          47.6740103
        ],
        [
          -121.5250094,
          47.6751567
        ],
        [
          -121.5289053,
          47.6755291
        ],
        [
          -121.5299979,
          47.6741313
        ],
        [
          -121.5316266,
          47.6731814
        ],
        [
          -121.5325375,
          47.6712181
        ],
        [
          -121.5336078,
          47.6698274
        ],
        [
          -121.5363871,
          47.6677434
        ],
        [
          -121.5355072,
          47.6662538
        ],
        [
          -121.5335513,
          47.6647948
        ],
        [
          -121.5288884,
          47.6632419
        ],
        [
          -121.5293128,
          47.6614132
        ],
        [
          -121.5299499,
          47.6606025
        ],
        [
          -121.5313356,
          47.6596939
        ],
        [
          -121.5334847,
          47.6589432
        ],
        [
          -121.5354173,
          47.6573477
        ],
        [
          -121.5360982,
          47.6563142
        ],
        [
          -121.5353103,
          47.653725
        ],
        [
          -121.5349537,
          47.6505848
        ],
        [
          -121.5352412,
          47.6492479
        ],
        [
          -121.5371432,
          47.6464908
        ],
        [
          -121.5344391,
          47.6458525
        ],
        [
          -121.5307395,
          47.6458862
        ],
        [
          -121.5285507,
          47.6445206
        ],
        [
          -121.5264733,
          47.6438946
        ],
        [
          -121.5219549,
          47.6418302
        ],
        [
          -121.5189217,
          47.6397842
        ],
        [
          -121.5149082,
          47.6390434
        ],
        [
          -121.5160926,
          47.6371803
        ],
        [
          -121.5121167,
          47.6368203
        ],
        [
          -121.5104298,
          47.6371758
        ],
        [
          -121.5090609,
          47.6367206
        ],
        [
          -121.5086976,
          47.6356125
        ],
        [
          -121.507515,
          47.6338759
        ],
        [
          -121.5042559,
          47.6318391
        ],
        [
          -121.5028545,
          47.6301064
        ],
        [
          -121.4994025,
          47.6281583
        ],
        [
          -121.494721,
          47.6261377
        ],
        [
          -121.4918424,
          47.6258719
        ],
        [
          -121.4902565,
          47.6252039
        ],
        [
          -121.4880761,
          47.6249863
        ],
        [
          -121.4859756,
          47.6243458
        ],
        [
          -121.4847808,
          47.6235027
        ],
        [
          -121.4827063,
          47.6226593
        ],
        [
          -121.4784627,
          47.6192291
        ],
        [
          -121.47683,
          47.6167271
        ],
        [
          -121.4753931,
          47.6156057
        ],
        [
          -121.4744342,
          47.6141307
        ],
        [
          -121.4880986,
          47.6142119
        ],
        [
          -121.4895262,
          47.6155443
        ],
        [
          -121.4923091,
          47.6169346
        ],
        [
          -121.4980212,
          47.6187794
        ],
        [
          -121.502111,
          47.6196026
        ],
        [
          -121.5072593,
          47.6197969
        ],
        [
          -121.5106271,
          47.6205719
        ],
        [
          -121.5128946,
          47.6221786
        ],
        [
          -121.5146047,
          47.624559
        ],
        [
          -121.5151235,
          47.6257813
        ],
        [
          -121.518119,
          47.6284336
        ],
        [
          -121.523813,
          47.6317657
        ],
        [
          -121.5251927,
          47.6321164
        ],
        [
          -121.5255478,
          47.6325941
        ],
        [
          -121.5292522,
          47.6347975
        ],
        [
          -121.5335771,
          47.6363774
        ],
        [
          -121.5349246,
          47.6361389
        ],
        [
          -121.5410877,
          47.6380307
        ],
        [
          -121.5427177,
          47.6376806
        ],
        [
          -121.5450637,
          47.6357112
        ],
        [
          -121.5462709,
          47.6353006
        ],
        [
          -121.547693,
          47.6369558
        ],
        [
          -121.5485909,
          47.6373531
        ],
        [
          -121.5495502,
          47.6371936
        ],
        [
          -121.5509029,
          47.6387998
        ],
        [
          -121.5519247,
          47.639073
        ],
        [
          -121.5522738,
          47.6396712
        ],
        [
          -121.5530606,
          47.6396552
        ],
        [
          -121.5532393,
          47.6408439
        ],
        [
          -121.5558669,
          47.6430918
        ],
        [
          -121.5704559,
          47.6430821
        ],
        [
          -121.5707271,
          47.6446671
        ],
        [
          -121.5712709,
          47.6457277
        ],
        [
          -121.5720706,
          47.6464604
        ],
        [
          -121.5739526,
          47.6470193
        ],
        [
          -121.5757055,
          47.6488795
        ],
        [
          -121.5792059,
          47.6507957
        ],
        [
          -121.5825228,
          47.651673
        ],
        [
          -121.5834926,
          47.6526826
        ],
        [
          -121.5863398,
          47.6541206
        ],
        [
          -121.5864075,
          47.6431128
        ],
        [
          -121.6128974,
          47.6432028
        ],
        [
          -121.6129385,
          47.6359769
        ],
        [
          -121.6181943,
          47.6360037
        ],
        [
          -121.6181849,
          47.6324005
        ],
        [
          -121.6287332,
          47.6323597
        ],
        [
          -121.628696,
          47.6287383
        ],
        [
          -121.6450897,
          47.6287316
        ],
        [
          -121.6457019,
          47.6142938
        ],
        [
          -121.6304809,
          47.614209
        ],
        [
          -121.6305961,
          47.6002945
        ],
        [
          -121.6197964,
          47.600241
        ],
        [
          -121.6196606,
          47.5953224
        ],
        [
          -121.6142004,
          47.5952961
        ],
        [
          -121.6141429,
          47.587967
        ],
        [
          -121.6088274,
          47.5879328
        ],
        [
          -121.60878,
          47.584264
        ],
        [
          -121.5979346,
          47.5841849
        ],
        [
          -121.5979364,
          47.5862466
        ],
        [
          -121.5898588,
          47.5858978
        ],
        [
          -121.5855521,
          47.586535
        ],
        [
          -121.5825386,
          47.5863603
        ],
        [
          -121.578148,
          47.5879355
        ],
        [
          -121.5762912,
          47.588167
        ],
        [
          -121.5756034,
          47.5879741
        ],
        [
          -121.5744347,
          47.5861476
        ],
        [
          -121.5735757,
          47.585594
        ],
        [
          -121.5714182,
          47.585194
        ],
        [
          -121.5666214,
          47.5849921
        ],
        [
          -121.5641436,
          47.5865982
        ],
        [
          -121.5588904,
          47.5888417
        ],
        [
          -121.5559317,
          47.5908646
        ],
        [
          -121.5522853,
          47.588604
        ],
        [
          -121.5495026,
          47.5878321
        ],
        [
          -121.5457094,
          47.5878259
        ],
        [
          -121.540742,
          47.588811
        ],
        [
          -121.5393908,
          47.5877858
        ],
        [
          -121.5374362,
          47.5871017
        ],
        [
          -121.5365528,
          47.5861914
        ],
        [
          -121.5326957,
          47.5847486
        ],
        [
          -121.524771,
          47.5860939
        ],
        [
          -121.5214207,
          47.585873
        ],
        [
          -121.5170384,
          47.5872978
        ],
        [
          -121.5124997,
          47.5876184
        ],
        [
          -121.5087121,
          47.5886773
        ],
        [
          -121.5061407,
          47.5888296
        ],
        [
          -121.5009186,
          47.5899105
        ],
        [
          -121.4981832,
          47.5911794
        ],
        [
          -121.493449,
          47.5923995
        ],
        [
          -121.4718665,
          47.5925665
        ],
        [
          -121.4718743,
          47.5899017
        ],
        [
          -121.470625,
          47.589481
        ],
        [
          -121.4695227,
          47.5894872
        ],
        [
          -121.4675613,
          47.5901397
        ],
        [
          -121.4622123,
          47.5891633
        ],
        [
          -121.4557537,
          47.5889026
        ],
        [
          -121.4511395,
          47.5897146
        ],
        [
          -121.4514182,
          47.5886137
        ],
        [
          -121.4504354,
          47.5863875
        ],
        [
          -121.4493336,
          47.5860672
        ],
        [
          -121.44921596349415,
          47.58592555098559
        ],
        [
          -121.451812893999,
          47.585952001274215
        ],
        [
          -121.45702873733983,
          47.58565882954127
        ],
        [
          -121.46217675232035,
          47.585022012567954
        ],
        [
          -121.46720726399138,
          47.58404769561008
        ],
        [
          -121.48194434461375,
          47.58064694127988
        ],
        [
          -121.4860458,
          47.580533
        ],
        [
          -121.4882663,
          47.5799007
        ],
        [
          -121.48961904030399,
          47.57887591516756
        ],
        [
          -121.59263404419102,
          47.55510399388129
        ],
        [
          -121.68783942724714,
          47.54558120413784
        ],
        [
          -121.69296828839204,
          47.54489073406144
        ],
        [
          -121.69797200904281,
          47.54386403115588
        ],
        [
          -121.70280231487418,
          47.54251100256173
        ],
        [
          -121.7074126145313,
          47.54084470339126
        ],
        [
          -121.71175845113444,
          47.538881210048224
        ],
        [
          -121.71579793262138,
          47.53663946428489
        ],
        [
          -121.71949213669797,
          47.53414108954077
        ],
        [
          -121.72280548644005,
          47.53141018138018
        ],
        [
          -121.72570609290024,
          47.52847307409753
        ],
        [
          -121.72816606142149,
          47.525358085789684
        ],
        [
          -121.73016175873894,
          47.52209524440115
        ],
        [
          -121.73167403835791,
          47.5187159974282
        ],
        [
          -121.7326884221234,
          47.515252908119926
        ],
        [
          -121.73319523634241,
          47.51173934113827
        ]
      ]
    ],
      [
        [
          [-121.6271548,47.8748785],
          [-121.626667,47.8711674],
          [-121.6167262,47.8711534],
          [-121.6170222,47.8585172],
          [-121.6148957,47.857825],
          [-121.6136207,47.8565933],
          [-121.6126318,47.8565467],
          [-121.6039827,47.8603997],
          [-121.5967975,47.8564996],
          [-121.602512,47.8537817],
          [-121.6025041,47.849636],
          [-121.5845577,47.8493911],
          [-121.5845662,47.8529327],
          [-121.5634687,47.8529287],
          [-121.5634418,47.8420553],
          [-121.5414541,47.8420979],
          [-121.5414625,47.8456085],
          [-121.5309511,47.8455926],
          [-121.531083,47.8491249],
          [-121.5122371,47.8488753],
          [-121.5122475,47.8497788],
          [-121.5108475,47.8516554],
          [-121.5069935,47.8536245],
          [-121.5048114,47.8561729],
          [-121.5048283,47.8594001],
          [-121.4994821,47.8593684],
          [-121.4994478,47.8629713],
          [-121.4940593,47.8629235],
          [-121.4940593,47.8625945],
          [-121.4910527,47.8643155],
          [-121.4886139,47.8646247],
          [-121.4886061,47.866472],
          [-121.4832093,47.8664127],
          [-121.4832849,47.8634729],
          [-121.4778568,47.8649377],
          [-121.4749638,47.8663703],
          [-121.4722776,47.8686594],
          [-121.4722771,47.8697691],
          [-121.4661168,47.8749896],
          [-121.4656972,47.8758687],
          [-121.4629004,47.8771695],
          [-121.4669979,47.87719],
          [-121.4669808,47.88074],
          [-121.461643,47.8807207],
          [-121.4616895,47.8916867],
          [-121.4513104,47.891688],
          [-121.4510691,47.8926092],
          [-121.4515592,47.8935567],
          [-121.4536262,47.8955536],
          [-121.4538072,47.8964969],
          [-121.4551945,47.8968297],
          [-121.4586468,47.8998636],
          [-121.4595389,47.9001805],
          [-121.4613652,47.900125],
          [-121.4635731,47.9012674],
          [-121.4647568,47.9024759],
          [-121.4668299,47.9031316],
          [-121.4672478,47.9039563],
          [-121.4688754,47.9038079],
          [-121.4713877,47.9044372],
          [-121.4726956,47.9053361],
          [-121.4758568,47.9054323],
          [-121.4771523,47.9060178],
          [-121.4775977,47.9071395],
          [-121.4819298,47.9102329],
          [-121.483025,47.912246],
          [-121.4892246,47.9160751],
          [-121.4891356,47.9169909],
          [-121.4764627,47.9169891],
          [-121.4741113,47.9175877],
          [-121.4732849,47.9165477],
          [-121.4730848,47.9145446],
          [-121.4715606,47.9135883],
          [-121.4700161,47.9131619],
          [-121.4650516,47.913564],
          [-121.4640128,47.9124833],
          [-121.4625251,47.9129975],
          [-121.4608958,47.9121526],
          [-121.4596963,47.9109299],
          [-121.4586473,47.9106292],
          [-121.4550205,47.9154365],
          [-121.449103,47.9147485],
          [-121.4413221,47.9116893],
          [-121.4419056,47.9162506],
          [-121.4411647,47.9181615],
          [-121.4414188,47.9213142],
          [-121.4423366,47.9239585],
          [-121.442003,47.9262394],
          [-121.4425003,47.9276768],
          [-121.4414307,47.9341765],
          [-121.4417453,47.9365156],
          [-121.4409644,47.9423665],
          [-121.441334,47.9477722],
          [-121.440065,47.9502009],
          [-121.4359925,47.9520251],
          [-121.4345489,47.9504944],
          [-121.4360791,47.949096],
          [-121.435485,47.9478605],
          [-121.4360938,47.9444133],
          [-121.4370696,47.9429631],
          [-121.4373862,47.9391426],
          [-121.438491,47.9377495],
          [-121.4377964,47.9357632],
          [-121.438939,47.9347288],
          [-121.4386854,47.9320072],
          [-121.4395305,47.9298061],
          [-121.4389011,47.9256973],
          [-121.4398046,47.9242884],
          [-121.4388417,47.9221762],
          [-121.4387517,47.9174384],
          [-121.4394956,47.9159974],
          [-121.4385378,47.9112934],
          [-121.4377266,47.9098316],
          [-121.4378594,47.9082403],
          [-121.4371357,47.9062259],
          [-121.4375501,47.9049541],
          [-121.4368698,47.9037681],
          [-121.4371718,47.9026862],
          [-121.4365412,47.9015947],
          [-121.4361827,47.8986572],
          [-121.4349478,47.8989579],
          [-121.4301841,47.8987802],
          [-121.4301834,47.8990369],
          [-121.4251803,47.8999592],
          [-121.4253848,47.9007131],
          [-121.4241523,47.900147],
          [-121.4203974,47.899529],
          [-121.4110099,47.899474],
          [-121.4032238,47.9004837],
          [-121.4008329,47.9000043],
          [-121.4001584,47.901013],
          [-121.3982158,47.9006261],
          [-121.3993386,47.8997267],
          [-121.3877643,47.8976573],
          [-121.3853616,47.8978133],
          [-121.3854997,47.8973549],
          [-121.3851048,47.8974634],
          [-121.3845841,47.8970045],
          [-121.3836889,47.8983815],
          [-121.3800567,47.8954761],
          [-121.3790169,47.8953123],
          [-121.3782257,47.8947044],
          [-121.3757824,47.8943762],
          [-121.374824,47.8947491],
          [-121.3722658,47.8943836],
          [-121.3697581,47.8933965],
          [-121.3680727,47.893798],
          [-121.3672282,47.893196],
          [-121.3635304,47.892618],
          [-121.3605173,47.8924462],
          [-121.3602951,47.8926773],
          [-121.3530282,47.8917625],
          [-121.3529234,47.8911014],
          [-121.352135,47.8906495],
          [-121.3490874,47.8908659],
          [-121.348292,47.8914666],
          [-121.3473518,47.8909556],
          [-121.3445487,47.8907952],
          [-121.3361843,47.8915478],
          [-121.3317112,47.8933494],
          [-121.3267973,47.8973173],
          [-121.3262982,47.8991099],
          [-121.3246682,47.9002561],
          [-121.3249033,47.9007095],
          [-121.3223652,47.9029222],
          [-121.3223497,47.903642],
          [-121.3210066,47.9048822],
          [-121.3187833,47.9082885],
          [-121.3167134,47.9087791],
          [-121.315657,47.9097677],
          [-121.3155475,47.9102019],
          [-121.3164027,47.9106642],
          [-121.3151911,47.9111866],
          [-121.3148023,47.9118109],
          [-121.3149159,47.9135225],
          [-121.313612,47.9192604],
          [-121.311615,47.9208094],
          [-121.3122341,47.9227891],
          [-121.3117952,47.9242581],
          [-121.3018793,47.9242421],
          [-121.300642,47.9260414],
          [-121.2990756,47.9256134],
          [-121.297188,47.926014],
          [-121.2906283,47.925989],
          [-121.2879945,47.9249957],
          [-121.2866833,47.9238135],
          [-121.2847515,47.9245392],
          [-121.2860716,47.9270877],
          [-121.2875811,47.9284461],
          [-121.2910464,47.9303471],
          [-121.2952382,47.9313459],
          [-121.2959549,47.9313113],
          [-121.2966994,47.9304183],
          [-121.3128321,47.9310266],
          [-121.3143058,47.9313823],
          [-121.3214021,47.9295908],
          [-121.3254737,47.9296544],
          [-121.3301724,47.9287616],
          [-121.3400237,47.9254533],
          [-121.3420192,47.9213954],
          [-121.3421243,47.9200953],
          [-121.3408782,47.918179],
          [-121.3407539,47.9167349],
          [-121.3424649,47.9148933],
          [-121.3424954,47.9134238],
          [-121.3440119,47.9117336],
          [-121.3440137,47.9102806],
          [-121.3452344,47.907117],
          [-121.346114,47.906159],
          [-121.3483558,47.9052799],
          [-121.3505324,47.9052345],
          [-121.3542681,47.9053326],
          [-121.3563458,47.9059511],
          [-121.3578805,47.905711],
          [-121.360595,47.906022],
          [-121.3631667,47.9071122],
          [-121.3648624,47.9094566],
          [-121.3689512,47.9089523],
          [-121.3818542,47.9252772],
          [-121.3816294,47.9290725],
          [-121.385351,47.934173],
          [-121.3867395,47.9354576],
          [-121.3884115,47.9361541],
          [-121.3881661,47.9364705],
          [-121.3889977,47.9367899],
          [-121.3910417,47.9394228],
          [-121.3923736,47.9403649],
          [-121.3926549,47.9418467],
          [-121.3949964,47.9444506],
          [-121.3983512,47.9515977],
          [-121.401832,47.9653051],
          [-121.4054917,47.9661975],
          [-121.4094259,47.9683561],
          [-121.4123159,47.9687035],
          [-121.4146772,47.9699362],
          [-121.4208331,47.9716704],
          [-121.42587,47.9712442],
          [-121.4275835,47.9718521],
          [-121.4312112,47.971699],
          [-121.4321399,47.9694021],
          [-121.4337077,47.9673132],
          [-121.4369264,47.9653772],
          [-121.4445166,47.967936],
          [-121.4498746,47.9677565],
          [-121.4511351,47.9684604],
          [-121.4567363,47.9684625],
          [-121.4567258,47.9648712],
          [-121.4513378,47.9648893],
          [-121.4514294,47.9503259],
          [-121.4736647,47.9502865],
          [-121.4729757,47.9519679],
          [-121.4730978,47.9647927],
          [-121.4946423,47.9647981],
          [-121.4946346,47.9685175],
          [-121.4917905,47.9686531],
          [-121.4975681,47.9751611],
          [-121.4976199,47.9759938],
          [-121.4989593,47.9773521],
          [-121.5020743,47.9792651],
          [-121.5156938,47.9793146],
          [-121.5160669,47.961188],
          [-121.510622,47.9612177],
          [-121.5106694,47.9539441],
          [-121.4946462,47.9538924],
          [-121.4945432,47.9503126],
          [-121.4882263,47.950316],
          [-121.4883116,47.9358498],
          [-121.5747957,47.9356173],
          [-121.5748186,47.9284014],
          [-121.5827906,47.9284837],
          [-121.5828615,47.9255005],
          [-121.5935619,47.9254186],
          [-121.5935785,47.9220819],
          [-121.6044244,47.922138],
          [-121.6044321,47.9184481],
          [-121.5907517,47.9184592],
          [-121.5907456,47.9148539],
          [-121.6044252,47.9148428],
          [-121.6044258,47.9112575],
          [-121.5881219,47.9112078],
          [-121.588045,47.9148676],
          [-121.5827935,47.9148879],
          [-121.5828124,47.907513],
          [-121.6269535,47.9076402],
          [-121.6269095,47.8956487],
          [-121.6225029,47.8943644],
          [-121.6205612,47.8928882],
          [-121.6268996,47.8929404],
          [-121.6271548,47.8748785]
        ],
        [
          [-121.6049094,47.8916021],
          [-121.5975992,47.892075],
          [-121.5955212,47.8916966],
          [-121.5938644,47.8921193],
          [-121.5938658,47.8929261],
          [-121.5849737,47.8929318],
          [-121.5884779,47.8915029],
          [-121.5952238,47.8900481],
          [-121.5978682,47.8904114],
          [-121.6048598,47.8899614],
          [-121.6049094,47.8916021]
        ],
        [
          [-121.5880059,47.9186317],
          [-121.5879127,47.9220359],
          [-121.5826948,47.92198],
          [-121.5827167,47.9185093],
          [-121.5880059,47.9186317]
        ],
        [
          [-121.5002549,47.9612842],
          [-121.4949524,47.9613138],
          [-121.4949355,47.9576452],
          [-121.5001311,47.9577025],
          [-121.5002549,47.9612842]
        ]
      ],
      [
        [
          [-121.5101666,47.8244282],
          [-121.5074608,47.8229397],
          [-121.5075411,47.8196378],
          [-121.5068845,47.8192956],
          [-121.4966714,47.8164326],
          [-121.4921988,47.8160239],
          [-121.4940146,47.8153088],
          [-121.4972087,47.815288],
          [-121.4995917,47.8146618],
          [-121.4985702,47.8133886],
          [-121.4949371,47.8106412],
          [-121.4941144,47.8094605],
          [-121.4889148,47.8064387],
          [-121.4865166,47.805858],
          [-121.4853719,47.8049225],
          [-121.4832403,47.8040511],
          [-121.4779355,47.8027504],
          [-121.4770599,47.8031297],
          [-121.476728,47.8047344],
          [-121.475903,47.8037378],
          [-121.4741826,47.8031944],
          [-121.4674722,47.8022191],
          [-121.4655045,47.8026108],
          [-121.4652875,47.8013582],
          [-121.4628585,47.8005298],
          [-121.4612931,47.8003963],
          [-121.4558023,47.7977625],
          [-121.4557957,47.792865],
          [-121.4544553,47.7916626],
          [-121.4513255,47.7904209],
          [-121.4484908,47.7902712],
          [-121.4447249,47.7907399],
          [-121.4433495,47.7897992],
          [-121.4402997,47.7886163],
          [-121.4393735,47.7902847],
          [-121.4359551,47.7900669],
          [-121.4313113,47.7879563],
          [-121.4285987,47.7871539],
          [-121.4274094,47.7862703],
          [-121.4226749,47.7849013],
          [-121.4187348,47.7823354],
          [-121.4207687,47.7806832],
          [-121.422413,47.7808374],
          [-121.423715,47.7823761],
          [-121.4273197,47.7832186],
          [-121.4312975,47.7857459],
          [-121.4326084,47.7856173],
          [-121.4354139,47.7865074],
          [-121.4414007,47.7872415],
          [-121.4440359,47.7884235],
          [-121.4469637,47.7887567],
          [-121.4511178,47.7883676],
          [-121.4545648,47.7891028],
          [-121.4655199,47.7934587],
          [-121.470026,47.794476],
          [-121.4707798,47.7951349],
          [-121.4722325,47.7954295],
          [-121.474142,47.7954544],
          [-121.4756363,47.7945932],
          [-121.4756871,47.7929283],
          [-121.4744552,47.791652],
          [-121.4739522,47.7836368],
          [-121.4704446,47.7818499],
          [-121.4681296,47.7800845],
          [-121.4644494,47.7788508],
          [-121.4628774,47.7789086],
          [-121.4614434,47.7782523],
          [-121.4529893,47.7783827],
          [-121.4527676,47.7687417],
          [-121.4490965,47.7667374],
          [-121.4480169,47.7668298],
          [-121.4468925,47.7648124],
          [-121.4432463,47.7626144],
          [-121.4441445,47.7619066],
          [-121.4433052,47.7604311],
          [-121.4406666,47.7593171],
          [-121.4384408,47.7571494],
          [-121.4355357,47.7557403],
          [-121.4343323,47.7558217],
          [-121.4341509,47.7548921],
          [-121.431704,47.7538353],
          [-121.4316505,47.7431718],
          [-121.4150945,47.73931],
          [-121.4080372,47.735711],
          [-121.4052017,47.7352412],
          [-121.4052006,47.7385511],
          [-121.4038127,47.7392103],
          [-121.3968685,47.7395504],
          [-121.3921689,47.7381414],
          [-121.3888316,47.7389899],
          [-121.3887877,47.7513008],
          [-121.399582,47.7512727],
          [-121.3995551,47.7657769],
          [-121.3887953,47.7657726],
          [-121.3887852,47.78008],
          [-121.3676416,47.7799839],
          [-121.3675401,47.7719516],
          [-121.3596306,47.7656789],
          [-121.3459191,47.7656704],
          [-121.346089,47.7798729],
          [-121.3009415,47.7796369],
          [-121.2988808,47.7835652],
          [-121.2962168,47.7859014],
          [-121.2964807,47.787305],
          [-121.2975589,47.7887475],
          [-121.2975326,47.7918019],
          [-121.2952207,47.7938967],
          [-121.2949611,47.7979793],
          [-121.302643,47.7979923],
          [-121.302643,47.8122271],
          [-121.3079121,47.8107875],
          [-121.3133737,47.8099091],
          [-121.3161656,47.810369],
          [-121.3194773,47.8098041],
          [-121.321984,47.8102318],
          [-121.3249262,47.8095014],
          [-121.3249309,47.8206697],
          [-121.3233491,47.8217302],
          [-121.3246358,47.8223219],
          [-121.3293289,47.8222007],
          [-121.3313235,47.8225981],
          [-121.3248892,47.8281739],
          [-121.3252619,47.8291398],
          [-121.3301667,47.8302051],
          [-121.3283433,47.832634],
          [-121.3282635,47.8346128],
          [-121.3269683,47.8359616],
          [-121.3433399,47.8472718],
          [-121.343512,47.8494742],
          [-121.3417896,47.8515594],
          [-121.3424779,47.8527165],
          [-121.34109,47.8572628],
          [-121.3416143,47.8600147],
          [-121.3400638,47.8617514],
          [-121.3373095,47.8625663],
          [-121.3385596,47.8633054],
          [-121.339571,47.8662769],
          [-121.3414208,47.8691994],
          [-121.3437126,47.8698117],
          [-121.3448367,47.8706016],
          [-121.3438362,47.8740825],
          [-121.3430048,47.8753142],
          [-121.3431375,47.8776275],
          [-121.3442538,47.8800737],
          [-121.342503,47.8843772],
          [-121.3409155,47.8862595],
          [-121.3408836,47.8871642],
          [-121.3445871,47.887779],
          [-121.3476958,47.8872762],
          [-121.3504394,47.886301],
          [-121.3539755,47.8867685],
          [-121.3559463,47.8865795],
          [-121.3598133,47.887663],
          [-121.3651217,47.8881335],
          [-121.3676933,47.8892175],
          [-121.3710124,47.8888077],
          [-121.3725328,47.8902159],
          [-121.3744355,47.8901757],
          [-121.3762072,47.8914277],
          [-121.3781365,47.8910155],
          [-121.3814967,47.8922473],
          [-121.3836568,47.8922724],
          [-121.385739,47.892875],
          [-121.3891753,47.8924005],
          [-121.391977,47.8946937],
          [-121.3934633,47.894645],
          [-121.3967386,47.8957836],
          [-121.4024732,47.895958],
          [-121.4072534,47.8978152],
          [-121.4087923,47.8967806],
          [-121.4112109,47.8959712],
          [-121.4140105,47.8962527],
          [-121.4140126,47.8949512],
          [-121.4146225,47.8948997],
          [-121.4178328,47.8949311],
          [-121.4234241,47.8958767],
          [-121.4265098,47.8954901],
          [-121.4265957,47.8961372],
          [-121.4322563,47.8957141],
          [-121.4352703,47.8927687],
          [-121.4345035,47.8910783],
          [-121.4361154,47.8901294],
          [-121.4358693,47.8884162],
          [-121.4339471,47.886305],
          [-121.4366571,47.8874599],
          [-121.4383886,47.8877144],
          [-121.4386778,47.8869975],
          [-121.4435096,47.8864824],
          [-121.445188,47.8851231],
          [-121.4483255,47.8839955],
          [-121.4512559,47.8791755],
          [-121.4531526,47.8771429],
          [-121.4549199,47.8761884],
          [-121.4571956,47.872776],
          [-121.4582037,47.8720695],
          [-121.4581909,47.8712594],
          [-121.4613679,47.8704021],
          [-121.4647428,47.8680175],
          [-121.4686146,47.8666293],
          [-121.4713118,47.8646041],
          [-121.4723829,47.864557],
          [-121.4738463,47.8636393],
          [-121.4743082,47.8628353],
          [-121.4731344,47.8605732],
          [-121.4668833,47.8605656],
          [-121.4595728,47.8578048],
          [-121.4584735,47.8570974],
          [-121.458476,47.8538562],
          [-121.459547,47.854819],
          [-121.4649687,47.8561736],
          [-121.4663359,47.857084],
          [-121.4683853,47.8571185],
          [-121.4702426,47.8585008],
          [-121.4713146,47.8582407],
          [-121.4774149,47.8582828],
          [-121.478926,47.8584949],
          [-121.4800425,47.8591235],
          [-121.4818878,47.8590306],
          [-121.4844686,47.8598717],
          [-121.4885684,47.8598059],
          [-121.4889749,47.8594297],
          [-121.4885571,47.8582542],
          [-121.4916945,47.8575756],
          [-121.4932151,47.8559757],
          [-121.4979516,47.8543804],
          [-121.4992819,47.8522754],
          [-121.4994167,47.8497573],
          [-121.5005841,47.8464428],
          [-121.5005565,47.8456325],
          [-121.4978771,47.8436176],
          [-121.4996586,47.843371],
          [-121.4993289,47.8421968],
          [-121.4997569,47.8414824],
          [-121.498996,47.8403924],
          [-121.5009376,47.8396979],
          [-121.5001614,47.837078],
          [-121.5006961,47.836455],
          [-121.5001949,47.8340186],
          [-121.5031111,47.8307269],
          [-121.5034966,47.829112],
          [-121.5046883,47.8304257],
          [-121.5061368,47.8298745],
          [-121.5071537,47.8286684],
          [-121.5068829,47.8272739],
          [-121.5101666,47.8244282]
        ]
      ],
      [
        [
          [-121.3280544,47.8920109],
          [-121.3255208,47.8912872],
          [-121.3249544,47.8900865],
          [-121.3239125,47.8896672],
          [-121.3214006,47.8907875],
          [-121.3194431,47.8895488],
          [-121.3208967,47.8875573],
          [-121.3245708,47.8846524],
          [-121.3209661,47.8825482],
          [-121.3167256,47.8837395],
          [-121.3104688,47.8835396],
          [-121.310128,47.8815043],
          [-121.3081007,47.8787875],
          [-121.3059926,47.876874],
          [-121.3049597,47.8766635],
          [-121.3030774,47.8769532],
          [-121.301312,47.8777653],
          [-121.2973462,47.8776858],
          [-121.2970127,47.8774407],
          [-121.3012669,47.873994],
          [-121.3003381,47.8724134],
          [-121.2985979,47.8707818],
          [-121.296748,47.8711371],
          [-121.29548,47.8725583],
          [-121.2943863,47.8727827],
          [-121.2914595,47.8723013],
          [-121.2906878,47.8713614],
          [-121.2881314,47.8718295],
          [-121.286715,47.8716742],
          [-121.2865967,47.8706059],
          [-121.2858235,47.8702232],
          [-121.2858175,47.8694347],
          [-121.2845751,47.867806],
          [-121.27991,47.8655777],
          [-121.2789561,47.865742],
          [-121.278383,47.8673306],
          [-121.2773724,47.8683419],
          [-121.2776476,47.8628745],
          [-121.27934,47.8611765],
          [-121.2783458,47.8611636],
          [-121.2753371,47.8598534],
          [-121.2739036,47.8587885],
          [-121.2723212,47.8585838],
          [-121.2717725,47.8540014],
          [-121.2736671,47.8473885],
          [-121.2737009,47.8452445],
          [-121.2696407,47.8413118],
          [-121.2704862,47.8407459],
          [-121.2693159,47.8392287],
          [-121.270292,47.8377134],
          [-121.2726725,47.8367593],
          [-121.2676589,47.8326195],
          [-121.2681819,47.830212],
          [-121.2700848,47.8284175],
          [-121.2701068,47.8232401],
          [-121.2656297,47.8232502],
          [-121.2591422,47.8130877],
          [-121.2562071,47.8137415],
          [-121.2509569,47.8159706],
          [-121.2478577,47.8167461],
          [-121.2474111,47.8172765],
          [-121.2462879,47.8171904],
          [-121.2436464,47.8188053],
          [-121.242349,47.8183425],
          [-121.2423405,47.8203697],
          [-121.237944,47.8214786],
          [-121.2371863,47.822745],
          [-121.2365435,47.8220218],
          [-121.2345828,47.8220932],
          [-121.2264903,47.8243023],
          [-121.2180895,47.8279234],
          [-121.2188893,47.8297872],
          [-121.2177768,47.8290149],
          [-121.212295,47.829087],
          [-121.2105723,47.8286644],
          [-121.2043958,47.8295098],
          [-121.2018255,47.8295717],
          [-121.1976041,47.8288142],
          [-121.1956937,47.8293795],
          [-121.1951545,47.828143],
          [-121.1937068,47.827738],
          [-121.1937227,47.8249248],
          [-121.1972341,47.8269851],
          [-121.2010382,47.8262937],
          [-121.2041471,47.8272146],
          [-121.2053612,47.8262471],
          [-121.2099089,47.8257272],
          [-121.2114797,47.8259874],
          [-121.2128646,47.8252092],
          [-121.2148694,47.8258671],
          [-121.2159189,47.8243996],
          [-121.2208632,47.8234229],
          [-121.2218672,47.8223532],
          [-121.2244691,47.8233065],
          [-121.2256905,47.8225939],
          [-121.2284469,47.8220514],
          [-121.2285189,47.821705],
          [-121.2305514,47.8214363],
          [-121.2311093,47.8209166],
          [-121.2325,47.8209051],
          [-121.2344403,47.819765],
          [-121.2367977,47.8191449],
          [-121.2382685,47.8191832],
          [-121.2395444,47.8164817],
          [-121.2412413,47.8157586],
          [-121.2438692,47.8155757],
          [-121.2448974,47.8145254],
          [-121.2465772,47.813988],
          [-121.2467838,47.8137566],
          [-121.2460617,47.8134504],
          [-121.2470734,47.812977],
          [-121.2503299,47.8129935],
          [-121.2522105,47.8107137],
          [-121.2434772,47.8024573],
          [-121.2433402,47.7920049],
          [-121.2445872,47.790809],
          [-121.2428217,47.789518],
          [-121.2386378,47.78798],
          [-121.238642,47.7866305],
          [-121.2331472,47.7856632],
          [-121.2274196,47.7860144],
          [-121.2235398,47.78547],
          [-121.2178704,47.7853875],
          [-121.217891,47.7818168],
          [-121.2170049,47.7807971],
          [-121.2166699,47.7789451],
          [-121.2458001,47.7790268],
          [-121.2496745,47.780356],
          [-121.2520379,47.781902],
          [-121.2572967,47.7843555],
          [-121.2640978,47.7854776],
          [-121.2641241,47.7794456],
          [-121.2598668,47.7794233],
          [-121.2592994,47.7509182],
          [-121.2807939,47.7509377],
          [-121.280931,47.7654097],
          [-121.2828274,47.767211],
          [-121.2863484,47.7695302],
          [-121.2901285,47.771149],
          [-121.2929017,47.771593],
          [-121.2952573,47.7725704],
          [-121.299157,47.7719283],
          [-121.3004026,47.7709369],
          [-121.3015042,47.7687933],
          [-121.3014536,47.7651944],
          [-121.3031683,47.7652224],
          [-121.3061737,47.7620973],
          [-121.3069887,47.7575349],
          [-121.3065552,47.7558185],
          [-121.3068384,47.7533029],
          [-121.3079415,47.7498093],
          [-121.3075801,47.749174],
          [-121.3103155,47.7453325],
          [-121.3114748,47.7401615],
          [-121.3058944,47.7378662],
          [-121.3011304,47.7364514],
          [-121.2903557,47.7365133],
          [-121.2888274,47.7361666],
          [-121.2831789,47.7364152],
          [-121.2788752,47.7347895],
          [-121.2768378,47.73448],
          [-121.2723922,47.7356639],
          [-121.2715111,47.7374096],
          [-121.267019,47.7382237],
          [-121.2665558,47.7384416],
          [-121.2671017,47.7391534],
          [-121.2611582,47.7408653],
          [-121.2589359,47.7409112],
          [-121.2584161,47.7401669],
          [-121.2521967,47.7422728],
          [-121.2464451,47.7422267],
          [-121.2452095,47.7395232],
          [-121.24095,47.7380945],
          [-121.2377675,47.7374343],
          [-121.2357174,47.7375931],
          [-121.2324261,47.7363588],
          [-121.2241922,47.7363149],
          [-121.2218173,47.7352196],
          [-121.2178308,47.734707],
          [-121.2151823,47.734883],
          [-121.2098422,47.7340213],
          [-121.2059449,47.7410298],
          [-121.2039387,47.7423416],
          [-121.1985494,47.7435266],
          [-121.196973,47.7447655],
          [-121.195616,47.7452379],
          [-121.1957185,47.7690009],
          [-121.1962102,47.7705384],
          [-121.1947572,47.7721273],
          [-121.1977897,47.7766084],
          [-121.1998643,47.7783947],
          [-121.1994732,47.7823656],
          [-121.1965789,47.786054],
          [-121.1960256,47.7895375],
          [-121.1972219,47.7925083],
          [-121.1940603,47.7953585],
          [-121.193198,47.7995421],
          [-121.1912257,47.8002447],
          [-121.1879333,47.8025524],
          [-121.18825,47.8042374],
          [-121.1909926,47.8089689],
          [-121.1826139,47.8217539],
          [-121.1813046,47.8213658],
          [-121.1807187,47.8202025],
          [-121.179626,47.819918],
          [-121.1793034,47.8191514],
          [-121.1764212,47.8197138],
          [-121.1752331,47.8204165],
          [-121.1719843,47.8209415],
          [-121.168466,47.8226462],
          [-121.1766424,47.8384185],
          [-121.2160081,47.8492425],
          [-121.232783,47.8544677],
          [-121.2358823,47.8549311],
          [-121.2386923,47.8569553],
          [-121.2487815,47.8614889],
          [-121.2506833,47.8629241],
          [-121.2512142,47.8646505],
          [-121.2522629,47.864311],
          [-121.2563785,47.8644028],
          [-121.2580587,47.8641059],
          [-121.2623824,47.8647724],
          [-121.2646162,47.8663842],
          [-121.26845,47.8716788],
          [-121.269053,47.8734412],
          [-121.2707983,47.8744836],
          [-121.2691692,47.8773783],
          [-121.2689507,47.8811978],
          [-121.2695632,47.8820409],
          [-121.2699828,47.8847461],
          [-121.2714158,47.886781],
          [-121.2722389,47.8915014],
          [-121.2151024,47.8881199],
          [-121.2215603,47.9109963],
          [-121.2233657,47.9128574],
          [-121.2257775,47.9141545],
          [-121.2272629,47.9160924],
          [-121.2300526,47.9184301],
          [-121.2415167,47.9333096],
          [-121.2410639,47.9341656],
          [-121.2415284,47.935518],
          [-121.2442335,47.9382375],
          [-121.2438177,47.9397038],
          [-121.2443633,47.9411126],
          [-121.2553389,47.9465395],
          [-121.2572282,47.9468419],
          [-121.2604209,47.9467021],
          [-121.2650902,47.9431523],
          [-121.2691533,47.9416829],
          [-121.2709166,47.9400496],
          [-121.2739296,47.9354276],
          [-121.2762028,47.933616],
          [-121.2785828,47.9308482],
          [-121.2803625,47.9299291],
          [-121.2792879,47.9288112],
          [-121.2770364,47.9280656],
          [-121.2716814,47.9287443],
          [-121.2719574,47.926753],
          [-121.2732536,47.9267181],
          [-121.2740526,47.927111],
          [-121.2787609,47.9248777],
          [-121.2802146,47.9256316],
          [-121.2813307,47.9245465],
          [-121.282325,47.9249022],
          [-121.2864144,47.9223924],
          [-121.2917359,47.9226082],
          [-121.2928,47.9230609],
          [-121.2979231,47.9212119],
          [-121.302427,47.9214987],
          [-121.3032308,47.9211196],
          [-121.3048354,47.9190977],
          [-121.3081472,47.9185046],
          [-121.308453,47.9174369],
          [-121.3075159,47.9165745],
          [-121.3090471,47.9150337],
          [-121.3086187,47.9142612],
          [-121.3090128,47.9132328],
          [-121.3114969,47.9117109],
          [-121.3102003,47.9106267],
          [-121.3106776,47.9091668],
          [-121.3138544,47.9067162],
          [-121.3141674,47.9056304],
          [-121.3154411,47.9052683],
          [-121.3165685,47.9025277],
          [-121.3183995,47.9007715],
          [-121.3185934,47.8993592],
          [-121.3257438,47.8945498],
          [-121.3280544,47.8920109]
        ]
      ],
      [
        [
          [-121.4349072,48.0202322],
          [-121.4281249,48.0072124],
          [-121.4257087,48.0042174],
          [-121.4230621,48.0024682],
          [-121.4195144,48.0008607],
          [-121.4151715,47.9997177],
          [-121.4133627,47.9986906],
          [-121.4110909,48.0008102],
          [-121.4097861,47.9991938],
          [-121.4030709,47.9973604],
          [-121.4007144,47.9958917],
          [-121.3997983,47.9961649],
          [-121.3991287,47.994696],
          [-121.3943775,47.992337],
          [-121.3929812,47.9904933],
          [-121.3905568,47.9894881],
          [-121.3891523,47.9883873],
          [-121.388286,47.9883421],
          [-121.3858697,47.9869474],
          [-121.3820573,47.9855813],
          [-121.3766937,47.9842306],
          [-121.3717109,47.9868914],
          [-121.367216,47.9842449],
          [-121.3667268,47.9827531],
          [-121.3672755,47.9813709],
          [-121.3672611,47.9787399],
          [-121.3703752,47.9754657],
          [-121.3875057,47.9787973],
          [-121.3935513,47.9813038],
          [-121.3995364,47.9860611],
          [-121.4025323,47.987395],
          [-121.4063658,47.9839792],
          [-121.4068821,47.9808321],
          [-121.4088995,47.9782943],
          [-121.4134905,47.9766181],
          [-121.4193135,47.9759607],
          [-121.4199065,47.9753298],
          [-121.4196883,47.9730062],
          [-121.4208316,47.9716695],
          [-121.4146772,47.9699362],
          [-121.4123159,47.9687035],
          [-121.4094259,47.9683561],
          [-121.4054917,47.9661975],
          [-121.401832,47.9653051],
          [-121.3983512,47.9515977],
          [-121.3949964,47.9444506],
          [-121.3926549,47.9418467],
          [-121.3923736,47.9403649],
          [-121.3910417,47.9394228],
          [-121.3889977,47.9367899],
          [-121.3881661,47.9364705],
          [-121.3884115,47.9361541],
          [-121.3856858,47.9345799],
          [-121.3822176,47.9299277],
          [-121.3815402,47.9287438],
          [-121.3818542,47.9252772],
          [-121.3689512,47.9089523],
          [-121.3648624,47.9094566],
          [-121.3631667,47.9071122],
          [-121.3615433,47.9062617],
          [-121.3590148,47.9057742],
          [-121.3563458,47.9059511],
          [-121.3542681,47.9053326],
          [-121.3483558,47.9052799],
          [-121.346114,47.906159],
          [-121.3452344,47.907117],
          [-121.3440137,47.9102806],
          [-121.3440119,47.9117336],
          [-121.3424954,47.9134238],
          [-121.3424649,47.9148933],
          [-121.3407539,47.9167349],
          [-121.3408782,47.918179],
          [-121.3421243,47.9200953],
          [-121.3420192,47.9213954],
          [-121.3400237,47.9254533],
          [-121.3301724,47.9287616],
          [-121.3254737,47.9296544],
          [-121.3214021,47.9295908],
          [-121.3143058,47.9313823],
          [-121.3128321,47.9310266],
          [-121.2966994,47.9304183],
          [-121.2959549,47.9313113],
          [-121.2952382,47.9313459],
          [-121.2910464,47.9303471],
          [-121.2875811,47.9284461],
          [-121.2860716,47.9270877],
          [-121.2848392,47.9247253],
          [-121.2819378,47.9263423],
          [-121.2808092,47.9297944],
          [-121.2785828,47.9308482],
          [-121.2762028,47.933616],
          [-121.2739296,47.9354276],
          [-121.2697869,47.9412379],
          [-121.2650902,47.9431523],
          [-121.2604209,47.9467021],
          [-121.2572282,47.9468419],
          [-121.2553389,47.9465395],
          [-121.2443633,47.9411126],
          [-121.2438177,47.9397038],
          [-121.2442335,47.9382375],
          [-121.2415284,47.935518],
          [-121.2410639,47.9341656],
          [-121.2415167,47.9333096],
          [-121.2300526,47.9184301],
          [-121.2272629,47.9160924],
          [-121.2257775,47.9141545],
          [-121.2233657,47.9128574],
          [-121.2215603,47.9109963],
          [-121.2151024,47.8881199],
          [-121.2722389,47.8915014],
          [-121.2714158,47.886781],
          [-121.2699828,47.8847461],
          [-121.2695632,47.8820409],
          [-121.2689507,47.8811978],
          [-121.2691692,47.8773783],
          [-121.2707983,47.8744836],
          [-121.269053,47.8734412],
          [-121.26845,47.8716788],
          [-121.2646162,47.8663842],
          [-121.2623824,47.8647724],
          [-121.2580587,47.8641059],
          [-121.2563785,47.8644028],
          [-121.2522629,47.864311],
          [-121.2512142,47.8646505],
          [-121.2506833,47.8629241],
          [-121.2487815,47.8614889],
          [-121.2386923,47.8569553],
          [-121.2358823,47.8549311],
          [-121.232783,47.8544677],
          [-121.2160081,47.8492425],
          [-121.1766424,47.8384185],
          [-121.168466,47.8226462],
          [-121.1719843,47.8209415],
          [-121.1752331,47.8204165],
          [-121.1764212,47.8197138],
          [-121.1793034,47.8191514],
          [-121.179626,47.819918],
          [-121.1807187,47.8202025],
          [-121.1813046,47.8213658],
          [-121.1826139,47.8217539],
          [-121.1909926,47.8089689],
          [-121.18825,47.8042374],
          [-121.1879333,47.8025524],
          [-121.1912257,47.8002447],
          [-121.193198,47.7995421],
          [-121.1940603,47.7953585],
          [-121.1972219,47.7925083],
          [-121.1960256,47.7895375],
          [-121.1965789,47.786054],
          [-121.1991761,47.7828903],
          [-121.1997038,47.7815588],
          [-121.1998643,47.7783947],
          [-121.1977897,47.7766084],
          [-121.1947572,47.7721273],
          [-121.196138,47.7706865],
          [-121.1961696,47.7699845],
          [-121.1952029,47.7681013],
          [-121.1937384,47.7669348],
          [-121.1917294,47.7673585],
          [-121.1883498,47.7688062],
          [-121.1840194,47.7694723],
          [-121.1821707,47.7690401],
          [-121.1793651,47.7690401],
          [-121.1744835,47.7705796],
          [-121.1735501,47.7713908],
          [-121.1735734,47.7800481],
          [-121.1520276,47.7800038],
          [-121.1519637,47.7655691],
          [-121.1305104,47.7655229],
          [-121.1304835,47.7544254],
          [-121.1287339,47.7541448],
          [-121.11867,47.7576709],
          [-121.1159395,47.7573459],
          [-121.110503,47.7580678],
          [-121.1098683,47.7624516],
          [-121.1082282,47.7660805],
          [-121.105408,47.768149],
          [-121.1003623,47.7760749],
          [-121.099522,47.7765617],
          [-121.0983259,47.7764536],
          [-121.0943861,47.7750968],
          [-121.0910811,47.7744474],
          [-121.0899966,47.7738225],
          [-121.0876417,47.7734095],
          [-121.0874667,47.7844515],
          [-121.0857049,47.7843809],
          [-121.0806435,47.7856753],
          [-121.072869,47.7892802],
          [-121.0699917,47.7894721],
          [-121.0683026,47.790511],
          [-121.0670125,47.7942616],
          [-121.0718534,47.7942901],
          [-121.0716609,47.7952998],
          [-121.0738068,47.7954948],
          [-121.0743651,47.7974711],
          [-121.0761411,47.7969471],
          [-121.079432,47.7943158],
          [-121.0873526,47.7943776],
          [-121.0881244,47.7950179],
          [-121.0866724,47.7968809],
          [-121.0833655,47.7983968],
          [-121.0825991,47.8001111],
          [-121.0805673,47.8021853],
          [-121.07693,47.8036724],
          [-121.0768901,47.8071209],
          [-121.0788987,47.808117],
          [-121.0829036,47.8114961],
          [-121.08176,47.8135835],
          [-121.081988,47.8153402],
          [-121.0807408,47.8166664],
          [-121.0807964,47.8173006],
          [-121.0793999,47.8178271],
          [-121.078491,47.8190321],
          [-121.0743834,47.8222433],
          [-121.070656,47.8214735],
          [-121.0681395,47.8213433],
          [-121.0655716,47.8221908],
          [-121.0623494,47.8224572],
          [-121.0493675,47.82738],
          [-121.0402049,47.8298624],
          [-121.0349184,47.8335344],
          [-121.0335027,47.8348381],
          [-121.0326996,47.8367366],
          [-121.0310866,47.8373928],
          [-121.0289087,47.8375569],
          [-121.0280414,47.8372486],
          [-121.027069,47.8360109],
          [-121.0260047,47.8360274],
          [-121.0200829,47.834421],
          [-121.0170192,47.832441],
          [-121.0135204,47.8320293],
          [-121.0099842,47.8320298],
          [-121.0093229,47.8323049],
          [-121.009866,47.8390463],
          [-121.0075707,47.8474531],
          [-121.0080148,47.8500365],
          [-121.007767,47.8531959],
          [-121.0092995,47.8565506],
          [-121.0102135,47.8563212],
          [-121.0120783,47.8540748],
          [-121.0134416,47.854403],
          [-121.0136414,47.8554514],
          [-121.0146183,47.8561827],
          [-121.0162263,47.8591923],
          [-121.0168954,47.8593801],
          [-121.021805,47.8568564],
          [-121.0222237,47.8557894],
          [-121.0218754,47.8542444],
          [-121.0240524,47.8543528],
          [-121.0252381,47.8552932],
          [-121.0258139,47.85717],
          [-121.0258717,47.8592851],
          [-121.0246672,47.862663],
          [-121.0269164,47.8635605],
          [-121.0302756,47.8641467],
          [-121.0324436,47.8641227],
          [-121.0376304,47.865611],
          [-121.0389822,47.8656316],
          [-121.0399956,47.8651791],
          [-121.045721,47.8664731],
          [-121.0490241,47.8662381],
          [-121.0535914,47.8670056],
          [-121.0585835,47.8655309],
          [-121.0594807,47.8648982],
          [-121.0590144,47.861225],
          [-121.0593853,47.8584982],
          [-121.0588458,47.8563946],
          [-121.0599479,47.8533596],
          [-121.0618005,47.854372],
          [-121.0623827,47.8541616],
          [-121.0656385,47.8577154],
          [-121.066516,47.8603586],
          [-121.0675194,47.8612582],
          [-121.0690169,47.8615168],
          [-121.0708704,47.8607897],
          [-121.0731711,47.8588597],
          [-121.0752447,47.8585261],
          [-121.0781568,47.8570452],
          [-121.0834435,47.8556073],
          [-121.0835593,47.8550311],
          [-121.0814077,47.8522981],
          [-121.109062,47.8522916],
          [-121.1092024,47.8776231],
          [-121.1116663,47.8780846],
          [-121.114271,47.8798461],
          [-121.1188066,47.8799901],
          [-121.1250025,47.8817092],
          [-121.1267859,47.8829612],
          [-121.1283461,47.8850448],
          [-121.1303096,47.8861218],
          [-121.1288382,47.8866771],
          [-121.1264728,47.8884757],
          [-121.1262611,47.889335],
          [-121.1289746,47.8925835],
          [-121.1294128,47.8937937],
          [-121.1288447,47.896855],
          [-121.1298047,47.9031275],
          [-121.1294227,47.9045354],
          [-121.130738,47.9060937],
          [-121.1327997,47.9071182],
          [-121.1365212,47.9115436],
          [-121.1366507,47.9131183],
          [-121.1358362,47.9158125],
          [-121.1237491,47.9144541],
          [-121.1191687,47.9148246],
          [-121.1162594,47.9154425],
          [-121.1128239,47.9144767],
          [-121.1087317,47.9140011],
          [-121.1015637,47.9111493],
          [-121.0991559,47.9086278],
          [-121.0967036,47.9073225],
          [-121.0934527,47.9075815],
          [-121.0930947,47.9080952],
          [-121.0899117,47.9090791],
          [-121.0937807,47.9134651],
          [-121.0912342,47.9142898],
          [-121.0896709,47.9154013],
          [-121.0885653,47.9175783],
          [-121.0886219,47.9186106],
          [-121.0867265,47.9188373],
          [-121.0862471,47.919304],
          [-121.0852665,47.9194343],
          [-121.0852512,47.9198483],
          [-121.0847582,47.9196416],
          [-121.0846935,47.920003],
          [-121.083869,47.9193852],
          [-121.0835715,47.919639],
          [-121.082264,47.9183487],
          [-121.0815886,47.918907],
          [-121.0801044,47.9166901],
          [-121.0789163,47.9158418],
          [-121.0785141,47.9159559],
          [-121.0789486,47.917741],
          [-121.0782851,47.918498],
          [-121.0773103,47.9188204],
          [-121.0772955,47.9183541],
          [-121.0764761,47.9182929],
          [-121.0764507,47.9175935],
          [-121.0755552,47.9180272],
          [-121.0752849,47.9175286],
          [-121.0746582,47.917639],
          [-121.0745925,47.9171589],
          [-121.0737715,47.917143],
          [-121.0728642,47.9178958],
          [-121.0701978,47.918479],
          [-121.0707277,47.9175213],
          [-121.0700383,47.9175917],
          [-121.0685941,47.9169591],
          [-121.0670308,47.9171025],
          [-121.0663962,47.9159378],
          [-121.0651166,47.915583],
          [-121.0622647,47.9159813],
          [-121.0624296,47.9175367],
          [-121.0611846,47.9195121],
          [-121.062113,47.9212835],
          [-121.0622388,47.9243847],
          [-121.0617466,47.9259188],
          [-121.0621822,47.928427],
          [-121.0608449,47.9303666],
          [-121.0607296,47.9322675],
          [-121.0616195,47.934037],
          [-121.0617294,47.9358182],
          [-121.0599658,47.9385265],
          [-121.0641738,47.9440223],
          [-121.0661074,47.9454378],
          [-121.070463,47.9469269],
          [-121.0725037,47.9488182],
          [-121.0730862,47.9561241],
          [-121.0725414,47.9586218],
          [-121.0738408,47.9610407],
          [-121.074042,47.963517],
          [-121.0744562,47.9638597],
          [-121.0776344,47.9650701],
          [-121.0834653,47.968842],
          [-121.086113,47.9711066],
          [-121.0868361,47.9725475],
          [-121.0884118,47.9734812],
          [-121.0894741,47.9750822],
          [-121.0937371,47.9772962],
          [-121.0993955,47.9778092],
          [-121.1031891,47.9789278],
          [-121.1048816,47.9807034],
          [-121.1050212,47.9817513],
          [-121.1063064,47.9818919],
          [-121.1090362,47.9842493],
          [-121.1267662,47.9863536],
          [-121.1300307,47.9875486],
          [-121.1313844,47.9864981],
          [-121.1340925,47.985503],
          [-121.1350638,47.9855047],
          [-121.1348668,47.9841888],
          [-121.1352335,47.9840334],
          [-121.1352764,47.9835987],
          [-121.1354695,47.9832958],
          [-121.1356509,47.9830425],
          [-121.1356144,47.9828805],
          [-121.1364896,47.9825386],
          [-121.1387755,47.9836248],
          [-121.1399497,47.9831156],
          [-121.1416271,47.9834916],
          [-121.1442758,47.9819641],
          [-121.1466554,47.9820503],
          [-121.1473138,47.9808323],
          [-121.1504078,47.9822477],
          [-121.152548,47.984353],
          [-121.1585235,47.9856958],
          [-121.1644776,47.9863867],
          [-121.1657408,47.9861595],
          [-121.1680472,47.9845192],
          [-121.1689767,47.9830001],
          [-121.1709013,47.9825777],
          [-121.1718025,47.9817773],
          [-121.1744145,47.9809718],
          [-121.1749141,47.9799449],
          [-121.1746347,47.9790576],
          [-121.1764398,47.9779061],
          [-121.177725,47.9759065],
          [-121.1812586,47.9756051],
          [-121.1840933,47.9763996],
          [-121.1875373,47.9761313],
          [-121.1904443,47.9773367],
          [-121.1925662,47.9765733],
          [-121.1923298,48.0060723],
          [-121.1946119,48.0064461],
          [-121.1967466,48.0065909],
          [-121.2022313,48.0058549],
          [-121.2056531,48.0062467],
          [-121.2077518,48.0061192],
          [-121.207611,47.9981228],
          [-121.2134258,47.9946848],
          [-121.214685,47.9943105],
          [-121.2252293,47.9873442],
          [-121.2435369,47.9915809],
          [-121.2456242,47.9880807],
          [-121.2465614,47.9873344],
          [-121.2519426,47.9852367],
          [-121.2793571,47.9850234],
          [-121.2804097,47.9872784],
          [-121.2821743,47.9887546],
          [-121.285038,47.9902731],
          [-121.2869835,47.9904381],
          [-121.2891469,47.9921758],
          [-121.2910254,47.9930812],
          [-121.2927159,47.9930553],
          [-121.2953434,47.995046],
          [-121.3000509,47.996691],
          [-121.3032489,47.998501],
          [-121.304772,47.998906],
          [-121.3057089,47.9999658],
          [-121.3056269,48.0012712],
          [-121.3040094,48.0026267],
          [-121.3032493,48.0048367],
          [-121.301665,48.0058055],
          [-121.3006519,48.0071612],
          [-121.3008475,48.0075716],
          [-121.302458,48.0076747],
          [-121.3031408,48.0086342],
          [-121.30225,48.009973],
          [-121.3026908,48.0108292],
          [-121.3024479,48.011968],
          [-121.3015086,48.0124516],
          [-121.3017462,48.0134321],
          [-121.2997355,48.0156143],
          [-121.3019165,48.0177959],
          [-121.2998541,48.0183389],
          [-121.3000184,48.0193554],
          [-121.2990479,48.0195732],
          [-121.2976744,48.0208508],
          [-121.2986706,48.0212223],
          [-121.2983579,48.0223477],
          [-121.299641,48.023269],
          [-121.2979964,48.0280433],
          [-121.2983889,48.0294262],
          [-121.2978074,48.0301934],
          [-121.2965669,48.0304067],
          [-121.2955025,48.0311101],
          [-121.2986255,48.0334717],
          [-121.2980523,48.0347214],
          [-121.2985272,48.0357092],
          [-121.2980186,48.0359662],
          [-121.2967514,48.0350392],
          [-121.295708,48.0349036],
          [-121.2953302,48.0360703],
          [-121.295938,48.0366759],
          [-121.2951911,48.0372738],
          [-121.2951773,48.0398454],
          [-121.2958143,48.0411231],
          [-121.2949469,48.0419683],
          [-121.2947093,48.0432879],
          [-121.2918636,48.0446262],
          [-121.2918282,48.0452459],
          [-121.2909864,48.0457509],
          [-121.2906858,48.0473504],
          [-121.3029905,48.0471499],
          [-121.30293,48.065233],
          [-121.3136123,48.0651669],
          [-121.3136554,48.0688567],
          [-121.3191933,48.0687982],
          [-121.3191292,48.0761591],
          [-121.3243547,48.0761422],
          [-121.3243098,48.0869054],
          [-121.3615269,48.0868418],
          [-121.3615314,48.0860796],
          [-121.362959,48.0872409],
          [-121.369182,48.0852135],
          [-121.3703188,48.0843803],
          [-121.369499,48.0810861],
          [-121.3703972,48.0797194],
          [-121.3704776,48.0784031],
          [-121.3690878,48.0749827],
          [-121.3693378,48.0699016],
          [-121.3682495,48.0683001],
          [-121.367659,48.0681631],
          [-121.367141,48.0651416],
          [-121.3860201,48.0651154],
          [-121.3884794,48.0618164],
          [-121.3902702,48.0636747],
          [-121.3918449,48.0640536],
          [-121.3958828,48.0589237],
          [-121.3985848,48.0565775],
          [-121.3986672,48.0551405],
          [-121.3976368,48.0532759],
          [-121.3883783,48.0467277],
          [-121.3846333,48.0452023],
          [-121.3837204,48.0443129],
          [-121.3793881,48.0432809],
          [-121.3753632,48.0415289],
          [-121.3735665,48.0413317],
          [-121.3733926,48.0407239],
          [-121.3706436,48.0397664],
          [-121.3660813,48.0369721],
          [-121.3640363,48.0368582],
          [-121.3644622,48.0361352],
          [-121.3599106,48.0323318],
          [-121.3622547,48.0305527],
          [-121.3648629,48.0302008],
          [-121.3685662,48.0286483],
          [-121.3698397,48.0292893],
          [-121.3692434,48.0305066],
          [-121.3697705,48.03128],
          [-121.3714713,48.0313269],
          [-121.374692,48.0332664],
          [-121.377078,48.0339405],
          [-121.3788254,48.0337458],
          [-121.3826351,48.0356878],
          [-121.3857479,48.0358867],
          [-121.3896942,48.0375592],
          [-121.3975842,48.0387433],
          [-121.405454,48.0443437],
          [-121.4121474,48.0473313],
          [-121.4149372,48.0474487],
          [-121.4147541,48.0497114],
          [-121.4151889,48.0509183],
          [-121.4170272,48.051863],
          [-121.4190136,48.0517816],
          [-121.4224404,48.0507332],
          [-121.4306848,48.0430856],
          [-121.4310805,48.0408986],
          [-121.4323802,48.0391099],
          [-121.4328919,48.0374102],
          [-121.4325091,48.0364746],
          [-121.4308984,48.0364638],
          [-121.4311205,48.0351741],
          [-121.4303358,48.0316526],
          [-121.4334658,48.0266604],
          [-121.4329839,48.0214129],
          [-121.4335082,48.0204643],
          [-121.4345888,48.0206067],
          [-121.4349072,48.0202322]
        ]
      ],
      [
        [
          [-121.2815,47.9247],
          [-121.2695,47.9247],
          [-121.2695,47.9305],
          [-121.2815,47.9305],
          [-121.2815,47.9247]
        ]
      ]
    ]
  }
}
