{"type":"Feature","properties":{"id":"central-cascades","name":"Central Cascades start footprint","boundaryVersion":"central-cascades-boundary-v3","derivation":"Polygon union of the retained Central Cascades footprint and both pinned USFS pilot boundaries, without boundary simplification. The one sub-resolution interior sliver documented below is filled. Reviewed approach neighborhoods are added by the catalog loader.","sources":[{"id":"central-cascades","reviewedAt":"2026-09-28T00:00:00Z","authority":"Alpine Loop / OpenStreetMap contributors","dataset":"Reviewed Central Cascades hiking footprint retained from the Washington 2026-08-01 source","url":"https://download.geofabrik.de/north-america/us/washington-260801.osm.pbf","license":"Open Data Commons Open Database License (ODbL) 1.0; https://www.openstreetmap.org/copyright","originalProperties":{"id":"central-cascades","name":"Central Cascades build boundary","boundaryVersion":"central-cascades-boundary-v2","sourceNamedAreaIds":["osm:relation/6115914","osm:relation/6112652","osm:relation/6437099","osm:relation/6114550","osm:relation/3093637"]}},{"id":"glacier-peak","reviewedAt":"2026-09-28T00:00:00Z","authority":"USDA Forest Service","license":"US federal government public-domain geographic data; boundary and recreation metadata retained with attribution","dataset":"USFS Wilderness boundary; generalized trailhead-selection footprint","url":"https://apps.fs.usda.gov/arcx/rest/services/EDW/EDW_Wilderness_01/MapServer/0","originalProperties":{"wildernessname":"Glacier Peak Wilderness","wid":207,"gis_acres":566327.704,"boundarystatus":"Final","sourceUrl":"https://apps.fs.usda.gov/arcx/rest/services/EDW/EDW_Wilderness_01/MapServer/0","retrievedAt":"2026-09-28T00:00:00Z","query":"wid=207; outSR=4326; maxAllowableOffset=0.0001 degrees","limitation":"Generalized to about 11 metres for trailhead selection; not a legal boundary survey."}},{"id":"henry-m-jackson","reviewedAt":"2026-09-28T00:00:00Z","authority":"USDA Forest Service","license":"US federal government public-domain geographic data; boundary and recreation metadata retained with attribution","dataset":"USFS Wilderness boundary; generalized trailhead-selection footprint","url":"https://apps.fs.usda.gov/arcx/rest/services/EDW/EDW_Wilderness_01/MapServer/0","originalProperties":{"wildernessname":"Henry M. Jackson Wilderness","wid":241,"gis_acres":103240.071,"boundarystatus":"Final","sourceUrl":"https://apps.fs.usda.gov/arcx/rest/services/EDW/EDW_Wilderness_01/MapServer/0","retrievedAt":"2026-09-28T00:00:00Z","query":"wid=241; outSR=4326; maxAllowableOffset=0.0001 degrees; geometryPrecision=5","limitation":"Generalized to about 11 metres for trailhead selection; not a legal boundary survey."}}],"limitation":"Start selection only; this mixed OSM-derived and generalized USFS footprint is not a legal boundary survey, an exhaustive trail inventory, or current access permission.","filledInteriorSlivers":{"reason":"One union hole is below the geometry validator threshold of 1e-10 square degrees and far below the approximately 11 m USFS source generalization. Filling this 0.037 m² sliver adds coverage; no input footprint is removed. Larger holes remain intact.","rings":[{"areaSquareDegrees":4.4163355562219245e-12,"coordinates":[[-121.10926965953307,47.984323363326844],[-121.1092677845446,47.98432282246478],[-121.10925893653564,47.9843155593676],[-121.10926965953307,47.984323363326844]]}]}},"geometry":{"type":"MultiPolygon","coordinates":[[[[-121.73319523634241,47.51173934113827],[-121.73318970127562,47.50820914073252],[-121.73267197327834,47.50469630454683],[-121.73164713933458,47.501234656211665],[-121.73012516418929,47.49785751987173],[-121.72812079073623,47.49459739977444],[-121.7256533947609,47.49148566798442],[-121.72274679556212,47.48855226320265],[-121.71942902438215,47.485825403554315],[-121.71573205295849,47.48333131606835],[-121.7116914848675,47.481093985406694],[-121.70734621266097,47.479134924212744],[-121.70273804409567,47.477472967239805],[-121.6979113010254,47.47612409119188],[-121.69291239475923,47.475101261965214],[-121.68778938189126,47.47441431071908],[-121.68259150477233,47.47406983993368],[-121.67736872092354,47.474071160331825],[-121.67217122578427,47.4744182592521],[-121.58988694542002,47.482646555664545],[-121.5899318,47.4682938],[-121.5947686,47.4654488],[-121.5943078,47.4642564],[-121.5929521,47.4626987],[-121.5933492,47.4617168],[-121.5899272,47.461778],[-121.5899123,47.4414888],[-121.589,47.4410104],[-121.5899094,47.4410118],[-121.5897743,47.429337],[-121.5861928,47.4289963],[-121.5804356,47.4261227],[-121.5788452,47.42571],[-121.5784305,47.4261205],[-121.5777683,47.4253483],[-121.5755543,47.4240182],[-121.5760869,47.423259],[-121.5758586,47.4227414],[-121.5733271,47.4207502],[-121.5715917,47.4182566],[-121.570194,47.4171181],[-121.5685932,47.4163293],[-121.5641194,47.415],[-121.5610596,47.412408],[-121.5593337,47.4117076],[-121.5569394,47.4100035],[-121.5556472,47.4080593],[-121.5527934,47.4066793],[-121.550421,47.4072311],[-121.5491077,47.4060333],[-121.5463205,47.4054912],[-121.5388374,47.4032456],[-121.5342684,47.4030156],[-121.5334106,47.4043573],[-121.5316203,47.4043804],[-121.5311650452362,47.404137425340295],[-121.58158200503956,47.378921368353794],[-121.58561542226964,47.37668474369909],[-121.58930532437469,47.374191053722654],[-121.59261617546902,47.37146434868835],[-121.5955161101141,47.368530922258415],[-121.59797723942721,47.36541905696289],[-121.59997591815451,47.362158750592094],[-121.60149297019572,47.35878142619393],[-121.60251387049334,47.355319628511744],[-121.60302888164269,47.351806709822206],[-121.60303314403386,47.34827650822701],[-121.60252671879776,47.344763021515845],[-121.60151458329034,47.34130007975126],[-121.60000657931063,47.33792101972823],[-121.59801731469736,47.334658364433274],[-121.59556601939194,47.33154351057044],[-121.59267635747744,47.3286064271344],[-121.58937619710943,47.32587536789796],[-121.58569734063713,47.32337660053979],[-121.5816752175701,47.32113415497442],[-121.57734854337608,47.319169593257804],[-121.57275894739486,47.317501803234094],[-121.56795057342183,47.31614681786064],[-121.56296965675033,47.31511766190473],[-121.55786408166234,47.314424227446175],[-121.55268292352392,47.314073179348945],[-121.54747597977021,47.314067891583846],[-121.54229329416002,47.31440841499652],[-121.53718467873442,47.31509147682065],[-121.53219923793449,47.31611051194144],[-121.52738489931424,47.31745572561769],[-121.52278795523077,47.31911418707775],[-121.51845261979976,47.32106995311602],[-121.41847759090483,47.37104251681246],[-121.41840330288495,47.371079649724905],[-121.35980734594433,47.40036885525405],[-121.3598942,47.3939379],[-121.3385052,47.3940147],[-121.3386178,47.3781889],[-121.3167,47.378139],[-121.3164413,47.3927037],[-121.3168131,47.3927047],[-121.3167182,47.4071683],[-121.2976035,47.4070884],[-121.2956474,47.4060114],[-121.2845885,47.4036274],[-121.2839157,47.4065353],[-121.2833029,47.4072087],[-121.281765,47.4079101],[-121.2797187,47.4074674],[-121.2781846,47.4075549],[-121.2742304,47.408665],[-121.2698662,47.4115963],[-121.2709312,47.41365],[-121.2702811,47.4150945],[-121.2711113,47.4161107],[-121.2709206,47.4169594],[-121.2689487,47.4172199],[-121.2694164,47.4181117],[-121.2691083,47.4185633],[-121.2643076,47.4196187],[-121.262905,47.4216406],[-121.2600044,47.4260923],[-121.2607704,47.4293028],[-121.2599737,47.4314694],[-121.2601547,47.4321578],[-121.2577004,47.4362281],[-121.2559202,47.4382421],[-121.254941,47.438894],[-121.25492101164082,47.439498995031364],[-121.23421190283365,47.42835543061331],[-121.13614436074481,47.369557115079154],[-121.12936487693918,47.36583090070325],[-121.12213049373908,47.36252074105301],[-121.02369897119,47.32153821274132],[-121.02460063698322,47.321450336376515],[-121.02710161828254,47.32103562513504],[-121.02953147945509,47.32045849132152],[-121.03186732068343,47.31972437468727],[-121.03408713081609,47.31884019435859],[-121.03616999523204,47.317814283443234],[-121.03809629323148,47.31665631028756],[-121.03984788307758,47.31537718713642],[-121.04140827293575,47.3139889670669],[-121.04276277609708,47.31250473017839],[-121.04389864902666,47.31093846012225],[-121.04480521094656,47.30930491214531],[-121.04547394384323,47.30761947390015],[-121.04589857197848,47.305898020342205],[-121.04607512018235,47.304156764087914],[-121.0465003308409,47.289813768184366],[-121.04650444893231,47.28927841564594],[-121.04609162824968,47.26029131523888],[-121.04594030048591,47.258537864123696],[-121.04553771482958,47.2568027904196],[-121.0448877343418,47.25510263793974],[-121.04399657939689,47.25345361595355],[-121.04287276753065,47.25187144476587],[-121.04152703148824,47.250371206010605],[-121.03997221628052,47.24896719907907],[-121.038223156253,47.247672805041894],[-121.03629653335624,47.24650035935192],[-121.03421071797911,47.24546103452972],[-121.03198559386588,47.24456473393842],[-121.02964236878245,47.243819997648956],[-121.0272950821338,47.24325595968292],[-121.02664317753211,47.24265768455259],[-121.02490818501118,47.24135367833015],[-121.02299412872321,47.24017080504041],[-121.02091927569936,47.239120346576264],[-121.0187034229564,47.23821232126794],[-121.01636770881021,47.23745538856948],[-121.01393441155881,47.236856766691524],[-121.01142673743934,47.236422163955865],[-121.00886859986018,47.23615572451714],[-121.00628439198748,47.23605998896216],[-121.00491250662655,47.236054712157156],[-121.0037510881775,47.23517585360627],[-121.00188879405671,47.23401212807155],[-120.9998715156056,47.232974356713],[-120.99771766142808,47.23207200529051],[-120.99544688270923,47.23131330391744],[-120.9930798942105,47.230705172189666],[-120.99063828569359,47.230253156248374],[-120.98967636242718,47.23014062397816],[-120.98957315002781,47.22966672250885],[-120.98895993302337,47.227987352123606],[-120.98811198018481,47.22635575828768],[-120.98703715686419,47.2247870342789],[-120.98574542460182,47.22329569047948],[-120.98424874837751,47.22189552032989],[-120.98256098546256,47.220599472949885],[-120.98069775691616,47.21941953359543],[-120.9786763029256,47.21836661304738],[-120.97651532333269,47.21745044694449],[-120.97423480481957,47.216679505981155],[-120.97185583634509,47.216060917790514],[-120.96940041452454,47.215600401225714],[-120.9668912407349,47.21530221363854],[-120.96435151179807,47.21516911163636],[-120.96372392569309,47.21515678555546],[-120.96281577456256,47.21432285381716],[-120.96107776362933,47.21301634062059],[-120.95916008861366,47.211831498936085],[-120.95708112732049,47.21077967651421],[-120.95486079859397,47.20987094648722],[-120.95252037167947,47.209114011134766],[-120.95008226281625,47.208516118764656],[-120.94756982099328,47.20808299449376],[-120.94500710489804,47.20781878558354],[-120.94241865316837,47.20772602184548],[-120.92092992939398,47.20766925402942],[-120.92025665221989,47.20704705590088],[-120.91852010230416,47.20573424607935],[-120.91660259906499,47.20454335559064],[-120.9145226049071,47.203485843591395],[-120.91230014207105,47.20257188518027],[-120.90995660010374,47.20181027373331],[-120.90751453033869,47.201208336520565],[-120.90499742934793,47.2007718644049],[-120.90242951342735,47.20050505629046],[-120.89983548625844,47.200410478847225],[-120.80458508635715,47.200077016247405],[-120.80252795811595,47.199137498579624],[-120.80030925389828,47.19832081404073],[-120.79798624629925,47.197651331668624],[-120.79558002715774,47.19713512902931],[-120.79311244154196,47.19677689205631],[-120.79060588994355,47.19657987263637],[-120.78808312550323,47.19654585917808],[-120.78576651059676,47.19658964447131],[-120.78313407073051,47.196728856317186],[-120.78053511103748,47.19704551404302],[-120.7779954654275,47.19753647013691],[-120.77554037997714,47.19819684448949],[-120.77319426263624,47.199020072761115],[-120.77098044114581,47.19999797144982],[-120.7689209315458,47.20112081902256],[-120.76703621955153,47.202377452313954],[-120.76534505695713,47.20375537724628],[-120.7645095112392,47.20459360656797],[-120.76244838871193,47.20509396143145],[-120.76008782006049,47.20585254134913],[-120.7578486586367,47.206765373096836],[-120.75712298218535,47.20713175866262],[-120.75209857013554,47.207035121159954],[-120.75018940482245,47.207062781804396],[-120.74911998685414,47.2062464002263],[-120.7472395540584,47.20506394668644],[-120.74519975728656,47.20401049048318],[-120.74301969615846,47.20309589103878],[-120.74071977972052,47.20232870772185],[-120.73832153568752,47.20171611995042],[-120.73584740935478,47.20126386018886],[-120.7333205540431,47.200976160457074],[-120.73076461501415,47.200855712845396],[-120.7095158203745,47.20055261829667],[-120.70688806216629,47.200603565968514],[-120.70428067970616,47.20083127980399],[-120.70171935954001,47.20123351651499],[-120.69922933578925,47.201806313465774],[-120.69683514223932,47.20254402759593],[-120.6945603712269,47.203439390855166],[-120.69242744167188,47.20448358161167],[-120.69045737851404,47.205666311340046],[-120.68866960571003,47.20697592574619],[-120.68708175481822,47.20839951934462],[-120.68570949105462,47.20992306237228],[-120.68456635853732,47.21153153880102],[-120.68366364625702,47.213209094100876],[-120.68301027611298,47.21493919130969],[-120.68261271414424,47.21670477388041],[-120.68247490586182,47.21848843370967],[-120.68241617937286,47.23294691797849],[-120.68253639698096,47.23470889352481],[-120.6829102266734,47.23645440046168],[-120.68353409759888,47.238166649691266],[-120.68440203237631,47.23982917039506],[-120.68550570371839,47.241425968588224],[-120.68683451375841,47.242941681142206],[-120.6883756953471,47.24436172378675],[-120.69011443436933,47.24567243165788],[-120.69203401192219,47.246861191029325],[-120.69411596499816,47.2479165609483],[-120.6963402641328,47.24882838359316],[-120.69868550630447,47.24958788227922],[-120.70112912122092,47.25018774615758],[-120.70364758899126,47.250622200781464],[-120.70621666706671,47.250887063851486],[-120.70881162423854,47.25097978559544],[-120.70937050159414,47.250981120329705],[-120.70987990183289,47.25245096110007],[-120.71073063747097,47.254136097212125],[-120.71182284073245,47.25575584153721],[-120.7131458159267,47.25729430025089],[-120.71468659963367,47.2587363757996],[-120.71643008734966,47.2600679152856],[-120.7183591813186,47.261275849614364],[-120.72045495811189,47.262348322026526],[-120.72269685431752,47.26327480474016],[-120.72506286851484,47.26404620254581],[-120.7275297775421,47.26465494232503],[-120.73007336491787,47.265095047602294],[-120.73266865915032,47.265362197388264],[-120.73529017956702,47.26545376872871],[-120.7475029636461,47.265468643683576],[-120.7482193901642,47.266823911567386],[-120.7493365469641,47.26842239385989],[-120.75067979392281,47.269938656075816],[-120.75223614775102,47.271358021380664],[-120.75399055879198,47.2726667497236],[-120.75592605633418,47.27385217108766],[-120.75802391270041,47.274902808400654],[-120.76026382452923,47.27580848890503],[-120.76115851528624,47.2760935331649],[-120.76083808050271,47.35379713783594],[-120.76095885471725,47.355561838150855],[-120.7613346060721,47.357309999193966],[-120.76196173429268,47.359024754237176],[-120.76283421221478,47.360689557239475],[-120.76394364305479,47.36228834261958],[-120.7652793406457,47.36380568044844],[-120.76682843189415,47.36522692555641],[-120.76857598049462,47.36653835910651],[-120.77050513072558,47.36772732125745],[-120.77259726995206,47.36878233362354],[-120.77483220827024,47.36969321033781],[-120.77718837355866,47.370451156633905],[-120.77964302004264,47.371048853983474],[-120.7821724483429,47.37148053095639],[-120.7826561615366,47.37152956491379],[-120.78274442688047,47.37192102783705],[-120.78338340800119,47.373621811803524],[-120.7842641499152,47.37527232133429],[-120.78537828700861,47.37685683761711],[-120.7867152281906,47.37836026894988],[-120.78826225712066,47.37976829466903],[-120.79000465282377,47.38106750177246],[-120.7919258295627,47.3822455129252],[-120.79400749464628,47.38329110461739],[-120.79622982267483,47.384194314337776],[-120.7985716445606,47.384946535729554],[-120.80101064951275,47.385540600811424],[-120.80352359804772,47.38597084846987],[-120.80608654397315,47.386233178561056],[-120.80867506320453,47.38632509109962],[-120.83003704540936,47.386374808848785],[-120.83265921278249,47.38629283383266],[-120.83525660959651,47.38603599287396],[-120.8378038514265,47.385606796137104],[-120.8402760454859,47.3850094381783],[-120.84264903456412,47.3842497568308],[-120.84359253839962,47.38386634313051],[-120.86751182546263,47.40782313099633],[-120.87385902006022,47.41350136491935],[-120.88105673379148,47.41869475286258],[-120.88902479335461,47.42334527432769],[-120.89484523535455,47.42607441841471],[-120.8945983,47.4260656],[-120.8928211,47.4265923],[-120.8918596,47.4276889],[-120.8913625,47.4277296],[-120.8874481,47.4255192],[-120.8849343,47.4225541],[-120.8786529,47.4199056],[-120.8772615,47.4189173],[-120.8760257,47.4174423],[-120.8722189,47.4153413],[-120.8706322,47.4154275],[-120.8681424,47.4161795],[-120.8668706,47.4170547],[-120.8664824,47.4182421],[-120.8614704,47.4206359],[-120.8604062,47.4199155],[-120.8584963,47.4193244],[-120.8561787,47.4177175],[-120.8551702,47.4165404],[-120.8525814,47.4154912],[-120.8498519,47.4137629],[-120.8464733,47.4128816],[-120.8432695,47.4115993],[-120.8409658,47.412604],[-120.8375891,47.4148616],[-120.8371173,47.415544],[-120.8371596,47.4174575],[-120.8367045,47.4182198],[-120.8337385,47.419865],[-120.8309634,47.4224669],[-120.8286479,47.4238796],[-120.8231554,47.4223191],[-120.8193925,47.4208474],[-120.8161174,47.4205589],[-120.8134979,47.4196828],[-120.8094083,47.4201463],[-120.8069724,47.4208107],[-120.8054763,47.4215103],[-120.8036282,47.4230859],[-120.8025334,47.4226259],[-120.8017408,47.4209491],[-120.8001664,47.4190793],[-120.7875757,47.419048],[-120.7866352,47.4195225],[-120.7820732,47.419747],[-120.7781966,47.421659],[-120.7751567,47.4237523],[-120.7738557,47.4243615],[-120.7725154,47.4245244],[-120.7711659,47.4252586],[-120.7702053,47.4267658],[-120.7647523,47.429876],[-120.759878,47.4308538],[-120.7529151,47.4353496],[-120.7494457,47.435673],[-120.7476274,47.4363842],[-120.7475841,47.438408],[-120.7099145,47.4383814],[-120.7038558,47.439484],[-120.6970434,47.4429378],[-120.6915326,47.4441767],[-120.6901416,47.4450441],[-120.6859321,47.4489276],[-120.6838459,47.4499113],[-120.6835784,47.4509047],[-120.6839978,47.4529469],[-120.6813371,47.4560381],[-120.6800064,47.4593497],[-120.6803341,47.4642471],[-120.6807537,47.4652274],[-120.6813604,47.4653882],[-120.690708,47.4655454],[-120.6938798,47.4662032],[-120.6992224,47.4656581],[-120.709175,47.4636168],[-120.7115602,47.4636735],[-120.7170258,47.4646463],[-120.7197925,47.4667936],[-120.7213726,47.469745],[-120.7247612,47.4706987],[-120.7264751,47.4715786],[-120.7348961,47.4783504],[-120.7318695,47.481224],[-120.7309701,47.4827089],[-120.7303814,47.4829312],[-120.7291831,47.4827455],[-120.7270021,47.4833772],[-120.7232172,47.4854707],[-120.7217948,47.4857572],[-120.7207026,47.4864421],[-120.7202752,47.4878824],[-120.7187377,47.4885719],[-120.7190178,47.4892672],[-120.7179723,47.491436],[-120.7180356,47.4920222],[-120.7167331,47.4940074],[-120.7167016,47.4952891],[-120.7171483,47.4956849],[-120.7168648,47.497668],[-120.7161861,47.4987748],[-120.715655,47.5009411],[-120.7145227,47.5026158],[-120.7146326,47.5031963],[-120.7140689,47.5035515],[-120.7125278,47.5069815],[-120.7113679,47.5073238],[-120.7106542,47.5083528],[-120.7101958,47.5093298],[-120.7105219,47.5107002],[-120.7093727,47.5109552],[-120.707761,47.513722],[-120.7067768,47.5145827],[-120.7067928,47.5157985],[-120.70675662223191,47.515951338547744],[-120.70617215856699,47.51601367203978],[-120.69942654482827,47.517232739739995],[-120.69290669116808,47.51892189165749],[-120.59296961552599,47.548898381488165],[-120.58713025260035,47.550883029642975],[-120.58160673698116,47.55324415972834],[-120.57645219406625,47.55595908194542],[-120.57171622556969,47.55900170288986],[-120.56744443335108,47.562342774822255],[-120.56367798056989,47.565950175255146],[-120.56045319437786,47.5697892142432],[-120.5578012140081,47.573822966496735],[-120.5557476877271,47.57801262519557],[-120.5543125216884,47.58231787416491],[-120.55350968326323,47.58669727488875],[-120.55334706093201,47.59110866468244],[-120.55382638229936,47.59550956222431],[-120.55494319125317,47.59985757656196],[-120.5566868847255,47.60411081565839],[-120.5590408089382,47.608228290532885],[-120.56198241443339,47.612170311077925],[-120.56548346860164,47.615898869699606],[-120.56951032384217,47.61937800903301],[-120.57402423891689,47.62257417012684],[-120.57898175050933,47.62545651767116],[-120.58433509147054,47.627997239057486],[-120.59003265173854,47.63017181431054],[-120.5960194774586,47.63195925421125],[-120.60223780341818,47.63334230424124],[-120.60862761354545,47.63430761231496],[-120.61512722391252,47.634845858623365],[-120.62167388243455,47.6349518462902],[-120.62820437927071,47.63462455193272],[-120.63465566181428,47.63386713562022],[-120.64096544810654,47.63268691013042],[-120.64707283252834,47.6310952698117],[-120.734162055372,47.60497130668711],[-120.75430025425233,47.604970061959996],[-120.7543193,47.6132781],[-120.7514006,47.613284],[-120.7515464,47.6421312],[-120.7526743,47.6432106],[-120.7545566,47.6441248],[-120.7599904,47.6438036],[-120.7667993,47.6442153],[-120.7677781,47.6453636],[-120.7668569,47.6493454],[-120.7646396,47.6512774],[-120.7680252,47.6517707],[-120.7714223,47.6512924],[-120.7781084,47.6529157],[-120.7839012,47.6534912],[-120.7838573,47.6596812],[-120.7812212,47.660737],[-120.7779216,47.6659867],[-120.7761343,47.666875],[-120.7730987,47.6676155],[-120.7718843,47.6682341],[-120.7707015,47.6682738],[-120.7656409,47.669865],[-120.7622055,47.6702165],[-120.7624466,47.6962353],[-120.7655077,47.6977617],[-120.7671221,47.6990304],[-120.7673915,47.7008938],[-120.7700665,47.7063447],[-120.7716231,47.7080801],[-120.773849,47.7096935],[-120.7780703,47.7115525],[-120.7797939,47.7127196],[-120.7799039,47.7158576],[-120.8007804,47.7157826],[-120.8009628,47.7014878],[-120.8224191,47.701474],[-120.8223247,47.7159773],[-120.8226251,47.7159875],[-120.8225915,47.7204545],[-120.8270239,47.7198797],[-120.8309732,47.7217976],[-120.8352117,47.7225112],[-120.8411901,47.7224394],[-120.84249354865793,47.72264874362115],[-120.84151115468799,47.72286851464769],[-120.83237578549544,47.72557065750659],[-120.71248808600407,47.76552107337906],[-120.70340465429103,47.768918863097646],[-120.6948531457877,47.77289221355583],[-120.68691407318762,47.77740377605059],[-120.67966224848975,47.782411132510845],[-120.67316607998859,47.78786719054319],[-120.66748692673461,47.79372062248856],[-120.6626785165605,47.79991634453949],[-120.6587864332782,47.80639603158684],[-120.65584767810397,47.81309866311575],[-120.65389030976675,47.819961095161595],[-120.6529331670971,47.82691865306633],[-120.65298567718918,47.83390573955183],[-120.65404775147357,47.84085645244862],[-120.65610977124426,47.847705206292595],[-120.65915266335247,47.85438735192779],[-120.66314806592133,47.860839788235246],[-120.66805858305588,47.86700156014562],[-120.67383812663309,47.8728144371889],[-120.68043234236593,47.878223466988686],[-120.68777911645499,47.883177498319846],[-120.69580915828192,47.887629668616675],[-120.7594510886262,47.91951503065507],[-120.74689928378639,47.93410991826855],[-120.74253419782764,47.93974398431197],[-120.73892651965487,47.945613764209995],[-120.66870487034814,48.07555214619239],[-120.66869719128327,48.07556883142424],[-120.6676617,48.0756208],[-120.66761055365657,48.07566870779797],[-120.66707,48.07597],[-120.66668199798406,48.07653846806988],[-120.6666241,48.0765927],[-120.663666,48.0780267],[-120.66363415591168,48.07806667527065],[-120.66313,48.07847],[-120.6625359629376,48.0794452847293],[-120.6624449,48.0795596],[-120.6623405,48.0812422],[-120.6626454,48.0828814],[-120.6615618,48.0837017],[-120.6610597,48.0848609],[-120.6584993,48.0847947],[-120.65829468386033,48.08482859211611],[-120.65482,48.08529],[-120.6545486292036,48.085449079432365],[-120.6545153,48.0854546],[-120.6540189,48.0877198],[-120.6551104,48.0893539],[-120.6536265,48.0903225],[-120.6535022,48.0908278],[-120.65354185763118,48.09084967186806],[-120.65392,48.09119],[-120.6557358507242,48.092059696925794],[-120.6558024,48.0920964],[-120.6566846,48.0929961],[-120.65623103038976,48.09596535242027],[-120.65608,48.0965],[-120.65606346084444,48.097062331289166],[-120.6560468,48.0971714],[-120.6522986,48.09899],[-120.6477381816804,48.10199453010694],[-120.64734,48.10217],[-120.64659409282672,48.10274828758378],[-120.6464347,48.1028533],[-120.6450124,48.1055241],[-120.6457978,48.1072238],[-120.64566561554986,48.10812631023113],[-120.64526011788945,48.10876036111832],[-120.6434673,48.1112829],[-120.6384854867985,48.11420033046608],[-120.63812,48.11439],[-120.63614259838499,48.11557236385227],[-120.6351955,48.116127],[-120.63358631115581,48.116002923778396],[-120.63293,48.11587],[-120.63186237518688,48.11587],[-120.6317249,48.1158594],[-120.63167407696265,48.11584401856764],[-120.63004,48.1152],[-120.62916,48.11508],[-120.62915655334382,48.11508209796463],[-120.6291407,48.1150773],[-120.62760720587765,48.11580698733785],[-120.62752,48.11583],[-120.62741286490801,48.115899461213495],[-120.625969,48.1165865],[-120.6260278,48.1175685],[-120.62594824265223,48.11769121032359],[-120.62523,48.11864],[-120.62510247010997,48.118995741272194],[-120.6243986,48.1200814],[-120.6245106,48.1213658],[-120.6244981401608,48.12142840970521],[-120.62435,48.1217],[-120.62431842739363,48.1223314521274],[-120.6240371,48.1237451],[-120.62329106621709,48.125387225980276],[-120.62251257539529,48.12620633371452],[-120.6222873,48.1264218],[-120.621388,48.1270691],[-120.6182621,48.1274407],[-120.61689549542467,48.128519135633425],[-120.61684923395231,48.12854665828154],[-120.61670650583318,48.1285668155641],[-120.61616,48.12855],[-120.61557242679905,48.1287269798798],[-120.6128632,48.1291096],[-120.6112037,48.1299448],[-120.6103923,48.1307171],[-120.61031156460778,48.13073085684473],[-120.60769,48.13102],[-120.60706348562705,48.131284310751084],[-120.6070389,48.1312885],[-120.60702787319492,48.13130751705402],[-120.60681,48.13148],[-120.60665062341454,48.131958129756384],[-120.6066173,48.1320156],[-120.6068617,48.1334916],[-120.6048066,48.1352224],[-120.6046963836203,48.135386147005946],[-120.60368,48.13667],[-120.6035079142463,48.137151840110405],[-120.60346253407953,48.137219260819165],[-120.602,48.13632],[-120.60199060705389,48.13631978009825],[-120.6019828,48.136315],[-120.5989952,48.1362423],[-120.59889255112262,48.13632081476431],[-120.59765,48.13707],[-120.59663920821605,48.13804436685481],[-120.5965232,48.1381331],[-120.5943172,48.1391202],[-120.59425176097817,48.13911807331984],[-120.59269,48.13888],[-120.59050160112093,48.138996198170574],[-120.5904155,48.1389934],[-120.5874081,48.1392943],[-120.58735237505086,48.13931502776647],[-120.58661,48.13948],[-120.58591382121199,48.13985012036831],[-120.5858015,48.1398919],[-120.5822575,48.1399366],[-120.578877,48.1407996],[-120.5783406277839,48.14100810695066],[-120.57559,48.142],[-120.57513912829056,48.14225264363029],[-120.57378521957551,48.142778956084896],[-120.57338,48.14286],[-120.57231158278078,48.143351811100906],[-120.5721017,48.1434334],[-120.57201177513491,48.14344068933035],[-120.57055,48.14345],[-120.56574308501044,48.1439488308008],[-120.5652315,48.1439903],[-120.5618778,48.1454944],[-120.5606328,48.1463732],[-120.5595814,48.1466215],[-120.55951544246737,48.14662792496853],[-120.55797,48.14659],[-120.55703,48.14685],[-120.55037,48.1474],[-120.54845434839595,48.14770539373398],[-120.5400743,48.1485217],[-120.5387527,48.1489831],[-120.5360738,48.1508455],[-120.5346372,48.1510918],[-120.5309583,48.1509194],[-120.53081693887137,48.15097479951088],[-120.53067,48.15097],[-120.52819,48.15186],[-120.52773398388618,48.15218301141395],[-120.5276988,48.1521968],[-120.52771427647001,48.15219697083375],[-120.52771,48.1522],[-120.52974,48.15223],[-120.53072,48.15303],[-120.53203458675793,48.15363896298346],[-120.53457861351345,48.15520494423351],[-120.53468639248759,48.155271586194615],[-120.5354286,48.1560079],[-120.53543835891566,48.156008381092484],[-120.53544,48.15601],[-120.5365092437987,48.15606940243326],[-120.53653850504294,48.156114279924175],[-120.5368,48.15674],[-120.53754169320942,48.157652853180814],[-120.5375695,48.1576955],[-120.53758748529378,48.15770494174735],[-120.53861,48.15838],[-120.53895569623711,48.15842321202964],[-120.5395138,48.1587162],[-120.53955513113982,48.15876476484281],[-120.53985,48.15929],[-120.54020750470602,48.15953131567657],[-120.5402672181283,48.159601480036386],[-120.54047,48.16009],[-120.54094473514468,48.16039757488247],[-120.54123081834327,48.16073372785641],[-120.54131,48.16102],[-120.5418102312666,48.16141454860465],[-120.54204118459526,48.16168592297635],[-120.54208,48.16188],[-120.54239057142706,48.16209645887341],[-120.5423935,48.1620999],[-120.54239500282422,48.16209954742294],[-120.54241,48.16211],[-120.54368,48.16196],[-120.54376815529588,48.1617773926014],[-120.54510873281029,48.161462880179194],[-120.54516,48.16146],[-120.54596,48.16163],[-120.5464003780695,48.1615419243861],[-120.5467119,48.1621587],[-120.54672717978742,48.16215453583815],[-120.54673,48.16216],[-120.54678038642305,48.16214003556822],[-120.54818275218346,48.16175785237198],[-120.54823,48.16176],[-120.5500776,48.1619984],[-120.55142429687604,48.16256930000045],[-120.55159,48.16264],[-120.55251,48.16241],[-120.55292092059,48.162156843565086],[-120.5543750481456,48.16164455208652],[-120.55442,48.16164],[-120.55448447347504,48.161655414348054],[-120.55962395250656,48.16304026121371],[-120.56069,48.16349],[-120.56249,48.16382],[-120.56252003252816,48.163836496740814],[-120.56337469569047,48.16439275856849],[-120.56385,48.16489],[-120.56509548191532,48.16551274095766],[-120.5651157,48.1655259],[-120.56512900477092,48.16552950238546],[-120.56513,48.16553],[-120.56513487922646,48.16553109294672],[-120.56662018463483,48.16593325264156],[-120.56714,48.1662],[-120.56815093151523,48.16634771602049],[-120.5705194,48.166989],[-120.5705234045914,48.16698741679829],[-120.57053,48.16699],[-120.57092,48.16703],[-120.57159,48.16658],[-120.57164465196291,48.166465491125315],[-120.57274699450542,48.164829813716494],[-120.57284,48.16472],[-120.57334,48.16507],[-120.57447,48.16539],[-120.57451233881247,48.16539402100454],[-120.5774467,48.1659283],[-120.5774545566391,48.16592832163039],[-120.57746,48.16593],[-120.57942,48.16594],[-120.57984885381003,48.16611031036475],[-120.5814917,48.1667686],[-120.5839029,48.1692103],[-120.5842609,48.1701706],[-120.5850205,48.1708764],[-120.58504749481098,48.170882778248895],[-120.5862,48.17131],[-120.58805,48.1716],[-120.58963646398719,48.1722760190186],[-120.5909417,48.1728366],[-120.5944445,48.1750852],[-120.59448775761471,48.17510262905693],[-120.59657,48.17605],[-120.59793927573,48.17649329070395],[-120.597946,48.176496],[-120.59799163077103,48.17654825032869],[-120.59855,48.1774],[-120.5992312817085,48.17796773475707],[-120.5992578,48.1779981],[-120.6016485,48.1789976],[-120.6017215846574,48.1790615846574],[-120.60278,48.18012],[-120.60325837713195,48.18040702627917],[-120.603266,48.1804137],[-120.60327310432288,48.180415862593726],[-120.60328,48.18042],[-120.60397,48.18074],[-120.60546026722406,48.18108772901895],[-120.6054803147879,48.18117693892662],[-120.60561,48.18227],[-120.60579538541485,48.18257897569143],[-120.6058022,48.1826093],[-120.6086253,48.1856639],[-120.6087258844398,48.18592476644753],[-120.60983,48.1892],[-120.61043031105136,48.19034520877492],[-120.6104642,48.1904331],[-120.61047339297532,48.19042739582985],[-120.61048,48.19044],[-120.61153,48.18979],[-120.61194625322788,48.18992082244305],[-120.6122182,48.1900074],[-120.61221990916007,48.19000682859317],[-120.61223,48.19001],[-120.61226148919336,48.18999292754577],[-120.61381304929715,48.189474209573746],[-120.61385,48.18947],[-120.61401,48.18931],[-120.61393510054782,48.18904161029636],[-120.61406894654772,48.18844890149866],[-120.61411,48.18835],[-120.61494,48.18807],[-120.61543739132267,48.187602452156696],[-120.61812193365867,48.1881687364582],[-120.61821,48.18823],[-120.61851,48.18825],[-120.61964,48.18714],[-120.61971132972837,48.18713221857509],[-120.62196609623389,48.187100853382056],[-120.62201,48.18711],[-120.62304,48.18692],[-120.62358,48.18663],[-120.62361614658427,48.186635608952734],[-120.62444171273188,48.18687474361329],[-120.62487,48.18711],[-120.62811,48.18794],[-120.62876,48.18793],[-120.63171,48.1872],[-120.63287,48.18741],[-120.63488,48.18744],[-120.63699390337483,48.187858792178034],[-120.63812578567261,48.18847157134525],[-120.63826,48.18874],[-120.63907,48.18898],[-120.64222,48.18901],[-120.64377673164277,48.18862081708931],[-120.6447915,48.1893074],[-120.64480623107752,48.189306729905496],[-120.64481,48.18931],[-120.64628,48.18925],[-120.64761,48.18957],[-120.65077,48.18894],[-120.65424,48.18925],[-120.65433872067597,48.18918861598994],[-120.65729655936155,48.187721158213094],[-120.65738,48.18769],[-120.65976,48.18778],[-120.66379,48.18739],[-120.66720403514418,48.186641308082415],[-120.6679152,48.1872206],[-120.66791830114921,48.187220413441715],[-120.66793,48.18723],[-120.66955,48.18713],[-120.66957158029979,48.187103384296925],[-120.6706618512288,48.186474006953496],[-120.67072471479491,48.18645186183361],[-120.6716313,48.186945],[-120.6716435988478,48.18694652111294],[-120.67165,48.18695],[-120.67486,48.18735],[-120.67792895207525,48.186580262834546],[-120.6809682540512,48.187321883554326],[-120.68099,48.18733],[-120.68110257501104,48.18729511760221],[-120.68360913639907,48.186767253754425],[-120.68368,48.18676],[-120.68401,48.18642],[-120.6843964681804,48.186526278749604],[-120.684178,48.1867485],[-120.68419015320912,48.186749846790896],[-120.68419,48.18675],[-120.68419184386646,48.18675003414568],[-120.6877,48.1871388],[-120.6893578,48.1879369],[-120.68936381908568,48.187937021246114],[-120.68937,48.18794],[-120.69093378417129,48.18796969210452],[-120.6909917221078,48.1879973933031],[-120.69194,48.18862],[-120.69263,48.18878],[-120.69331,48.18882],[-120.69395162528721,48.188546239877454],[-120.69452387563057,48.188450044162856],[-120.69471,48.18843],[-120.6989,48.18913],[-120.70052,48.19001],[-120.70261,48.19077],[-120.70298,48.19071],[-120.70316,48.19041],[-120.70359247591895,48.19043883172793],[-120.70359612860584,48.1904816141825],[-120.70352,48.19071],[-120.70363,48.19074],[-120.70645,48.19076],[-120.7064762754711,48.19076710983335],[-120.70940127663269,48.19180130174274],[-120.70942,48.19181],[-120.71245469593671,48.19238898804056],[-120.7139635,48.193341],[-120.7139667689798,48.193341643566185],[-120.71398,48.19335],[-120.71685,48.19391],[-120.71876,48.19377],[-120.71988401080546,48.19415348603951],[-120.7204474,48.1943477],[-120.7204505830372,48.19434678715387],[-120.72046,48.19435],[-120.72119,48.19429],[-120.72161358971657,48.19401325471851],[-120.72273540274244,48.193691535989664],[-120.72282,48.19368],[-120.722830072264,48.19368472525966],[-120.7241206,48.1946094],[-120.72413144869164,48.19461061032807],[-120.72414,48.19462],[-120.72421112289146,48.19461949913457],[-120.7261795,48.1948391],[-120.72618605294534,48.19483855901179],[-120.72619,48.19484],[-120.72619936671657,48.194837459873476],[-120.72717126500113,48.19475722335549],[-120.72754,48.19483],[-120.72919490451928,48.19459015876532],[-120.73004149817696,48.19452026695841],[-120.73227,48.19447],[-120.73327,48.19426],[-120.73469,48.19485],[-120.73588,48.19458],[-120.73676,48.19481],[-120.73917401095629,48.1947401732368],[-120.7397831,48.1950128],[-120.7414771,48.1970572],[-120.74148857834253,48.19705828391642],[-120.74149,48.19706],[-120.74312,48.19722],[-120.74409,48.19679],[-120.74424571403735,48.19649577289456],[-120.74696181562405,48.19184884213928],[-120.74707,48.19169],[-120.7473032678817,48.19140798957584],[-120.75118399206382,48.187046600348864],[-120.75158,48.18663],[-120.75173161150295,48.18653367224951],[-120.75516642251436,48.18477683275473],[-120.75531,48.18472],[-120.75633,48.18383],[-120.75965,48.1823],[-120.75999677218725,48.18204066607199],[-120.76370475002342,48.1794332954439],[-120.7638,48.17939],[-120.76981124683529,48.17928015994155],[-120.76991165434887,48.17929501082785],[-120.7802,48.18098],[-120.79226927858029,48.18260184040279],[-120.7923116,48.1826081],[-120.7937204,48.185192],[-120.7956628,48.1875322],[-120.7959608,48.1887479],[-120.7977753,48.1899927],[-120.8000512,48.1935192],[-120.8016199,48.1969945],[-120.7945056,48.2022448],[-120.7946118,48.209893],[-120.7923936,48.2144275],[-120.79237016557241,48.21463737334365],[-120.79207,48.2162],[-120.79192673592273,48.21860862729916],[-120.7918962,48.2188821],[-120.79191273769732,48.21898992595198],[-120.79195,48.22035],[-120.7922831372153,48.22140493451512],[-120.79229549114699,48.221485482273316],[-120.79215240661911,48.22144092900715],[-120.78379927154525,48.21865617063628],[-120.78223,48.21801],[-120.78063829820344,48.2176023690521],[-120.78058084326167,48.21758321479102],[-120.7792,48.21656],[-120.77826,48.21612],[-120.77824682766727,48.21611715986878],[-120.7782426,48.2161145],[-120.7722777,48.2145417],[-120.76845256974532,48.211664161013786],[-120.76831,48.21155],[-120.76768,48.21121],[-120.767,48.21111],[-120.76699570221214,48.21111114891358],[-120.7669803,48.211106],[-120.76692175560609,48.21113091681817],[-120.76599,48.21138],[-120.76229082754715,48.21310186543841],[-120.7620673,48.213197],[-120.7576678,48.2158152],[-120.7548942,48.2179746],[-120.7513476,48.2215405],[-120.7476506,48.2227144],[-120.7436707,48.2248453],[-120.7411922,48.2255525],[-120.73869489532518,48.22761969346591],[-120.73896,48.22652],[-120.73883,48.22592],[-120.73816,48.2247],[-120.73728,48.22417],[-120.73385474611663,48.22302170571818],[-120.73378092782265,48.222992948263894],[-120.7315,48.22122],[-120.73149250804036,48.22121767854772],[-120.731487,48.2212134],[-120.73147420468096,48.22121200708424],[-120.73079,48.221],[-120.72866799972653,48.22090651981174],[-120.7285089,48.2208892],[-120.72774917443745,48.22042917443745],[-120.72733,48.22001],[-120.72683,48.21987],[-120.72682623937013,48.21987032299889],[-120.7268191,48.219866],[-120.7251874,48.2200002],[-120.72410903795165,48.219762405776265],[-120.72379,48.21969],[-120.72371693030533,48.2196474867231],[-120.72307002613378,48.21919163236261],[-120.72243,48.21852],[-120.72179,48.21827],[-120.7209,48.21747],[-120.71994,48.21698],[-120.71992888086055,48.21697815959071],[-120.7199261,48.2169762],[-120.71991366716814,48.21697564146231],[-120.71849,48.21674],[-120.7146683797851,48.21674],[-120.71455012241958,48.216734687357146],[-120.71447543972631,48.21669451937471],[-120.70938081783275,48.213626605283004],[-120.70928,48.21356],[-120.7069765093583,48.21260444376186],[-120.7042794,48.2114821],[-120.70121580069336,48.21117867164789],[-120.7011930109715,48.21117146265424],[-120.69932722733982,48.210326220542875],[-120.6993,48.21031],[-120.69928625024038,48.21030765699163],[-120.6992848,48.210307],[-120.6970572,48.209925],[-120.69697512203066,48.2099353860856],[-120.69478,48.21006],[-120.69213768843814,48.21054751135828],[-120.69205648879975,48.21055778630053],[-120.69191089366947,48.210533931731156],[-120.690282,48.2102615],[-120.6890376,48.2107674],[-120.6863407,48.211091],[-120.6814787,48.2109391],[-120.68147190985674,48.21094621848675],[-120.68117,48.21105],[-120.67947263837216,48.213042166542145],[-120.6792556,48.2132697],[-120.6769564,48.2135787],[-120.675671,48.2140926],[-120.6757277,48.2152185],[-120.6746267,48.2169734],[-120.6730526,48.2220704],[-120.67202777035874,48.222406401593595],[-120.67128,48.22253],[-120.6692535422384,48.22331596258978],[-120.6691238,48.2233585],[-120.6668121,48.2236715],[-120.6652525,48.2243777],[-120.6649078,48.2257204],[-120.6647505,48.2304501],[-120.66320499765403,48.232799017854866],[-120.6631530894505,48.232831354112804],[-120.65878322700469,48.23404922576651],[-120.65816,48.23407],[-120.6576606074745,48.23436209751492],[-120.6576179,48.234374],[-120.65755488023646,48.23444635579113],[-120.65703,48.23491],[-120.6550280331968,48.237347541170415],[-120.6546215,48.2378143],[-120.654599544394,48.23789997038394],[-120.65421,48.23867],[-120.65402038300476,48.24015984781973],[-120.6539808,48.2403143],[-120.65338289337768,48.24138664977321],[-120.65326915795873,48.24151834341621],[-120.65091654478994,48.24334040269453],[-120.64989,48.24404],[-120.64693063284514,48.246909386396766],[-120.643472,48.2487413],[-120.6433434,48.2491545],[-120.64377108668822,48.25027574259749],[-120.64133329011028,48.25251490389871],[-120.6411088,48.2527089],[-120.64111184818368,48.25271830240906],[-120.64111,48.25272],[-120.64133508433045,48.25340689528432],[-120.642259,48.2562568],[-120.64226964460555,48.256258915434195],[-120.64227,48.25626],[-120.65328,48.25845],[-120.65391939707321,48.25816774363435],[-120.65445129647452,48.25794506220369],[-120.65558,48.25767],[-120.65758,48.25665],[-120.65999,48.25495],[-120.66241,48.25419],[-120.66523,48.25223],[-120.66744,48.25128],[-120.66847,48.25059],[-120.66871404019307,48.25047676050595],[-120.67325081447348,48.24860389466905],[-120.67347,48.24857],[-120.6744,48.24814],[-120.67485,48.24752],[-120.67498751312294,48.247433522675266],[-120.67622116856496,48.24675682654792],[-120.67692,48.24649],[-120.67726551640966,48.24618397118002],[-120.6780651155347,48.24574536765029],[-120.67812,48.24573],[-120.68082,48.24609],[-120.68255203935803,48.246096321311526],[-120.68663891293834,48.24643704076544],[-120.68694,48.24647],[-120.68876820063826,48.2469071784135],[-120.6912202,48.2481748],[-120.6919771,48.248668],[-120.6935943,48.2509364],[-120.69428399481447,48.252863813321156],[-120.69429,48.25308],[-120.6945745229024,48.25367571982689],[-120.6945996,48.2537458],[-120.6945718132368,48.25382872348104],[-120.69396,48.25509],[-120.693754186305,48.25626875116234],[-120.6937281,48.2563466],[-120.6921941,48.2580974],[-120.69221635608024,48.258131074170045],[-120.6923,48.25854],[-120.69362547865155,48.260263122247004],[-120.6936827,48.2603497],[-120.6935211,48.2612462],[-120.6939221,48.262217],[-120.6931767,48.2632098],[-120.6929606,48.2647171],[-120.69300030318628,48.26476538359285],[-120.69315,48.2651],[-120.69368291574946,48.26559551815301],[-120.6945704,48.2666748],[-120.6942208,48.2678555],[-120.6957872,48.2821661],[-120.696617,48.2831995],[-120.6964872,48.2840221],[-120.6974863,48.2857877],[-120.6961464,48.2880013],[-120.69616,48.28802626875],[-120.69616,48.28826],[-120.69658240933089,48.28880178588092],[-120.6966072,48.2888473],[-120.6963373,48.2894114],[-120.6950983,48.2896833],[-120.6940027,48.2906601],[-120.6921054,48.2906041],[-120.6916056,48.2915208],[-120.6917008,48.2929983],[-120.6899147,48.2952299],[-120.6883981,48.2986545],[-120.6873672,48.2996929],[-120.6869616,48.3006115],[-120.6855465,48.3011794],[-120.6848632,48.3034755],[-120.6848693158942,48.30356680835962],[-120.6848,48.30413],[-120.6850092239593,48.30565559136989],[-120.6850239,48.3058747],[-120.6847563,48.3073179],[-120.6828512,48.3088811],[-120.683561,48.3095882],[-120.6939779,48.3166717],[-120.69397992864486,48.316672367448355],[-120.69399,48.31668],[-120.69791,48.3181],[-120.70072,48.31889],[-120.71226,48.3175],[-120.71606,48.31602],[-120.72007,48.31543],[-120.72291,48.31559],[-120.7229813838208,48.3155749718272],[-120.7258332852785,48.31531],[-120.72594,48.31531],[-120.7310792588274,48.31653743463257],[-120.7300435,48.3177038],[-120.7300375,48.3205739],[-120.7291155,48.3228051],[-120.7291310356188,48.32283278361368],[-120.72915,48.32325],[-120.73188676584937,48.327743342511546],[-120.73197001383757,48.327891685823474],[-120.73199,48.34477],[-120.73310775390274,48.344084035961046],[-120.7385142,48.3418041],[-120.7439061980592,48.339278487437205],[-120.74414,48.33921],[-120.74541874734636,48.3385165947488],[-120.74792032129785,48.33823155604122],[-120.74941,48.3381],[-120.7531,48.336],[-120.75434313052251,48.33685366874489],[-120.7562459,48.3381653],[-120.7571063,48.3446962],[-120.75806296342857,48.345141024239204],[-120.76486,48.34832],[-120.76706,48.34767],[-120.7688,48.34738],[-120.7703,48.34737],[-120.77217628765072,48.346936704758626],[-120.7779073,48.3461921],[-120.7779270559041,48.34618530762527],[-120.77809,48.34618],[-120.786720241415,48.34325618385171],[-120.79107823980482,48.34207220840576],[-120.79132354827843,48.34205054761338],[-120.7950297,48.3419417],[-120.7958971,48.3415444],[-120.79623276244399,48.34122790496409],[-120.79727,48.34057],[-120.7976,48.34001],[-120.79783152144824,48.33983801263845],[-120.8007949,48.3387499],[-120.802857,48.3398097],[-120.80287415368244,48.33984551547782],[-120.80294,48.34025],[-120.80339414997812,48.34093122496717],[-120.8034405,48.341028],[-120.8061735,48.3439387],[-120.806582,48.3450927],[-120.8060104,48.3458315],[-120.8061731,48.3459778],[-120.80618867320285,48.3459788390525],[-120.80619,48.34598],[-120.80736,48.34622],[-120.8090278171454,48.346170065354926],[-120.8105698,48.3465983],[-120.8115548,48.3474756],[-120.8118111,48.3487401],[-120.8125417,48.349761],[-120.8163631,48.3524526],[-120.8170092,48.3535742],[-120.8202807,48.3561798],[-120.82029021171643,48.356182211152394],[-120.8203,48.35619],[-120.82116,48.35651],[-120.82177623537093,48.356558907569124],[-120.8217766,48.356559],[-120.8217779913728,48.35655904693435],[-120.82179,48.35656],[-120.82664,48.35673],[-120.831,48.35753],[-120.84385,48.35903],[-120.85196773076841,48.360737419386716],[-120.8547161,48.3695517],[-120.8561718,48.3832135],[-120.8630252670634,48.38758697617939],[-120.86554007756276,48.38919366066509],[-120.8746651,48.4074804],[-120.87467397828934,48.407477936792105],[-120.87468,48.40749],[-120.8801,48.40598],[-120.88183,48.40597],[-120.88317,48.40553],[-120.88551,48.40357],[-120.88697,48.40297],[-120.88707512389091,48.40294480501789],[-120.88928692428843,48.40262556110057],[-120.8894,48.40262],[-120.88948395173877,48.402637807944586],[-120.89088708278265,48.40303335204745],[-120.89171,48.40337],[-120.8922,48.4034],[-120.89306,48.40276],[-120.89317014082289,48.402601971862815],[-120.8944058,48.401644],[-120.8961721,48.4014064],[-120.89670519976282,48.40086347264251],[-120.89736,48.40037],[-120.89778,48.39906],[-120.89770228424673,48.398775723955175],[-120.8977324,48.3986647],[-120.8973137,48.3966586],[-120.89638281726396,48.39549478677464],[-120.89642458580441,48.395269236656155],[-120.89651357493,48.395154103544165],[-120.89751,48.39413],[-120.89781,48.39359],[-120.89779127156507,48.391792070246474],[-120.8977975913039,48.39165165434889],[-120.89791,48.39138],[-120.89816701694915,48.39117438644068],[-120.89856561519126,48.39091083769277],[-120.89963946712666,48.390433570165925],[-120.9030205,48.3892949],[-120.90303615878244,48.38928305782114],[-120.90336,48.38919],[-120.90441,48.38851],[-120.90456700756366,48.38812533146906],[-120.90484732600312,48.38791333662781],[-120.90533303013977,48.38769504263381],[-120.9099983,48.3873081],[-120.91025955495525,48.38731627392048],[-120.91313,48.38744],[-120.91590902720321,48.38855960808187],[-120.9171902,48.3896421],[-120.91852816526412,48.38994303070014],[-120.91875,48.39003],[-120.9197,48.39099],[-120.91979844654132,48.390998849127314],[-120.919835,48.3910395],[-120.92186481542171,48.39118459015026],[-120.92324678653358,48.391308812272676],[-120.92327937214411,48.39132981748076],[-120.92413,48.3922],[-120.9246,48.3924],[-120.92474974768926,48.39227764518072],[-120.9247821,48.3922985],[-120.9249365447779,48.392125018291225],[-120.92542,48.39173],[-120.92545167488879,48.39154639301757],[-120.9255366,48.391451],[-120.92580545255713,48.389495681787544],[-120.92601,48.38831],[-120.92685,48.38768],[-120.9270867736607,48.38769515928926],[-120.93090609303027,48.38807136956686],[-120.93197,48.38832],[-120.93368,48.38835],[-120.93624679289039,48.38934681277297],[-120.9367546,48.3895445],[-120.93675620579195,48.38954464302601],[-120.93677,48.38955],[-120.94697536013132,48.39050932212515],[-120.9538729244725,48.39189208090601],[-120.95394,48.39191],[-120.95607,48.39205],[-120.9561137463081,48.392042046125795],[-120.95704428651788,48.39210142900976],[-120.95705075058068,48.39210495486219],[-120.9573653,48.3936303],[-120.9582418,48.3948951],[-120.9583713,48.3964887],[-120.9576243,48.3990806],[-120.9576984,48.4006436],[-120.9571235,48.4019057],[-120.9571432,48.4027334],[-120.9555841,48.4050433],[-120.9558217,48.4058572],[-120.9552326,48.4070704],[-120.9556034,48.4078545],[-120.9575422,48.4093825],[-120.9576553,48.4099333],[-120.9557341,48.4157205],[-120.9545631,48.4217848],[-120.9568155,48.4315659],[-120.95684822259906,48.43161643823632],[-120.95714,48.43236],[-120.95741590815591,48.432493197040785],[-120.9574185,48.4324972],[-120.9574251825177,48.43249767431889],[-120.95743,48.4325],[-120.95746151448947,48.432500253128424],[-120.9606301751634,48.432725161713876],[-120.96082,48.43278],[-120.9619390092489,48.43281806153908],[-120.96233132786902,48.43284590794959],[-120.96380453060578,48.43341297408239],[-120.9647073,48.4337941],[-120.96479354960026,48.43379366790169],[-120.96481,48.4338],[-120.96486560405725,48.433793306919036],[-120.96662817719039,48.433784476676585],[-120.96776,48.43396],[-120.96877522451354,48.43377372027275],[-120.96897378455488,48.433772725514984],[-120.96992,48.43387],[-120.97064,48.43418],[-120.97260608888973,48.43416919731379],[-120.9732644,48.4341808],[-120.974034255594,48.43416135024399],[-120.97428,48.43416],[-120.97429361969432,48.434154797627485],[-120.9745231,48.434149],[-120.97617362788598,48.433436682910504],[-120.97661,48.43327],[-120.97878,48.4329],[-120.97880925068391,48.432884081260454],[-120.9788596,48.4328756],[-120.9802606,48.4321454],[-120.98056252007369,48.43213906500921],[-120.98233,48.43236],[-120.98346,48.43214],[-120.98454108326419,48.43214878929483],[-120.98478809041083,48.432225278687376],[-120.98512,48.43248],[-120.9857024980063,48.43263419064873],[-120.98621891906113,48.43331322972244],[-120.98639,48.43358],[-120.98697,48.43363],[-120.9871329977518,48.43359878766455],[-120.9871433,48.4336016],[-120.98742022791458,48.433543786144014],[-120.98838,48.43336],[-120.98926,48.43282],[-120.99034,48.43282],[-120.99138,48.43248],[-120.99295,48.43232],[-120.99356998772075,48.43193686152089],[-120.9938444124136,48.431769040779656],[-120.99453,48.43162],[-120.99509,48.43128],[-120.99529815970062,48.431291672506575],[-120.99625192821729,48.431382133766256],[-120.99976,48.43299],[-121.00175,48.43201],[-121.00198787451122,48.43163805076429],[-121.00249848419182,48.431043669182955],[-121.00314,48.4307],[-121.00398584740746,48.43053733703702],[-121.00489816346999,48.43040203592606],[-121.00762,48.43043],[-121.00875644926631,48.431189797509475],[-121.0090973,48.4315229],[-121.00925310650862,48.43152184835147],[-121.00937,48.4316],[-121.01030798983898,48.431514728196454],[-121.010727,48.4315119],[-121.0122414,48.4327248],[-121.01339765558261,48.432364865147825],[-121.01468,48.43219],[-121.01524,48.43188],[-121.01582658950737,48.431851385877685],[-121.01884330212252,48.431892958724944],[-121.01974,48.43208],[-121.0204042473109,48.431941311001026],[-121.02108616318166,48.43214934027018],[-121.02139,48.43233],[-121.02203298561604,48.43244690647565],[-121.02221958133705,48.43262542896938],[-121.02263,48.43305],[-121.02271139589746,48.433095964742094],[-121.0230227,48.4333938],[-121.0239244,48.4337689],[-121.02504491279349,48.43372499850503],[-121.02592,48.43374],[-121.02624483686041,48.43367798569028],[-121.0288453,48.4335761],[-121.0295534,48.4333722],[-121.0299281060444,48.43260909182437],[-121.03005,48.43259],[-121.03097,48.43191],[-121.03248,48.43159],[-121.03291131722266,48.431285866060946],[-121.03331357429127,48.43104196003505],[-121.0349,48.4311],[-121.03529,48.43142],[-121.03724950710425,48.43232515302785],[-121.03724859018796,48.432343945325826],[-121.03708,48.43255],[-121.03722174074612,48.432894227526276],[-121.0372089,48.4331574],[-121.0385183330267,48.434655332757806],[-121.03867,48.43494],[-121.03874746307633,48.43597284101769],[-121.03877767190204,48.43658223515044],[-121.03838102798792,48.437941107819164],[-121.0381797,48.4384441],[-121.0389283,48.4391392],[-121.0390776632162,48.43944086744493],[-121.03938,48.44037],[-121.03933,48.44078],[-121.03943208066897,48.440914837898546],[-121.0394242,48.440965],[-121.03966442916145,48.44122174598189],[-121.04067,48.44255],[-121.04087,48.44306],[-121.04088,48.44377],[-121.04085095799893,48.443813917172356],[-121.040415,48.4443302],[-121.0409305,48.4454675],[-121.0411858843042,48.445689197440956],[-121.04128,48.44586],[-121.04262,48.447],[-121.0427340989365,48.4470331924179],[-121.0428182,48.4471062],[-121.0444897,48.4477768],[-121.04457413508258,48.44778893690808],[-121.04474,48.44788],[-121.04605,48.44805],[-121.04613158202848,48.4480128081929],[-121.0461517,48.4480157],[-121.04621728736245,48.44797373664359],[-121.04673,48.44774],[-121.0469918088216,48.44747819117839],[-121.04734000284051,48.44725541366198],[-121.04848733208806,48.44730717287615],[-121.04891772256396,48.447457646180986],[-121.04987,48.44784],[-121.05147,48.44878],[-121.05148197741293,48.44877871997114],[-121.0517488,48.4490107],[-121.05245585678794,48.4486746412593],[-121.05270713171473,48.448647787450334],[-121.05281089636021,48.44867816609202],[-121.05295,48.44885],[-121.05341,48.44898],[-121.05423,48.44974],[-121.05452252120737,48.44980867889217],[-121.0546455,48.4499113],[-121.05538934553842,48.450029438719916],[-121.05559018400125,48.450447182722584],[-121.0556387,48.4509029],[-121.0561328,48.4516803],[-121.05662283099798,48.45160254544326],[-121.05719,48.45164],[-121.05753321453263,48.45189081061999],[-121.0580396,48.4523165],[-121.0588808,48.4524143],[-121.05899531038824,48.45252158289356],[-121.05931,48.45289],[-121.05944706809885,48.452944827239534],[-121.06027440468294,48.453719945235804],[-121.06040674405506,48.45405630780658],[-121.0603591,48.4544139],[-121.06123473356186,48.45637472109694],[-121.06139,48.45712],[-121.06128,48.45774],[-121.06131276694438,48.4578690198435],[-121.0612305,48.4581975],[-121.0622834,48.4594341],[-121.0633183,48.4600037],[-121.06752649726204,48.46059208764469],[-121.06843,48.46073],[-121.06918723371922,48.46064126167353],[-121.07076565521376,48.46068073045933],[-121.07157580292471,48.460758034630224],[-121.0729673,48.4613033],[-121.07332527070128,48.461582906051916],[-121.07333,48.46159],[-121.0734393711527,48.46167202836453],[-121.0741326,48.4622135],[-121.07794834152861,48.46293555350316],[-121.0782,48.46306],[-121.07872709501113,48.4630829171744],[-121.07965487199816,48.463258480592046],[-121.0802,48.46342],[-121.08138,48.4632],[-121.08147051796603,48.46314081517606],[-121.08273722436772,48.46262427663433],[-121.08293,48.46257],[-121.08293570709598,48.462570065598804],[-121.0850452,48.4629353],[-121.08505055926521,48.46293171979334],[-121.08508,48.46294],[-121.08603,48.46231],[-121.08747279682858,48.46227100549112],[-121.091605,48.4645467],[-121.0916736722066,48.46456408313382],[-121.09176,48.46462],[-121.09267,48.46494],[-121.0942600095363,48.46521876790571],[-121.0958834,48.4656297],[-121.09673036546302,48.46636619603597],[-121.09688,48.4666],[-121.0970254821205,48.46662282072479],[-121.0975696371303,48.46709600177545],[-121.09758,48.46712],[-121.09862,48.467],[-121.10003,48.46659],[-121.10071,48.4659],[-121.10206,48.46529],[-121.10271097074262,48.46518570082024],[-121.1054803,48.4647893],[-121.10555218676997,48.46473047836282],[-121.10568,48.46471],[-121.10635,48.46418],[-121.10658337482786,48.463886704608235],[-121.10781658585948,48.462877624747016],[-121.10789,48.46284],[-121.10819,48.46239],[-121.1085,48.46104],[-121.10954,48.45973],[-121.10966,48.45892],[-121.10911,48.45814],[-121.10966,48.45679],[-121.10967091212682,48.456777778417965],[-121.11131937033804,48.456141574764736],[-121.11187,48.45606],[-121.11506,48.45471],[-121.11592,48.45304],[-121.11598,48.45034],[-121.11628,48.45005],[-121.11630092883534,48.450044555099744],[-121.11966206958232,48.449596291534824],[-121.12089,48.44952],[-121.12211,48.44928],[-121.12498,48.44827],[-121.12542,48.44824],[-121.12628,48.44771],[-121.13551,48.44728],[-121.13476,48.44603],[-121.13474,48.44481],[-121.13455,48.44456],[-121.13481980561204,48.44435015119063],[-121.13486974485687,48.44435798822519],[-121.13619,48.44457],[-121.13827138045504,48.44427123725526],[-121.1385683,48.4453114],[-121.1397376,48.4465363],[-121.14175344555846,48.447474941260616],[-121.142,48.44759],[-121.14344828358338,48.44766935800457],[-121.146225,48.4495698],[-121.14622533071905,48.44956992146523],[-121.14624,48.44958],[-121.14841841474941,48.45037576794499],[-121.1491688,48.4512037],[-121.14917681809209,48.451206478688576],[-121.14918,48.45121],[-121.1510203067969,48.451845344013215],[-121.1516879,48.4520767],[-121.1526105,48.4526635],[-121.1519126,48.4530958],[-121.1521581,48.4535363],[-121.1542561,48.4553366],[-121.15426604190755,48.45533660734933],[-121.15427,48.45534],[-121.15655579592578,48.45534],[-121.1565523,48.4567987],[-121.15661,48.45682267868107],[-121.15661,48.45683],[-121.15879,48.45773],[-121.1602686048607,48.4579959924088],[-121.1606624,48.4580682],[-121.16066836525543,48.45806790697716],[-121.16068,48.45807],[-121.16243,48.4581],[-121.16354154864628,48.45792677163954],[-121.16416411184977,48.45789619034487],[-121.16456,48.45797],[-121.16587,48.45782],[-121.16662,48.45756],[-121.16747,48.45701],[-121.16747,48.45545],[-121.17243,48.45521],[-121.17455,48.45483],[-121.17529,48.45445],[-121.17774,48.45464],[-121.17859169332704,48.45457744625281],[-121.1800782,48.4546377],[-121.18007932430332,48.45463760717143],[-121.18009,48.45464],[-121.18307,48.4544],[-121.18469,48.45466],[-121.18574442993618,48.45465062728945],[-121.1879245462847,48.45485985014125],[-121.18797,48.45487],[-121.19072,48.45481],[-121.192,48.45441],[-121.19262,48.45399],[-121.19285,48.45352],[-121.19296,48.45266],[-121.19281,48.45178],[-121.24390115612216,48.451520095860076],[-121.2438203,48.4542766],[-121.2442278,48.4562599],[-121.2458819,48.4610457],[-121.2458334,48.4626907],[-121.2452583,48.464458],[-121.2482270653452,48.466085910527426],[-121.24838,48.46617],[-121.248380416471,48.46617],[-121.2483961,48.4661786],[-121.2491192,48.4661841],[-121.249107,48.4665618],[-121.24912002878665,48.46656884853441],[-121.24912,48.46657],[-121.25017298910664,48.467138496901725],[-121.2544952,48.4694768],[-121.25450315236397,48.4694763030388],[-121.25451,48.46948],[-121.25693,48.46933],[-121.25996,48.46997],[-121.2606925776793,48.469880902714685],[-121.26072464160278,48.46989046865478],[-121.26223,48.47053],[-121.26339,48.47069],[-121.26779,48.47049],[-121.26975,48.4709],[-121.27108655134333,48.470800257362434],[-121.2719309,48.4712212],[-121.27193254585227,48.47122127292613],[-121.27195,48.47123],[-121.27593,48.4714],[-121.27722,48.4707],[-121.27929,48.47043],[-121.27942630201602,48.47036585787481],[-121.28141959035494,48.47007362224995],[-121.2814538056938,48.47007116366272],[-121.2866027,48.4758823],[-121.28661083484121,48.47587964248075],[-121.28662,48.47589],[-121.29059,48.47459],[-121.29143,48.47418],[-121.29148743581256,48.47411107702493],[-121.29224027519848,48.47371992137186],[-121.29287,48.47354],[-121.29379,48.47293],[-121.29412,48.47262],[-121.29411886821046,48.47255322441659],[-121.29424204913333,48.47172188535554],[-121.29426,48.47168],[-121.29476243165733,48.47123188527859],[-121.295022530293,48.47100891366535],[-121.29563,48.47071],[-121.29638,48.46987],[-121.29641750326164,48.469707485866245],[-121.29686107025886,48.4685085729882],[-121.29689,48.46847],[-121.29886,48.46711],[-121.29921,48.46651],[-121.30032,48.46618],[-121.30034682335679,48.4661409842083],[-121.30141394469467,48.46524527101508],[-121.30149,48.4652],[-121.30153284451755,48.465021234944025],[-121.30212612267448,48.46334101998537],[-121.30218,48.46324],[-121.3039,48.46182],[-121.30485,48.46219],[-121.30804,48.46291],[-121.30886,48.46336],[-121.31117,48.46421],[-121.31127242222351,48.46422685962527],[-121.31619463076152,48.465265785796866],[-121.31631979528254,48.465297420785696],[-121.3176224,48.466288],[-121.3180263,48.4680216],[-121.31803936331329,48.468021632117576],[-121.31804,48.46803],[-121.35904,48.46813],[-121.35900291867709,48.46809909889759],[-121.35785612490913,48.46689441155091],[-121.35785,48.46688],[-121.35842,48.4651],[-121.35835,48.46256],[-121.35878,48.46151],[-121.35916,48.45991],[-121.36441,48.45156],[-121.36443746361854,48.45152272794626],[-121.36594906791112,48.45022029089292],[-121.36612,48.45009],[-121.36655,48.44848],[-121.36883,48.44609],[-121.36848,48.44451],[-121.36909,48.44337],[-121.36992,48.44262],[-121.36965,48.44229],[-121.36812,48.44179],[-121.36762,48.44145],[-121.36561266888366,48.440691009130134],[-121.3655995,48.4406851],[-121.3653991070521,48.440682612030486],[-121.36247,48.44058],[-121.3620315808074,48.44064080266175],[-121.3591237,48.4406047],[-121.35650029364967,48.44197461485454],[-121.35734,48.39798],[-121.35602,48.39689],[-121.35512,48.39531],[-121.35513341852602,48.3952552076854],[-121.35588219426647,48.39408473410071],[-121.35593,48.39403],[-121.35588004351885,48.39365033074327],[-121.3588841410479,48.393850795353394],[-121.36026,48.39407],[-121.36299,48.39413],[-121.36305086795208,48.39413753005592],[-121.3670663,48.3948671],[-121.36706710804079,48.39486700186995],[-121.36708,48.39487],[-121.37039,48.39447],[-121.37039369586267,48.394470642758726],[-121.37207850533659,48.39498020496351],[-121.37209884617188,48.394989474204905],[-121.3738837,48.3961183],[-121.3747752,48.3971092],[-121.37477773361233,48.397176783666175],[-121.3747,48.3976],[-121.37480097062864,48.397796627013676],[-121.374861,48.3993979],[-121.37493211049174,48.399566352723625],[-121.3754,48.40106],[-121.37580697600737,48.4016388103216],[-121.3758323,48.4016988],[-121.3758145116107,48.401831602776966],[-121.37561,48.40259],[-121.37566134575064,48.40297509312986],[-121.375653,48.4030374],[-121.37693698500252,48.404981098961166],[-121.37728,48.40579],[-121.3782982818198,48.407041832695896],[-121.3783519,48.407123],[-121.37836439960374,48.40712311510919],[-121.37837,48.40713],[-121.39013,48.40724],[-121.41277,48.4095],[-121.41413,48.40722],[-121.41445,48.40633],[-121.41393,48.40506],[-121.41186,48.40248],[-121.41185,48.40154],[-121.41235,48.40023],[-121.41222,48.39953],[-121.41203909314717,48.39931517311226],[-121.4119865,48.3991519],[-121.41187014338323,48.39911454526759],[-121.41174,48.39896],[-121.4096295294128,48.39839522618089],[-121.40960942889346,48.39838877317854],[-121.40934,48.39781],[-121.4089251139108,48.39731732276908],[-121.40781308821126,48.39553617642252],[-121.40776,48.39543],[-121.40775047669315,48.39533714775823],[-121.40783152925833,48.39375563961971],[-121.40794,48.39347],[-121.40787,48.39326],[-121.4072,48.39264],[-121.40547018504344,48.39210963220671],[-121.40507938685835,48.39198944749873],[-121.40417,48.39117],[-121.40415,48.39035],[-121.40361,48.38983],[-121.40357,48.38846],[-121.40295,48.38799],[-121.40293465248178,48.38783396689801],[-121.40290508431009,48.38611926931246],[-121.40292,48.38599],[-121.40290274851172,48.38598381325938],[-121.4029027,48.385981],[-121.4020467831903,48.385676846385486],[-121.40147,48.38547],[-121.40129,48.385],[-121.4008889327283,48.38478363476131],[-121.40022236464864,48.38398156563843],[-121.40008,48.3837],[-121.3996888668514,48.38329908852268],[-121.40082562232384,48.382029267299124],[-121.40177,48.38099],[-121.40198,48.38041],[-121.40201,48.37934],[-121.4028,48.37757],[-121.40285,48.37631],[-121.40246,48.37502],[-121.40143,48.37423],[-121.40154,48.37375],[-121.40088,48.36808],[-121.39804,48.34535],[-121.3980220528183,48.345346300962554],[-121.3980219,48.345345],[-121.3917707,48.3438018],[-121.39163675524857,48.343806244001186],[-121.38975,48.34376],[-121.38806312802407,48.34392480933098],[-121.3879971,48.343927],[-121.3849878,48.3436234],[-121.37828229083327,48.34124852394048],[-121.37821,48.34122],[-121.37589,48.34081],[-121.37588879621605,48.3408099830453],[-121.3758742,48.3408074],[-121.37584206729754,48.34080932489152],[-121.37447,48.34079],[-121.37321103768508,48.34096693524426],[-121.37206798359702,48.341035409258076],[-121.37035,48.34099],[-121.36920585977592,48.34120686317973],[-121.3666511697922,48.34135990044984],[-121.36506,48.33954],[-121.36362,48.33819],[-121.3622,48.33571],[-121.36161,48.33506],[-121.35827,48.33383],[-121.35825539210333,48.333828052280445],[-121.3582528,48.3338271],[-121.3582448748417,48.333826649978896],[-121.35662,48.33361],[-121.35562289967939,48.33367776409946],[-121.35557696696304,48.33367515586237],[-121.35446,48.33326],[-121.353273522022,48.33310311035002],[-121.3532337,48.3330932],[-121.3520084,48.3334989],[-121.34343982281553,48.33426333218947],[-121.34343295188185,48.33425883054328],[-121.34315082644837,48.33375892569303],[-121.34315,48.33373],[-121.34355,48.33227],[-121.34360514325387,48.3322063731686],[-121.34631545645165,48.32992353387095],[-121.34659,48.32971],[-121.3481,48.32649],[-121.34884,48.32557],[-121.34695,48.32331],[-121.34522,48.32196],[-121.34520799826846,48.32195838573201],[-121.3452039,48.3219552],[-121.3366512,48.3208058],[-121.32385996601991,48.321887876245],[-121.32384,48.32064],[-121.32519,48.31913],[-121.32535,48.31824],[-121.32518,48.31765],[-121.32462347212146,48.31718444302468],[-121.32333773175385,48.31530456414504],[-121.32327,48.31518],[-121.32324226669476,48.31510426674339],[-121.32298296997948,48.31294280384087],[-121.32297,48.31221],[-121.32278,48.31113],[-121.32416,48.31035],[-121.32667,48.3081],[-121.32753,48.30702],[-121.32777791458298,48.30639067836627],[-121.32829836920149,48.30560137863893],[-121.3292,48.30458],[-121.32961572232153,48.303603535942415],[-121.32978030711016,48.303353933529145],[-121.33011,48.30288],[-121.33016,48.30212],[-121.33014083819117,48.30205293366905],[-121.33018280908433,48.30131342678046],[-121.3302,48.30128],[-121.33155,48.29987],[-121.33442,48.29831],[-121.33531,48.29681],[-121.33534935021397,48.29636927760341],[-121.3357530370255,48.295543989046784],[-121.3359,48.29528],[-121.33965,48.29368],[-121.33973048538773,48.293662114358284],[-121.34420080455882,48.292971137733744],[-121.3443,48.29296],[-121.33029,48.27036],[-121.3302785288425,48.270361355024015],[-121.3302718,48.2703505],[-121.2970093,48.2742806],[-121.29689871331746,48.274315696331044],[-121.29584,48.27454],[-121.29539653073536,48.274792436350644],[-121.2937988,48.2752995],[-121.29368081156788,48.27530643125878],[-121.292,48.27526],[-121.29112533855003,48.27545655313483],[-121.2910939,48.2754584],[-121.2879638,48.2776886],[-121.28571676488143,48.278037882348094],[-121.28564,48.27804],[-121.28468458998746,48.278198325087786],[-121.2838748,48.2783242],[-121.28381897770217,48.278355568027216],[-121.28289,48.27869],[-121.28214137662609,48.279298256491295],[-121.28207714749182,48.2793343485425],[-121.28093083538353,48.27883029640978],[-121.2806625,48.2787122],[-121.278312,48.2785597],[-121.2746584,48.2792206],[-121.2724658,48.2802296],[-121.27234911010066,48.280230437267626],[-121.27029,48.28008],[-121.26951585958777,48.28025076626741],[-121.2659851,48.2802761],[-121.26587338816724,48.280293862609426],[-121.26463,48.28043],[-121.26377212012322,48.280627972279255],[-121.26139940035877,48.281005243812686],[-121.26023,48.28108],[-121.25888407198451,48.28140519066147],[-121.2587293,48.2814298],[-121.2575877,48.281456],[-121.2537113,48.2805409],[-121.25357421110067,48.28055953809588],[-121.25226,48.28064],[-121.25173046895623,48.280810206406926],[-121.25169428659441,48.280815125626],[-121.25027,48.2796],[-121.24957,48.27927],[-121.24937496470417,48.27922259558782],[-121.2481125,48.278911],[-121.24389400176227,48.27700005598525],[-121.22856,48.27005],[-121.22639,48.26855],[-121.22603622740428,48.26847196192741],[-121.22433974301413,48.26809110155529],[-121.22429225962382,48.26804990735575],[-121.22251508719,48.266335122066],[-121.22249,48.2663],[-121.22352,48.26537],[-121.22571,48.26422],[-121.2265,48.26329],[-121.22647173665648,48.26329022138389],[-121.2264809,48.2632794],[-121.22267019457334,48.26331426008623],[-121.22269,48.26273],[-121.22184,48.26193],[-121.22107,48.26138],[-121.21855524199692,48.26032220496696],[-121.2185308,48.2603102],[-121.2167238,48.260223],[-121.21660028371683,48.260197006757224],[-121.21259,48.25925],[-121.211204491493,48.25906149544123],[-121.2111071,48.259041],[-121.2062478,48.2586513],[-121.2062380126325,48.25864816064827],[-121.20574,48.25838],[-121.20399743650566,48.25792948358439],[-121.2035493861267,48.25778576897145],[-121.20207,48.25711],[-121.2013,48.25706],[-121.20077570153462,48.25671845193034],[-121.19472510699843,48.252652228648685],[-121.19359,48.2517],[-121.19247,48.25113],[-121.19245942779276,48.25112960843677],[-121.1924551,48.2511267],[-121.19244766137523,48.25112917264353],[-121.19193,48.25111],[-121.19086226879476,48.251656166653376],[-121.1888262400332,48.25233295483469],[-121.18852,48.25237],[-121.18823671273086,48.25252891724855],[-121.18669604626416,48.25304104402971],[-121.18652423285128,48.25303556062291],[-121.1865475,48.2420651],[-121.1925513,48.2420004],[-121.19278328145148,48.241870056752006],[-121.19282,48.24187],[-121.21478,48.22952],[-121.21534,48.22866],[-121.21749,48.22802],[-121.21937,48.22715],[-121.22194,48.22673],[-121.2230235499081,48.2257921374745],[-121.28340248250093,48.24168530849268],[-121.39756875266954,48.29878037303565],[-121.4015372351705,48.300583143674245],[-121.40573089919509,48.302144273715946],[-121.41011658436516,48.30345141180996],[-121.41465960244825,48.30449421527249],[-121.41932401298045,48.305264432392896],[-121.56942349884385,48.32527821004903],[-121.57467502835758,48.32579798645643],[-121.5799779476078,48.32597276866427],[-121.58528107939307,48.32580086993929],[-121.59053324446455,48.325283949300285],[-121.59568375854094,48.32442699540426],[-121.60068292439674,48.32323827810088],[-121.60548251413141,48.3217292681373],[-121.61003623683372,48.319914525811676],[-121.61430018701371,48.31781155968178],[-121.61823326938233,48.31544065673085],[-121.62179759581362,48.31282468567293],[-121.62495885062057,48.309988875343365],[-121.62768662061251,48.30696057036113],[-121.62995468677238,48.30376896646954],[-121.63174127479277,48.300444828153985],[-121.63302926213436,48.29702019130352],[-121.63380633971495,48.29352805381995],[-121.63406512679664,48.290002057187635],[-121.63380323810532,48.286476162094665],[-121.63302330268915,48.282984321244896],[-121.63173293449222,48.27956015251581],[-121.629944655085,48.27623661560459],[-121.62767576944616,48.27304569526083],[-121.62494819613144,48.2700180941306],[-121.62178825358592,48.26718293813719],[-121.61822640475668,48.264567497193916],[-121.6142969625385,48.26219692389284],[-121.61003775893356,48.26009401263528],[-121.60548978112567,48.258278981471705],[-121.60069677795686,48.256769278699785],[-121.59570484055007,48.25557941603317],[-121.5905619610412,48.25472082990146],[-121.45262587206008,48.236337551689886],[-121.3424242354121,48.18124424680036],[-121.33841553807515,48.17941813934234],[-121.33417713841104,48.177839568807684],[-121.32974331632612,48.176521295281844],[-121.26250830702033,48.15882968742901],[-121.26255,48.15863],[-121.26253470903458,48.15863548166685],[-121.2625374,48.1586225],[-121.26232447624864,48.15871084813728],[-121.26221111507614,48.15875148704818],[-121.25961729395424,48.15806897258729],[-121.25958,48.1451],[-121.25981,48.14497],[-121.26094,48.14559],[-121.26175,48.14582],[-121.2638,48.14555],[-121.26616,48.14598],[-121.26625423872602,48.1459844273227],[-121.2685138839076,48.146389154422984],[-121.269,48.14658],[-121.26942523497128,48.146552387339526],[-121.27135656278469,48.146898309217875],[-121.27145,48.14692],[-121.27230914853602,48.14666025741934],[-121.27258991983368,48.14678919376938],[-121.27348,48.1472],[-121.27499,48.14686],[-121.28196058827878,48.14681006741921],[-121.28197,48.14684612793163],[-121.28197,48.14739],[-121.28235121377611,48.148306728366336],[-121.2823736,48.1483925],[-121.2834311,48.1493835],[-121.28350426865848,48.149420933135325],[-121.28445,48.14996],[-121.28470257108243,48.15003398546859],[-121.2876162,48.1515246],[-121.28762345293028,48.151526641658535],[-121.28763,48.15153],[-121.28764528502991,48.15153278727016],[-121.2909676,48.152468],[-121.29097419607346,48.15246778395532],[-121.29098,48.15247],[-121.29205,48.15259],[-121.29249832012572,48.152424316475276],[-121.29253735735733,48.15245792724539],[-121.29295,48.15303],[-121.29364251628925,48.15340946098041],[-121.2936637,48.1534277],[-121.29368846222758,48.153431217169725],[-121.2951335968138,48.15363907899377],[-121.2951478258427,48.153647825842704],[-121.29552,48.15402],[-121.29644,48.15444],[-121.29932,48.15537],[-121.30028,48.15531],[-121.30412683179297,48.156418103771735],[-121.3045368,48.1565364],[-121.30453713042985,48.15653629284044],[-121.30455,48.15654],[-121.30551,48.15643],[-121.30621753088526,48.15601323523197],[-121.3058953,48.1572435],[-121.3061239,48.1580458],[-121.30615873438917,48.1580662774201],[-121.30675,48.15858],[-121.30745727943408,48.158829628035555],[-121.3086247667796,48.159515936290504],[-121.30916,48.15999],[-121.31013,48.1604],[-121.31219171652127,48.16036016006722],[-121.31229732566,48.1603999086701],[-121.31598,48.16191],[-121.31702,48.16218],[-121.31720237794369,48.162188564710064],[-121.3222302335289,48.162591789893284],[-121.32235,48.16261],[-121.32305075392786,48.162975732129674],[-121.3248432,48.1639163],[-121.32576519408542,48.1641345257659],[-121.33005,48.16515],[-121.33010548770886,48.165144542192564],[-121.33194725366063,48.165155417344565],[-121.33262,48.16528],[-121.33565671448513,48.16518043559065],[-121.336757,48.1661621],[-121.33676378982395,48.16616441084156],[-121.33677,48.16617],[-121.33692241555184,48.16621839735532],[-121.34144220734154,48.16775665854993],[-121.34209,48.16811],[-121.34287,48.16825],[-121.34340619910455,48.16870440602081],[-121.3434418,48.1687425],[-121.34345116862747,48.168742515786],[-121.34346,48.16875],[-121.35764,48.16877],[-121.35765,48.16586],[-121.37519,48.1648],[-121.37624,48.16444],[-121.39442,48.15768],[-121.39465,48.15704],[-121.39459375580142,48.15626383005975],[-121.3946174,48.1560908],[-121.39456668435443,48.155890244091225],[-121.39455,48.15566],[-121.39448999512837,48.15558697520339],[-121.3944547,48.1554474],[-121.39351096070114,48.154395508777796],[-121.39349,48.15437],[-121.39353516018276,48.15421796071802],[-121.3937988,48.1535343],[-121.39375969340219,48.15346203221264],[-121.39379,48.15336],[-121.39319,48.15239],[-121.3935,48.1513],[-121.39339,48.15047],[-121.39314331231427,48.150150142238],[-121.3930752,48.1499218],[-121.39256864258502,48.149405019622954],[-121.39221,48.14894],[-121.39178,48.14859],[-121.39176346522142,48.1485835927733],[-121.3917621,48.1485822],[-121.3909681,48.1482707],[-121.3889688,48.1478747],[-121.3868063,48.1479235],[-121.38522318285195,48.14742717247253],[-121.38447,48.14719],[-121.38446656753761,48.14718996386882],[-121.3844552,48.1471864],[-121.3825660216124,48.14716538589067],[-121.38168844735647,48.14614758069694],[-121.380614819689,48.144891446557885],[-121.38021,48.14413],[-121.37974,48.14386],[-121.37973285048689,48.14385955099676],[-121.3797252,48.1438506],[-121.37713526565962,48.14357044217263],[-121.37643,48.14336],[-121.37625979303802,48.143475740734154],[-121.3745177637595,48.14328730231304],[-121.37445898080803,48.1432163895462],[-121.37363644035158,48.14196854649277],[-121.37361,48.14191],[-121.37384,48.141],[-121.37349,48.13955],[-121.37348842880435,48.13943687391262],[-121.37356021792205,48.13869508804018],[-121.3737,48.13846],[-121.37363,48.13813],[-121.37359818244796,48.138108622582216],[-121.3727205676606,48.1371033998199],[-121.37271,48.13708],[-121.37079,48.13596],[-121.36953,48.13436],[-121.36952047774732,48.13435465628858],[-121.369517,48.1343502],[-121.3683913412705,48.13372100586066],[-121.36716,48.13303],[-121.36676,48.13237],[-121.36678732341913,48.13229118244481],[-121.3672386207089,48.13155215219379],[-121.36731,48.13153],[-121.36742,48.13129],[-121.3668,48.12997],[-121.36639,48.12952],[-121.3656,48.12932],[-121.36469,48.12813],[-121.36488,48.12572],[-121.36371,48.1229],[-121.3626,48.1217],[-121.36269,48.12102],[-121.3625,48.11971],[-121.36281,48.11914],[-121.36289,48.1186],[-121.36262,48.11776],[-121.36231232762907,48.11746087408382],[-121.36205104410652,48.11694112336097],[-121.36185,48.11649],[-121.36167,48.11571],[-121.36121,48.11524],[-121.36111,48.11451],[-121.36021,48.1135],[-121.35958053722382,48.11305816555133],[-121.3586746628639,48.11219360769618],[-121.35862,48.11213],[-121.35623,48.11094],[-121.35611182046009,48.11090920169566],[-121.3559394,48.1108251],[-121.3545648,48.1105024],[-121.3526495,48.1105576],[-121.35151559455736,48.11091777235423],[-121.34959,48.11062],[-121.34858,48.10981],[-121.34812,48.10868],[-121.34727,48.10839],[-121.3471690896406,48.108440768565906],[-121.347065,48.1084143],[-121.3456483,48.1091937],[-121.3437715,48.1094022],[-121.3416114,48.1103521],[-121.3389992,48.1103087],[-121.33707064063528,48.11137745164293],[-121.33686,48.11146],[-121.33541882008444,48.112292842664765],[-121.3348503,48.1126079],[-121.33374674651621,48.11281298035484],[-121.3331,48.11283],[-121.33266958164774,48.113013156745644],[-121.332615,48.1130233],[-121.3325164424259,48.1130969698514],[-121.33224,48.11326],[-121.33217464005187,48.113352460414426],[-121.3311763,48.1140987],[-121.3274192,48.1146386],[-121.3248638,48.1145563],[-121.3197536,48.1153018],[-121.3190727,48.1164698],[-121.3167803,48.1178009],[-121.31672348491259,48.117795481752644],[-121.31485,48.11744],[-121.31306,48.11733],[-121.3125657131975,48.117398970251514],[-121.31007136567264,48.117161093439314],[-121.3103,48.11567],[-121.3102615754625,48.11544585686466],[-121.30985975898943,48.11214722643965],[-121.30985,48.11163],[-121.30955,48.10948],[-121.27956,48.0884],[-121.27885,48.08729],[-121.27773,48.08635],[-121.27748,48.08504],[-121.27746981902789,48.08503727800398],[-121.2774688,48.0850318],[-121.27317969151171,48.083662695680864],[-121.27315,48.08365],[-121.27176,48.08145],[-121.26957,48.07985],[-121.26805,48.07814],[-121.26690961365738,48.07717376132546],[-121.26556553316506,48.07581404422008],[-121.26554,48.07578],[-121.2655836636226,48.075742821073824],[-121.26738741536653,48.074545835687296],[-121.26749,48.0745],[-121.26969,48.07404],[-121.27063,48.07396],[-121.2731325205097,48.07465117233125],[-121.2737608,48.0748259],[-121.27376277856378,48.07482524360333],[-121.27378,48.07483],[-121.27462,48.07455],[-121.27545,48.07394],[-121.27629217082243,48.07293194704588],[-121.27754557838293,48.07173293662656],[-121.27771,48.0716],[-121.27971,48.07081],[-121.28137,48.07086],[-121.28137,48.06678],[-121.28301,48.06666],[-121.28312425032001,48.06660239479663],[-121.28553249353726,48.06564612676213],[-121.28672723045825,48.06552059480418],[-121.287093,48.0655982],[-121.2878685,48.06636],[-121.28787005216397,48.066360052163965],[-121.28788,48.06637],[-121.28856,48.0665],[-121.28883,48.0664],[-121.28909,48.066],[-121.28918891476489,48.06526194367735],[-121.30293473525595,48.06381765939217],[-121.30293,48.065233],[-121.30293992469154,48.06523293858793],[-121.30294,48.06537],[-121.31361432506812,48.06534026650399],[-121.3136554,48.0688567],[-121.31373905633298,48.06885581629038],[-121.31374,48.06897],[-121.31911,48.06895],[-121.31914988929282,48.0737832526454],[-121.3191292,48.0761591],[-121.31916949631095,48.07615896967608],[-121.31917,48.07622],[-121.32411,48.0762],[-121.32408,48.08694],[-121.3567727396333,48.0868786792129],[-121.36545885199305,48.1007971864112],[-121.36915811018179,48.10593644664153],[-121.3736496690794,48.11078616460207],[-121.37888350406931,48.11529209305596],[-121.3848012422473,48.11940381655932],[-121.39133681091384,48.12307531877485],[-121.39841717484425,48.12626550080036],[-121.49847497265512,48.16630151348671],[-121.5054787674491,48.16879551463283],[-121.51281596615279,48.170819191934214],[-121.520415737355,48.172352999748476],[-121.52820469103058,48.17338212232567],[-121.53610759303984,48.17389661820377],[-121.54404809824739,48.1738915171263],[-121.55194949486894,48.173366868502455],[-121.55973545252348,48.17232774092039],[-121.5673307664279,48.17078417271857],[-121.57466209021382,48.168751074115185],[-121.58165864997804,48.16624808188459],[-121.58825293239254,48.163299368047504],[-121.59438133999521,48.159933404502674],[-121.59998480715436,48.15618268596651],[-121.60500937064157,48.15208341399999],[-121.60940668925278,48.147675145282875],[-121.6131345074784,48.14300040764169],[-121.61615705883274,48.13810428764606],[-121.61844540510015,48.13303399385385],[-121.61997770843433,48.12783840000946],[-121.62073943394662,48.12256757267689],[-121.62072348113149,48.117272287920876],[-121.61993024319396,48.11200354173447],[-121.61836759405669,48.106812058948826],[-121.61605080352538,48.10174780535271],[-121.61300238177455,48.09685950769536],[-121.60925185497463,48.092194186148575],[-121.60483547451037,48.087796703663514],[-121.59979586283443,48.08370933647801],[-121.59418159955726,48.07997136981214],[-121.58804675188792,48.076618722536516],[-121.58145035401044,48.07368360431313],[-121.50423446467558,48.04282023421325],[-121.4643855917242,47.97918704122023],[-121.46109087616456,47.97455075699186],[-121.45715349863247,47.970144958043484],[-121.4553041366562,47.968461963053805],[-121.4567363,47.9684625],[-121.4567258,47.9648712],[-121.4513378,47.9648893],[-121.4514294,47.9503259],[-121.4736647,47.9502865],[-121.4729757,47.9519679],[-121.4730978,47.9647927],[-121.4946423,47.9647981],[-121.4946346,47.9685175],[-121.4917905,47.9686531],[-121.4975681,47.9751611],[-121.4976199,47.9759938],[-121.4989593,47.9773521],[-121.5020743,47.9792651],[-121.5156938,47.9793146],[-121.5160669,47.961188],[-121.510622,47.9612177],[-121.5106694,47.9539441],[-121.4946462,47.9538924],[-121.4945432,47.9503126],[-121.4882263,47.950316],[-121.4883116,47.9358498],[-121.5747957,47.9356173],[-121.5748186,47.9284014],[-121.5827906,47.9284837],[-121.5828615,47.9255005],[-121.5935619,47.9254186],[-121.5935785,47.9220819],[-121.6044244,47.922138],[-121.6044321,47.9184481],[-121.5907517,47.9184592],[-121.5907456,47.9148539],[-121.6044252,47.9148428],[-121.6044258,47.9112575],[-121.5881219,47.9112078],[-121.588045,47.9148676],[-121.5827935,47.9148879],[-121.5828124,47.907513],[-121.6269535,47.9076402],[-121.6269095,47.8956487],[-121.6225029,47.8943644],[-121.6205612,47.8928882],[-121.6268996,47.8929404],[-121.6271548,47.8748785],[-121.626667,47.8711674],[-121.6167262,47.8711534],[-121.6170222,47.8585172],[-121.6148957,47.857825],[-121.6136207,47.8565933],[-121.6126318,47.8565467],[-121.6039827,47.8603997],[-121.5967975,47.8564996],[-121.602512,47.8537817],[-121.6025041,47.849636],[-121.5845577,47.8493911],[-121.5845662,47.8529327],[-121.5634687,47.8529287],[-121.5634418,47.8420553],[-121.5414541,47.8420979],[-121.5414625,47.8456085],[-121.5309511,47.8455926],[-121.531083,47.8491249],[-121.5122371,47.8488753],[-121.5122475,47.8497788],[-121.5108475,47.8516554],[-121.5069935,47.8536245],[-121.5048114,47.8561729],[-121.5048283,47.8594001],[-121.4994821,47.8593684],[-121.4994478,47.8629713],[-121.4940593,47.8629235],[-121.4940593,47.8625945],[-121.4910527,47.8643155],[-121.4886139,47.8646247],[-121.4886061,47.866472],[-121.4832093,47.8664127],[-121.4832849,47.8634729],[-121.4778568,47.8649377],[-121.4749638,47.8663703],[-121.4722776,47.8686594],[-121.4722771,47.8697691],[-121.4661168,47.8749896],[-121.4656972,47.8758687],[-121.4629004,47.8771695],[-121.4669979,47.87719],[-121.4669808,47.88074],[-121.461643,47.8807207],[-121.4616895,47.8916867],[-121.4513104,47.891688],[-121.4510691,47.8926092],[-121.4515592,47.8935567],[-121.4536262,47.8955536],[-121.4538072,47.8964969],[-121.4551945,47.8968297],[-121.4586468,47.8998636],[-121.4595389,47.9001805],[-121.4613652,47.900125],[-121.4635731,47.9012674],[-121.4647568,47.9024759],[-121.4668299,47.9031316],[-121.4672478,47.9039563],[-121.4688754,47.9038079],[-121.4713877,47.9044372],[-121.4726956,47.9053361],[-121.4758568,47.9054323],[-121.4771523,47.9060178],[-121.4775977,47.9071395],[-121.4819298,47.9102329],[-121.483025,47.912246],[-121.4892246,47.9160751],[-121.4891356,47.9169909],[-121.4764627,47.9169891],[-121.4741113,47.9175877],[-121.4732849,47.9165477],[-121.4730848,47.9145446],[-121.4715606,47.9135883],[-121.4700161,47.9131619],[-121.4650516,47.913564],[-121.4640128,47.9124833],[-121.4625251,47.9129975],[-121.4608958,47.9121526],[-121.4596963,47.9109299],[-121.4586473,47.9106292],[-121.4550205,47.9154365],[-121.449103,47.9147485],[-121.4413221,47.9116893],[-121.4419056,47.9162506],[-121.4411647,47.9181615],[-121.4414188,47.9213142],[-121.4423366,47.9239585],[-121.442003,47.9262394],[-121.4425003,47.9276768],[-121.4414307,47.9341765],[-121.4417453,47.9365156],[-121.4409644,47.9423665],[-121.441334,47.9477722],[-121.440065,47.9502009],[-121.4359925,47.9520251],[-121.4345489,47.9504944],[-121.4360791,47.949096],[-121.435485,47.9478605],[-121.4360938,47.9444133],[-121.4370696,47.9429631],[-121.4373862,47.9391426],[-121.438491,47.9377495],[-121.4377964,47.9357632],[-121.438939,47.9347288],[-121.4386854,47.9320072],[-121.4395305,47.9298061],[-121.4389011,47.9256973],[-121.4398046,47.9242884],[-121.4388417,47.9221762],[-121.4387517,47.9174384],[-121.4394956,47.9159974],[-121.4385378,47.9112934],[-121.4377266,47.9098316],[-121.4378594,47.9082403],[-121.4371357,47.9062259],[-121.4375501,47.9049541],[-121.4368698,47.9037681],[-121.4371718,47.9026862],[-121.4365412,47.9015947],[-121.4361827,47.8986572],[-121.4349478,47.8989579],[-121.4301841,47.8987802],[-121.4301834,47.8990369],[-121.4251803,47.8999592],[-121.4253848,47.9007131],[-121.4241523,47.900147],[-121.4203974,47.899529],[-121.4110099,47.899474],[-121.4032238,47.9004837],[-121.4008329,47.9000043],[-121.4001584,47.901013],[-121.3982158,47.9006261],[-121.3993386,47.8997267],[-121.3877643,47.8976573],[-121.3853616,47.8978133],[-121.3854997,47.8973549],[-121.3851048,47.8974634],[-121.3845841,47.8970045],[-121.3836889,47.8983815],[-121.3800567,47.8954761],[-121.3790169,47.8953123],[-121.3782257,47.8947044],[-121.3757824,47.8943762],[-121.374824,47.8947491],[-121.3722658,47.8943836],[-121.3697581,47.8933965],[-121.3680727,47.893798],[-121.3672282,47.893196],[-121.3635304,47.892618],[-121.3605173,47.8924462],[-121.3602951,47.8926773],[-121.3530282,47.8917625],[-121.3529234,47.8911014],[-121.352135,47.8906495],[-121.3490874,47.8908659],[-121.348292,47.8914666],[-121.3473518,47.8909556],[-121.3445487,47.8907952],[-121.3361843,47.8915478],[-121.3317112,47.8933494],[-121.3267973,47.8973173],[-121.3262982,47.8991099],[-121.3246682,47.9002561],[-121.3249033,47.9007095],[-121.3223652,47.9029222],[-121.3223497,47.903642],[-121.3210066,47.9048822],[-121.3187833,47.9082885],[-121.3167134,47.9087791],[-121.315657,47.9097677],[-121.3155475,47.9102019],[-121.3164027,47.9106642],[-121.3151911,47.9111866],[-121.3148023,47.9118109],[-121.3149159,47.9135225],[-121.313612,47.9192604],[-121.311615,47.9208094],[-121.3122341,47.9227891],[-121.3117952,47.9242581],[-121.3018793,47.9242421],[-121.300642,47.9260414],[-121.2990756,47.9256134],[-121.297188,47.926014],[-121.2906283,47.925989],[-121.2879945,47.9249957],[-121.2866833,47.9238135],[-121.2847515,47.9245392],[-121.2848735171165,47.92477475838299],[-121.28485,47.92473],[-121.28484389296166,47.924734295985594],[-121.2848392,47.9247253],[-121.28242821693709,47.92606898222675],[-121.28209,47.92618],[-121.28202964099755,47.92629111543633],[-121.2819378,47.9263423],[-121.28184100015278,47.926638386082395],[-121.28165,47.92699],[-121.2815,47.92759375000002],[-121.2815,47.9247],[-121.28117281468988,47.9247],[-121.2813307,47.9245465],[-121.282325,47.9249022],[-121.2864144,47.9223924],[-121.2917359,47.9226082],[-121.2928,47.9230609],[-121.2979231,47.9212119],[-121.302427,47.9214987],[-121.3032308,47.9211196],[-121.3048354,47.9190977],[-121.3081472,47.9185046],[-121.308453,47.9174369],[-121.3075159,47.9165745],[-121.3090471,47.9150337],[-121.3086187,47.9142612],[-121.3090128,47.9132328],[-121.3114969,47.9117109],[-121.3102003,47.9106267],[-121.3106776,47.9091668],[-121.3138544,47.9067162],[-121.3141674,47.9056304],[-121.3154411,47.9052683],[-121.3165685,47.9025277],[-121.3183995,47.9007715],[-121.3185934,47.8993592],[-121.3257438,47.8945498],[-121.3280544,47.8920109],[-121.3255208,47.8912872],[-121.3249544,47.8900865],[-121.3239125,47.8896672],[-121.3214006,47.8907875],[-121.3194431,47.8895488],[-121.3208967,47.8875573],[-121.3245708,47.8846524],[-121.3209661,47.8825482],[-121.3167256,47.8837395],[-121.3104688,47.8835396],[-121.310128,47.8815043],[-121.3081007,47.8787875],[-121.3059926,47.876874],[-121.3049597,47.8766635],[-121.3030774,47.8769532],[-121.301312,47.8777653],[-121.2973462,47.8776858],[-121.2970127,47.8774407],[-121.3012669,47.873994],[-121.3003381,47.8724134],[-121.2985979,47.8707818],[-121.296748,47.8711371],[-121.29548,47.8725583],[-121.2943863,47.8727827],[-121.2914595,47.8723013],[-121.2906878,47.8713614],[-121.2881314,47.8718295],[-121.286715,47.8716742],[-121.2865967,47.8706059],[-121.2858235,47.8702232],[-121.2858175,47.8694347],[-121.2845751,47.867806],[-121.27991,47.8655777],[-121.2789561,47.865742],[-121.278383,47.8673306],[-121.2773724,47.8683419],[-121.2776476,47.8628745],[-121.27934,47.8611765],[-121.2783458,47.8611636],[-121.2753371,47.8598534],[-121.2739036,47.8587885],[-121.2723212,47.8585838],[-121.2717725,47.8540014],[-121.2736671,47.8473885],[-121.2737009,47.8452445],[-121.2696407,47.8413118],[-121.2704862,47.8407459],[-121.2693159,47.8392287],[-121.270292,47.8377134],[-121.2726725,47.8367593],[-121.2698899209281,47.834461685343484],[-121.27638134520745,47.83044086448061],[-121.28337341597567,47.82516698590816],[-121.28956046607159,47.819458038346085],[-121.29488304075859,47.81336913617627],[-121.29929008603175,47.806959041806216],[-121.302643,47.800476050710465],[-121.302643,47.8122271],[-121.3079121,47.8107875],[-121.3133737,47.8099091],[-121.3161656,47.810369],[-121.3194773,47.8098041],[-121.321984,47.8102318],[-121.3249262,47.8095014],[-121.3249309,47.8206697],[-121.3233491,47.8217302],[-121.3246358,47.8223219],[-121.3293289,47.8222007],[-121.3313235,47.8225981],[-121.3248892,47.8281739],[-121.3252619,47.8291398],[-121.3301667,47.8302051],[-121.3283433,47.832634],[-121.3282635,47.8346128],[-121.3269683,47.8359616],[-121.3433399,47.8472718],[-121.343512,47.8494742],[-121.3417896,47.8515594],[-121.3424779,47.8527165],[-121.34109,47.8572628],[-121.3416143,47.8600147],[-121.3400638,47.8617514],[-121.3373095,47.8625663],[-121.3385596,47.8633054],[-121.339571,47.8662769],[-121.3414208,47.8691994],[-121.3437126,47.8698117],[-121.3448367,47.8706016],[-121.3438362,47.8740825],[-121.3430048,47.8753142],[-121.3431375,47.8776275],[-121.3442538,47.8800737],[-121.342503,47.8843772],[-121.3409155,47.8862595],[-121.3408836,47.8871642],[-121.3445871,47.887779],[-121.3476958,47.8872762],[-121.3504394,47.886301],[-121.3539755,47.8867685],[-121.3559463,47.8865795],[-121.3598133,47.887663],[-121.3651217,47.8881335],[-121.3676933,47.8892175],[-121.3710124,47.8888077],[-121.3725328,47.8902159],[-121.3744355,47.8901757],[-121.3762072,47.8914277],[-121.3781365,47.8910155],[-121.3814967,47.8922473],[-121.3836568,47.8922724],[-121.385739,47.892875],[-121.3891753,47.8924005],[-121.391977,47.8946937],[-121.3934633,47.894645],[-121.3967386,47.8957836],[-121.4024732,47.895958],[-121.4072534,47.8978152],[-121.4087923,47.8967806],[-121.4112109,47.8959712],[-121.4140105,47.8962527],[-121.4140126,47.8949512],[-121.4146225,47.8948997],[-121.4178328,47.8949311],[-121.4234241,47.8958767],[-121.4265098,47.8954901],[-121.4265957,47.8961372],[-121.4322563,47.8957141],[-121.4352703,47.8927687],[-121.4345035,47.8910783],[-121.4361154,47.8901294],[-121.4358693,47.8884162],[-121.4339471,47.886305],[-121.4366571,47.8874599],[-121.4383886,47.8877144],[-121.4386778,47.8869975],[-121.4435096,47.8864824],[-121.445188,47.8851231],[-121.4483255,47.8839955],[-121.4512559,47.8791755],[-121.4531526,47.8771429],[-121.4549199,47.8761884],[-121.4571956,47.872776],[-121.4582037,47.8720695],[-121.4581909,47.8712594],[-121.4613679,47.8704021],[-121.4647428,47.8680175],[-121.4686146,47.8666293],[-121.4713118,47.8646041],[-121.4723829,47.864557],[-121.4738463,47.8636393],[-121.4743082,47.8628353],[-121.4731344,47.8605732],[-121.4668833,47.8605656],[-121.4595728,47.8578048],[-121.4584735,47.8570974],[-121.458476,47.8538562],[-121.459547,47.854819],[-121.4649687,47.8561736],[-121.4663359,47.857084],[-121.4683853,47.8571185],[-121.4702426,47.8585008],[-121.4713146,47.8582407],[-121.4774149,47.8582828],[-121.478926,47.8584949],[-121.4800425,47.8591235],[-121.4818878,47.8590306],[-121.4844686,47.8598717],[-121.4885684,47.8598059],[-121.4889749,47.8594297],[-121.4885571,47.8582542],[-121.4916945,47.8575756],[-121.4932151,47.8559757],[-121.4979516,47.8543804],[-121.4992819,47.8522754],[-121.4994167,47.8497573],[-121.5005841,47.8464428],[-121.5005565,47.8456325],[-121.4978771,47.8436176],[-121.4996586,47.843371],[-121.4993289,47.8421968],[-121.4997569,47.8414824],[-121.498996,47.8403924],[-121.5009376,47.8396979],[-121.5001614,47.837078],[-121.5006961,47.836455],[-121.5001949,47.8340186],[-121.5031111,47.8307269],[-121.5034966,47.829112],[-121.5046883,47.8304257],[-121.5061368,47.8298745],[-121.5071537,47.8286684],[-121.5068829,47.8272739],[-121.5101666,47.8244282],[-121.5074608,47.8229397],[-121.5075411,47.8196378],[-121.5068845,47.8192956],[-121.4966714,47.8164326],[-121.4921988,47.8160239],[-121.4940146,47.8153088],[-121.4972087,47.815288],[-121.4995917,47.8146618],[-121.4985702,47.8133886],[-121.4949371,47.8106412],[-121.4941144,47.8094605],[-121.4889148,47.8064387],[-121.4865166,47.805858],[-121.4853719,47.8049225],[-121.4832403,47.8040511],[-121.4779355,47.8027504],[-121.4770599,47.8031297],[-121.476728,47.8047344],[-121.475903,47.8037378],[-121.4741826,47.8031944],[-121.4674722,47.8022191],[-121.4655045,47.8026108],[-121.4652875,47.8013582],[-121.4628585,47.8005298],[-121.4612931,47.8003963],[-121.4558023,47.7977625],[-121.4557957,47.792865],[-121.4544553,47.7916626],[-121.4513255,47.7904209],[-121.4484908,47.7902712],[-121.4447249,47.7907399],[-121.4433495,47.7897992],[-121.4402997,47.7886163],[-121.4393735,47.7902847],[-121.4359551,47.7900669],[-121.4313113,47.7879563],[-121.4285987,47.7871539],[-121.4274094,47.7862703],[-121.4226749,47.7849013],[-121.4187348,47.7823354],[-121.4207687,47.7806832],[-121.422413,47.7808374],[-121.423715,47.7823761],[-121.4273197,47.7832186],[-121.4312975,47.7857459],[-121.4326084,47.7856173],[-121.4354139,47.7865074],[-121.4414007,47.7872415],[-121.4440359,47.7884235],[-121.4469637,47.7887567],[-121.4511178,47.7883676],[-121.4545648,47.7891028],[-121.4655199,47.7934587],[-121.470026,47.794476],[-121.4707798,47.7951349],[-121.4722325,47.7954295],[-121.474142,47.7954544],[-121.4756363,47.7945932],[-121.4756871,47.7929283],[-121.4744552,47.791652],[-121.4739522,47.7836368],[-121.4704446,47.7818499],[-121.4681296,47.7800845],[-121.4644494,47.7788508],[-121.4628774,47.7789086],[-121.4614434,47.7782523],[-121.4529893,47.7783827],[-121.4527676,47.7687417],[-121.4490965,47.7667374],[-121.4480169,47.7668298],[-121.4468925,47.7648124],[-121.4432463,47.7626144],[-121.4441445,47.7619066],[-121.4433052,47.7604311],[-121.4406666,47.7593171],[-121.4384408,47.7571494],[-121.4355357,47.7557403],[-121.4343323,47.7558217],[-121.4341509,47.7548921],[-121.431704,47.7538353],[-121.4316505,47.7431718],[-121.4150945,47.73931],[-121.4080372,47.735711],[-121.4052017,47.7352412],[-121.4052006,47.7385511],[-121.4038127,47.7392103],[-121.3968685,47.7395504],[-121.3921689,47.7381414],[-121.3888316,47.7389899],[-121.3887877,47.7513008],[-121.399582,47.7512727],[-121.3995551,47.7657769],[-121.3887953,47.7657726],[-121.3887852,47.78008],[-121.3676416,47.7799839],[-121.3675401,47.7719516],[-121.3596306,47.7656789],[-121.3459191,47.7656704],[-121.346089,47.7798729],[-121.30704324186834,47.77966879569923],[-121.30706051133963,47.7793769506453],[-121.30644696040719,47.77232860996933],[-121.30480872506415,47.765354609934676],[-121.30430118294841,47.764044396239406],[-121.3061737,47.7620973],[-121.3069887,47.7575349],[-121.3065552,47.7558185],[-121.3068384,47.7533029],[-121.3079415,47.7498093],[-121.3075801,47.749174],[-121.3103155,47.7453325],[-121.3114748,47.7401615],[-121.3058944,47.7378662],[-121.3011304,47.7364514],[-121.2903557,47.7365133],[-121.2888274,47.7361666],[-121.28490173857503,47.73633937497216],[-121.28214603600368,47.73388725746406],[-121.27502710073934,47.72869865533734],[-121.26718774426787,47.72400385941937],[-121.25870341483765,47.71984794376746],[-121.2496556924283,47.71627079864664],[-121.24013150806577,47.71330675147168],[-121.19530570697924,47.70108409477435],[-121.1949623,47.6930518],[-121.1920955,47.6930528],[-121.1900014,47.6902658],[-121.190252,47.6877292],[-121.1909263,47.6859999],[-121.1927119,47.6847277],[-121.1894799,47.6840773],[-121.1868825,47.6830134],[-121.1856328,47.6819262],[-121.1846666,47.6795084],[-121.1850583,47.6756171],[-121.1842463,47.6749809],[-121.1841065,47.6735229],[-121.1843595,47.6725132],[-121.1838563,47.6713277],[-121.1853871,47.6712025],[-121.1845409,47.669966],[-121.1842021,47.6684574],[-121.1828036,47.6671769],[-121.1824707,47.6662432],[-121.1791888,47.6658179],[-121.1798511,47.6643695],[-121.1794745,47.6633797],[-121.1801411,47.6599666],[-121.1845907,47.6517215],[-121.1847764,47.6458364],[-121.1861501,47.6424396],[-121.1948737,47.6424337],[-121.1948848,47.6568922],[-121.1955809,47.6572329],[-121.1985082,47.6601928],[-121.1994626,47.6595674],[-121.2071959,47.6581096],[-121.2187242,47.6608083],[-121.2219595,47.663603],[-121.2243559,47.6668878],[-121.2342599,47.6691922],[-121.2362891,47.6707845],[-121.2365982,47.6718473],[-121.23642,47.6725413],[-121.2393159,47.6733133],[-121.2495357,47.6712955],[-121.2523357,47.671214],[-121.2541395,47.6716365],[-121.2563373,47.6711773],[-121.2590068,47.6715291],[-121.2589736,47.6570691],[-121.2727028,47.6477333],[-121.2783217,47.6401587],[-121.2816766,47.6378509],[-121.2800762,47.6361657],[-121.279747,47.6351472],[-121.2800721,47.6337971],[-121.2827146,47.6340608],[-121.2847366,47.6338281],[-121.2904224,47.6310036],[-121.2926043,47.6319324],[-121.2946796,47.6336209],[-121.295734,47.6349682],[-121.2973791,47.6361541],[-121.2981452,47.6360934],[-121.3000752,47.6346736],[-121.3027661,47.6335222],[-121.3077167,47.6351246],[-121.3058747,47.6372953],[-121.3051825,47.6387978],[-121.308404,47.6419836],[-121.3126246,47.6426404],[-121.3176287,47.6441928],[-121.3206781,47.6440729],[-121.3222684,47.6432162],[-121.3229342,47.6432601],[-121.3228412,47.6635365],[-121.324691,47.6634654],[-121.3291564,47.6623385],[-121.3331751,47.6633052],[-121.3389699,47.6636881],[-121.3455924,47.6628142],[-121.3559836,47.6602393],[-121.3570075,47.660369],[-121.3588764,47.6613884],[-121.3638411,47.6607622],[-121.3634061,47.6559091],[-121.3627472,47.6549663],[-121.3619595,47.6525164],[-121.3592875,47.6502972],[-121.363124,47.6485412],[-121.3657971,47.6453267],[-121.3654498,47.6438945],[-121.3656672,47.6425475],[-121.3645876,47.6416972],[-121.3668159,47.6402474],[-121.3667607,47.6364535],[-121.3681009,47.6346433],[-121.3673673,47.6335145],[-121.3689795,47.6329285],[-121.3699357,47.6312653],[-121.3701779,47.6295727],[-121.3737709,47.6283851],[-121.3742061,47.6265599],[-121.3761396,47.6237516],[-121.3758556,47.6221903],[-121.3780506,47.6215329],[-121.3787303,47.6210005],[-121.3800102,47.6177841],[-121.3811026,47.6167974],[-121.3809414,47.6161183],[-121.381957,47.6159159],[-121.3831188,47.6145944],[-121.3828126,47.6120819],[-121.3837557,47.6100323],[-121.3819096,47.6079659],[-121.3809431,47.6074276],[-121.380938,47.6057937],[-121.3839215,47.6057849],[-121.3867911,47.6068867],[-121.3918061,47.6099492],[-121.3914253,47.6107324],[-121.3894845,47.6119646],[-121.3899891,47.6125241],[-121.3902122,47.6136772],[-121.3910797,47.6147997],[-121.3909648,47.6169277],[-121.3892105,47.6185784],[-121.3891116,47.6191821],[-121.3896815,47.6205199],[-121.389495,47.6210983],[-121.3871747,47.6219604],[-121.3858749,47.6232854],[-121.38571,47.6241689],[-121.3841588,47.6251141],[-121.3837468,47.6260427],[-121.3837781,47.6274681],[-121.3826486,47.6284249],[-121.3808154,47.6284035],[-121.3799635,47.6295371],[-121.3782581,47.630502],[-121.3787606,47.6320103],[-121.3778725,47.6343338],[-121.3778057,47.6360996],[-121.377115,47.6379206],[-121.3772256,47.6391866],[-121.3758442,47.6416797],[-121.3749699,47.6426406],[-121.3750059,47.6460948],[-121.3744647,47.647109],[-121.378362,47.6473618],[-121.3790487,47.6482495],[-121.3809289,47.6495674],[-121.3806631,47.6501416],[-121.3808804,47.6511357],[-121.3819506,47.6518105],[-121.3819358,47.6527043],[-121.3837951,47.656262],[-121.3850292,47.6567029],[-121.3855533,47.6586606],[-121.3869105,47.6592187],[-121.3894469,47.6615284],[-121.3921097,47.6630972],[-121.3984893,47.662745],[-121.39982,47.661587],[-121.4009492,47.6613045],[-121.4041467,47.6594517],[-121.4063695,47.6586345],[-121.4067594,47.6582953],[-121.4067782,47.6577908],[-121.4084244,47.6576702],[-121.4108017,47.6568877],[-121.4148196,47.6547974],[-121.4149976,47.6543771],[-121.4165001,47.654131],[-121.4187832,47.6529349],[-121.4231149,47.650289],[-121.4251448,47.6504128],[-121.4264583,47.6489008],[-121.4304193,47.6483153],[-121.4326755,47.6469492],[-121.4344197,47.6465644],[-121.4355402,47.6455853],[-121.4392609,47.6439015],[-121.440607,47.6417642],[-121.4428167,47.639932],[-121.4435391,47.6382366],[-121.4434871,47.6372554],[-121.4439262,47.6359618],[-121.4450284,47.6345029],[-121.4458062,47.6344164],[-121.4469094,47.6351014],[-121.4482083,47.6351821],[-121.4473012,47.6380573],[-121.4462714,47.6391321],[-121.446434,47.6405403],[-121.4458754,47.6409847],[-121.4456295,47.6421512],[-121.4442592,47.6439461],[-121.4441802,47.64481],[-121.4417536,47.6471862],[-121.4404637,47.6489339],[-121.4405598,47.6509128],[-121.4391159,47.6512989],[-121.4364566,47.651132],[-121.43535,47.6519219],[-121.430368,47.6537274],[-121.4285763,47.6549321],[-121.4239968,47.6568448],[-121.4206547,47.6587701],[-121.4194831,47.6599523],[-121.4167977,47.6607639],[-121.4163678,47.6615035],[-121.415566,47.6612966],[-121.414305,47.6617498],[-121.4133904,47.6627058],[-121.4120977,47.6621394],[-121.4087542,47.6636368],[-121.408762,47.691811],[-121.4288508,47.6918364],[-121.4283581,47.6911616],[-121.432978,47.6893432],[-121.4342772,47.6907999],[-121.4369262,47.689854],[-121.4384798,47.6918136],[-121.5022576,47.6918053],[-121.5022775,47.6649876],[-121.5041224,47.6656303],[-121.5110753,47.6702804],[-121.5171011,47.6731059],[-121.519709,47.6740103],[-121.5250094,47.6751567],[-121.5289053,47.6755291],[-121.5299979,47.6741313],[-121.5316266,47.6731814],[-121.5325375,47.6712181],[-121.5336078,47.6698274],[-121.5363871,47.6677434],[-121.5355072,47.6662538],[-121.5335513,47.6647948],[-121.5288884,47.6632419],[-121.5293128,47.6614132],[-121.5299499,47.6606025],[-121.5313356,47.6596939],[-121.5334847,47.6589432],[-121.5354173,47.6573477],[-121.5360982,47.6563142],[-121.5353103,47.653725],[-121.5349537,47.6505848],[-121.5352412,47.6492479],[-121.5371432,47.6464908],[-121.5344391,47.6458525],[-121.5307395,47.6458862],[-121.5285507,47.6445206],[-121.5264733,47.6438946],[-121.5219549,47.6418302],[-121.5189217,47.6397842],[-121.5149082,47.6390434],[-121.5160926,47.6371803],[-121.5121167,47.6368203],[-121.5104298,47.6371758],[-121.5090609,47.6367206],[-121.5086976,47.6356125],[-121.507515,47.6338759],[-121.5042559,47.6318391],[-121.5028545,47.6301064],[-121.4994025,47.6281583],[-121.494721,47.6261377],[-121.4918424,47.6258719],[-121.4902565,47.6252039],[-121.4880761,47.6249863],[-121.4859756,47.6243458],[-121.4847808,47.6235027],[-121.4827063,47.6226593],[-121.4784627,47.6192291],[-121.47683,47.6167271],[-121.4753931,47.6156057],[-121.4744342,47.6141307],[-121.4880986,47.6142119],[-121.4895262,47.6155443],[-121.4923091,47.6169346],[-121.4980212,47.6187794],[-121.502111,47.6196026],[-121.5072593,47.6197969],[-121.5106271,47.6205719],[-121.5128946,47.6221786],[-121.5146047,47.624559],[-121.5151235,47.6257813],[-121.518119,47.6284336],[-121.523813,47.6317657],[-121.5251927,47.6321164],[-121.5255478,47.6325941],[-121.5292522,47.6347975],[-121.5335771,47.6363774],[-121.5349246,47.6361389],[-121.5410877,47.6380307],[-121.5427177,47.6376806],[-121.5450637,47.6357112],[-121.5462709,47.6353006],[-121.547693,47.6369558],[-121.5485909,47.6373531],[-121.5495502,47.6371936],[-121.5509029,47.6387998],[-121.5519247,47.639073],[-121.5522738,47.6396712],[-121.5530606,47.6396552],[-121.5532393,47.6408439],[-121.5558669,47.6430918],[-121.5704559,47.6430821],[-121.5707271,47.6446671],[-121.5712709,47.6457277],[-121.5720706,47.6464604],[-121.5739526,47.6470193],[-121.5757055,47.6488795],[-121.5792059,47.6507957],[-121.5825228,47.651673],[-121.5834926,47.6526826],[-121.5863398,47.6541206],[-121.5864075,47.6431128],[-121.6128974,47.6432028],[-121.6129385,47.6359769],[-121.6181943,47.6360037],[-121.6181849,47.6324005],[-121.6287332,47.6323597],[-121.628696,47.6287383],[-121.6450897,47.6287316],[-121.6457019,47.6142938],[-121.6304809,47.614209],[-121.6305961,47.6002945],[-121.6197964,47.600241],[-121.6196606,47.5953224],[-121.6142004,47.5952961],[-121.6141429,47.587967],[-121.6088274,47.5879328],[-121.60878,47.584264],[-121.5979346,47.5841849],[-121.5979364,47.5862466],[-121.5898588,47.5858978],[-121.5855521,47.586535],[-121.5825386,47.5863603],[-121.578148,47.5879355],[-121.5762912,47.588167],[-121.5756034,47.5879741],[-121.5744347,47.5861476],[-121.5735757,47.585594],[-121.5714182,47.585194],[-121.5666214,47.5849921],[-121.5641436,47.5865982],[-121.5588904,47.5888417],[-121.5559317,47.5908646],[-121.5522853,47.588604],[-121.5495026,47.5878321],[-121.5457094,47.5878259],[-121.540742,47.588811],[-121.5393908,47.5877858],[-121.5374362,47.5871017],[-121.5365528,47.5861914],[-121.5326957,47.5847486],[-121.524771,47.5860939],[-121.5214207,47.585873],[-121.5170384,47.5872978],[-121.5124997,47.5876184],[-121.5087121,47.5886773],[-121.5061407,47.5888296],[-121.5009186,47.5899105],[-121.4981832,47.5911794],[-121.493449,47.5923995],[-121.4718665,47.5925665],[-121.4718743,47.5899017],[-121.470625,47.589481],[-121.4695227,47.5894872],[-121.4675613,47.5901397],[-121.4622123,47.5891633],[-121.4557537,47.5889026],[-121.4511395,47.5897146],[-121.4514182,47.5886137],[-121.4504354,47.5863875],[-121.4493336,47.5860672],[-121.44921596349415,47.58592555098559],[-121.451812893999,47.585952001274215],[-121.45702873733983,47.58565882954127],[-121.46217675232035,47.585022012567954],[-121.46720726399138,47.58404769561008],[-121.48194434461375,47.58064694127988],[-121.4860458,47.580533],[-121.4882663,47.5799007],[-121.48961904030399,47.57887591516756],[-121.59263404419102,47.55510399388129],[-121.68783942724714,47.54558120413784],[-121.69296828839204,47.54489073406144],[-121.69797200904281,47.54386403115588],[-121.70280231487418,47.54251100256173],[-121.7074126145313,47.54084470339126],[-121.71175845113444,47.538881210048224],[-121.71579793262138,47.53663946428489],[-121.71949213669797,47.53414108954077],[-121.72280548644005,47.53141018138018],[-121.72570609290024,47.52847307409753],[-121.72816606142149,47.525358085789684],[-121.73016175873894,47.52209524440115],[-121.73167403835791,47.5187159974282],[-121.7326884221234,47.515252908119926],[-121.73319523634241,47.51173934113827]],[[-121.6049094,47.8916021],[-121.5975992,47.892075],[-121.5955212,47.8916966],[-121.5938644,47.8921193],[-121.5938658,47.8929261],[-121.5849737,47.8929318],[-121.5884779,47.8915029],[-121.5952238,47.8900481],[-121.5978682,47.8904114],[-121.6048598,47.8899614],[-121.6049094,47.8916021]],[[-121.5880059,47.9186317],[-121.5879127,47.9220359],[-121.5826948,47.92198],[-121.5827167,47.9185093],[-121.5880059,47.9186317]],[[-121.5002549,47.9612842],[-121.4949524,47.9613138],[-121.4949355,47.9576452],[-121.5001311,47.9577025],[-121.5002549,47.9612842]],[[-121.38181710383525,47.92590349481371],[-121.38163867522465,47.928915906316014],[-121.38162737565098,47.92889615791733],[-121.38158383370536,47.92826207833436],[-121.3817916907721,47.92596730983892],[-121.38181710383525,47.92590349481371]],[[-121.36062399656882,47.906034292281106],[-121.36061,47.90603],[-121.35991731753205,47.90594820723626],[-121.35986811461167,47.90593872081202],[-121.360595,47.906022],[-121.36062399656882,47.906034292281106]],[[-121.35788804014437,47.905711863873606],[-121.35636,47.90595],[-121.35635750608643,47.905949268611884],[-121.3578805,47.905711],[-121.35788804014437,47.905711863873606]],[[-121.3542681,47.9053326],[-121.35387242761543,47.905329073126424],[-121.35055,47.90524],[-121.34837,47.90528],[-121.3483698961275,47.90528002564753],[-121.3483558,47.9052799],[-121.3505324,47.9052345],[-121.3542681,47.9053326]],[[-121.27876557936166,47.930753806275604],[-121.27869236180817,47.930796342187634],[-121.2785828,47.9308482],[-121.27876557936166,47.930753806275604]],[[-121.27008481742622,47.94082005906979],[-121.2697869,47.9412379],[-121.26951333918383,47.94134940484946],[-121.27008481742622,47.94082005906979]],[[-121.1366507,47.9131183],[-121.13584466928694,47.91578448532489],[-121.13494,47.91562],[-121.13357219837475,47.91555806181319],[-121.13162903478153,47.915339680776796],[-121.12994,47.91493],[-121.12774,47.91475],[-121.12689191526451,47.91480730302267],[-121.1237491,47.9144541],[-121.12357637429702,47.91446807145947],[-121.12285,47.9145],[-121.12270386590444,47.91453864703353],[-121.1191687,47.9148246],[-121.11640560438158,47.915411447964324],[-121.11617910301379,47.91541992662515],[-121.11298263382136,47.9145213238174],[-121.11284,47.91448],[-121.11283262321322,47.914479152300785],[-121.1128239,47.9144767],[-121.1087317,47.9140011],[-121.1015682930164,47.91115112733875],[-121.10155798437239,47.911143314471715],[-121.09923527548054,47.90871092371217],[-121.09917,47.90863],[-121.09718,47.90739],[-121.09672,47.90733],[-121.09671799220638,47.907330160623495],[-121.0967036,47.9073225],[-121.0934527,47.9075815],[-121.0930947,47.9080952],[-121.09292485164956,47.908147701976745],[-121.09082,47.90869],[-121.08998079139484,47.909057743096646],[-121.0899117,47.9090791],[-121.08992477793925,47.90909392549535],[-121.08987,47.90924],[-121.09143,47.91115],[-121.09257062662847,47.912093329049505],[-121.0937807,47.9134651],[-121.0912342,47.9142898],[-121.0896709,47.9154013],[-121.08961018105317,47.91552085964838],[-121.08915,47.91616],[-121.08914634419604,47.916434185297796],[-121.0885653,47.9175783],[-121.0886219,47.9186106],[-121.0881760728294,47.91866392331939],[-121.08769,47.91855],[-121.08676323992005,47.918832905708626],[-121.0867265,47.9188373],[-121.0862471,47.919304],[-121.0852665,47.9194343],[-121.08525141195373,47.91984256478149],[-121.08494917263138,47.91972166905255],[-121.0847582,47.9196416],[-121.0846935,47.920003],[-121.08388203070244,47.91939496393931],[-121.08388,47.91939],[-121.08387786372757,47.919391841614164],[-121.083869,47.9193852],[-121.08358459170796,47.91962783134292],[-121.08331,47.91901],[-121.08228,47.91835],[-121.08227375499675,47.91835832667099],[-121.082264,47.9183487],[-121.08159366864199,47.918902810152765],[-121.08156082423486,47.9188655122667],[-121.08012952917672,47.9167276346125],[-121.08012,47.9167],[-121.07893,47.91585],[-121.07892840064169,47.91585043982354],[-121.0789163,47.9158418],[-121.0785141,47.9159559],[-121.0789486,47.917741],[-121.0782851,47.918498],[-121.07731236950357,47.91881971554375],[-121.07731023882738,47.9188184726493],[-121.07729729965747,47.91841080137009],[-121.07731,47.91836],[-121.0772956539444,47.918358950288614],[-121.0772955,47.9183541],[-121.07648982643461,47.91829392521088],[-121.07647,47.9176],[-121.07645076843635,47.91759538442472],[-121.0764507,47.9175935],[-121.07644812099535,47.917594749038884],[-121.07622,47.91754],[-121.07560698135,47.918002121751535],[-121.07556032032097,47.91802472017508],[-121.07555114144144,47.91801971351352],[-121.07530459634371,47.91756493221228],[-121.0753,47.91753],[-121.0752868990429,47.9175322874687],[-121.0752849,47.9175286],[-121.0746705607312,47.91763682252318],[-121.07473,47.9173],[-121.07461,47.91716],[-121.07459262152891,47.91715978806743],[-121.0745925,47.9171589],[-121.0737715,47.917143],[-121.0728642,47.9178958],[-121.0702060324572,47.91847719938155],[-121.07020082870886,47.91847352614743],[-121.07044434511012,47.918033413564906],[-121.07082,47.91773],[-121.07074,47.91753],[-121.0707218684833,47.91753183942923],[-121.0707277,47.9175213],[-121.07004895686055,47.91759061174502],[-121.07002,47.91733],[-121.06973,47.91725],[-121.06942521025155,47.91732314953963],[-121.0686371637597,47.916977963131416],[-121.06861,47.91696],[-121.06860317066021,47.916963073202915],[-121.0685941,47.9169591],[-121.06792184866744,47.917020764965834],[-121.06792,47.91702],[-121.06784025573138,47.917028249407096],[-121.0670505030998,47.917100692653676],[-121.06707,47.91674],[-121.06681100635039,47.91669910626585],[-121.06675926311846,47.916604140394064],[-121.0669,47.91645],[-121.06685,47.91622],[-121.06641,47.91594],[-121.06639692371064,47.91593912824737],[-121.0663962,47.9159378],[-121.06540010696693,47.91566160915276],[-121.06533,47.9156],[-121.06522591254654,47.915613309543225],[-121.0651166,47.915583],[-121.0622647,47.9159813],[-121.06229714787568,47.916287360799515],[-121.06207,47.91566],[-121.06032,47.91378],[-121.06021042635983,47.91372114330185],[-121.0601599,47.9136682],[-121.05892513079965,47.913030755972386],[-121.05857,47.91284],[-121.0585482382793,47.91283774170823],[-121.05693057165257,47.91249952405841],[-121.05692860625511,47.91249734028346],[-121.05612361508294,47.91073223421266],[-121.05605,47.91051],[-121.05599274677743,47.91044527896579],[-121.0559648,47.910384],[-121.05582967762918,47.910260939928634],[-121.05559,47.90999],[-121.05546805590085,47.90993159997237],[-121.0554159,47.9098841],[-121.047252929331,47.90573859442784],[-121.04707,47.90564],[-121.0439,47.90351],[-121.04388656882708,47.90350402132054],[-121.0438806,47.9035],[-121.04381954473045,47.90347418657774],[-121.03907,47.90136],[-121.03786,47.90095],[-121.03408,47.90018],[-121.03371930806414,47.90018462425559],[-121.0332659,47.9001008],[-121.02939621366423,47.90023853256843],[-121.02731,47.89943],[-121.02443,47.89746],[-121.02373909838698,47.897279203316224],[-121.023342,47.8971745],[-121.0207694,47.8973372],[-121.02074285413475,47.89733502649503],[-121.01839,47.89702],[-121.01737936343996,47.89705963280628],[-121.0173582,47.8970579],[-121.0161944310801,47.89778443088043],[-121.01115,47.89598],[-121.00995179664656,47.89578980899152],[-121.00985231288244,47.895758015848095],[-121.00941,47.8955],[-121.0081894574559,47.895226598470124],[-121.00815356237636,47.895215127076554],[-121.00688375917285,47.89425395659611],[-121.00597426207284,47.88871902519135],[-121.0038453896591,47.88190481334045],[-121.00074508694846,47.87526042881723],[-120.99670271734934,47.868848015111155],[-120.99175641558517,47.86272752355685],[-120.98595272018447,47.856956155559],[-120.97934612955798,47.851587831169994],[-120.97273659403898,47.84716644285605],[-121.00938487611556,47.84017986573551],[-121.00913,47.84068],[-121.00871283502113,47.843269899243865],[-121.00854044441847,47.843901299635256],[-121.00786,47.8454],[-121.00760955840175,47.847310776638416],[-121.0075707,47.8474531],[-121.0080148,47.8500365],[-121.00800195699208,47.85020024575958],[-121.00768,47.85204],[-121.00777302469058,47.853119086410764],[-121.007767,47.8531959],[-121.00926108150384,47.856466500470425],[-121.00927,47.85649],[-121.0092727800336,47.856492108991006],[-121.0092995,47.8565506],[-121.00933735705851,47.85654109845818],[-121.00956,47.85671],[-121.01023,47.85633],[-121.01209,47.85408],[-121.01344211292303,47.85440569143402],[-121.0134723362273,47.85456428058408],[-121.01334,47.85469],[-121.01362867339492,47.85538462035651],[-121.0136414,47.8554514],[-121.0146183,47.8561827],[-121.0162263,47.8591923],[-121.0162375739378,47.85919546431851],[-121.01624,47.8592],[-121.0166,47.85941],[-121.01691,47.85939],[-121.0186,47.85868],[-121.01931209300301,47.8581378382818],[-121.01975004158757,47.8579127179374],[-121.02109,47.85743],[-121.02182,47.85686],[-121.02222,47.85617],[-121.02224,47.8558],[-121.02209,47.85457],[-121.02189,47.85425],[-121.02212578647453,47.85425686756722],[-121.02402980283267,47.85435167481261],[-121.02409180835129,47.85438405547234],[-121.02495393683519,47.855067825082074],[-121.02498,47.85514],[-121.02523684404012,47.85529220387563],[-121.0252381,47.8552932],[-121.02553203745663,47.85625127887911],[-121.02581486228998,47.857205213486516],[-121.02582136614221,47.85744321171958],[-121.02575,47.85803],[-121.02586590876544,47.85907317888888],[-121.0258717,47.8592851],[-121.02561494874075,47.86000513327404],[-121.02549,47.86033],[-121.02548722263433,47.86036332838811],[-121.02511751662955,47.861400131969305],[-121.0246,47.86198],[-121.02467624684397,47.86263762902926],[-121.0246672,47.862663],[-121.02467976994733,47.86266801579572],[-121.02468,47.86267],[-121.02499,47.86292],[-121.02628946446023,47.86331033343102],[-121.0269164,47.8635605],[-121.02740774321,47.863646242257],[-121.02762,47.86371],[-121.02988536899568,47.86407860241286],[-121.0302756,47.8641467],[-121.03030208360325,47.86414640682358],[-121.03057,47.86419],[-121.03083828181224,47.86414047105005],[-121.03233416916918,47.86412391141141],[-121.03246,47.86413],[-121.03249416514697,47.86413720915946],[-121.03413889451933,47.86460914768125],[-121.03459,47.8648],[-121.03473713911787,47.864780807941145],[-121.03570692687012,47.86505907876548],[-121.0361,47.86525],[-121.03736704950951,47.86553543423017],[-121.0376304,47.865611],[-121.03770771806498,47.86561217824541],[-121.03792,47.86566],[-121.039,47.86564],[-121.04000654482452,47.86518157364427],[-121.04001859357427,47.86518429678714],[-121.04051,47.86543],[-121.04200917276042,47.86563418840465],[-121.04568636032515,47.86646527107289],[-121.04574,47.86648],[-121.0473,47.86651],[-121.04903761188545,47.8662403705695],[-121.0535914,47.8670056],[-121.05367780525154,47.866980075306095],[-121.05374,47.86699],[-121.05389903998304,47.8669147210747],[-121.05591982357444,47.866317767976355],[-121.05614,47.86633],[-121.05651769389532,47.86614115305234],[-121.05851045758583,47.86555247722165],[-121.0586,47.86554],[-121.05918,47.86525],[-121.0595,47.8649],[-121.0596,47.86426],[-121.05944,47.86378],[-121.05958,47.86312],[-121.05934,47.86165],[-121.05903,47.86123],[-121.05918,47.86085],[-121.05911234209756,47.8605049446976],[-121.05915319702935,47.8602045854957],[-121.05928,47.85997],[-121.0592077760032,47.85980332923817],[-121.05923841937683,47.859578043848096],[-121.0594,47.85941],[-121.05929918777919,47.8591312838601],[-121.05937693511586,47.85855969734716],[-121.0594,47.8585],[-121.05936929764704,47.85843580417107],[-121.05915768897839,47.85761070686731],[-121.05918,47.85756],[-121.05911,47.85686],[-121.05886,47.8564],[-121.05901,47.85605],[-121.05899634576117,47.855980022025996],[-121.05933121727634,47.85505784159904],[-121.05995,47.85416],[-121.05996,47.85337],[-121.06105328363356,47.85396366476876],[-121.0618005,47.854372],[-121.06180336235482,47.854370965579776],[-121.06182,47.85438],[-121.06239278792928,47.85417261126699],[-121.06241090773337,47.85419238955796],[-121.06259,47.85456],[-121.06339,47.85535],[-121.06361659537154,47.8555084325362],[-121.0656385,47.8577154],[-121.06565403260005,47.85776218720051],[-121.06578,47.85908],[-121.06649877068783,47.860306701973904],[-121.066516,47.8603586],[-121.0675194,47.8612582],[-121.06757723448571,47.861268187310856],[-121.06903,47.86152],[-121.07089,47.8608],[-121.07098197433582,47.860696103065095],[-121.07176026203716,47.86004321687238],[-121.0726,47.85967],[-121.07319,47.85887],[-121.07371,47.85883],[-121.07384967165771,47.858750531643025],[-121.07522683414618,47.858528974251946],[-121.07526,47.85853],[-121.07749,47.85764],[-121.07817,47.85705],[-121.08346,47.85561],[-121.08364,47.85529],[-121.08357,47.85504],[-121.08142,47.8523],[-121.10906204655704,47.8523],[-121.1092024,47.8776231],[-121.109219980063,47.87762639282807],[-121.10922,47.87763],[-121.10926871396596,47.877635520916144],[-121.1116553096435,47.878082541454795],[-121.11166967113309,47.878086879821446],[-121.114271,47.8798461],[-121.11428486948121,47.87984654033983],[-121.11429,47.87985],[-121.11882,47.88],[-121.12501650144749,47.88171902943382],[-121.1267859,47.8829612],[-121.12682306833892,47.88301083719456],[-121.12754,47.88428],[-121.12832629288759,47.88501834819932],[-121.1283461,47.8850448],[-121.12932581739045,47.8855821850927],[-121.13030694021438,47.8861228037916],[-121.1288382,47.8866771],[-121.12770608391081,47.88753793706689],[-121.12669,47.8883],[-121.12666565451023,47.88832905752003],[-121.1264728,47.8884757],[-121.12644364669883,47.88859403458527],[-121.12638,47.88867],[-121.12631094183403,47.889132689711886],[-121.1262611,47.889335],[-121.12632310697666,47.889409232417066],[-121.12694,47.8904],[-121.12866603778188,47.89221410093402],[-121.12892568602945,47.89252494203673],[-121.12925350818178,47.893353775402986],[-121.1294128,47.8937937],[-121.1288447,47.896855],[-121.1298047,47.9031275],[-121.1294227,47.9045354],[-121.130738,47.9060937],[-121.1308321286133,47.906140474392174],[-121.13091,47.90623],[-121.13283234436521,47.90715701885632],[-121.13647011584324,47.9114828535732],[-121.13661130427342,47.91263925404894],[-121.1366507,47.9131183]],[[-121.0624296,47.9175367],[-121.06238147656866,47.9176130558444],[-121.06239679899574,47.91750108426192],[-121.06242148269435,47.91746013446197],[-121.0624296,47.9175367]],[[-121.03316037786983,47.8356473374102],[-121.0326996,47.8367366],[-121.0310866,47.8373928],[-121.02895433544893,47.83755346146877],[-121.02833881787886,47.8373543234314],[-121.02813467926217,47.837281758072784],[-121.02774590833991,47.836679544291236],[-121.03316037786983,47.8356473374102]]]]}}
