{
  "type": "Feature",
  "properties": {
    "id": "north-puget",
    "name": "North Puget Sound and Islands",
    "boundaryVersion": "mountain-led-v1",
    "derivation": "Selected GMBA broad basic ranges, plus retained historical footprint/approach neighborhoods where present, clipped to the existing complete statewide start footprint; remaining locations allocated by EPA ecoregions and the documented shoreline/state-edge repair. No mountain, elevation or terrain threshold determines eligibility.",
    "sources": {
      "gmba": {
        "authority": "Global Mountain Biodiversity Assessment (GMBA) / EarthEnv",
        "dataset": "GMBA Mountain Inventory v2.0, broad extent, basic non-overlapping ranges",
        "url": "https://data.earthenv.org/mountains/broad/GMBA_Inventory_v2.0_broad_basic.zip",
        "sha256": "sha256:638bae59339fb45ffe190079aa2fabdcd1d05fd00353863e9509bd7b16004ae0",
        "byteLength": 42672594,
        "reviewedAt": "2026-09-29T16:56:01Z",
        "coordinateReferenceSystem": "WGS84 (EPSG:4326)",
        "license": "Creative Commons Attribution 4.0 International",
        "datasetCitation": "Snethlage et al. (2022), GMBA Mountain Inventory v2, https://doi.org/10.48601/earthenv-t9k2-1407",
        "publicationCitation": "Snethlage et al. (2022), A hierarchical inventory of the world’s mountains for global comparative mountain science, Scientific Data, https://doi.org/10.1038/s41597-022-01256-y",
        "limitation": "Broad extent includes surrounding landscape and support polygons. Used to organize eligible starts, not to classify every included location as mountainous."
      },
      "epa": {
        "authority": "U.S. Environmental Protection Agency",
        "dataset": "Washington Level III Ecoregions",
        "url": "https://dmap-prod-oms-edc.s3.us-east-1.amazonaws.com/ORD/Ecoregions/wa/wa_eco_l3.zip",
        "metadataUrl": "https://dmap-prod-oms-edc.s3.us-east-1.amazonaws.com/ORD/Ecoregions/wa/wa_eco_l3.htm",
        "sha256": "sha256:e665f5a691b006feaf0c2d0ec8394c4e6d03de127267a21e054ae5bec4e6dae3",
        "byteLength": 1175130,
        "metadataDate": "2012-05-08",
        "reviewedAt": "2026-09-29T16:56:01Z",
        "license": "U.S. federal government public domain",
        "derivation": "Source NAD83 Albers Equal Area polygons transformed to WGS84 EPSG:4326 with pyshp 3.1.6 and pyproj 3.8.0; used only to allocate residual statewide coverage after the selected GMBA ranges and historical footprints."
      }
    },
    "statewideCoverage": {
      "path": "data/fixtures/coverage/washington-start-coverage.geojson",
      "sha256": "sha256:6f5274416c8dcf9bf05d2daff212a7344cdd4a73ffb461fec16d6a00084e4f3d",
      "properties": {
        "name": "Washington eligible-start coverage obligation",
        "basis": "Union of all twelve Washington effective start footprints at 8e95bc3, including the pinned Census 2025 statewide county inventory and retained historical footprints and approach neighborhoods. Used only as a gap-regression baseline; county assignments are superseded.",
        "sourceCommit": "8e95bc3",
        "license": "U.S. Census Bureau public domain; retained OpenStreetMap-derived boundaries ODbL 1.0; USDA Forest Service public domain. Original attribution retained in Git history."
      }
    },
    "gmbaSelection": [
      {
        "id": "17153",
        "name": "Gulf Islands",
        "path": "North America > American Cordillera (North America) > Pacific Coast Ranges > Coast Mountains > Pacific Ranges > Northwest Coast Islands > Inside Passage Islands > Gulf Islands",
        "pathIds": "12159 > 12218 > 12385 > 11234 > 12912 > 17150 > 17151 > 17153"
      },
      {
        "id": "17155",
        "name": "San Juan Islands",
        "path": "North America > American Cordillera (North America) > Pacific Coast Ranges > Coast Mountains > Pacific Ranges > Northwest Coast Islands > Inside Passage Islands > San Juan Islands",
        "pathIds": "12159 > 12218 > 12385 > 11234 > 12912 > 17150 > 17151 > 17155"
      },
      {
        "id": "17156",
        "name": "Whidbey Island Group",
        "path": "North America > American Cordillera (North America) > Pacific Coast Ranges > Coast Mountains > Pacific Ranges > Northwest Coast Islands > Inside Passage Islands > Whidbey Island Group",
        "pathIds": "12159 > 12218 > 12385 > 11234 > 12912 > 17150 > 17151 > 17156"
      }
    ],
    "epaResiduals": [
      "EPA Puget Lowland residual north of 47.6 degrees"
    ],
    "edgeRepair": {
      "parts": 618,
      "areaSquareDegrees": 0.008226838923845781,
      "method": "For each connected remaining part outside the EPA polygons, assign its representative point to the nearest post-EPA group by GEOS distance in EPSG:5070; tie-break by ascending region ID."
    },
    "limitation": "The source boundaries are geographic groupings with scale and vintage limitations, not legal access boundaries or proof that all trails are mapped. US-only limits and explicit exclusions still apply. Build costs and representative routes require a real-data build.",
    "authoringPrecision": {
      "method": "GEOS buffer of valid raw derived geometry by 3e-7 degrees with mitre joins and mitre_limit=2, then topology-preserving valid-output set_precision on a shared 1e-7-degree grid. No runtime normalization.",
      "implementation": "Shapely 2.1.2 / GEOS",
      "gridDegrees": 1e-07,
      "outwardBufferDegrees": 3e-07,
      "mitreLimit": 2,
      "verifiedMaximumOutwardDistanceDegrees": 8e-07,
      "maximumMeasuredOutputVertexDistanceDegrees": 6.422737487648902e-07,
      "missingRawAreaSquareDegrees": 0.0,
      "extraAreaSquareDegrees": 5.360324299463337e-06,
      "rawGeometryHash": "sha256:90a790d59739efde00b6077b8dd016865325474ac412d15cb74ac67d32041db7",
      "finalGeometryHash": "sha256:b080712644b6c0184aef5f46f3a10b2ee31a0cefdc078a54961fa906716bf4aa",
      "hashEncoding": "UTF-8 JSON geometry, compact comma/colon separators; numeric serialization from Python 3 json.dumps.",
      "reference": "https://libgeos.org/doxygen/classgeos_1_1precision_1_1GeometryPrecisionReducer.html"
    }
  },
  "geometry": {"type":"MultiPolygon","coordinates":[[[[-122.4325927,47.6628563],[-122.4290816,47.6637744],[-122.4255061,47.6647093],[-122.4226902,47.6666143],[-122.4158401,47.6706223],[-122.4091853,47.6717432],[-122.4092839,47.672673],[-122.4093672,47.6734593],[-122.4096147,47.6757936],[-122.4096603,47.6762241],[-122.4094363,47.6767038],[-122.4078413,47.6801191],[-122.405002,47.6867204],[-122.4038413,47.689419],[-122.405958,47.6925939],[-122.4062414,47.693019],[-122.405332,47.6945454],[-122.4034412,47.6977192],[-122.4031575,47.6978273],[-122.3963143,47.7004342],[-122.3932481,47.7016023],[-122.3920748,47.7020566],[-122.3911354,47.7024203],[-122.3896633,47.7029903],[-122.3865477,47.7041967],[-122.3856552,47.7045423],[-122.3850533,47.7050705],[-122.3806497,47.7089354],[-122.3804403,47.7091191],[-122.3811393,47.7120591],[-122.3798681,47.7132656],[-122.3764403,47.7165191],[-122.3763276,47.720906],[-122.3763265,47.7209494],[-122.3762843,47.7225901],[-122.3733204,47.7288394],[-122.3731403,47.729219],[-122.3737059,47.730826],[-122.3748805,47.7341639],[-122.3754408,47.7357561],[-122.3763853,47.7384399],[-122.3765292,47.7386547],[-122.3798881,47.743669],[-122.3800366,47.7438908],[-122.3802427,47.7441984],[-122.3826753,47.7478299],[-122.3824312,47.748902],[-122.3811252,47.7546374],[-122.3802413,47.7585189],[-122.3859302,47.7630694],[-122.3863659,47.7634179],[-122.3877422,47.7645188],[-122.3877787,47.7645907],[-122.3889692,47.7669388],[-122.3902123,47.768138],[-122.3942997,47.7720813],[-122.3944424,47.7722189],[-122.3943725,47.7723602],[-122.3941198,47.7728715],[-122.3936233,47.773876],[-122.3943553,47.7770928],[-122.3952035,47.7779216],[-122.3955969,47.7783058],[-122.3970433,47.7797189],[-122.3968073,47.7823782],[-122.3939208,47.7842602],[-122.3922631,47.7853411],[-122.3921433,47.7854192],[-122.3921392,47.7854545],[-122.391406,47.7918108],[-122.3913363,47.792415],[-122.3916132,47.7932516],[-122.3937015,47.7995622],[-122.3949397,47.8033041],[-122.3949443,47.8033179],[-122.3950378,47.8037888],[-122.3954247,47.8057375],[-122.3956374,47.8068082],[-122.3920441,47.8077183],[-122.3834924,47.8127264],[-122.3814812,47.8139042],[-122.3803126,47.8150661],[-122.3781823,47.8171842],[-122.3776579,47.8177055],[-122.3740092,47.8213332],[-122.3661457,47.8286362],[-122.360359,47.8340105],[-122.3532441,47.8406183],[-122.3528374,47.8407276],[-122.3469596,47.8423067],[-122.3465441,47.8424183],[-122.3413221,47.8458205],[-122.3403451,47.8464571],[-122.3399442,47.8467182],[-122.3397984,47.8469223],[-122.3395482,47.8472723],[-122.3359503,47.8523061],[-122.3347293,47.856305],[-122.3348388,47.8580425],[-122.334908,47.85914],[-122.3349579,47.8599322],[-122.3350453,47.8613181],[-122.3330902,47.8647662],[-122.3305543,47.8667222],[-122.3295453,47.869418],[-122.3295575,47.8695376],[-122.3301453,47.8753179],[-122.3320689,47.8781077],[-122.332901,47.8793144],[-122.3335433,47.880246],[-122.3327179,47.8822146],[-122.3287666,47.8916387],[-122.3280599,47.8933241],[-122.3280078,47.8934485],[-122.3277673,47.894022],[-122.3285463,47.897917],[-122.3274791,47.8999215],[-122.3249146,47.9047382],[-122.3245672,47.9053908],[-122.3225513,47.9091771],[-122.3221911,47.9115267],[-122.3221747,47.9116338],[-122.3219473,47.9131171],[-122.3205564,47.9148775],[-122.3192279,47.9165589],[-122.3184312,47.9175672],[-122.3121845,47.923705],[-122.3107473,47.9251172],[-122.3097473,47.929117],[-122.3111483,47.936717],[-122.3086943,47.9463451],[-122.3070482,47.9491173],[-122.3046092,47.949462],[-122.2968381,47.9505603],[-122.2911111,47.9520522],[-122.2907199,47.9521541],[-122.2897402,47.9524094],[-122.2891801,47.9525553],[-122.2780471,47.9565173],[-122.264202,47.9579428],[-122.2597487,47.9584013],[-122.2567672,47.9587083],[-122.2504113,47.9593627],[-122.2490071,47.9595073],[-122.2487461,47.959645],[-122.2401652,47.9641722],[-122.2366302,47.9660373],[-122.2306918,47.9704387],[-122.2300463,47.9709172],[-122.229995,47.9714338],[-122.2298025,47.9733748],[-122.2297963,47.9734371],[-122.2286164,47.9747164],[-122.2282654,47.9750971],[-122.2308092,47.9801078],[-122.2336795,47.9815729],[-122.2319369,47.9832002],[-122.2301583,47.9848611],[-122.2296783,47.988471],[-122.2296687,47.9886901],[-122.2292023,47.999367],[-122.2308663,48.0053309],[-122.2311043,48.0087491],[-122.2287673,48.0124681],[-122.2259366,48.0181888],[-122.2258592,48.0183452],[-122.2234981,48.0203563],[-122.2189827,48.0202763],[-122.2231919,48.0246168],[-122.2246862,48.0261578],[-122.2268066,48.0298564],[-122.2274201,48.0309267],[-122.2291849,48.0304994],[-122.2298761,48.030332],[-122.2299496,48.0303142],[-122.231761,48.0298757],[-122.2371328,48.0304638],[-122.2382371,48.0305847],[-122.2421429,48.0322052],[-122.2469191,48.0341867],[-122.2477099,48.0345916],[-122.2479207,48.0346995],[-122.2513534,48.0364571],[-122.2610831,48.0414387],[-122.265646,48.0437666],[-122.2705729,48.0462802],[-122.2742546,48.0481586],[-122.2743941,48.0482297],[-122.275261,48.0484914],[-122.2774739,48.0491595],[-122.2808371,48.0501747],[-122.2816732,48.0503596],[-122.2833734,48.0507356],[-122.2862411,48.0513697],[-122.2898572,48.0524257],[-122.2909383,48.0535369],[-122.2909755,48.0546461],[-122.2909803,48.0547882],[-122.2905038,48.0550002],[-122.289483,48.0554543],[-122.2886368,48.0550173],[-122.2886008,48.0549988],[-122.2885688,48.0549823],[-122.2872798,48.0538983],[-122.2825409,48.0519533],[-122.280386,48.0517598],[-122.28038,48.0517593],[-122.2800406,48.0517667],[-122.278163,48.0518074],[-122.27805,48.0518098],[-122.2778439,48.0518143],[-122.2777068,48.0516597],[-122.2771788,48.0510643],[-122.2770179,48.0510184],[-122.2761427,48.0507693],[-122.2751923,48.0504988],[-122.274934,48.0504253],[-122.2748128,48.0504658],[-122.2743751,48.0506121],[-122.2737702,48.0508142],[-122.2736238,48.0510734],[-122.2730632,48.0520652],[-122.2722323,48.0526202],[-122.2721838,48.0532533],[-122.272166,48.0534854],[-122.2721552,48.0536276],[-122.2721493,48.0537037],[-122.2725042,48.0537414],[-122.2725399,48.0537452],[-122.2735292,48.0538501],[-122.2739782,48.0538977],[-122.2740374,48.0540516],[-122.2743126,48.0547675],[-122.2743523,48.054871],[-122.2740613,48.0560661],[-122.2737069,48.0564382],[-122.2736993,48.0564461],[-122.2736911,48.0564547],[-122.2734795,48.0566769],[-122.2734935,48.0566827],[-122.2745354,48.0571183],[-122.2754741,48.0575107],[-122.2769292,48.0585108],[-122.2783432,48.0614278],[-122.2786346,48.0617152],[-122.2799467,48.0630091],[-122.2800051,48.0630667],[-122.2801408,48.0630959],[-122.2817914,48.0634512],[-122.2822752,48.0635554],[-122.2824581,48.0635947],[-122.283411,48.0641802],[-122.2839961,48.0645397],[-122.2841037,48.0645325],[-122.2854344,48.0644434],[-122.2855437,48.0644361],[-122.28649,48.0643727],[-122.2880158,48.0646758],[-122.289566,48.0649837],[-122.2915199,48.0650397],[-122.2923599,48.0644205],[-122.2927257,48.0641508],[-122.2927653,48.0640248],[-122.2933334,48.0622135],[-122.2934154,48.0619521],[-122.2934318,48.0618995],[-122.2934758,48.0619301],[-122.2954918,48.0633335],[-122.2983453,48.0653198],[-122.2983436,48.0680026],[-122.2983433,48.0684579],[-122.3009509,48.0712774],[-122.3010012,48.0713317],[-122.3049053,48.073013],[-122.3058381,48.0734147],[-122.3178001,48.079231],[-122.3201107,48.0803545],[-122.3210553,48.0808138],[-122.3214193,48.0809908],[-122.3214398,48.081311],[-122.3216706,48.0849039],[-122.3217093,48.0855069],[-122.3244524,48.0900912],[-122.3250883,48.0911539],[-122.3261192,48.0928767],[-122.3339961,48.0954407],[-122.3432412,48.0976307],[-122.3436514,48.0985508],[-122.344594,48.1006649],[-122.3446903,48.100881],[-122.3446534,48.1009885],[-122.3439733,48.102971],[-122.3440494,48.1031475],[-122.3448282,48.1049548],[-122.3455518,48.1054579],[-122.3473623,48.1067168],[-122.3477283,48.1106919],[-122.3516342,48.1144297],[-122.3516641,48.1144427],[-122.3588362,48.1175397],[-122.3616492,48.1201758],[-122.3634784,48.123307],[-122.3638423,48.1239298],[-122.3650784,48.125822],[-122.3649439,48.1260056],[-122.3621253,48.129853],[-122.3635512,48.1333428],[-122.3678293,48.1349298],[-122.3676452,48.1363917],[-122.3676273,48.1365341],[-122.3673747,48.1367762],[-122.3652825,48.1387812],[-122.3640053,48.1400051],[-122.3639054,48.1413275],[-122.3637973,48.142759],[-122.3645727,48.1447633],[-122.3649685,48.1457863],[-122.3649943,48.145853],[-122.3647443,48.1513039],[-122.366124,48.1534781],[-122.3669989,48.1548568],[-122.3673543,48.1554169],[-122.3699168,48.1637188],[-122.3701723,48.1645466],[-122.3702533,48.1648091],[-122.3634792,48.1744382],[-122.3588333,48.1793602],[-122.3574704,48.1822848],[-122.3577651,48.1823634],[-122.3616201,48.1833917],[-122.3634271,48.1842952],[-122.3637542,48.1844588],[-122.3671932,48.1892018],[-122.3702753,48.1909408],[-122.370249,48.191858],[-122.3702163,48.1929961],[-122.3690903,48.1949332],[-122.3686172,48.1957208],[-122.3677853,48.197106],[-122.3697423,48.2009389],[-122.3716393,48.205246],[-122.3689713,48.2106591],[-122.3685364,48.2132936],[-122.3639056,48.2109917],[-122.3548887,48.209592],[-122.3493223,48.2068251],[-122.3437722,48.2061252],[-122.3384214,48.2042494],[-122.2967914,48.1947808],[-122.2595112,48.1918023],[-122.2489398,48.1884575],[-122.2469378,48.1862928],[-122.2156876,48.1788506],[-122.2176897,48.1717091],[-122.2218563,48.1678476],[-122.2198544,48.1467094],[-122.2176897,48.1447074],[-122.2156877,48.1342094],[-122.2114397,48.1322075],[-122.2094377,48.1258761],[-122.207273,48.1238741],[-122.2052711,48.1196261],[-122.2031064,48.1176242],[-122.2011044,48.1154595],[-122.1989397,48.1134575],[-122.1969378,48.1112928],[-122.1947731,48.1092908],[-122.1927711,48.1071261],[-122.1906064,48.1051241],[-122.1886044,48.1008761],[-122.1843564,48.0988742],[-122.1823545,48.0967095],[-122.1801897,48.0947075],[-122.1781878,48.0925428],[-122.1760231,48.0905408],[-122.1740211,48.0883761],[-122.1718564,48.0863742],[-122.1698545,48.0842095],[-122.1676897,48.0822075],[-122.1656878,48.0800428],[-122.1635231,48.0780409],[-122.1615211,48.0758761],[-122.1593564,48.0738742],[-122.1573545,48.0696262],[-122.1181903,48.0514987],[-122.1156878,48.0487928],[-122.1135231,48.0467908],[-122.1115211,48.0404594],[-122.1093564,48.0384575],[-122.1073544,48.0279594],[-122.1051897,48.0259575],[-122.1031878,48.0133762],[-122.0969376,48.010426],[-122.0989398,48.0071257],[-122.1031879,48.0051238],[-122.1051898,48.0029591],[-122.1073545,48.0009571],[-122.1093564,47.9987924],[-122.1115211,47.9967905],[-122.1135231,47.9946257],[-122.1156878,47.9926238],[-122.1176898,47.9904591],[-122.1198544,47.9884572],[-122.1218564,47.9821258],[-122.1240211,47.9801239],[-122.126023,47.9696258],[-122.132273,47.9666758],[-122.1302711,47.9404595],[-122.1260231,47.9384576],[-122.1240211,47.9362929],[-122.1218564,47.9342909],[-122.1198544,47.9258761],[-122.1176897,47.9238742],[-122.1156878,47.9196262],[-122.1135231,47.9176242],[-122.1115211,47.9154595],[-122.1093564,47.9134576],[-122.1073545,47.9092095],[-122.1051897,47.9072075],[-122.1031878,47.8987929],[-122.0989398,47.896791],[-122.0969379,47.8946263],[-122.093772,47.8936252],[-122.094773,47.8883758],[-122.0969378,47.8863738],[-122.0989398,47.8842091],[-122.1031879,47.8822071],[-122.1051898,47.8800425],[-122.1073545,47.8780405],[-122.1093564,47.8758758],[-122.1115211,47.8738739],[-122.1135231,47.8696258],[-122.1156878,47.8676238],[-122.1176898,47.8654591],[-122.1198545,47.8634572],[-122.1218564,47.8612925],[-122.1240211,47.8592905],[-122.1260231,47.8571258],[-122.1302712,47.8551238],[-122.1322731,47.8529591],[-122.1344377,47.8509572],[-122.1364397,47.8383759],[-122.1386044,47.8363739],[-122.1406064,47.8321258],[-122.1427711,47.8301239],[-122.144773,47.8196259],[-122.1489397,47.8157644],[-122.1469377,47.7904595],[-122.142771,47.786598],[-122.144773,47.7717092],[-122.1489396,47.7678479],[-122.1469378,47.7654596],[-122.144773,47.7634576],[-122.1427711,47.7508762],[-122.1406064,47.7488743],[-122.1386045,47.7467096],[-122.1364398,47.7447076],[-122.1344378,47.7425429],[-122.1322731,47.740541],[-122.1302712,47.7383763],[-122.1180764,47.7326227],[-122.1156878,47.7300429],[-122.1135231,47.728041],[-122.111334,47.7233942],[-122.0719379,47.705043],[-122.0516579,47.7002131],[-122.0490211,47.6946263],[-122.0468565,47.6926243],[-122.0448545,47.6904597],[-122.0406065,47.6884577],[-122.0386045,47.686293],[-122.0364398,47.684291],[-122.0344378,47.6821263],[-122.0322731,47.6801243],[-122.0302712,47.6779596],[-122.0281065,47.6759577],[-122.0261045,47.673793],[-122.0219377,47.6699314],[-122.0239397,47.6529592],[-122.0386047,47.6509572],[-122.0580383,47.6475717],[-122.0684266,47.6512135],[-122.1001526,47.6584279],[-122.1239766,47.6593719],[-122.1511046,47.6572072],[-122.1676899,47.6550425],[-122.1940408,47.6529388],[-122.2362852,47.6428762],[-122.2385231,47.6404592],[-122.2469379,47.6384572],[-122.2572732,47.6342091],[-122.2636045,47.6322072],[-122.2728575,47.6289601],[-122.2856708,47.6249074],[-122.3011044,47.6176239],[-122.3031064,47.6154592],[-122.3052711,47.6134573],[-122.307273,47.6112926],[-122.3094377,47.6092906],[-122.3114397,47.6071259],[-122.3136044,47.6051239],[-122.3156064,47.6029592],[-122.3177711,47.6009573],[-122.3186567,47.5999997],[-122.3396597,47.5999997],[-122.3396633,47.5997728],[-122.3396452,47.5997457],[-122.3396181,47.5997276],[-122.3395364,47.5997276],[-122.3388727,47.5997821],[-122.3388271,47.5997821],[-122.3388179,47.5997546],[-122.3387997,47.5995819],[-122.3387816,47.5995548],[-122.3387363,47.5995458],[-122.3380091,47.5995548],[-122.3378364,47.5995458],[-122.3376455,47.5995548],[-122.3376001,47.5995548],[-122.3375731,47.5995729],[-122.3375821,47.5996089],[-122.3376183,47.599627],[-122.3377455,47.5996724],[-122.3378,47.5996815],[-122.3381183,47.5996906],[-122.3381367,47.5996998],[-122.3381367,47.5997275],[-122.338091,47.5997458],[-122.3376091,47.5997367],[-122.3374181,47.5997185],[-122.3370454,47.5996367],[-122.3369816,47.5996093],[-122.3369634,47.5995819],[-122.3369542,47.5995454],[-122.3369725,47.5994998],[-122.3369998,47.5994725],[-122.3370454,47.5994542],[-122.3372091,47.5994452],[-122.3373182,47.5994452],[-122.3373635,47.5994361],[-122.3373907,47.5994089],[-122.3374179,47.5993636],[-122.3374088,47.5991091],[-122.3374088,47.5990907],[-122.3374454,47.5990724],[-122.3377364,47.5990633],[-122.3385636,47.5990724],[-122.3388273,47.5990633],[-122.3394909,47.5990815],[-122.3395273,47.5990809],[-122.3395133,47.599113],[-122.3395713,47.5992199],[-122.3411703,47.60217],[-122.3423255,47.6043014],[-122.3436419,47.60673],[-122.3439932,47.6073782],[-122.3440888,47.6075544],[-122.3445452,47.6083965],[-122.3448323,47.6089263],[-122.3448572,47.6089722],[-122.3449372,47.6091198],[-122.346363,47.6098772],[-122.346784,47.6101009],[-122.347474,47.6104675],[-122.3503505,47.6119957],[-122.3508715,47.6122725],[-122.3513226,47.6125121],[-122.3523431,47.6130543],[-122.3530931,47.6134527],[-122.3532183,47.6135283],[-122.3540441,47.614027],[-122.3542101,47.6141272],[-122.3542172,47.6141315],[-122.3544552,47.6142752],[-122.3548614,47.6145206],[-122.3556143,47.6149752],[-122.3615792,47.6185772],[-122.3645012,47.6203418],[-122.3691615,47.6243186],[-122.3701741,47.6251827],[-122.3725033,47.6255838],[-122.377939,47.6265197],[-122.3795239,47.626465],[-122.3807658,47.6264222],[-122.3821797,47.6263735],[-122.3827372,47.6263542],[-122.3837393,47.6263197],[-122.3839913,47.6318747],[-122.3850681,47.6317932],[-122.3860389,47.6317197],[-122.3871908,47.6313685],[-122.3886235,47.6309318],[-122.3896342,47.6306236],[-122.3918281,47.6299548],[-122.391835,47.6299527],[-122.3918948,47.6299634],[-122.3921783,47.6300144],[-122.3941189,47.6303633],[-122.3953584,47.6305862],[-122.3954001,47.6305937],[-122.3985116,47.6317644],[-122.3990958,47.6319842],[-122.4042401,47.6339197],[-122.4049007,47.6342909],[-122.4146452,47.6397658],[-122.4167859,47.6425282],[-122.4182713,47.6444449],[-122.4178403,47.6484189],[-122.4184551,47.6492086],[-122.4200991,47.65132],[-122.4209866,47.65246],[-122.4213672,47.6529488],[-122.4227439,47.6539187],[-122.4228851,47.6540181],[-122.4298411,47.6589187],[-122.4324576,47.6599506],[-122.4369416,47.6617189],[-122.4369416,47.6617192],[-122.4362343,47.6619041],[-122.4325927,47.6628563]]],[[[-122.3205724,48.0083128],[-122.3211538,48.0085207],[-122.3239024,48.0095035],[-122.3261152,48.0102947],[-122.33001,48.0142878],[-122.3314529,48.015767],[-122.3333438,48.0177056],[-122.3344649,48.018855],[-122.3345245,48.0189161],[-122.3344922,48.0189344],[-122.3316401,48.0205563],[-122.328343,48.0213353],[-122.3235785,48.0210979],[-122.3226479,48.0210515],[-122.3223618,48.0210373],[-122.3221619,48.0205874],[-122.3219252,48.0200548],[-122.3213547,48.0187711],[-122.3212614,48.0186107],[-122.3203326,48.0170128],[-122.3202858,48.0169322],[-122.3163948,48.0155903],[-122.3161627,48.0152629],[-122.3150532,48.0136987],[-122.3148848,48.0134613],[-122.3097108,48.0127973],[-122.3092272,48.0111358],[-122.3090294,48.0104563],[-122.3088477,48.0098322],[-122.3061156,48.0076897],[-122.3056386,48.0073157],[-122.3034544,48.0056029],[-122.3063986,48.0044842],[-122.306629,48.0043967],[-122.3071613,48.004534],[-122.3073788,48.0045901],[-122.3173701,48.0071677],[-122.3205724,48.0083128]]],[[[-122.6841513,48.1687879],[-122.6866263,48.1746528],[-122.6871793,48.17524],[-122.6927537,48.1811579],[-122.6930842,48.1815088],[-122.6974051,48.1843377],[-122.7009272,48.1853037],[-122.7049632,48.1894638],[-122.7115081,48.1935727],[-122.7152089,48.1945782],[-122.7159004,48.1947661],[-122.7213719,48.1962527],[-122.7350223,48.1999616],[-122.7350302,48.1999637],[-122.7350325,48.1999666],[-122.7406772,48.2070698],[-122.7406831,48.2070736],[-122.7445779,48.2096273],[-122.7446121,48.2096497],[-122.744637,48.2096574],[-122.7529996,48.2122402],[-122.7569353,48.2134557],[-122.7574623,48.2136184],[-122.7630308,48.2153382],[-122.7630422,48.2153417],[-122.7630445,48.2153447],[-122.7653373,48.2183087],[-122.7700453,48.2243949],[-122.7700452,48.2243994],[-122.7700218,48.2250938],[-122.7699393,48.2275481],[-122.7699266,48.2275661],[-122.7662591,48.2327445],[-122.7662572,48.2327472],[-122.7623883,48.2383481],[-122.7623166,48.2385411],[-122.7619221,48.2396029],[-122.758672,48.2483513],[-122.7574613,48.2516101],[-122.7563809,48.2534742],[-122.7562146,48.2537612],[-122.7525632,48.2600612],[-122.752372,48.2602606],[-122.7497623,48.2629825],[-122.7483291,48.2644773],[-122.7388642,48.2743492],[-122.7386653,48.2744968],[-122.7378166,48.2751264],[-122.7320775,48.2793842],[-122.7320222,48.2794252],[-122.7313779,48.2805719],[-122.7301314,48.2827899],[-122.7298799,48.2832375],[-122.7287933,48.2851711],[-122.7272433,48.2937291],[-122.7226146,48.304213],[-122.7225902,48.3042682],[-122.7225886,48.3042692],[-122.7224161,48.3043763],[-122.716482,48.3080614],[-122.7151686,48.3088771],[-122.7126331,48.3104517],[-122.7122602,48.3106832],[-122.7111494,48.3116697],[-122.7105977,48.3121597],[-122.7080979,48.3143798],[-122.7072681,48.3151167],[-122.7070772,48.3152862],[-122.7026593,48.3217301],[-122.7017957,48.323803],[-122.7002642,48.3274792],[-122.6948852,48.3296942],[-122.6942788,48.3304106],[-122.6909923,48.3342937],[-122.6903013,48.3351102],[-122.6895946,48.3365173],[-122.6871992,48.3412872],[-122.6830796,48.343592],[-122.6828182,48.3437382],[-122.6743681,48.3539161],[-122.6737313,48.3546832],[-122.6684113,48.3647091],[-122.6668507,48.3692409],[-122.6666404,48.3698516],[-122.6649283,48.3748231],[-122.6646593,48.4015082],[-122.66153,48.4025473],[-122.657489,48.4017583],[-122.6510721,48.4028633],[-122.644798,48.4054883],[-122.6445269,48.4054539],[-122.6349909,48.4042443],[-122.630869,48.4030213],[-122.6273038,48.4042834],[-122.6261148,48.4014432],[-122.624293,48.4004884],[-122.6201732,48.4036522],[-122.6171742,48.4071452],[-122.6097151,48.4115653],[-122.6019799,48.4099073],[-122.5967317,48.4056262],[-122.5953507,48.3972002],[-122.5904639,48.3949733],[-122.5850377,48.3951663],[-122.5852906,48.3930559],[-122.5857807,48.388966],[-122.5860087,48.3855131],[-122.5840527,48.3828181],[-122.5839127,48.3799831],[-122.5801727,48.3748241],[-122.5802427,48.3716099],[-122.5888908,48.3630048],[-122.5945039,48.3588197],[-122.5945996,48.3587806],[-122.5975936,48.3575558],[-122.5972287,48.3560999],[-122.5971187,48.3556612],[-122.5940289,48.3545553],[-122.5938721,48.3545332],[-122.588306,48.3537479],[-122.5853269,48.3533276],[-122.5851619,48.3533043],[-122.5742867,48.3504871],[-122.5739494,48.3503997],[-122.5675516,48.3487423],[-122.5655249,48.3482173],[-122.5627921,48.3470466],[-122.5582892,48.3451177],[-122.5513338,48.3421383],[-122.5513174,48.3421235],[-122.5445488,48.3360353],[-122.5445292,48.3360269],[-122.537277,48.3329327],[-122.5357085,48.3322635],[-122.5357078,48.3322633],[-122.5324741,48.3297943],[-122.5309468,48.3286282],[-122.5309448,48.3286263],[-122.5272488,48.3250853],[-122.5223221,48.3230455],[-122.5206221,48.3223417],[-122.5159902,48.320424],[-122.5159788,48.3204193],[-122.513733,48.3179426],[-122.511446,48.3154207],[-122.508048,48.3116735],[-122.5065677,48.3100411],[-122.5047287,48.300373],[-122.5058278,48.2976768],[-122.5106968,48.2935598],[-122.511222,48.293248],[-122.5190648,48.2885928],[-122.519525,48.2883196],[-122.5195348,48.2883138],[-122.5198562,48.2880334],[-122.522742,48.2855158],[-122.5227558,48.2855037],[-122.522808,48.2854843],[-122.5251291,48.2846206],[-122.5274279,48.2837651],[-122.5309753,48.282445],[-122.5309759,48.2824447],[-122.5309808,48.2824445],[-122.5395991,48.2820582],[-122.5397793,48.2820501],[-122.5502352,48.2815815],[-122.5517929,48.2815117],[-122.5555285,48.2801164],[-122.5576638,48.2793188],[-122.5588997,48.277093],[-122.5585668,48.2759472],[-122.5578889,48.2736144],[-122.5578397,48.273445],[-122.5578625,48.273396],[-122.5584052,48.2722314],[-122.5584359,48.2721656],[-122.5585116,48.2722044],[-122.5601185,48.273027],[-122.5604893,48.2732168],[-122.5605839,48.2737342],[-122.5608565,48.2752246],[-122.5612293,48.2772631],[-122.5602727,48.2788475],[-122.5599375,48.2794025],[-122.5584041,48.2819422],[-122.5583324,48.2820609],[-122.5585721,48.282247],[-122.5587133,48.2823567],[-122.5588641,48.2824737],[-122.5651084,48.2873219],[-122.5673198,48.2890389],[-122.5748721,48.2949027],[-122.5840861,48.2979867],[-122.599532,48.2983027],[-122.6168164,48.2945197],[-122.6182849,48.2941983],[-122.6184659,48.2941587],[-122.6185395,48.2941128],[-122.6267567,48.2889909],[-122.6266934,48.2887637],[-122.6258717,48.2858122],[-122.6255521,48.2856344],[-122.6234526,48.2844662],[-122.6230311,48.2842316],[-122.6207477,48.2829612],[-122.6214207,48.2799578],[-122.6240399,48.2784174],[-122.6249267,48.2778958],[-122.6258777,48.2714101],[-122.6237784,48.2694309],[-122.6256546,48.2688438],[-122.631107,48.2671377],[-122.6382372,48.2706188],[-122.6400539,48.2724587],[-122.6411907,48.2736101],[-122.6437043,48.2761559],[-122.6437106,48.2762487],[-122.6439413,48.2796363],[-122.6353851,48.2797943],[-122.6349136,48.2801081],[-122.6315437,48.2823507],[-122.6311074,48.2826411],[-122.6316908,48.2838706],[-122.6320893,48.2847103],[-122.6323384,48.2852353],[-122.6325332,48.2856458],[-122.6360981,48.2884927],[-122.6429909,48.2888087],[-122.6463179,48.2864367],[-122.6478899,48.2859385],[-122.6562853,48.2832777],[-122.6563008,48.2832727],[-122.6563104,48.2832643],[-122.6616351,48.2785395],[-122.6627177,48.2775788],[-122.6628331,48.2769643],[-122.6629285,48.2764568],[-122.6631034,48.2755255],[-122.6634307,48.2737831],[-122.6617036,48.2717492],[-122.6606038,48.270454],[-122.660443,48.2702645],[-122.6603408,48.2701442],[-122.6598507,48.269822],[-122.6596434,48.2696858],[-122.6526387,48.2650811],[-122.6534297,48.25934],[-122.6530524,48.2528455],[-122.6529727,48.2514729],[-122.6542193,48.2499512],[-122.6579004,48.2454577],[-122.6586778,48.2445087],[-122.6607468,48.2437436],[-122.6634935,48.2427278],[-122.66497,48.2421817],[-122.6692099,48.2406137],[-122.6692545,48.2406028],[-122.6725672,48.2397911],[-122.6731726,48.2396427],[-122.677217,48.2386517],[-122.6781686,48.2389686],[-122.6785621,48.2390997],[-122.6808484,48.2398611],[-122.68197,48.2402347],[-122.6850619,48.2400177],[-122.6864859,48.2399177],[-122.6900609,48.2383647],[-122.6930921,48.2382971],[-122.704142,48.2380507],[-122.7159579,48.2361187],[-122.7283179,48.2324777],[-122.7323257,48.2294578],[-122.7323577,48.2261441],[-122.7322218,48.2260051],[-122.7298778,48.2236083],[-122.7266765,48.2227887],[-122.7261787,48.2226612],[-122.7262109,48.222403],[-122.7263498,48.2212922],[-122.7265783,48.2194635],[-122.7266537,48.2188601],[-122.7238018,48.2150592],[-122.721187,48.2137923],[-122.715483,48.2149013],[-122.710967,48.2141093],[-122.7055671,48.2165503],[-122.7053693,48.2166003],[-122.7009231,48.2177237],[-122.6995591,48.2180683],[-122.6929711,48.2222413],[-122.6882758,48.2225708],[-122.687642,48.2226153],[-122.6784051,48.2209193],[-122.6740951,48.2235663],[-122.6738327,48.2235847],[-122.6683942,48.2239667],[-122.668385,48.2239673],[-122.6653185,48.2236963],[-122.659617,48.2231923],[-122.655004,48.2246925],[-122.6535092,48.2251786],[-122.6516575,48.2257808],[-122.6493733,48.2265236],[-122.6483656,48.2268514],[-122.6482519,48.2268884],[-122.6482292,48.2268538],[-122.6479706,48.2264606],[-122.6457179,48.2230347],[-122.6456538,48.2229373],[-122.645486,48.222911],[-122.640213,48.2220861],[-122.637868,48.2217193],[-122.6378169,48.2217113],[-122.6345957,48.219762],[-122.634578,48.2197513],[-122.6345496,48.2197593],[-122.631272,48.2206829],[-122.6312601,48.2206863],[-122.6283565,48.2224646],[-122.628352,48.2224674],[-122.6253128,48.2205002],[-122.6166337,48.2124181],[-122.6166329,48.2124173],[-122.6125439,48.2118539],[-122.6124959,48.2118473],[-122.6122381,48.2116955],[-122.6119412,48.2115208],[-122.6104921,48.2106677],[-122.6064098,48.2082646],[-122.6064058,48.2082622],[-122.6048677,48.2063821],[-122.6058187,48.2017491],[-122.6006868,48.1962442],[-122.6004694,48.1960848],[-122.6002497,48.1959236],[-122.595717,48.1925994],[-122.592943,48.190565],[-122.5927538,48.1904262],[-122.5888936,48.1866748],[-122.5882175,48.1860176],[-122.5881378,48.1859402],[-122.5857777,48.1823521],[-122.5857466,48.1820029],[-122.5853544,48.1776034],[-122.5852135,48.1760219],[-122.5850567,48.1742631],[-122.5834891,48.1718188],[-122.5826277,48.1704756],[-122.5825947,48.1704242],[-122.5824791,48.1702012],[-122.5811757,48.1676881],[-122.5811594,48.1670901],[-122.5809557,48.1595981],[-122.5780468,48.1568043],[-122.5749049,48.1555933],[-122.5744737,48.1553506],[-122.5730618,48.1545558],[-122.5721618,48.1540492],[-122.5679357,48.1486241],[-122.567673,48.1472988],[-122.5672141,48.1449845],[-122.5670477,48.144145],[-122.5670143,48.1435641],[-122.5666708,48.1375857],[-122.5663977,48.1328331],[-122.5628518,48.1289102],[-122.5610384,48.1260614],[-122.5600127,48.1244501],[-122.5599628,48.1237202],[-122.5598078,48.1214538],[-122.5598077,48.1214531],[-122.5581735,48.1187327],[-122.5576637,48.117884],[-122.5600408,48.1131228],[-122.5716147,48.1051128],[-122.5716179,48.1050733],[-122.5717148,48.1038637],[-122.5718527,48.1021431],[-122.5672068,48.0954952],[-122.5658456,48.0940851],[-122.5643448,48.0925304],[-122.5636728,48.0918342],[-122.5619516,48.0891068],[-122.5617078,48.0887205],[-122.5590137,48.0844515],[-122.5587557,48.0840426],[-122.5545588,48.0773923],[-122.5539995,48.077206],[-122.5513108,48.0763106],[-122.5512079,48.0762763],[-122.5462727,48.0759523],[-122.5462716,48.0759523],[-122.5462724,48.0759476],[-122.5463422,48.0755332],[-122.5467653,48.0730183],[-122.5467657,48.073016],[-122.5454918,48.0691255],[-122.5454897,48.0691191],[-122.5454146,48.0657476],[-122.5453417,48.062476],[-122.5468465,48.0576725],[-122.5469457,48.0573559],[-122.5488696,48.0537392],[-122.5452208,48.0525823],[-122.5451199,48.0525503],[-122.5450711,48.0525319],[-122.5396733,48.0505031],[-122.5389546,48.0502329],[-122.5389527,48.0502322],[-122.5385636,48.0486627],[-122.5381997,48.0471952],[-122.5379268,48.0460947],[-122.5372053,48.0431846],[-122.5370939,48.0427355],[-122.5369857,48.042299],[-122.53695,48.0401965],[-122.5368918,48.0367691],[-122.5368773,48.0359097],[-122.5368427,48.033874],[-122.5368325,48.0332686],[-122.5368321,48.0332427],[-122.5367127,48.0261659],[-122.5388028,48.0225078],[-122.5405172,48.021146],[-122.5406953,48.0210046],[-122.5415007,48.0203649],[-122.541504,48.0200024],[-122.5415045,48.0199507],[-122.5415247,48.0177452],[-122.5408477,48.0174296],[-122.5379359,48.0160723],[-122.5357812,48.0161482],[-122.5354431,48.0161601],[-122.53342,48.0162313],[-122.5325843,48.0162059],[-122.5297519,48.0161198],[-122.5281911,48.0160723],[-122.5244754,48.0181704],[-122.5234046,48.018775],[-122.5227932,48.0191203],[-122.5179712,48.0224322],[-122.5158482,48.0277332],[-122.5158423,48.0277478],[-122.5156419,48.0282484],[-122.5152583,48.0292061],[-122.5147258,48.0305354],[-122.513338,48.0339998],[-122.5133159,48.034055],[-122.5127503,48.0354671],[-122.5098271,48.0395141],[-122.5096524,48.039756],[-122.5097009,48.0398209],[-122.5113163,48.0419808],[-122.5134413,48.046273],[-122.5125925,48.0486843],[-122.5122673,48.0496079],[-122.5126491,48.0499907],[-122.5160703,48.0534209],[-122.5162931,48.0568545],[-122.5162959,48.0568976],[-122.5163143,48.0571811],[-122.5139943,48.0590771],[-122.5146443,48.0612058],[-122.5169045,48.0628373],[-122.5177755,48.063466],[-122.5174014,48.063787],[-122.5158336,48.0651325],[-122.5139313,48.0667652],[-122.5123495,48.0715027],[-122.5110819,48.0752993],[-122.5110813,48.0753009],[-122.5110859,48.0753054],[-122.5157412,48.079928],[-122.5169062,48.0810848],[-122.5169168,48.0811006],[-122.5227253,48.0897909],[-122.5254017,48.0964854],[-122.5254224,48.0965373],[-122.5132908,48.0975371],[-122.513276,48.0975383],[-122.5132421,48.0975333],[-122.5101715,48.0970767],[-122.5086759,48.0968543],[-122.508369,48.0967374],[-122.5051359,48.0955063],[-122.500324,48.0955359],[-122.4960181,48.0955623],[-122.4917598,48.0970884],[-122.4917367,48.0969883],[-122.4916414,48.0965749],[-122.4911037,48.0942422],[-122.4876058,48.0911902],[-122.4839768,48.0867352],[-122.4813313,48.0845793],[-122.4786648,48.0824062],[-122.4784116,48.0821998],[-122.476971,48.0810256],[-122.4729004,48.0777077],[-122.4727809,48.0776103],[-122.4689768,48.0770453],[-122.4616058,48.0685012],[-122.4593028,48.0660252],[-122.4580138,48.0646393],[-122.4553809,48.0618085],[-122.4522353,48.0584266],[-122.4484188,48.0543232],[-122.4451199,48.0517003],[-122.4446654,48.0515432],[-122.4445646,48.0515083],[-122.4373209,48.0490043],[-122.4368473,48.0486912],[-122.4346026,48.0472072],[-122.4312659,48.0450013],[-122.4299021,48.0446257],[-122.4286886,48.0442915],[-122.425427,48.0433933],[-122.4201664,48.0434445],[-122.4198706,48.0434474],[-122.419759,48.0434485],[-122.4161779,48.0434833],[-122.414867,48.0428999],[-122.41208,48.0416596],[-122.4119489,48.0416013],[-122.4068642,48.0408244],[-122.4066868,48.0407973],[-122.4066412,48.0407407],[-122.4043347,48.0378831],[-122.4036277,48.0370072],[-122.4034098,48.0367373],[-122.4019833,48.0366481],[-122.400628,48.0365633],[-122.3976111,48.036281],[-122.3923879,48.0357923],[-122.3878308,48.0341883],[-122.387382,48.0340303],[-122.3868345,48.0340513],[-122.38297,48.0341993],[-122.3814806,48.0339248],[-122.380355,48.0337173],[-122.3775431,48.0342253],[-122.3762587,48.0344574],[-122.3762147,48.0339626],[-122.3762025,48.0338259],[-122.3761647,48.0334015],[-122.3761319,48.0330324],[-122.3759237,48.0306941],[-122.3754916,48.02983],[-122.3739796,48.0268068],[-122.3736997,48.0262471],[-122.3730625,48.0234764],[-122.3722737,48.020047],[-122.3727877,48.010031],[-122.3726312,48.0094527],[-122.3724529,48.0087939],[-122.3720836,48.0074295],[-122.3717977,48.006373],[-122.3716562,48.0027791],[-122.3715597,48.0003301],[-122.3698749,47.996794],[-122.3691608,47.9952952],[-122.3641424,47.9912654],[-122.3598958,47.9878552],[-122.3577089,47.9865426],[-122.35725,47.9862672],[-122.3542677,47.9844772],[-122.3536107,47.9814331],[-122.3532321,47.9800709],[-122.3528328,47.9786343],[-122.3522041,47.9763722],[-122.3502537,47.9693551],[-122.3501424,47.9675664],[-122.3500319,47.965791],[-122.3499962,47.9652168],[-122.3499252,47.9640749],[-122.3495967,47.958796],[-122.3502617,47.9555636],[-122.3504164,47.9548114],[-122.3505583,47.9541218],[-122.3507407,47.9532349],[-122.3514084,47.9522703],[-122.3519097,47.9515462],[-122.3567707,47.9445239],[-122.3576107,47.9393119],[-122.3579112,47.9388386],[-122.3588118,47.9374198],[-122.3653808,47.9349237],[-122.3678758,47.9324148],[-122.3712762,47.9291089],[-122.3749598,47.9255277],[-122.3768367,47.9237029],[-122.3768342,47.9236857],[-122.376074,47.9184739],[-122.3758577,47.916991],[-122.3757797,47.910252],[-122.3772998,47.9059408],[-122.3783437,47.9053145],[-122.3785886,47.9051676],[-122.3796075,47.9045563],[-122.3804969,47.9040227],[-122.3844586,47.9046906],[-122.3899411,47.905615],[-122.3904201,47.9056957],[-122.3904892,47.9057626],[-122.3960338,47.9111279],[-122.396853,47.9119206],[-122.3973494,47.912401],[-122.3968457,47.9128355],[-122.3954133,47.9140712],[-122.3950952,47.9156627],[-122.3947823,47.9172281],[-122.3946356,47.9174625],[-122.3938139,47.9187764],[-122.3932552,47.9196695],[-122.3931424,47.91985],[-122.3942097,47.9209163],[-122.3953272,47.9220328],[-122.3953711,47.9220767],[-122.39861,47.9224987],[-122.4033199,47.9221887],[-122.4047078,47.9217097],[-122.4048249,47.921562],[-122.4054228,47.9208077],[-122.405756,47.9206963],[-122.4065168,47.9204418],[-122.4065269,47.9204162],[-122.4073623,47.9183097],[-122.4075677,47.9177919],[-122.4078617,47.9166928],[-122.4096708,47.9149448],[-122.4101709,47.9145994],[-122.4123491,47.9130953],[-122.4124469,47.9130277],[-122.4191062,47.9121469],[-122.419274,47.9121247],[-122.4239539,47.9131621],[-122.4310353,47.9147318],[-122.4310134,47.9149201],[-122.4306953,47.9176569],[-122.4391795,47.9248505],[-122.4454456,47.9301634],[-122.4455193,47.9302259],[-122.4456632,47.9338023],[-122.4457593,47.93619],[-122.4453784,47.9372527],[-122.4447711,47.9389473],[-122.4446393,47.9393152],[-122.4441504,47.9398456],[-122.4436488,47.9403897],[-122.4420841,47.9420874],[-122.4412013,47.9430451],[-122.4407903,47.946594],[-122.4407702,47.9501174],[-122.440761,47.9517216],[-122.4407603,47.9518449],[-122.4409416,47.9521912],[-122.4431597,47.9564274],[-122.4439548,47.9579459],[-122.4447588,47.9594815],[-122.4466822,47.9631548],[-122.4466847,47.9631572],[-122.4491481,47.9655563],[-122.4517409,47.9680814],[-122.4554132,47.9716578],[-122.4586762,47.9738175],[-122.4615831,47.9757414],[-122.4617952,47.9758818],[-122.4620554,47.9761444],[-122.4628124,47.9769086],[-122.4688243,47.9829779],[-122.4689004,47.9836674],[-122.469002,47.9845877],[-122.4691541,47.9859659],[-122.4692473,47.9868098],[-122.4709619,47.9876332],[-122.4714789,47.9878815],[-122.4726601,47.9884487],[-122.478826,47.9898097],[-122.487528,47.9897357],[-122.5012569,47.9870887],[-122.5148128,47.9811518],[-122.5177798,47.9749158],[-122.5212189,47.9729967],[-122.541166,47.9684924],[-122.5463137,47.9673299],[-122.5468242,47.9672146],[-122.5478003,47.9704888],[-122.5499091,47.9718147],[-122.5518493,47.9723638],[-122.5518633,47.9724517],[-122.551992,47.9732595],[-122.5520533,47.973644],[-122.5518838,47.9742585],[-122.5512261,47.9766432],[-122.5510323,47.9773461],[-122.5498792,47.9785959],[-122.5450957,47.9837803],[-122.5430633,47.9859831],[-122.5427513,47.9874431],[-122.5415643,47.992998],[-122.5427066,47.9958587],[-122.5429243,47.9964038],[-122.5475882,48.0002767],[-122.5476892,48.0003273],[-122.5555268,48.0042525],[-122.5574052,48.0051932],[-122.5600181,48.0065017],[-122.5605645,48.0065992],[-122.5797762,48.0100281],[-122.5817801,48.0103857],[-122.5880842,48.0169658],[-122.5936782,48.0199778],[-122.5966632,48.0257618],[-122.6007831,48.0284497],[-122.6073426,48.0309919],[-122.6034542,48.0338806],[-122.6007074,48.0359212],[-122.5983196,48.0376951],[-122.5967862,48.0388342],[-122.5936213,48.0472],[-122.5945929,48.0540096],[-122.5946489,48.0544017],[-122.5949223,48.0563178],[-122.5970008,48.0581099],[-122.5974149,48.058467],[-122.6005499,48.0611699],[-122.6009452,48.0615108],[-122.6036313,48.0630305],[-122.6057353,48.0642208],[-122.6057751,48.0646027],[-122.6058128,48.064964],[-122.6059262,48.0660503],[-122.6060453,48.0671918],[-122.6069475,48.0676092],[-122.6123302,48.0700998],[-122.6130452,48.0712316],[-122.6140283,48.0727879],[-122.6138231,48.0744829],[-122.6134058,48.0779288],[-122.6132173,48.0794851],[-122.6115109,48.0819469],[-122.6097438,48.084496],[-122.6072913,48.0880341],[-122.6072884,48.0880438],[-122.6047053,48.0966501],[-122.6046959,48.0966707],[-122.603655,48.0989406],[-122.5983051,48.1106078],[-122.5983013,48.110616],[-122.598302,48.1106204],[-122.5988966,48.1144671],[-122.6012844,48.1299128],[-122.6020989,48.1351818],[-122.6021093,48.1352489],[-122.6021347,48.1353234],[-122.6034659,48.1392258],[-122.6040306,48.1408812],[-122.6051553,48.1441779],[-122.6057594,48.1452295],[-122.6079587,48.149058],[-122.6090995,48.1510439],[-122.6095255,48.1517854],[-122.6095682,48.1518598],[-122.6100386,48.1524645],[-122.6105582,48.1531324],[-122.6116641,48.1545541],[-122.6118265,48.1547629],[-122.6127132,48.1559028],[-122.6174641,48.1590547],[-122.6242991,48.1617937],[-122.6262975,48.1621288],[-122.6316495,48.1630262],[-122.633167,48.1632807],[-122.646081,48.1640367],[-122.6560199,48.1625127],[-122.6653119,48.1600697],[-122.6712349,48.1573117],[-122.6714888,48.1571613],[-122.6729423,48.1562999],[-122.6749531,48.1551082],[-122.676741,48.1540487],[-122.6771624,48.154208],[-122.6795562,48.1551128],[-122.6830733,48.1616489],[-122.6832323,48.1627018],[-122.6839196,48.1672536],[-122.6841513,48.1687879]]],[[[-122.5047121,48.1303037],[-122.5048074,48.1303243],[-122.5064206,48.1306722],[-122.5082048,48.131057],[-122.5087181,48.1311677],[-122.5103624,48.1320942],[-122.5105622,48.1322068],[-122.5120173,48.1339145],[-122.5120313,48.1339308],[-122.5146906,48.1396746],[-122.5157293,48.141918],[-122.5157255,48.1419244],[-122.5132893,48.1459801],[-122.5133889,48.1469366],[-122.5135373,48.1483609],[-122.5135521,48.1483762],[-122.5162322,48.1511508],[-122.5168803,48.1524401],[-122.5183321,48.1553287],[-122.5183462,48.1553568],[-122.5183554,48.1553641],[-122.5195595,48.1563236],[-122.5210432,48.1575058],[-122.5212607,48.1578752],[-122.5239763,48.162489],[-122.5239148,48.1626432],[-122.5235252,48.1636192],[-122.5230104,48.1649088],[-122.5227254,48.1656229],[-122.5234063,48.166191],[-122.5252191,48.1677033],[-122.525749,48.1681453],[-122.5264411,48.1687227],[-122.5264472,48.1687277],[-122.5271356,48.1690095],[-122.5300933,48.1702198],[-122.5304219,48.1734867],[-122.5305015,48.1742772],[-122.5305273,48.1745339],[-122.5309552,48.1751228],[-122.5335358,48.1786743],[-122.5372204,48.1837451],[-122.5372181,48.1837468],[-122.5350632,48.1854101],[-122.5331833,48.1868612],[-122.5329676,48.1874989],[-122.5319357,48.1905505],[-122.5319193,48.190599],[-122.5321872,48.191857],[-122.5329453,48.1954168],[-122.5357783,48.1978908],[-122.5359645,48.199015],[-122.5361287,48.200006],[-122.5362173,48.2005407],[-122.5362213,48.2005649],[-122.5384603,48.2027099],[-122.5386562,48.2057058],[-122.5389152,48.2096657],[-122.5389163,48.209683],[-122.5382343,48.2134421],[-122.5382088,48.2135062],[-122.5344313,48.2230051],[-122.5345674,48.226015],[-122.5346119,48.2269996],[-122.5347131,48.2292381],[-122.5350814,48.2373848],[-122.5351912,48.2398129],[-122.5352093,48.2402131],[-122.5351912,48.2402544],[-122.5347961,48.2411553],[-122.5327016,48.2459321],[-122.5325345,48.2463132],[-122.5309962,48.2498212],[-122.5268531,48.2517933],[-122.522135,48.2512583],[-122.5192705,48.2523384],[-122.5177735,48.2529028],[-122.5176131,48.2529633],[-122.5136781,48.2544673],[-122.5135715,48.2544821],[-122.5125619,48.2546219],[-122.509929,48.2549867],[-122.5069361,48.2554013],[-122.5067834,48.255481],[-122.5048967,48.2564656],[-122.5037861,48.2570453],[-122.4996478,48.2566113],[-122.4987289,48.25507],[-122.4977592,48.2534436],[-122.4977268,48.2533893],[-122.4974821,48.2533123],[-122.4934479,48.2520433],[-122.486296,48.2509733],[-122.4835502,48.251348],[-122.480961,48.2517014],[-122.4809251,48.2517063],[-122.4808438,48.2517393],[-122.4771267,48.2532476],[-122.4770931,48.2532613],[-122.4768539,48.2534422],[-122.4750787,48.2547851],[-122.4744942,48.2552272],[-122.4744716,48.2552639],[-122.4701933,48.2622191],[-122.4701143,48.2623912],[-122.4668166,48.2695751],[-122.4668032,48.2696042],[-122.4667908,48.2696083],[-122.463962,48.2705413],[-122.4601288,48.2698341],[-122.4584008,48.2695153],[-122.4569015,48.2675195],[-122.4566916,48.2672402],[-122.4563169,48.2667413],[-122.4560239,48.2663513],[-122.4526765,48.266523],[-122.451208,48.2665983],[-122.4505147,48.266384],[-122.4435665,48.2642362],[-122.4420399,48.2637643],[-122.4285349,48.2595883],[-122.4165529,48.2558833],[-122.406516,48.2518303],[-122.4054737,48.2519784],[-122.3970282,48.2531783],[-122.3953283,48.2571871],[-122.3947043,48.2595391],[-122.3916861,48.2675774],[-122.391686,48.2675774],[-122.3905696,48.2655773],[-122.3867122,48.252768],[-122.3822363,48.2405773],[-122.3803076,48.2341727],[-122.3780126,48.2321951],[-122.3804703,48.2277883],[-122.3795739,48.2253471],[-122.3822511,48.2263007],[-122.383911,48.2274857],[-122.3865779,48.2261427],[-122.3874081,48.2260247],[-122.3878963,48.2262668],[-122.3881203,48.2271298],[-122.3899582,48.2287498],[-122.3906692,48.2298948],[-122.392329,48.2306057],[-122.3932179,48.2301707],[-122.3941669,48.2300917],[-122.3946776,48.2298672],[-122.3961209,48.2292327],[-122.4026442,48.2292889],[-122.404245,48.2293027],[-122.4089279,48.2283547],[-122.4119809,48.2270337],[-122.415272,48.2265767],[-122.4182951,48.2269327],[-122.4240462,48.2281967],[-122.4251133,48.2297759],[-122.4251133,48.231277],[-122.4252158,48.2316366],[-122.4255723,48.2328868],[-122.4287292,48.2345148],[-122.4305781,48.2362367],[-122.4319178,48.2363682],[-122.433767,48.2365497],[-122.4352167,48.2363293],[-122.4411789,48.2354227],[-122.4496048,48.2325977],[-122.4537097,48.2288589],[-122.453618,48.226837],[-122.4536177,48.2268301],[-122.4508417,48.2225881],[-122.4508203,48.2224615],[-122.4495127,48.2147363],[-122.4448872,48.2145385],[-122.4445079,48.2145223],[-122.4417452,48.2117905],[-122.4417307,48.2117761],[-122.4417452,48.2116664],[-122.4420383,48.2094442],[-122.4420507,48.2093499],[-122.4422088,48.2091938],[-122.4500769,48.2014284],[-122.4549298,48.1966388],[-122.4550462,48.1965802],[-122.4586614,48.1947606],[-122.4603082,48.1939318],[-122.4609409,48.1936134],[-122.461888,48.1931367],[-122.4619606,48.1931773],[-122.4647713,48.1947501],[-122.4648011,48.1947667],[-122.4672282,48.1944282],[-122.4702499,48.1940067],[-122.4749344,48.1906594],[-122.4784131,48.1881737],[-122.4785347,48.1880868],[-122.4785309,48.1879028],[-122.4783597,48.179613],[-122.4785133,48.1786864],[-122.478652,48.1778491],[-122.4790077,48.1757031],[-122.4778338,48.1749613],[-122.4764545,48.1740896],[-122.4763938,48.1740512],[-122.4763854,48.1740393],[-122.4751294,48.1722568],[-122.4744757,48.1713291],[-122.4757997,48.1668022],[-122.4758026,48.1667922],[-122.4746491,48.1662672],[-122.4699874,48.1641458],[-122.4670988,48.1628312],[-122.4659187,48.1622942],[-122.4645988,48.1567307],[-122.4643316,48.1556045],[-122.4643267,48.1555841],[-122.464249,48.1554772],[-122.4639848,48.1551138],[-122.4634133,48.1543276],[-122.4620158,48.1524052],[-122.4616279,48.1520003],[-122.4558831,48.1460036],[-122.4558818,48.1460022],[-122.4558751,48.1459988],[-122.4541205,48.1450885],[-122.4523125,48.1441506],[-122.4499948,48.1429482],[-122.4492074,48.141335],[-122.4489194,48.1407451],[-122.4485167,48.1399202],[-122.446846,48.1376749],[-122.4457569,48.1362113],[-122.4454198,48.1357582],[-122.4450089,48.1350929],[-122.4442864,48.1339232],[-122.4423828,48.1308412],[-122.4390573,48.1291463],[-122.4330279,48.1260733],[-122.4312158,48.1257664],[-122.4291069,48.1254093],[-122.427376,48.1245154],[-122.4231367,48.1223262],[-122.4224491,48.119638],[-122.4221857,48.1186085],[-122.42198,48.1178042],[-122.4214727,48.1158212],[-122.4189772,48.1148119],[-122.4165585,48.1138336],[-122.415999,48.1136073],[-122.414274,48.1139353],[-122.4116489,48.1132103],[-122.4092842,48.111312],[-122.400005,48.103863],[-122.3988013,48.1028967],[-122.3927747,48.0980588],[-122.3923318,48.0977032],[-122.3794808,48.0873842],[-122.3766821,48.0844835],[-122.3732238,48.0808992],[-122.3709201,48.0774357],[-122.3706717,48.0770622],[-122.3684707,48.0737532],[-122.3638848,48.0663112],[-122.3594388,48.0627942],[-122.359303,48.0624917],[-122.3582855,48.0602248],[-122.3580127,48.0596171],[-122.3576368,48.0587131],[-122.3568236,48.0567579],[-122.3582157,48.0555169],[-122.3589629,48.0548507],[-122.363107,48.0545457],[-122.3723891,48.0560077],[-122.3771141,48.0575677],[-122.3772671,48.0576805],[-122.3773888,48.0577703],[-122.3795966,48.059398],[-122.38084,48.0603147],[-122.3849891,48.0633737],[-122.3884365,48.0635877],[-122.3876903,48.065189],[-122.3907873,48.0694769],[-122.3934133,48.0784718],[-122.4006922,48.0852548],[-122.4059783,48.0883671],[-122.4069846,48.0889595],[-122.4094511,48.0904117],[-122.4155882,48.0926648],[-122.4157426,48.0931275],[-122.4157472,48.0931412],[-122.4159326,48.0936969],[-122.4162423,48.0946248],[-122.4196992,48.0985248],[-122.4237032,48.1029407],[-122.4291071,48.1052521],[-122.4295971,48.1054617],[-122.430748,48.105472],[-122.435965,48.1055187],[-122.4403243,48.1064353],[-122.4421978,48.1068293],[-122.4431131,48.1070217],[-122.4454063,48.1083774],[-122.4461908,48.1088412],[-122.4467922,48.1091968],[-122.4496578,48.1140368],[-122.4496602,48.1140408],[-122.4509895,48.1151462],[-122.4577792,48.1207928],[-122.4649469,48.1278418],[-122.4675001,48.1303527],[-122.4779828,48.1290477],[-122.4780472,48.1289734],[-122.4816058,48.1248648],[-122.4841474,48.1229252],[-122.4867359,48.1209497],[-122.489986,48.1206167],[-122.4915376,48.1209235],[-122.4930151,48.1212157],[-122.4946793,48.1226438],[-122.4953752,48.1247603],[-122.4954532,48.1249978],[-122.4955163,48.125034],[-122.5012786,48.1283361],[-122.5028241,48.1292218],[-122.5046573,48.1302723],[-122.5047121,48.1303037]]],[[[-122.7925842,48.8947323],[-122.7875927,48.8946798],[-122.7837471,48.8946393],[-122.7798479,48.8966337],[-122.7760522,48.8985752],[-122.7710172,48.9036288],[-122.7698342,48.9048163],[-122.7648891,48.9068623],[-122.7623139,48.9073981],[-122.7616524,48.9075357],[-122.7590199,48.9080834],[-122.7587866,48.9081319],[-122.7564392,48.9086203],[-122.7563911,48.9086303],[-122.7512892,48.9112392],[-122.7475143,48.9155822],[-122.7455722,48.9206979],[-122.7453774,48.9212109],[-122.7453713,48.921227],[-122.7453784,48.9212818],[-122.7465959,48.9307276],[-122.7465963,48.9307309],[-122.7486013,48.9338753],[-122.7492022,48.9348178],[-122.7556241,48.9386597],[-122.7558624,48.9387347],[-122.7647998,48.9415468],[-122.7660773,48.9419488],[-122.7660961,48.9419547],[-122.7661298,48.9419592],[-122.7704319,48.9425277],[-122.7704397,48.9425228],[-122.7851174,48.9332341],[-122.787517,48.9317156],[-122.7875389,48.9317017],[-122.7880708,48.9317581],[-122.7910745,48.9320768],[-122.7915963,48.9321322],[-122.7931313,48.9322951],[-122.7931561,48.9322977],[-122.7936549,48.9324323],[-122.7952793,48.9328704],[-122.8059359,48.9357449],[-122.8099042,48.9368154],[-122.8128836,48.937619],[-122.8180509,48.9390128],[-122.8182321,48.9390617],[-122.8182493,48.9390734],[-122.8216313,48.9413688],[-122.8224639,48.9449092],[-122.8224643,48.944911],[-122.8224575,48.9449255],[-122.8219641,48.9459672],[-122.8189703,48.9522879],[-122.8172262,48.9559702],[-122.8109715,48.9604136],[-122.808158,48.9624124],[-122.8081512,48.9624172],[-122.8004497,48.969359],[-122.7972133,48.9722761],[-122.7968873,48.9750259],[-122.7968873,48.9750262],[-122.7926281,48.9780423],[-122.7845336,48.9837744],[-122.77429,48.9910284],[-122.7742761,48.9910383],[-122.7721581,48.9912068],[-122.7685667,48.9914925],[-122.7663071,48.9916723],[-122.7651324,48.9923867],[-122.7651108,48.9923998],[-122.7617697,48.9944318],[-122.7610801,48.9948512],[-122.7597803,48.9956416],[-122.7596181,48.9957403],[-122.7566846,48.996594],[-122.7544435,48.9972462],[-122.7560372,48.9995118],[-122.7580205,49.0023573],[-122.757948,49.0023573],[-122.7503462,49.0023537],[-122.7439879,49.0023507],[-122.7384659,49.0023481],[-122.7362009,49.0023471],[-122.7353379,49.0023467],[-122.7054119,49.0023327],[-122.6557609,49.0023094],[-122.6055779,49.0022859],[-122.550709,49.0022602],[-122.5419641,49.0022561],[-122.5290204,49.0022501],[-122.527,49.0022491],[-122.5164127,49.0022442],[-122.4774326,49.0022259],[-122.4628127,49.002219],[-122.4187408,49.0021984],[-122.4123022,49.0021955],[-122.4123022,49.0021954],[-122.413523,49.0008753],[-122.417771,48.9988734],[-122.4197729,48.9946254],[-122.4239396,48.990764],[-122.4219376,48.9654591],[-122.419773,48.9634572],[-122.4177711,48.9612925],[-122.413523,48.9592905],[-122.411521,48.9571258],[-122.4073542,48.9532642],[-122.4093563,48.9446254],[-122.4135228,48.940764],[-122.411521,48.9362924],[-122.4093563,48.9342905],[-122.4083552,48.933208],[-122.40934,48.9279424],[-122.4351377,48.9219365],[-122.4529476,48.913766],[-122.4551734,48.9112758],[-122.4573706,48.9093064],[-122.45934,48.9050258],[-122.4615373,48.9030564],[-122.4635067,48.9008591],[-122.4657039,48.8988898],[-122.4676733,48.8946092],[-122.4698706,48.8926398],[-122.47184,48.8821091],[-122.4761206,48.8801397],[-122.4780901,48.8779424],[-122.4844541,48.875973],[-122.4947568,48.8716924],[-122.5205543,48.8656865],[-122.5500871,48.8521327],[-122.55309,48.8487758],[-122.5552873,48.8468064],[-122.5572567,48.8446091],[-122.5615373,48.8426397],[-122.5635067,48.8404425],[-122.5657039,48.8384731],[-122.5676733,48.8362758],[-122.5698706,48.8343064],[-122.57184,48.8321091],[-122.5740372,48.8301397],[-122.5760066,48.8279425],[-122.5782039,48.8259731],[-122.5801733,48.8216925],[-122.5823706,48.8197231],[-122.58434,48.8175258],[-122.5865372,48.8155564],[-122.5885067,48.8133591],[-122.5927872,48.8113898],[-122.5947566,48.8008592],[-122.5969538,48.7988898],[-122.5989395,48.7819707],[-122.6187717,48.7832077],[-122.6177505,48.7800628],[-122.6156265,48.7738535],[-122.6135147,48.7673512],[-122.608522,48.7616143],[-122.6100927,48.7568658],[-122.6278078,48.7446598],[-122.6371457,48.7357078],[-122.6380817,48.7324859],[-122.6456927,48.7239029],[-122.6473557,48.7176308],[-122.651872,48.7159057],[-122.6581712,48.7206098],[-122.6620363,48.7280388],[-122.6650631,48.7318987],[-122.6705301,48.7315847],[-122.6734722,48.7330818],[-122.6748083,48.7373851],[-122.6669532,48.7484452],[-122.6611112,48.7539622],[-122.6543292,48.7663222],[-122.6501262,48.7696422],[-122.6474433,48.7739981],[-122.6476183,48.7785529],[-122.6488416,48.7795661],[-122.6488415,48.7795663],[-122.6467601,48.7796263],[-122.6459613,48.7805721],[-122.6457433,48.781538],[-122.6467772,48.7850108],[-122.6488411,48.7856467],[-122.6545401,48.7861837],[-122.6575261,48.7884487],[-122.6579652,48.7885651],[-122.662264,48.7897047],[-122.6624424,48.789638],[-122.6653071,48.7885677],[-122.6663558,48.7894062],[-122.6665743,48.7895808],[-122.6675393,48.7922218],[-122.6703084,48.7942375],[-122.6714876,48.7950958],[-122.6728988,48.796123],[-122.6733422,48.7964458],[-122.6734693,48.7965382],[-122.6739205,48.7968663],[-122.6746102,48.7973678],[-122.6749045,48.7979691],[-122.6750099,48.7981844],[-122.6759079,48.8000192],[-122.6760394,48.8002878],[-122.6762542,48.8007268],[-122.6794202,48.8020977],[-122.6799233,48.8024949],[-122.6802461,48.8027497],[-122.6802696,48.8027543],[-122.68304,48.8032887],[-122.6855729,48.8022757],[-122.6862125,48.8020829],[-122.6884349,48.8014127],[-122.6899778,48.8011612],[-122.691183,48.8009647],[-122.6937311,48.8007552],[-122.6940781,48.8007267],[-122.6945452,48.8011182],[-122.6946892,48.8012389],[-122.6960683,48.8023949],[-122.6959186,48.8029375],[-122.6958874,48.8030508],[-122.696137,48.8031212],[-122.6984211,48.8037657],[-122.7001793,48.8047031],[-122.700321,48.8047787],[-122.7010674,48.8045867],[-122.7040299,48.8038247],[-122.7066607,48.8024282],[-122.7068347,48.8023358],[-122.7062017,48.7991181],[-122.7041207,48.7964361],[-122.7044827,48.795363],[-122.7035777,48.7918462],[-122.7014969,48.7903563],[-122.6996866,48.7897012],[-122.7007068,48.7880508],[-122.7017079,48.7873287],[-122.70611,48.7863817],[-122.708102,48.7864217],[-122.7102733,48.7870178],[-122.7102827,48.7870628],[-122.710658,48.7888616],[-122.7111997,48.7914572],[-122.7112003,48.79146],[-122.7112001,48.791462],[-122.7107036,48.7979093],[-122.7091712,48.8178041],[-122.7091693,48.817829],[-122.7091875,48.8179295],[-122.7094705,48.8194947],[-122.7103563,48.8243941],[-122.7118053,48.8324079],[-122.7131335,48.8372509],[-122.7137367,48.8394501],[-122.7137383,48.8394559],[-122.7137404,48.8394608],[-122.7141065,48.8403098],[-122.7152427,48.8429447],[-122.7170733,48.8471898],[-122.7226852,48.8528547],[-122.7264847,48.8545293],[-122.7282281,48.8552977],[-122.7282815,48.8553152],[-122.7473012,48.8615357],[-122.7563322,48.8693537],[-122.7563575,48.8693664],[-122.764018,48.8731812],[-122.7652961,48.8738177],[-122.7653016,48.8738207],[-122.7666732,48.8745784],[-122.785242,48.8848353],[-122.7856592,48.8850658],[-122.7931655,48.8929167],[-122.7931753,48.8929269],[-122.7931741,48.8929308],[-122.7925842,48.8947323]]],[[[-122.6364552,48.5148238],[-122.6155155,48.5213241],[-122.6151831,48.5214273],[-122.606961,48.5221523],[-122.5999508,48.5209463],[-122.5977637,48.514489],[-122.5984688,48.5121687],[-122.6043358,48.5117847],[-122.6052867,48.5091079],[-122.6062376,48.5069031],[-122.6017217,48.5046992],[-122.6019587,48.502337],[-122.6014257,48.497917],[-122.6005687,48.4925081],[-122.5957008,48.4854443],[-122.5945711,48.4851242],[-122.5913798,48.4842203],[-122.5906236,48.483305],[-122.591334,48.4827298],[-122.5925676,48.4817309],[-122.5922915,48.4812263],[-122.5893617,48.4758721],[-122.5891566,48.4753536],[-122.5864296,48.4684592],[-122.5855598,48.4662602],[-122.5805679,48.4637383],[-122.5748641,48.4632653],[-122.5717743,48.4662601],[-122.5717743,48.470357],[-122.5736644,48.4774037],[-122.5736763,48.4774479],[-122.5746263,48.4845378],[-122.5779854,48.487456],[-122.5764113,48.4891951],[-122.5764123,48.4910268],[-122.5785362,48.4914247],[-122.5789884,48.4923851],[-122.5721741,48.4971513],[-122.5674301,48.4992703],[-122.5587019,48.4998173],[-122.5568338,48.4988122],[-122.5542547,48.4939112],[-122.5483447,48.4858812],[-122.5432417,48.4750292],[-122.5371588,48.4663363],[-122.5366973,48.4662734],[-122.5339959,48.4659053],[-122.533279,48.4655942],[-122.5301568,48.4642392],[-122.5276698,48.4613975],[-122.5249688,48.4583113],[-122.5220582,48.4579233],[-122.5209122,48.4607233],[-122.5180599,48.4601813],[-122.5162909,48.4585713],[-122.5147681,48.4582033],[-122.5147138,48.4582459],[-122.5138493,48.4589241],[-122.5147197,48.4616682],[-122.5147533,48.4617739],[-122.5162674,48.4648941],[-122.514737,48.4656043],[-122.5109277,48.4629502],[-122.5109767,48.4588272],[-122.509279,48.4577443],[-122.505455,48.4590113],[-122.503052,48.4576883],[-122.4994689,48.4584873],[-122.497615,48.4571564],[-122.495191,48.4586173],[-122.4912993,48.4576233],[-122.4887507,48.4401945],[-122.4967708,48.4324918],[-122.4989599,48.4279793],[-122.5021703,48.4217498],[-122.4969172,48.411557],[-122.4989599,48.394646],[-122.5052506,48.3863534],[-122.5072932,48.382146],[-122.5094172,48.3780201],[-122.5104385,48.3727919],[-122.5028672,48.3742051],[-122.4975845,48.3751911],[-122.4958648,48.3755121],[-122.4948953,48.375693],[-122.4924318,48.3768235],[-122.4677715,48.38814],[-122.4657044,48.3926403],[-122.4593404,48.3966931],[-122.4573711,48.3988903],[-122.4551738,48.4008597],[-122.4532044,48.403057],[-122.4510071,48.4050264],[-122.4490377,48.4072237],[-122.4447571,48.4091931],[-122.4427877,48.4113903],[-122.4405905,48.4133597],[-122.4368671,48.4175266],[-122.4322566,48.4134736],[-122.4302872,48.402943],[-122.42809,48.4009736],[-122.4261206,48.396693],[-122.4239233,48.3947236],[-122.4219539,48.3821097],[-122.4197567,48.3801403],[-122.4177873,48.3779431],[-122.4135067,48.3759737],[-122.4115373,48.3716931],[-122.40934,48.3697237],[-122.4083553,48.3686249],[-122.4090551,48.3568245],[-122.4118221,48.3554248],[-122.4132219,48.3526578],[-122.4180721,48.3512581],[-122.4194718,48.3422412],[-122.4316535,48.3361373],[-122.4325721,48.3356771],[-122.4331361,48.3357657],[-122.4369051,48.3377457],[-122.4426781,48.3379337],[-122.4500832,48.3423978],[-122.4543032,48.3462338],[-122.4622041,48.3518737],[-122.4661636,48.3522326],[-122.4691009,48.3524989],[-122.4699687,48.3525776],[-122.4719383,48.3527561],[-122.4726623,48.3528217],[-122.4726327,48.3533437],[-122.4724443,48.3566639],[-122.4750941,48.3593847],[-122.4773922,48.3590047],[-122.4778716,48.3599435],[-122.4779882,48.3601718],[-122.4790866,48.3605088],[-122.4850734,48.3623458],[-122.4846014,48.3643718],[-122.4859801,48.3648337],[-122.4889141,48.3669217],[-122.4914489,48.3666707],[-122.492654,48.3655192],[-122.4932888,48.3649127],[-122.4975907,48.3630128],[-122.4978107,48.3611648],[-122.5005489,48.3593147],[-122.5058171,48.3594257],[-122.5079213,48.3604598],[-122.5077343,48.3614812],[-122.5054621,48.3620543],[-122.5044973,48.3628311],[-122.5046063,48.3636617],[-122.5062623,48.3637947],[-122.5064163,48.3646782],[-122.5013421,48.3669833],[-122.4967691,48.3676843],[-122.4942092,48.3686907],[-122.4912653,48.3698482],[-122.4914343,48.3721598],[-122.4954631,48.3741317],[-122.4986068,48.3739457],[-122.4998069,48.3738747],[-122.5018663,48.3729856],[-122.5023405,48.3727809],[-122.5038719,48.3721197],[-122.5058659,48.3718647],[-122.5169908,48.370442],[-122.518604,48.3702357],[-122.5194122,48.3705738],[-122.5214383,48.3737789],[-122.5209683,48.3758289],[-122.5229571,48.3770017],[-122.5327871,48.3749897],[-122.533122,48.3752256],[-122.5339544,48.3758119],[-122.5328123,48.3771051],[-122.53288,48.3777716],[-122.5331074,48.3800113],[-122.5334523,48.3834089],[-122.537567,48.3928645],[-122.5394492,48.3971898],[-122.5474922,48.3998888],[-122.5475073,48.399916],[-122.5477474,48.4003485],[-122.5490644,48.4027213],[-122.5495219,48.4035456],[-122.5496702,48.4038128],[-122.5517629,48.4051385],[-122.5537714,48.4064109],[-122.5520473,48.41044],[-122.5534733,48.4164349],[-122.5554822,48.4201167],[-122.5622669,48.4194317],[-122.5641679,48.4181697],[-122.56738,48.4174077],[-122.5708482,48.4176187],[-122.5715343,48.418758],[-122.5711212,48.4197482],[-122.5679711,48.4214833],[-122.5579243,48.4220243],[-122.5583013,48.4258221],[-122.5512212,48.4394652],[-122.5489573,48.4418271],[-122.5482443,48.4454529],[-122.5503832,48.4484477],[-122.5514057,48.4485157],[-122.5518966,48.4485483],[-122.5527598,48.4486057],[-122.5539854,48.4456582],[-122.5546608,48.4440337],[-122.5572981,48.4444377],[-122.5616613,48.4461596],[-122.562267,48.4463987],[-122.5660717,48.4455171],[-122.568348,48.4449897],[-122.571299,48.4467137],[-122.5758148,48.4451378],[-122.5779537,48.4416689],[-122.5781897,48.4408472],[-122.5789047,48.438358],[-122.5784373,48.4356741],[-122.5781907,48.4342579],[-122.5816068,48.4292438],[-122.5821924,48.4287542],[-122.5857969,48.4257407],[-122.59578,48.4224287],[-122.601959,48.4225867],[-122.6021489,48.4226287],[-122.605525,48.4233757],[-122.6098028,48.4213248],[-122.6126547,48.4183278],[-122.6139616,48.4151827],[-122.6145558,48.4137527],[-122.618597,48.4126487],[-122.6228752,48.4126487],[-122.6230552,48.4130071],[-122.6235882,48.4140688],[-122.6241815,48.4142984],[-122.62644,48.4151727],[-122.6311938,48.4135947],[-122.6337748,48.4103767],[-122.6361332,48.4098258],[-122.6363989,48.4097637],[-122.6367008,48.4096933],[-122.640939,48.4087047],[-122.645455,48.4087047],[-122.6455085,48.4087025],[-122.6485069,48.4085801],[-122.6497025,48.4085313],[-122.6498389,48.4085257],[-122.652823,48.4074417],[-122.6546587,48.4076161],[-122.6561502,48.4077577],[-122.6578143,48.41044],[-122.6570202,48.4121993],[-122.6516343,48.4124913],[-122.6511593,48.4156459],[-122.654011,48.4178546],[-122.6561499,48.4159617],[-122.659478,48.4161197],[-122.6637561,48.4151727],[-122.6653385,48.416453],[-122.6637564,48.4175391],[-122.6656582,48.4200627],[-122.6687471,48.4202207],[-122.6741583,48.4247258],[-122.6758413,48.4365409],[-122.6789284,48.4394659],[-122.6770722,48.4440594],[-122.6741877,48.4433272],[-122.6740847,48.4419793],[-122.6672492,48.4425033],[-122.6647072,48.4460843],[-122.6631162,48.4465393],[-122.6615343,48.4480831],[-122.6616173,48.4525472],[-122.6588931,48.4531053],[-122.6548443,48.4540872],[-122.6544443,48.457558],[-122.6561173,48.4623379],[-122.6575378,48.4715437],[-122.6577533,48.4729398],[-122.6646232,48.4781278],[-122.6658953,48.4813869],[-122.6671895,48.484046],[-122.6671938,48.4840549],[-122.6682722,48.4862708],[-122.6763531,48.4895787],[-122.687999,48.4919417],[-122.691565,48.4905237],[-122.696318,48.4909957],[-122.7029194,48.4920108],[-122.7022793,48.4943931],[-122.7008384,48.4959831],[-122.7016444,48.497622],[-122.6996461,48.5001323],[-122.6929727,48.5001487],[-122.6919342,48.5001513],[-122.6912793,48.5030422],[-122.6888413,48.5043172],[-122.6887373,48.5062922],[-122.6845211,48.5091233],[-122.6791218,48.5077973],[-122.6782463,48.5064788],[-122.6769218,48.5044843],[-122.671386,48.5039803],[-122.657988,48.5081394],[-122.6364552,48.5148238]]],[[[-122.6192457,47.6928159],[-122.6189078,47.690902],[-122.6159707,47.674263],[-122.6156154,47.6683758],[-122.6156147,47.6683651],[-122.6132267,47.663638],[-122.6150047,47.6531688],[-122.6187997,47.6510297],[-122.6188525,47.6509999],[-122.618312,47.6503756],[-122.6178338,47.6498232],[-122.6113524,47.646807],[-122.6037548,47.6432712],[-122.6023357,47.6388182],[-122.599312,47.6368723],[-122.595431,47.6382993],[-122.5922928,47.6379103],[-122.5911126,47.6355697],[-122.5911007,47.635546],[-122.5911153,47.6354778],[-122.5927284,47.6279416],[-122.609735,47.635967],[-122.6234395,47.6392303],[-122.6260234,47.6447073],[-122.628188,47.6467092],[-122.63019,47.6488739],[-122.6323547,47.6508759],[-122.6347432,47.6534556],[-122.666807,47.6685882],[-122.6710916,47.6732106],[-122.709438,47.6821258],[-122.7114401,47.686598],[-122.7072733,47.6904596],[-122.7052714,47.6947077],[-122.7010233,47.6967096],[-122.6990214,47.703041],[-122.6968567,47.7050429],[-122.6948547,47.7155409],[-122.69269,47.7175429],[-122.6906881,47.7301243],[-122.6885233,47.7321263],[-122.6865214,47.734291],[-122.6843567,47.7362929],[-122.6823548,47.7467909],[-122.68019,47.7487929],[-122.6781881,47.7634576],[-122.67394,47.7654596],[-122.6719382,47.7729258],[-122.6781881,47.7758758],[-122.68019,47.7884573],[-122.6835227,47.7915417],[-122.68019,47.7946262],[-122.678573,47.8025932],[-122.6775074,47.8031228],[-122.6762615,47.8037421],[-122.6749112,47.8044132],[-122.6733796,47.8069377],[-122.6732512,47.8071492],[-122.6648661,47.8131443],[-122.661984,47.8133883],[-122.6581341,47.8137143],[-122.6571481,47.8142442],[-122.6561795,47.8147648],[-122.6554072,47.8151799],[-122.6550364,47.8153793],[-122.6537583,47.8160662],[-122.6536352,47.8166167],[-122.6535118,47.8171689],[-122.652765,47.8205103],[-122.6524233,47.8220392],[-122.6500691,47.8237217],[-122.6481082,47.8251233],[-122.6307031,47.8352153],[-122.6276566,47.8356144],[-122.6231922,47.8361993],[-122.6145852,47.8508062],[-122.6096434,47.8553225],[-122.6090787,47.8558386],[-122.6081051,47.8567283],[-122.5838774,47.8573288],[-122.5817996,47.8573803],[-122.581274,47.8573933],[-122.580852,47.8572431],[-122.5777275,47.8561312],[-122.577225,47.8559523],[-122.5768441,47.8561271],[-122.5737257,47.8575577],[-122.5736723,47.8575822],[-122.5736674,47.8577239],[-122.5733575,47.866631],[-122.5733202,47.8677041],[-122.5732683,47.8691936],[-122.5730983,47.8740809],[-122.5841097,47.8973178],[-122.5863393,47.9020229],[-122.5866973,47.9040808],[-122.5872293,47.9071395],[-122.5874472,47.9083922],[-122.5875307,47.9088722],[-122.5882353,47.9129228],[-122.5951542,47.9177988],[-122.5962282,47.9202097],[-122.6052361,47.9223207],[-122.6069351,47.9233687],[-122.6178686,47.9252798],[-122.6154913,47.9278291],[-122.6162042,47.9300578],[-122.6166856,47.9302328],[-122.6187239,47.9309738],[-122.6203164,47.9315528],[-122.6170222,47.9389872],[-122.611956,47.9407723],[-122.6038608,47.9404783],[-122.6030267,47.9373774],[-122.6027741,47.9364381],[-122.6015067,47.9317261],[-122.5984938,47.9273432],[-122.5921839,47.9225193],[-122.5890688,47.9218452],[-122.5857304,47.9211228],[-122.581846,47.9202823],[-122.562662,47.9202943],[-122.5490719,47.9190723],[-122.5401069,47.9136513],[-122.532333,47.9120903],[-122.5274452,47.912262],[-122.5253286,47.9123363],[-122.5275927,47.905882],[-122.5261237,47.8999501],[-122.5125747,47.8817861],[-122.5118147,47.877634],[-122.5123489,47.8752744],[-122.5125209,47.8745147],[-122.5144567,47.8659651],[-122.5127777,47.8638791],[-122.5126611,47.8633166],[-122.5124927,47.8625038],[-122.5122431,47.8612998],[-122.5119267,47.8597731],[-122.5078627,47.8550331],[-122.5081707,47.8521991],[-122.5058647,47.8489991],[-122.5066337,47.841437],[-122.5061217,47.8317451],[-122.5051068,47.8303522],[-122.5041093,47.8289831],[-122.5025873,47.8268942],[-122.5022238,47.8263952],[-122.5013215,47.8258966],[-122.4995205,47.8249013],[-122.4825287,47.8155112],[-122.4824367,47.8092549],[-122.4852138,47.8041278],[-122.4875132,47.8025192],[-122.4953459,47.7970397],[-122.4965916,47.796635],[-122.4991699,47.7957972],[-122.5005627,47.7953447],[-122.5016427,47.7949938],[-122.5018797,47.7906832],[-122.4968855,47.7875795],[-122.4954578,47.7866923],[-122.4947825,47.7863175],[-122.4891799,47.7832083],[-122.4835488,47.7818653],[-122.4822517,47.779164],[-122.4830607,47.77712],[-122.4825617,47.776435],[-122.4809263,47.7741899],[-122.4808938,47.7741452],[-122.4783497,47.7711981],[-122.4780857,47.7690402],[-122.4751558,47.7676923],[-122.4726638,47.7665458],[-122.4725114,47.7664757],[-122.4714017,47.7659652],[-122.4713374,47.7654327],[-122.4712859,47.7650054],[-122.4711833,47.7641557],[-122.4710147,47.7627588],[-122.470359,47.7573265],[-122.4703327,47.7571089],[-122.4715644,47.7548271],[-122.4726457,47.752824],[-122.4721197,47.7508531],[-122.4720962,47.7507653],[-122.4718437,47.7498189],[-122.4719695,47.7497319],[-122.4771237,47.7461709],[-122.4773439,47.7460187],[-122.488491,47.7436047],[-122.496884,47.7449867],[-122.503312,47.7431677],[-122.507638,47.7430397],[-122.5139095,47.7437627],[-122.5142678,47.743804],[-122.5151931,47.7439107],[-122.5193251,47.7462197],[-122.5257777,47.7465496],[-122.5325802,47.7468974],[-122.537318,47.7471397],[-122.551136,47.7459817],[-122.5519202,47.745916],[-122.5544532,47.7457038],[-122.5523941,47.7441267],[-122.5506256,47.7427722],[-122.5506047,47.7427562],[-122.5506007,47.7427394],[-122.5500322,47.7403835],[-122.5491777,47.736842],[-122.549547,47.7322433],[-122.5496527,47.7309269],[-122.5505648,47.7299673],[-122.5545568,47.7257676],[-122.5549768,47.7253258],[-122.5550792,47.7252762],[-122.5578899,47.7239152],[-122.5606478,47.7225798],[-122.5609791,47.7218924],[-122.5610495,47.7217465],[-122.5622618,47.7192318],[-122.5710819,47.7108297],[-122.5733893,47.7109263],[-122.5735909,47.7109347],[-122.5833647,47.7027669],[-122.5830838,47.7013996],[-122.5827403,47.6997275],[-122.5823787,47.6979668],[-122.5859408,47.6961688],[-122.5878468,47.6911897],[-122.5911342,47.6907627],[-122.5931142,47.6943147],[-122.6031262,47.6961637],[-122.6043783,47.6977479],[-122.6040653,47.7044249],[-122.6067733,47.7067568],[-122.6127131,47.7118717],[-122.6186579,47.7121157],[-122.6267889,47.7082717],[-122.6274339,47.7081322],[-122.6295229,47.7076804],[-122.6311027,47.7073388],[-122.631184,47.7055453],[-122.6311997,47.7052002],[-122.625511,47.7038433],[-122.6197619,47.7045263],[-122.6177048,47.7020133],[-122.6145097,47.7015623],[-122.6146247,47.6988148],[-122.6146277,47.6987427],[-122.6148343,47.698726],[-122.6164197,47.6985974],[-122.6167482,47.6985708],[-122.6189566,47.6983917],[-122.6173716,47.6945929],[-122.6192457,47.6928159]]],[[[-122.5788872,47.6443728],[-122.5806012,47.6454928],[-122.5907683,47.6616149],[-122.5908413,47.6632612],[-122.5857151,47.6654603],[-122.5731741,47.6742423],[-122.5709469,47.6747263],[-122.5699517,47.6733301],[-122.5708487,47.6637442],[-122.5691791,47.6632193],[-122.5657223,47.6659422],[-122.5645033,47.6715632],[-122.5610073,47.6739291],[-122.5610593,47.6745018],[-122.5610627,47.6745396],[-122.5611809,47.6758426],[-122.5612923,47.6770699],[-122.5646393,47.6818859],[-122.5654583,47.694541],[-122.5627183,47.701531],[-122.5638963,47.7100801],[-122.5628737,47.7110684],[-122.5528481,47.7207573],[-122.5481849,47.7205273],[-122.5441057,47.7181862],[-122.5431607,47.7109411],[-122.5408678,47.7086313],[-122.5298517,47.7040242],[-122.5299959,47.7013567],[-122.5300267,47.7007872],[-122.528278,47.7000263],[-122.5281144,47.7001038],[-122.5271184,47.7005756],[-122.5264563,47.7008892],[-122.5253573,47.7075543],[-122.5228399,47.7078873],[-122.5204819,47.7050713],[-122.5175482,47.7052853],[-122.5166622,47.7069982],[-122.5141231,47.7087133],[-122.512438,47.7089153],[-122.5111959,47.7087153],[-122.5099138,47.7077152],[-122.5079107,47.7049292],[-122.5046037,47.6991361],[-122.5038227,47.694399],[-122.5063017,47.6870201],[-122.5046456,47.685499],[-122.5049861,47.6851045],[-122.5077937,47.6818519],[-122.5079312,47.6801981],[-122.5079636,47.6798076],[-122.5087087,47.6708431],[-122.5069016,47.6684903],[-122.5044083,47.6652442],[-122.5041618,47.6649232],[-122.5038789,47.6647844],[-122.498523,47.6621547],[-122.4978394,47.6618191],[-122.5006968,47.6595967],[-122.5008059,47.6595511],[-122.5078849,47.6565907],[-122.5149529,47.6541337],[-122.5182793,47.6520531],[-122.5174139,47.6517373],[-122.5125758,47.6499722],[-122.5081638,47.6436572],[-122.5021158,47.6390743],[-122.5001143,47.6381866],[-122.4935846,47.6352907],[-122.4932049,47.6351223],[-122.489266,47.6332485],[-122.4891305,47.6331841],[-122.4894741,47.6328484],[-122.4928087,47.6295908],[-122.4930286,47.628994],[-122.4932611,47.6283627],[-122.4939713,47.6264345],[-122.4943037,47.625532],[-122.49419,47.6252014],[-122.4932807,47.622557],[-122.4932811,47.622556],[-122.4938058,47.6213777],[-122.4963831,47.6217697],[-122.5013991,47.6261347],[-122.5045269,47.6259437],[-122.5107673,47.6228723],[-122.514385,47.6210917],[-122.519897,47.6224617],[-122.5246248,47.6205147],[-122.5256569,47.6194196],[-122.5258516,47.619213],[-122.5241929,47.6179513],[-122.511836,47.6157213],[-122.5034591,47.6162243],[-122.5020071,47.6178263],[-122.5003568,47.6178163],[-122.4992279,47.6146504],[-122.4977857,47.610606],[-122.4989354,47.6068001],[-122.4993257,47.605508],[-122.4986171,47.5999997],[-122.5462365,47.5999997],[-122.5457964,47.600861],[-122.5479712,47.6036907],[-122.5491555,47.6040125],[-122.550971,47.6045057],[-122.5569108,47.6016938],[-122.55791,47.5999997],[-122.5596622,47.5999997],[-122.5615214,47.6008759],[-122.5635234,47.6030406],[-122.5656881,47.6050426],[-122.56769,47.6072073],[-122.5698548,47.6092093],[-122.5718567,47.6134573],[-122.5738283,47.6146158],[-122.5736003,47.6156899],[-122.5772433,47.6200579],[-122.5777715,47.6423649],[-122.5777905,47.6431647],[-122.5778023,47.6436638],[-122.5788872,47.6443728]]],[[[-122.530215,48.3657453],[-122.5260148,48.3642583],[-122.5244536,48.362367],[-122.5249869,48.3612684],[-122.5252478,48.3607308],[-122.527478,48.3597237],[-122.532114,48.3612347],[-122.533621,48.3609257],[-122.5371032,48.3617937],[-122.5381934,48.362907],[-122.5352181,48.3652683],[-122.530215,48.3657453]]],[[[-122.5366041,48.5743687],[-122.547438,48.5750737],[-122.551998,48.5758427],[-122.5553739,48.5748847],[-122.5591465,48.5744146],[-122.5591466,48.5744148],[-122.5564204,48.5771511],[-122.5574082,48.5796748],[-122.5608414,48.5816459],[-122.5602872,48.5831652],[-122.5569793,48.5853312],[-122.5566163,48.5876232],[-122.554577,48.5883993],[-122.5526728,48.5869722],[-122.5510937,48.5851061],[-122.5518087,48.583219],[-122.5511258,48.5816693],[-122.5474379,48.5807853],[-122.5425128,48.5791343],[-122.5399779,48.5763393],[-122.534787,48.5759603],[-122.5284175,48.5757703],[-122.5285722,48.5701579],[-122.5316341,48.5720727],[-122.5366041,48.5743687]]],[[[-122.5506632,48.5214878],[-122.5524203,48.52489],[-122.5517773,48.5271602],[-122.549594,48.5283453],[-122.5466369,48.5271853],[-122.5448928,48.5258892],[-122.5435727,48.523266],[-122.5453688,48.5206228],[-122.546743,48.5199007],[-122.5506632,48.5214878]]],[[[-122.5581002,48.5371013],[-122.557319,48.5373273],[-122.5551281,48.5370095],[-122.5544027,48.5369043],[-122.5541547,48.5354509],[-122.5550009,48.5347037],[-122.5582661,48.5344807],[-122.5589744,48.535304],[-122.5581002,48.5371013]]],[[[-122.5731999,48.4014463],[-122.5731552,48.4014166],[-122.571536,48.4003423],[-122.5674961,48.4019203],[-122.564168,48.4019203],[-122.5601277,48.4027094],[-122.5598897,48.400815],[-122.5606028,48.3986058],[-122.5622899,48.3979247],[-122.5696539,48.3961397],[-122.574695,48.3952227],[-122.5785712,48.3957217],[-122.5789054,48.3957648],[-122.5777163,48.3984482],[-122.5753392,48.4009733],[-122.5731999,48.4014463]]],[[[-122.5686279,48.5379643],[-122.5676798,48.5374002],[-122.5667886,48.536058],[-122.5674169,48.5352627],[-122.5701672,48.5358417],[-122.5706113,48.537192],[-122.5702182,48.5379883],[-122.5686279,48.5379643]]],[[[-122.6108409,48.5611463],[-122.6019329,48.5580293],[-122.5971439,48.5543683],[-122.5929009,48.5536353],[-122.5839849,48.5515343],[-122.5788558,48.5481302],[-122.5774947,48.5446721],[-122.5743887,48.538545],[-122.5772305,48.5341671],[-122.5740228,48.5329502],[-122.5727667,48.5310161],[-122.5729667,48.5290277],[-122.5758911,48.5293037],[-122.5835651,48.5323397],[-122.5893622,48.5338237],[-122.5901942,48.5362587],[-122.599948,48.5369037],[-122.6198579,48.5292457],[-122.635738,48.5260207],[-122.640414,48.5258597],[-122.6492562,48.5287687],[-122.6520413,48.5313288],[-122.6543423,48.537956],[-122.6536123,48.5489751],[-122.6507862,48.5540192],[-122.6468812,48.5575832],[-122.6452173,48.560887],[-122.6464753,48.5648428],[-122.6516123,48.5692119],[-122.6519033,48.5745691],[-122.6509213,48.576457],[-122.6523853,48.5834321],[-122.6494052,48.5884573],[-122.645595,48.5888943],[-122.6425969,48.5883393],[-122.6371357,48.5843192],[-122.6356627,48.5786662],[-122.6293208,48.5722002],[-122.6204978,48.5678083],[-122.6108409,48.5611463]]],[[[-122.5773098,48.4136224],[-122.5794839,48.4117847],[-122.5811633,48.4120027],[-122.5812123,48.4134252],[-122.577929,48.4152033],[-122.5769267,48.4148712],[-122.5767757,48.4140739],[-122.5773098,48.4136224]]],[[[-122.5852511,48.6495207],[-122.5928652,48.6499977],[-122.5933464,48.6514241],[-122.5871583,48.6552312],[-122.5866783,48.6604653],[-122.5838238,48.6599883],[-122.5776366,48.647617],[-122.5800169,48.6447597],[-122.5838245,48.6452368],[-122.5819244,48.6480939],[-122.5852511,48.6495207]]],[[[-122.6068339,48.6136793],[-122.6017219,48.6140273],[-122.5989027,48.6113761],[-122.5984797,48.6076739],[-122.6000798,48.6063237],[-122.601676,48.6057097],[-122.60276,48.6052927],[-122.6061151,48.6058847],[-122.6079521,48.6069987],[-122.6115452,48.6084947],[-122.6146553,48.6110039],[-122.6144773,48.6131471],[-122.6132282,48.6143342],[-122.610777,48.6157353],[-122.6068339,48.6136793]]],[[[-122.6159829,48.6939457],[-122.6224001,48.6939457],[-122.6302431,48.6969267],[-122.6411772,48.7052407],[-122.6449792,48.7069657],[-122.6504466,48.7122992],[-122.6504464,48.7122995],[-122.641177,48.7088483],[-122.6373741,48.7107303],[-122.6319069,48.7105743],[-122.6273909,48.7085353],[-122.6240639,48.7069663],[-122.620023,48.7068093],[-122.6164584,48.7077502],[-122.6174093,48.709946],[-122.6152703,48.7133972],[-122.6141251,48.7151054],[-122.6112288,48.7140242],[-122.6085587,48.7081071],[-122.6064807,48.7031641],[-122.6059057,48.6997319],[-122.6095648,48.6967697],[-122.6159829,48.6939457]]],[[[-122.6674097,48.7040581],[-122.6651818,48.6973983],[-122.6597159,48.6970843],[-122.6575759,48.6947313],[-122.6518719,48.6942603],[-122.6449009,48.6913893],[-122.6349968,48.6848462],[-122.6315248,48.6810272],[-122.6271268,48.6789653],[-122.6247027,48.6767202],[-122.6235068,48.6736432],[-122.6182248,48.6707212],[-122.6173757,48.6680581],[-122.6133677,48.6584771],[-122.6123337,48.6545891],[-122.6100547,48.6504751],[-122.6087477,48.644356],[-122.6085717,48.6404475],[-122.6169562,48.6455628],[-122.6213401,48.6490797],[-122.6311271,48.6508387],[-122.6352991,48.6518457],[-122.6483773,48.6617538],[-122.6494952,48.6649138],[-122.6545482,48.6664277],[-122.6577052,48.6704778],[-122.6655972,48.6756278],[-122.6677232,48.6784158],[-122.6735382,48.6808088],[-122.6785053,48.6878929],[-122.6786943,48.6908539],[-122.6834842,48.6955148],[-122.6851473,48.6980249],[-122.6870693,48.7048739],[-122.6917952,48.7114977],[-122.6999434,48.7136678],[-122.6993574,48.7158608],[-122.7022231,48.7170037],[-122.709389,48.7169237],[-122.71355,48.7162477],[-122.7188333,48.7168177],[-122.7183383,48.7204508],[-122.7211462,48.7216348],[-122.7219813,48.723375],[-122.7201883,48.728014],[-122.7222623,48.731624],[-122.7188183,48.7405841],[-122.7154313,48.7466161],[-122.7157094,48.7486724],[-122.7108169,48.7475733],[-122.7030598,48.7436023],[-122.6953678,48.7373852],[-122.6937388,48.7354913],[-122.6875235,48.7347212],[-122.6902346,48.7308301],[-122.6839588,48.7268822],[-122.6816687,48.7237951],[-122.6802427,48.719479],[-122.6811067,48.7163761],[-122.6773718,48.7133873],[-122.6680336,48.7086911],[-122.6689467,48.706644],[-122.6674097,48.7040581]]],[[[-122.611034,48.5825426],[-122.6100408,48.5824333],[-122.6093276,48.5808598],[-122.613368,48.5791297],[-122.614249,48.5796395],[-122.6151865,48.5801819],[-122.6128931,48.5827473],[-122.611034,48.5825426]]],[[[-122.6925525,47.8279216],[-122.6926737,47.8280568],[-122.694871,47.8300262],[-122.6968404,47.8322235],[-122.6990376,47.8341929],[-122.701007,47.8363901],[-122.7052876,47.8383595],[-122.707257,47.8405568],[-122.7094543,47.8425262],[-122.7114237,47.8468068],[-122.713621,47.8487762],[-122.7155903,47.8509734],[-122.7219543,47.8550262],[-122.7239238,47.8700534],[-122.7197571,47.8737765],[-122.7177877,47.8888031],[-122.7231874,47.893625],[-122.7197571,47.8966932],[-122.7177877,47.9030572],[-122.7155904,47.9050266],[-122.713621,47.9093072],[-122.7114237,47.9112766],[-122.7094543,47.9155572],[-122.707257,47.9175266],[-122.7052876,47.9197239],[-122.7010071,47.9216933],[-122.6990377,47.9343071],[-122.6968404,47.9362765],[-122.694871,47.9488905],[-122.6926737,47.9508599],[-122.6907045,47.9533865],[-122.694871,47.9571095],[-122.6968404,47.9718068],[-122.6983522,47.9731618],[-122.6988103,47.9735724],[-122.6988102,47.9735725],[-122.696688,47.9737863],[-122.6842449,47.9723447],[-122.6832229,47.9722263],[-122.6803618,47.9694474],[-122.6797801,47.9688823],[-122.6796796,47.9687848],[-122.6790332,47.9681569],[-122.6787997,47.9679302],[-122.6786873,47.9675306],[-122.6763412,47.9591925],[-122.6762147,47.958743],[-122.6777948,47.9551941],[-122.6793289,47.9517488],[-122.679502,47.95136],[-122.6795777,47.9511898],[-122.6842516,47.9446584],[-122.6846877,47.9440489],[-122.6846529,47.9433983],[-122.6846193,47.9427679],[-122.6845063,47.9406519],[-122.6844497,47.9395931],[-122.6839012,47.938903],[-122.6833356,47.9381914],[-122.6819237,47.9364151],[-122.680511,47.9317783],[-122.6804417,47.931551],[-122.6805569,47.9283207],[-122.680571,47.9279249],[-122.680604,47.9269998],[-122.6806187,47.926589],[-122.6812462,47.9242843],[-122.6815004,47.9233506],[-122.6820318,47.9213987],[-122.6844013,47.9215242],[-122.685807,47.9215987],[-122.6897293,47.9225352],[-122.690129,47.9226307],[-122.6948979,47.9209657],[-122.6961868,47.9199512],[-122.6965151,47.9196928],[-122.6968849,47.9194017],[-122.6974527,47.9192318],[-122.6987912,47.918831],[-122.6992196,47.9187028],[-122.698864,47.9180055],[-122.6988005,47.9178809],[-122.6985238,47.9173383],[-122.694103,47.9182033],[-122.6935926,47.9181544],[-122.6925808,47.9180576],[-122.6905022,47.9178586],[-122.6892348,47.9177373],[-122.6890235,47.9172798],[-122.6880548,47.9151823],[-122.6852871,47.9151013],[-122.682588,47.9150223],[-122.6822309,47.9151094],[-122.6803918,47.9155578],[-122.6773591,47.9162973],[-122.6728922,47.9188362],[-122.6703582,47.9219982],[-122.6658382,47.9266252],[-122.6623802,47.9307002],[-122.6612159,47.9313577],[-122.660246,47.9319053],[-122.6597414,47.9317556],[-122.6577218,47.9311562],[-122.6577135,47.931124],[-122.6559947,47.9244352],[-122.6533338,47.9230022],[-122.6510626,47.9209851],[-122.6539897,47.9158899],[-122.6539424,47.915458],[-122.6533537,47.910084],[-122.6550386,47.9051918],[-122.6550847,47.9050581],[-122.6549591,47.9049113],[-122.6528657,47.9024642],[-122.6526758,47.9022422],[-122.6524255,47.9021307],[-122.6502549,47.9011634],[-122.6489978,47.9006033],[-122.6474957,47.8991401],[-122.6477717,47.8959741],[-122.6471171,47.8955066],[-122.6454088,47.8942865],[-122.6443878,47.8935573],[-122.6434206,47.8930555],[-122.6381332,47.8903127],[-122.6374249,47.8899453],[-122.628635,47.8895373],[-122.618873,47.8902423],[-122.6103404,47.8873431],[-122.6103404,47.887343],[-122.6113231,47.8867709],[-122.616854,47.8835507],[-122.6177488,47.8830298],[-122.6180163,47.8822424],[-122.6196028,47.8775727],[-122.6226931,47.8770947],[-122.6229445,47.8772662],[-122.6249735,47.8786505],[-122.6251101,47.8787437],[-122.6286349,47.8794857],[-122.6318567,47.8748149],[-122.6338787,47.8684008],[-122.6346635,47.8678587],[-122.6368589,47.866342],[-122.6381419,47.8654557],[-122.6477488,47.8641717],[-122.6481209,47.8641219],[-122.6485761,47.8640611],[-122.650083,47.8638597],[-122.6526098,47.8642981],[-122.665713,47.8665717],[-122.676171,47.8670507],[-122.684497,47.8678307],[-122.6937596,47.8680017],[-122.6931513,47.8658658],[-122.6928077,47.8646592],[-122.6921656,47.8639789],[-122.6882917,47.8598752],[-122.6852028,47.8525392],[-122.6816017,47.8504052],[-122.6811617,47.8437659],[-122.683568,47.8391091],[-122.6837417,47.8387729],[-122.6838098,47.8386261],[-122.6873418,47.8310028],[-122.692184,47.8275105],[-122.6925525,47.8279216]]],[[[-122.675704,48.6098529],[-122.6767961,48.6100547],[-122.6845228,48.6127119],[-122.6861361,48.6132667],[-122.6918294,48.6166694],[-122.6922031,48.6168927],[-122.694655,48.6174837],[-122.6982202,48.6168547],[-122.6983331,48.6173143],[-122.6992663,48.6211151],[-122.6980602,48.6230803],[-122.6917211,48.6249023],[-122.6853851,48.6276963],[-122.6825792,48.6283821],[-122.6794611,48.6291443],[-122.6741729,48.6299443],[-122.6728997,48.6292072],[-122.6715168,48.6248272],[-122.6663559,48.6219593],[-122.6629117,48.6203792],[-122.6624527,48.6174],[-122.6623987,48.6143412],[-122.6579148,48.6123402],[-122.6570156,48.6098908],[-122.666149,48.6080877],[-122.667343,48.6083083],[-122.675704,48.6098529]]],[[[-122.6982198,48.6001973],[-122.6980499,48.6000343],[-122.6934656,48.5956391],[-122.6946546,48.5934381],[-122.6923621,48.591197],[-122.6914044,48.5902609],[-122.6914044,48.5902608],[-122.6948919,48.5895077],[-122.6965555,48.588093],[-122.6870118,48.5798743],[-122.6778978,48.5767003],[-122.6716369,48.5691843],[-122.6692058,48.5693573],[-122.6682296,48.5664338],[-122.6689443,48.5661759],[-122.6704407,48.5656358],[-122.6706477,48.5644617],[-122.6729491,48.5639647],[-122.6749331,48.5664287],[-122.6766038,48.5662977],[-122.6774188,48.5641658],[-122.6831103,48.5605112],[-122.6870029,48.5580117],[-122.6960738,48.5543438],[-122.6966686,48.5531131],[-122.6951869,48.5521783],[-122.6923801,48.5523413],[-122.68958,48.5537823],[-122.6820477,48.5522063],[-122.6817624,48.5506238],[-122.6813437,48.548301],[-122.6822947,48.5453108],[-122.6840136,48.5442486],[-122.6840797,48.5442078],[-122.6858599,48.5431077],[-122.68944,48.5439027],[-122.693199,48.5435267],[-122.6953823,48.5434854],[-122.6986949,48.5434227],[-122.7060629,48.5409047],[-122.7165245,48.539817],[-122.717278,48.5397387],[-122.7224073,48.5406058],[-122.7217303,48.5474229],[-122.7240313,48.5499059],[-122.7235103,48.5529551],[-122.7212753,48.5589992],[-122.7188984,48.5618309],[-122.7227011,48.5645047],[-122.726266,48.5656057],[-122.72793,48.5646617],[-122.7304801,48.5656017],[-122.7361992,48.5690048],[-122.7383892,48.5723077],[-122.7394403,48.5738929],[-122.7395423,48.5761341],[-122.7376113,48.5782501],[-122.7378343,48.5816059],[-122.7404825,48.5849862],[-122.7335771,48.5867613],[-122.7293244,48.5897151],[-122.7306453,48.592894],[-122.7296442,48.5956983],[-122.7246763,48.5969822],[-122.7254343,48.602044],[-122.7249302,48.6032632],[-122.7197052,48.6049503],[-122.7181452,48.6073392],[-122.7145121,48.6087803],[-122.7110539,48.6093133],[-122.7093908,48.6071122],[-122.7043988,48.6044412],[-122.7029728,48.6027122],[-122.7015468,48.6012973],[-122.6982198,48.6001973]]],[[[-122.6929557,48.092109],[-122.6928057,48.087278],[-122.6911367,48.0818941],[-122.6856797,48.0730361],[-122.6865427,48.067247],[-122.6848467,48.063291],[-122.6853097,48.0588811],[-122.6834907,48.0556871],[-122.6846007,48.049175],[-122.6826577,48.0428261],[-122.6774788,48.0362302],[-122.6690576,48.0316591],[-122.6725047,48.0203021],[-122.6705616,48.0176189],[-122.6866029,48.0088997],[-122.6904261,48.0088997],[-122.6966292,48.0150617],[-122.6973676,48.0153426],[-122.6998959,48.0163042],[-122.7002161,48.016426],[-122.7001826,48.0169081],[-122.6990377,48.0334075],[-122.7052877,48.0362761],[-122.7072571,48.0488901],[-122.7094543,48.0508595],[-122.7114237,48.0572234],[-122.713621,48.0591928],[-122.7155904,48.06139],[-122.7177876,48.0633594],[-122.7191702,48.064902],[-122.719757,48.0655567],[-122.7219543,48.0675261],[-122.7239237,48.0697234],[-122.7261209,48.0716928],[-122.7280903,48.07389],[-122.7302876,48.0758594],[-122.732257,48.0780567],[-122.7365376,48.0800261],[-122.7378151,48.0814514],[-122.7384852,48.0821991],[-122.7371673,48.0862741],[-122.7332572,48.0912322],[-122.7310211,48.0921543],[-122.7297842,48.0926644],[-122.7286574,48.093129],[-122.7256419,48.0943725],[-122.7251075,48.0945928],[-122.7182411,48.0974243],[-122.696748,48.1031673],[-122.6904029,48.1026623],[-122.6875595,48.1012721],[-122.6916037,48.0974718],[-122.6929557,48.092109]]],[[[-122.69513,48.4739807],[-122.704162,48.4738237],[-122.7103411,48.4757147],[-122.7132202,48.4762207],[-122.7137434,48.4783682],[-122.7117192,48.4792852],[-122.7100133,48.4820651],[-122.7091532,48.4840653],[-122.705337,48.4841703],[-122.700834,48.4837503],[-122.6953681,48.4846953],[-122.6896631,48.4875313],[-122.6868109,48.4878463],[-122.6860977,48.486901],[-122.6872858,48.4843798],[-122.6899005,48.482332],[-122.6879987,48.4809142],[-122.6879987,48.4782359],[-122.6901385,48.4760301],[-122.6879944,48.4750251],[-122.6909409,48.4727757],[-122.69513,48.4739807]]],[[[-122.7118611,48.4681483],[-122.70844,48.4678363],[-122.7060631,48.4686243],[-122.6996459,48.4697273],[-122.6984568,48.4683092],[-122.6972688,48.4661022],[-122.6948917,48.4646842],[-122.6948737,48.4624359],[-122.6958428,48.4597978],[-122.699634,48.4577697],[-122.7056903,48.4591758],[-122.7059073,48.4609348],[-122.7072521,48.4612167],[-122.7100712,48.4616207],[-122.7124963,48.4647309],[-122.7128053,48.4672951],[-122.7118611,48.4681483]]],[[[-122.9603885,48.6903313],[-122.9538801,48.6909843],[-122.9488032,48.6937102],[-122.9466752,48.6978512],[-122.9423173,48.7021041],[-122.9420033,48.7054079],[-122.9464612,48.7094497],[-122.9499231,48.7108867],[-122.9518206,48.7122191],[-122.9518205,48.7122193],[-122.9458819,48.7118283],[-122.938921,48.7096863],[-122.931298,48.7113433],[-122.927096,48.7108373],[-122.9171341,48.7137273],[-122.908044,48.7144263],[-122.9062525,48.7144698],[-122.898911,48.7146483],[-122.892718,48.7144153],[-122.8881059,48.7131143],[-122.8852739,48.7121423],[-122.8842366,48.7120735],[-122.880691,48.7118383],[-122.877579,48.7126963],[-122.8702998,48.7094763],[-122.8664949,48.7056953],[-122.858416,48.7049273],[-122.8479959,48.7025413],[-122.8372619,48.6999083],[-122.8270109,48.6956143],[-122.8219869,48.6923463],[-122.8166658,48.6912803],[-122.8146808,48.6887212],[-122.8014007,48.6826532],[-122.8008967,48.6798243],[-122.7947769,48.6789093],[-122.7877179,48.6758533],[-122.7730889,48.6710353],[-122.7419508,48.6622512],[-122.7414776,48.6603468],[-122.7451729,48.6595537],[-122.7508989,48.6573247],[-122.7548327,48.6563878],[-122.7547987,48.6494028],[-122.7593028,48.6467007],[-122.7638189,48.6441877],[-122.7690749,48.6415217],[-122.7757419,48.6394077],[-122.7787619,48.6391437],[-122.7833738,48.6357448],[-122.7849728,48.6327228],[-122.7890859,48.6313987],[-122.7952498,48.6294137],[-122.7996798,48.6247078],[-122.8034989,48.6217627],[-122.8088037,48.6199158],[-122.8092817,48.6161031],[-122.8053748,48.6126042],[-122.8025158,48.6074622],[-122.7986836,48.6027369],[-122.7999429,48.6018117],[-122.8042451,48.6025157],[-122.8099291,48.6056977],[-122.813374,48.6068447],[-122.8136024,48.6067845],[-122.8179218,48.6056467],[-122.8195238,48.6020577],[-122.82409,48.6008087],[-122.826885,48.6016397],[-122.8297841,48.6012017],[-122.8306553,48.6021169],[-122.8304393,48.6060531],[-122.8282593,48.6119831],[-122.8279463,48.6158288],[-122.8300652,48.6165858],[-122.8311473,48.618928],[-122.8310253,48.6198109],[-122.8319931,48.6205037],[-122.8334068,48.6201387],[-122.8339708,48.6192207],[-122.8362389,48.6191767],[-122.838137,48.6181557],[-122.8481962,48.6220398],[-122.8524742,48.6281668],[-122.8610302,48.6394768],[-122.8660222,48.6449728],[-122.869587,48.6467006],[-122.872914,48.6440306],[-122.8757662,48.6456018],[-122.8781432,48.6498408],[-122.8817083,48.6534529],[-122.8832933,48.660347],[-122.8836093,48.6749591],[-122.8821843,48.677941],[-122.8837663,48.68224],[-122.8824223,48.68516],[-122.8850362,48.6900238],[-122.8905031,48.6930047],[-122.894714,48.6946107],[-122.8995336,48.6933188],[-122.8985207,48.690804],[-122.8989938,48.6893766],[-122.9063757,48.6910162],[-122.907562,48.6912797],[-122.913082,48.6908077],[-122.9180728,48.6895527],[-122.9202126,48.6861011],[-122.9161297,48.6831891],[-122.9164097,48.6793531],[-122.9130818,48.6749592],[-122.9111808,48.6729192],[-122.9088037,48.6705641],[-122.9093997,48.6686018],[-122.9130816,48.6663259],[-122.9116557,48.6628731],[-122.9114177,48.6583201],[-122.9097548,48.6539242],[-122.9051818,48.6517832],[-122.9042878,48.6490562],[-122.8965679,48.6467873],[-122.8813858,48.6379812],[-122.8803587,48.6357891],[-122.880014,48.6341274],[-122.8793317,48.6308381],[-122.8774297,48.6269101],[-122.8757657,48.6226692],[-122.8680648,48.6160893],[-122.8650708,48.6149703],[-122.8618767,48.6122821],[-122.8623497,48.6041909],[-122.8649438,48.6014597],[-122.8702997,48.5990968],[-122.8713907,48.5946728],[-122.8807578,48.5918657],[-122.8841549,48.5887207],[-122.8888011,48.5883877],[-122.8909781,48.5909227],[-122.896445,48.5907647],[-122.9009611,48.5920227],[-122.905476,48.5929657],[-122.9111809,48.5917087],[-122.914984,48.5912367],[-122.919975,48.5923367],[-122.926366,48.5913957],[-122.9339981,48.5929657],[-122.9369003,48.5934697],[-122.9368503,48.5970527],[-122.939702,48.5975247],[-122.9436764,48.5973651],[-122.9475461,48.5972097],[-122.9482059,48.5976501],[-122.9493202,48.5983938],[-122.9508732,48.6014538],[-122.9532503,48.6027118],[-122.9538453,48.6060031],[-122.9513494,48.6075841],[-122.9561004,48.6184691],[-122.9537253,48.6209401],[-122.9530123,48.6253388],[-122.9578282,48.6275488],[-122.9603801,48.6314656],[-122.9633339,48.6302247],[-122.966803,48.6285147],[-122.9693292,48.6297878],[-122.9746412,48.6350788],[-122.9784442,48.6377488],[-122.9801082,48.6412037],[-122.9839108,48.6421466],[-122.9849867,48.6396129],[-122.9858118,48.6380628],[-122.9896149,48.6364917],[-122.9929426,48.6346079],[-122.9912788,48.6311523],[-122.988902,48.6314663],[-122.9851297,48.6298902],[-122.9846567,48.6270368],[-122.9881887,48.6264388],[-122.9874757,48.6225123],[-122.9838419,48.6222643],[-122.9782298,48.6188972],[-122.9741868,48.6137062],[-122.9708557,48.6094281],[-122.9712277,48.6038158],[-122.9753538,48.6020828],[-122.9770179,48.5990966],[-122.983673,48.6011397],[-122.9886638,48.6011397],[-122.9900897,48.597368],[-122.9884636,48.5941998],[-122.995557,48.5924947],[-123.0038761,48.5929657],[-123.0077843,48.5946438],[-123.0079733,48.5989572],[-122.9970321,48.6018143],[-122.9910415,48.6036552],[-122.9927443,48.6056209],[-122.9931803,48.6094698],[-123.0003592,48.6151388],[-123.0031632,48.6209397],[-123.0072027,48.6209397],[-123.0079727,48.6151388],[-123.0164729,48.6111977],[-123.02194,48.6093127],[-123.0279633,48.6108488],[-123.0299713,48.620941],[-123.0303423,48.6298902],[-123.0232702,48.6344792],[-123.0193942,48.6389312],[-123.0152943,48.6429101],[-123.0145713,48.6490561],[-123.0101022,48.6549632],[-123.0039391,48.6583933],[-122.9978612,48.6615962],[-122.9955792,48.6643782],[-122.9912791,48.6666403],[-122.9872382,48.6691522],[-122.9843552,48.6747972],[-122.9706881,48.6808563],[-122.9624091,48.6836213],[-122.9588918,48.6865601],[-122.9585734,48.6868261],[-122.9603885,48.6903313]]],[[[-122.8114391,48.1372773],[-122.792606,48.1411286],[-122.784192,48.1428493],[-122.7825199,48.142842],[-122.7823708,48.1428413],[-122.7819064,48.1428393],[-122.7813405,48.1428368],[-122.762676,48.1427553],[-122.7545088,48.1443443],[-122.7539946,48.1432219],[-122.7590458,48.1400558],[-122.7617887,48.1363709],[-122.7624537,48.1311721],[-122.7607158,48.1278052],[-122.7574018,48.1250942],[-122.7565191,48.1242555],[-122.7489104,48.1170259],[-122.7542034,48.1149782],[-122.7701884,48.1087942],[-122.7713218,48.1083557],[-122.7718699,48.1081437],[-122.7738767,48.1075274],[-122.7742166,48.107423],[-122.7784526,48.106122],[-122.7786457,48.1060627],[-122.7822203,48.1083382],[-122.8486061,48.1236865],[-122.8522306,48.1239962],[-122.8527466,48.1240403],[-122.8527467,48.1240405],[-122.848535,48.1266905],[-122.8481762,48.1269162],[-122.8479721,48.127107],[-122.8379461,48.1364794],[-122.8379048,48.1364614],[-122.8359688,48.1356206],[-122.833173,48.1344063],[-122.8264833,48.13529],[-122.8218002,48.1359086],[-122.8169028,48.1365556],[-122.8162372,48.1366435],[-122.8126623,48.1371157],[-122.8114391,48.1372773]]],[[[-122.7661573,48.7017909],[-122.7670533,48.7070121],[-122.7665672,48.7078013],[-122.7656329,48.7080133],[-122.7648447,48.7074272],[-122.7628427,48.700716],[-122.7628367,48.6986021],[-122.7614698,48.6965113],[-122.7603307,48.6962145],[-122.7600188,48.6961333],[-122.7595966,48.695669],[-122.7607639,48.6942817],[-122.7615351,48.6942277],[-122.7634665,48.695211],[-122.7643443,48.6956578],[-122.7650543,48.6984239],[-122.7660078,48.7013346],[-122.7661573,48.7017909]]],[[[-122.7874467,48.5425248],[-122.7874857,48.5414168],[-122.7921028,48.5382298],[-122.7947178,48.5344527],[-122.8025609,48.5324067],[-122.807686,48.5313217],[-122.8113552,48.5331938],[-122.8125443,48.5361838],[-122.8163472,48.5399608],[-122.8212814,48.54651],[-122.8184862,48.5500322],[-122.8168225,48.5522339],[-122.820387,48.5541217],[-122.823715,48.5523917],[-122.8273163,48.5545198],[-122.8294193,48.5618309],[-122.8310833,48.5725261],[-122.8279932,48.5745702],[-122.8271483,48.576675],[-122.8289444,48.579288],[-122.8243411,48.5836683],[-122.822051,48.5838483],[-122.8184861,48.5836903],[-122.8163202,48.5860082],[-122.81088,48.5888793],[-122.7910308,48.5801013],[-122.7785548,48.5695382],[-122.7757028,48.5656062],[-122.7709498,48.5630892],[-122.7690196,48.55928],[-122.7715847,48.5557649],[-122.7722067,48.5524468],[-122.7779768,48.5490118],[-122.7801078,48.5465868],[-122.7874467,48.5425248]]],[[[-122.8841055,48.4186106],[-122.884165,48.4186137],[-122.8953095,48.4209818],[-122.8946323,48.4218852],[-122.8941043,48.4225894],[-122.8935242,48.4233632],[-122.8896712,48.4271612],[-122.8887201,48.4277923],[-122.8843411,48.4273273],[-122.8827779,48.4271613],[-122.8796881,48.4263723],[-122.8791713,48.4268401],[-122.878405,48.4275337],[-122.8770743,48.4287381],[-122.8773113,48.4318918],[-122.8774118,48.431914],[-122.8844421,48.4334687],[-122.8893664,48.4358559],[-122.8892438,48.436101],[-122.8890198,48.436549],[-122.8887712,48.4370462],[-122.8864574,48.4378297],[-122.8853054,48.4382198],[-122.8844814,48.4384988],[-122.8839661,48.4386733],[-122.8838278,48.4386831],[-122.8783256,48.4390742],[-122.8773109,48.4391463],[-122.8740304,48.4374365],[-122.8739836,48.4374121],[-122.8751716,48.4336272],[-122.8720414,48.4323812],[-122.871607,48.4322083],[-122.871161,48.4323697],[-122.8689933,48.4331542],[-122.8691384,48.4344087],[-122.8691653,48.4346416],[-122.8692303,48.4352043],[-122.869036,48.4352319],[-122.8670831,48.4355095],[-122.8661558,48.4356414],[-122.8659031,48.4356773],[-122.8654815,48.4361144],[-122.8644008,48.4372346],[-122.8621004,48.439619],[-122.8627623,48.4404486],[-122.8642062,48.4422584],[-122.8642392,48.4422997],[-122.8644017,48.4423277],[-122.8669356,48.4427633],[-122.8681774,48.4429768],[-122.8684791,48.4430287],[-122.8731229,48.4443248],[-122.873437,48.4444125],[-122.876598,48.4452947],[-122.890556,48.4453737],[-122.897095,48.4459687],[-122.8974885,48.4459833],[-122.8982738,48.4460126],[-122.9044067,48.4462407],[-122.9048817,48.442457],[-122.9044066,48.4397766],[-122.908923,48.4405647],[-122.9262471,48.4370457],[-122.9307676,48.4427382],[-122.9307675,48.4427383],[-122.925323,48.4432463],[-122.9196182,48.4429303],[-122.9162913,48.449394],[-122.9166206,48.4513612],[-122.9167663,48.4522319],[-122.9169097,48.4529927],[-122.917465,48.455939],[-122.9174793,48.4560148],[-122.9190732,48.4571381],[-122.9193461,48.4573304],[-122.9202335,48.4579558],[-122.9212821,48.4586947],[-122.926273,48.4605857],[-122.929918,48.4589237],[-122.9300759,48.4588517],[-122.9308066,48.4587092],[-122.9341167,48.4580637],[-122.9345698,48.4548906],[-122.9443374,48.4579068],[-122.9430493,48.4607641],[-122.9426627,48.4625407],[-122.9425768,48.4629352],[-122.9425075,48.463254],[-122.9424363,48.4635809],[-122.9427098,48.4637748],[-122.9434042,48.4642672],[-122.9452823,48.4655989],[-122.9451499,48.4661948],[-122.9450914,48.4664583],[-122.9450713,48.4665486],[-122.9445753,48.4687812],[-122.9417705,48.4706408],[-122.9417234,48.4706721],[-122.9417416,48.4707204],[-122.9425295,48.4728051],[-122.9428583,48.4736748],[-122.9433747,48.4740797],[-122.9456633,48.4758738],[-122.9457333,48.4777671],[-122.9443373,48.4798111],[-122.9450503,48.482805],[-122.9446768,48.4842823],[-122.94254,48.4927351],[-122.9411893,48.4980781],[-122.9369692,48.5037542],[-122.9341173,48.5067461],[-122.9335183,48.5138951],[-122.9319782,48.5174532],[-122.9272241,48.5212313],[-122.920296,48.5227053],[-122.9160534,48.5229633],[-122.9174793,48.5279999],[-122.9191063,48.5298419],[-122.9186683,48.5325639],[-122.9219953,48.5388599],[-122.9202963,48.5506632],[-122.918905,48.5514483],[-122.912488,48.5497173],[-122.9058331,48.5501893],[-122.9010792,48.5547522],[-122.8984651,48.5564823],[-122.8908593,48.5582132],[-122.8918103,48.564819],[-122.8901462,48.5690662],[-122.884679,48.5731554],[-122.8832567,48.5720002],[-122.8829781,48.5711045],[-122.8825397,48.569695],[-122.8837287,48.566549],[-122.8829697,48.563752],[-122.8834907,48.5607291],[-122.8820477,48.558312],[-122.8830156,48.5552242],[-122.8785,48.5534933],[-122.8720823,48.5541223],[-122.8718453,48.5566389],[-122.8732713,48.559156],[-122.8723203,48.5629322],[-122.869141,48.5643463],[-122.8661398,48.5638753],[-122.8649747,48.561371],[-122.8654267,48.558213],[-122.8645757,48.5553919],[-122.8661399,48.5541217],[-122.8699428,48.5530207],[-122.8735087,48.5490879],[-122.8737457,48.5446822],[-122.8699429,48.5423223],[-122.862338,48.5432663],[-122.8582968,48.5423223],[-122.8563958,48.5387023],[-122.852355,48.5377583],[-122.8487902,48.5391743],[-122.844749,48.5429514],[-122.8417736,48.539955],[-122.8430858,48.5385448],[-122.8445117,48.5358699],[-122.8442737,48.5336657],[-122.8466512,48.5335087],[-122.8483141,48.5363417],[-122.8542559,48.5347677],[-122.8592478,48.5327218],[-122.8614037,48.5250849],[-122.8663777,48.5113118],[-122.8732707,48.5059588],[-122.8735087,48.5026511],[-122.8708938,48.4988722],[-122.8661648,48.4971282],[-122.8649518,48.4946192],[-122.8623788,48.4922792],[-122.8604358,48.4889492],[-122.8578219,48.4872163],[-122.8535426,48.4861132],[-122.8544937,48.48375],[-122.8540188,48.4815443],[-122.8506997,48.4816593],[-122.8506907,48.4776049],[-122.8518828,48.4751168],[-122.8542556,48.4739809],[-122.8542119,48.4738706],[-122.8530677,48.470987],[-122.85516,48.4675556],[-122.8566326,48.4651407],[-122.8575837,48.4635808],[-122.8594846,48.4601131],[-122.8573459,48.4580643],[-122.8517391,48.4597493],[-122.8471261,48.4599563],[-122.8435547,48.4611304],[-122.8437987,48.4575909],[-122.8485518,48.4534928],[-122.8511666,48.449237],[-122.8492649,48.4471873],[-122.8441541,48.4477543],[-122.8413541,48.4500163],[-122.8369062,48.4506553],[-122.8314872,48.4569792],[-122.8266864,48.460744],[-122.8297632,48.4645178],[-122.8297732,48.46453],[-122.8303272,48.4652095],[-122.8323429,48.4676816],[-122.8337137,48.4693628],[-122.8340383,48.4697609],[-122.8337339,48.4719478],[-122.8333413,48.474769],[-122.8340543,48.4851679],[-122.8367843,48.4893069],[-122.8405843,48.503075],[-122.8390453,48.5117851],[-122.8370132,48.5167582],[-122.8319152,48.5182403],[-122.8286902,48.5233003],[-122.81599,48.5248523],[-122.803393,48.5242223],[-122.792962,48.5253723],[-122.7882568,48.5243723],[-122.7864858,48.5225542],[-122.7774099,48.5176953],[-122.7745509,48.5179483],[-122.7694047,48.5121001],[-122.7692027,48.509617],[-122.7697978,48.5078347],[-122.775956,48.5077347],[-122.78469,48.5101517],[-122.7899618,48.5079577],[-122.7928757,48.5052159],[-122.7926967,48.5018639],[-122.7965108,48.4966718],[-122.7993298,48.4943237],[-122.8161968,48.4877848],[-122.8174837,48.484505],[-122.8161926,48.4822539],[-122.8181287,48.4805988],[-122.8189267,48.4772881],[-122.8167028,48.4750842],[-122.8133337,48.4725992],[-122.8132167,48.4706719],[-122.8146948,48.4693578],[-122.8153875,48.4680791],[-122.8176537,48.4638959],[-122.8191677,48.460243],[-122.8186047,48.4574342],[-122.8155978,48.4548912],[-122.8122777,48.4528236],[-122.8119159,48.4525983],[-122.8115099,48.4525933],[-122.8108144,48.4525847],[-122.808252,48.4525529],[-122.8081241,48.4525513],[-122.805274,48.452516],[-122.8048929,48.4525113],[-122.8039863,48.4519345],[-122.8034283,48.4515795],[-122.8034196,48.451574],[-122.8017288,48.4504982],[-122.8003322,48.4475765],[-122.8003253,48.4475621],[-122.8001326,48.4471589],[-122.8029179,48.4443487],[-122.8037658,48.4442081],[-122.8053119,48.4439518],[-122.8076707,48.4435607],[-122.8079347,48.4411969],[-122.8090967,48.438831],[-122.8076706,48.436623],[-122.8109988,48.4333118],[-122.8140884,48.4307881],[-122.8129513,48.4303569],[-122.812425,48.4301573],[-122.8088601,48.4311043],[-122.8074898,48.4312647],[-122.8053871,48.4315108],[-122.8048191,48.4315773],[-122.8048062,48.431584],[-122.801634,48.4332264],[-122.8006925,48.432513],[-122.8034227,48.4302115],[-122.8034696,48.4301719],[-122.8034079,48.4299899],[-122.8021366,48.4262417],[-122.805309,48.4264226],[-122.8069379,48.4265156],[-122.8070686,48.426523],[-122.8074838,48.4265467],[-122.807525,48.4264739],[-122.8090968,48.4236908],[-122.8126219,48.4209817],[-122.820268,48.4206937],[-122.8231671,48.4207257],[-122.8275663,48.4224848],[-122.8274375,48.4248753],[-122.8273993,48.4255838],[-122.8279214,48.4257289],[-122.8322531,48.4269327],[-122.8350941,48.4280529],[-122.8364302,48.4285797],[-122.837682,48.4300901],[-122.8390451,48.4317347],[-122.8433225,48.4303149],[-122.8396263,48.4258817],[-122.8393634,48.4255664],[-122.8390444,48.4251838],[-122.8422181,48.4247317],[-122.8433333,48.4254771],[-122.8439701,48.4259027],[-122.8447241,48.4264067],[-122.8483141,48.4276337],[-122.8503038,48.4279482],[-122.8504534,48.4279718],[-122.8533061,48.4284227],[-122.8606738,48.4304726],[-122.8625746,48.4263722],[-122.8566329,48.4251113],[-122.8545387,48.4245089],[-122.8521626,48.4238254],[-122.8495028,48.4230603],[-122.8489196,48.4221149],[-122.8536679,48.4197917],[-122.872704,48.4180107],[-122.8753025,48.4181474],[-122.8767576,48.418224],[-122.8788041,48.4183316],[-122.8792961,48.4183575],[-122.8840975,48.4186101],[-122.8841055,48.4186106]]],[[[-122.7744728,48.702986],[-122.7735077,48.7020641],[-122.7736637,48.6981689],[-122.7746909,48.6966062],[-122.7748108,48.6964237],[-122.776258,48.6959297],[-122.7774553,48.6967869],[-122.7771673,48.6991561],[-122.7759312,48.7026192],[-122.7754161,48.7027654],[-122.7745109,48.7030223],[-122.7744728,48.702986]]],[[[-122.8045727,48.5977822],[-122.8045207,48.5962179],[-122.8081498,48.5930287],[-122.8154059,48.5899377],[-122.820351,48.5887527],[-122.8217433,48.5892358],[-122.8217543,48.5909082],[-122.8182482,48.5926522],[-122.8148352,48.6000282],[-122.813262,48.6005823],[-122.8097479,48.5988613],[-122.8045727,48.5977822]]],[[[-122.8281277,48.7452779],[-122.8298439,48.7440797],[-122.830443,48.7441529],[-122.832209,48.7443687],[-122.834351,48.7435157],[-122.8466191,48.7460017],[-122.8482685,48.747122],[-122.8464431,48.7485203],[-122.8430551,48.7480983],[-122.8406661,48.7495223],[-122.8285117,48.7469793],[-122.8281277,48.7452779]]],[[[-122.843798,48.3170637],[-122.844517,48.3169727],[-122.8452713,48.3173158],[-122.8450323,48.3186181],[-122.8444842,48.3198522],[-122.8425321,48.3213153],[-122.8417439,48.3213843],[-122.8405449,48.3204933],[-122.8390559,48.3199273],[-122.8381797,48.3196712],[-122.8382057,48.3190848],[-122.8390709,48.3187797],[-122.8409538,48.3173847],[-122.8420159,48.3169047],[-122.843798,48.3170637]]],[[[-122.8866088,48.7486348],[-122.8904609,48.7475157],[-122.895694,48.7469557],[-122.899086,48.7465927],[-122.9030631,48.7480107],[-122.9056141,48.7500617],[-122.9121611,48.7505817],[-122.9165162,48.7528127],[-122.9195654,48.7549349],[-122.9176754,48.75766],[-122.9199203,48.7602459],[-122.9184493,48.7669682],[-122.9138521,48.7697433],[-122.898695,48.7699203],[-122.8894138,48.7672952],[-122.8887526,48.7656398],[-122.891166,48.7648057],[-122.9044071,48.7659847],[-122.9063081,48.7673947],[-122.9103278,48.7667537],[-122.9122706,48.7623561],[-122.9074369,48.7593393],[-122.898647,48.7567423],[-122.8890169,48.7571113],[-122.8831897,48.7535602],[-122.8833907,48.7521178],[-122.8859717,48.7506768],[-122.8866088,48.7486348]]],[[[-122.9660846,48.5904513],[-122.9608609,48.5899163],[-122.9572909,48.5884073],[-122.950905,48.5880203],[-122.9408718,48.5861093],[-122.9397496,48.5827398],[-122.9425537,48.5819608],[-122.9430297,48.5794452],[-122.9375457,48.5765912],[-122.9378007,48.5745703],[-122.9325721,48.5737843],[-122.9299574,48.5756711],[-122.9332585,48.5808752],[-122.9301952,48.5819612],[-122.9285052,48.5851553],[-122.9244911,48.5847913],[-122.9221141,48.5871493],[-122.9189829,48.5870593],[-122.9149839,48.5840053],[-122.9047629,48.5824333],[-122.9028017,48.5803991],[-122.9028017,48.5785019],[-122.9038517,48.5756908],[-122.9185488,48.5643468],[-122.9211627,48.5623018],[-122.9232637,48.5566019],[-122.9247289,48.5545937],[-122.9275512,48.5546987],[-122.9289073,48.559454],[-122.9263925,48.5637177],[-122.932334,48.5640327],[-122.9392265,48.5627738],[-122.9370647,48.55946],[-122.9377858,48.5575417],[-122.9413658,48.5575827],[-122.9425536,48.555224],[-122.9399256,48.5518459],[-122.9426097,48.5502478],[-122.9430297,48.5479857],[-122.948259,48.5468847],[-122.9539631,48.5487727],[-122.959192,48.5494017],[-122.9661552,48.5491107],[-122.9682242,48.5550656],[-122.9732149,48.5523917],[-122.9779971,48.5518457],[-122.9809484,48.5535539],[-122.9803464,48.5555377],[-122.9843651,48.5555317],[-122.9870383,48.5570788],[-122.9879914,48.5618362],[-122.984742,48.5624283],[-122.9824849,48.5618313],[-122.9791388,48.5603542],[-122.9779688,48.5580553],[-122.974641,48.5583703],[-122.9725026,48.5586842],[-122.9777312,48.5641898],[-122.9808211,48.5679646],[-122.9846572,48.5661195],[-122.9850993,48.5696948],[-122.9894602,48.5724688],[-122.9922302,48.5750418],[-122.9993601,48.5802307],[-123.0141601,48.5789717],[-123.0165415,48.5813481],[-123.0131454,48.5829041],[-123.0148033,48.5863318],[-123.015813,48.5875244],[-123.0174323,48.5894369],[-123.0174323,48.5901412],[-123.0156791,48.5905963],[-123.012862,48.5911763],[-123.0116098,48.5910933],[-123.0106494,48.5893721],[-123.0095518,48.5874052],[-123.0069659,48.5857343],[-123.0034001,48.5857343],[-122.9998861,48.5870593],[-122.9875111,48.5908663],[-122.979897,48.5932463],[-122.9744039,48.5929663],[-122.9708381,48.5915514],[-122.9689462,48.5944193],[-122.9665759,48.5946733],[-122.9651337,48.592809],[-122.9660846,48.5904513]]],[[[-122.948558,48.7853033],[-122.944623,48.7867313],[-122.9422448,48.7857582],[-122.9415966,48.7841749],[-122.9480129,48.7810587],[-122.9572415,48.7822283],[-122.9682751,48.7836267],[-122.9712464,48.7848669],[-122.9703633,48.786363],[-122.9707424,48.7878932],[-122.969075,48.7885793],[-122.956583,48.7857193],[-122.948558,48.7853033]]],[[[-122.9813338,48.454147],[-123.006916,48.4564087],[-123.011558,48.4559887],[-123.01746,48.4578397],[-123.023068,48.4569147],[-123.0279641,48.4586717],[-123.032279,48.4598767],[-123.0368881,48.4578666],[-123.0406112,48.4617347],[-123.0473151,48.4642197],[-123.0512931,48.4664957],[-123.0540383,48.4677058],[-123.0540843,48.4697657],[-123.0601541,48.4707527],[-123.0654452,48.4727358],[-123.0672303,48.4769019],[-123.0684202,48.4798738],[-123.0704533,48.4812351],[-123.072209,48.4824107],[-123.075536,48.4808347],[-123.0788641,48.4813077],[-123.083142,48.4833557],[-123.0858209,48.4823267],[-123.092412,48.4817807],[-123.0957002,48.4831808],[-123.0971042,48.4850508],[-123.1020481,48.4886797],[-123.1072481,48.4905977],[-123.111901,48.4917047],[-123.1190321,48.4918627],[-123.1241262,48.4958548],[-123.1271131,48.4978477],[-123.1329801,48.4983087],[-123.1356243,48.5002378],[-123.1358393,48.5022509],[-123.1385351,48.5047477],[-123.1414812,48.5054727],[-123.1453853,48.5096709],[-123.1446114,48.5129047],[-123.1456044,48.5129437],[-123.1501681,48.5131227],[-123.1527433,48.5162159],[-123.1517723,48.5186659],[-123.1530422,48.5201197],[-123.1563522,48.5207957],[-123.1577903,48.5224739],[-123.1574153,48.5243499],[-123.1632083,48.5300549],[-123.1641063,48.535216],[-123.1621633,48.5390601],[-123.1608633,48.542715],[-123.1621433,48.546173],[-123.1614654,48.5482399],[-123.1638131,48.5500837],[-123.1670651,48.5500677],[-123.1694204,48.5516839],[-123.1683774,48.5532709],[-123.1720362,48.5552348],[-123.1763293,48.5623629],[-123.1768663,48.566165],[-123.1760863,48.5685121],[-123.1722723,48.5732332],[-123.1717778,48.5742807],[-123.1710844,48.5757499],[-123.1743012,48.5780298],[-123.1805912,48.5828258],[-123.1839181,48.5853407],[-123.194614,48.5864417],[-123.197859,48.5862477],[-123.2012563,48.5874818],[-123.2033093,48.5955491],[-123.1988793,48.6007102],[-123.1957172,48.6077732],[-123.1917621,48.6093913],[-123.1868482,48.6124092],[-123.1820762,48.6168402],[-123.1814427,48.6182038],[-123.1806452,48.6199206],[-123.1796572,48.6220474],[-123.1786792,48.6216959],[-123.1741729,48.6200763],[-123.1682503,48.619238],[-123.1675179,48.6191343],[-123.1618139,48.6172483],[-123.158123,48.6169158],[-123.1565851,48.6167773],[-123.1513563,48.6192912],[-123.1511183,48.6219619],[-123.1520646,48.6227954],[-123.1525275,48.6232032],[-123.1525456,48.6232191],[-123.1525456,48.6232192],[-123.1524991,48.6232315],[-123.1483814,48.624325],[-123.145752,48.6250233],[-123.1425267,48.6242498],[-123.1375704,48.6230612],[-123.1375704,48.6230611],[-123.1411352,48.6203912],[-123.136145,48.6200763],[-123.1313135,48.6211029],[-123.12949,48.6214903],[-123.1246919,48.6217193],[-123.120695,48.6200763],[-123.1173681,48.6221193],[-123.1121391,48.6211763],[-123.1109471,48.6223983],[-123.1053009,48.6226433],[-123.1005397,48.6190761],[-123.1007297,48.6158341],[-123.0969696,48.6119351],[-123.1000167,48.6054619],[-123.1014427,48.601533],[-123.100758,48.5997205],[-123.1004928,48.5990182],[-123.0850429,48.5939883],[-123.0787089,48.5929783],[-123.0746989,48.5918603],[-123.0656218,48.5854463],[-123.0608348,48.5824942],[-123.0517578,48.5756492],[-123.0486778,48.5697742],[-123.0356979,48.5637513],[-123.0241299,48.562745],[-123.022018,48.5625613],[-123.0163539,48.5620663],[-123.0113067,48.5595862],[-123.0111247,48.5565612],[-123.0080128,48.5553913],[-123.0047677,48.5512581],[-123.0058957,48.546492],[-123.0054829,48.5435763],[-123.0054182,48.5431192],[-123.0051827,48.5414562],[-123.0011978,48.5393603],[-122.9978148,48.5367353],[-122.9952009,48.5354763],[-122.989734,48.5351613],[-122.9821619,48.5363883],[-122.9788009,48.5342173],[-122.9697688,48.5361063],[-122.9684827,48.5328181],[-122.9684827,48.5274659],[-122.9714327,48.5252448],[-122.9720457,48.5203248],[-122.982366,48.5145397],[-122.986644,48.5164287],[-122.991936,48.5147287],[-122.9975772,48.5165867],[-122.9994792,48.5192627],[-123.004945,48.5208377],[-123.012789,48.5186337],[-123.0163538,48.5186337],[-123.0182546,48.5158],[-123.0166907,48.5139431],[-123.0168057,48.5123348],[-123.0194437,48.5109188],[-123.0189687,48.5079272],[-123.0154027,48.5063522],[-123.0158337,48.5037938],[-123.0199188,48.5028877],[-123.0206316,48.5009981],[-123.0177797,48.4995802],[-123.0170797,48.4963958],[-123.0199185,48.4951699],[-123.0177798,48.4924932],[-123.0089338,48.4840392],[-123.0073217,48.480993],[-123.0092237,48.476109],[-123.0058958,48.4709092],[-122.9869229,48.4626243],[-122.981177,48.4630293],[-122.976186,48.4622413],[-122.9733341,48.4625563],[-122.9714513,48.4638142],[-122.9708563,48.4679792],[-122.969078,48.4685753],[-122.9638269,48.4671273],[-122.9617777,48.46528],[-122.9610089,48.4645869],[-122.9601764,48.4638364],[-122.9601518,48.4638142],[-122.9589607,48.462029],[-122.9591107,48.4615293],[-122.959218,48.4611716],[-122.9593587,48.4607028],[-122.9619246,48.4586159],[-122.9602617,48.455306],[-122.9609747,48.4512068],[-122.9625319,48.4501297],[-122.96274,48.4501598],[-122.9655996,48.4505734],[-122.9658639,48.4506116],[-122.9670401,48.4507817],[-122.9671945,48.4508374],[-122.974002,48.4532926],[-122.9747591,48.4535657],[-122.9766216,48.4537304],[-122.9813338,48.454147]]],[[[-123.0047077,48.6977901],[-123.0050857,48.6943419],[-123.0144488,48.6849778],[-123.0212149,48.6814157],[-123.0289509,48.6783327],[-123.0423372,48.6756627],[-123.0432114,48.6775731],[-123.0416452,48.6786332],[-123.0356723,48.6853501],[-123.0367723,48.688107],[-123.0363603,48.6900798],[-123.0470581,48.6957717],[-123.0711896,48.6993458],[-123.0711896,48.6993461],[-123.0679311,48.7003003],[-123.0544201,48.7038053],[-123.0457272,48.7090032],[-123.0401792,48.7172963],[-123.029257,48.7164583],[-123.0254861,48.7179663],[-123.0196991,48.7213123],[-123.0097868,48.7222913],[-123.0075106,48.7188629],[-123.0098387,48.7171749],[-123.0089107,48.7127191],[-123.0050037,48.7053381],[-123.0050147,48.7039088],[-123.0087476,48.7028098],[-123.0077977,48.6998292],[-123.0047077,48.6977901]]],[[[-123.0150528,48.6068253],[-123.0144897,48.605914],[-123.0148647,48.6044649],[-123.0153657,48.6033479],[-123.0155537,48.6028088],[-123.0161169,48.6023957],[-123.0172441,48.6026017],[-123.0183085,48.603306],[-123.0173692,48.6039272],[-123.0168693,48.605128],[-123.0171823,48.6062871],[-123.0163681,48.6071143],[-123.0150528,48.6068253]]],[[[-123.0243183,48.5976758],[-123.0256322,48.5983798],[-123.0261965,48.5996634],[-123.025069,48.5995393],[-123.0230028,48.5996223],[-123.0223768,48.5985872],[-123.0208749,48.5972623],[-123.0191845,48.5974283],[-123.0191845,48.5974282],[-123.0198108,48.5965578],[-123.0202485,48.5960201],[-123.0193719,48.5955233],[-123.0181196,48.5955653],[-123.0183708,48.5948198],[-123.0189969,48.5944467],[-123.023567,48.5940327],[-123.0250062,48.5940737],[-123.0252573,48.594861],[-123.0244433,48.5964341],[-123.0243183,48.5976758]]],[[[-123.0844393,48.9743341],[-123.0838387,48.976126],[-123.0838343,48.9761391],[-123.0835726,48.9797992],[-123.0835713,48.979817],[-123.0835593,48.98224],[-123.0844106,48.986134],[-123.0844983,48.9865349],[-123.084521,48.986578],[-123.0852315,48.9879272],[-123.085573,48.9885756],[-123.0855909,48.9886096],[-123.0862093,48.9897838],[-123.0862141,48.9897901],[-123.0872065,48.9910791],[-123.0872433,48.9911269],[-123.0876633,48.9928542],[-123.0877123,48.9930557],[-123.0878763,48.99373],[-123.0878733,48.9951519],[-123.0885443,48.9968639],[-123.0885773,48.9980229],[-123.0905465,49.0019763],[-123.0712303,49.0020386],[-123.0678952,49.0020494],[-123.0483201,49.0021126],[-123.0353928,49.0021543],[-123.0353852,49.0021363],[-123.0340121,48.9989016],[-123.0334702,48.997625],[-123.0334567,48.9975931],[-123.0334439,48.9975747],[-123.0310204,48.9940911],[-123.0309157,48.9939406],[-123.0298353,48.9923877],[-123.0287549,48.9908346],[-123.0287517,48.9908301],[-123.0274147,48.9874712],[-123.025831,48.9858941],[-123.0258043,48.9858675],[-123.0257518,48.9858152],[-123.0257477,48.9858087],[-123.0252287,48.9849907],[-123.0246568,48.9840892],[-123.0246117,48.9840181],[-123.0246021,48.9832529],[-123.0245977,48.9828999],[-123.0250997,48.9821219],[-123.0251434,48.9803763],[-123.0251587,48.9797652],[-123.024854,48.979562],[-123.0243969,48.9792573],[-123.0234996,48.9789777],[-123.0222208,48.9785793],[-123.021644,48.9776104],[-123.0214586,48.977299],[-123.0214627,48.9772927],[-123.0219835,48.976484],[-123.0219908,48.9764728],[-123.0220088,48.9764635],[-123.0245647,48.9751463],[-123.0265179,48.9741397],[-123.0270142,48.9740776],[-123.0279483,48.9739606],[-123.028091,48.9739427],[-123.0314081,48.9745497],[-123.0314218,48.9745537],[-123.034,48.9752969],[-123.0341451,48.9753387],[-123.0353751,48.9759387],[-123.040967,48.9773047],[-123.044118,48.9772297],[-123.056854,48.9753397],[-123.0568545,48.9753397],[-123.0591802,48.9753686],[-123.060717,48.9753877],[-123.0607664,48.9753791],[-123.0622714,48.9751179],[-123.0630934,48.9749752],[-123.063926,48.9748307],[-123.0640422,48.974817],[-123.0657452,48.9746159],[-123.0719969,48.9738777],[-123.0721759,48.9738324],[-123.0787695,48.9721623],[-123.0804969,48.9717247],[-123.0805064,48.971723],[-123.0823634,48.9713782],[-123.082436,48.9713647],[-123.0824532,48.9713657],[-123.0840062,48.9714547],[-123.0844516,48.9723515],[-123.0844533,48.9723549],[-123.0844393,48.9743341]]],[[[-123.0336451,48.5925013],[-123.0321431,48.5931643],[-123.029576,48.5932053],[-123.0286364,48.5929562],[-123.0286364,48.5929561],[-123.0297639,48.5921277],[-123.0315169,48.5914657],[-123.033332,48.5908027],[-123.0348976,48.591632],[-123.0336451,48.5925013]]],[[[-123.0389052,48.7317827],[-123.0394192,48.7322378],[-123.0399766,48.732576],[-123.0399766,48.7325761],[-123.0393771,48.7327593],[-123.038543,48.7329713],[-123.036917,48.7330843],[-123.035505,48.7330703],[-123.0345,48.7328863],[-123.0321038,48.7330983],[-123.0318677,48.7326041],[-123.0318037,48.7321238],[-123.0324669,48.7318697],[-123.0334299,48.7316017],[-123.034236,48.7314737],[-123.034992,48.7314467],[-123.036297,48.7316017],[-123.03758,48.7316017],[-123.0384161,48.7315737],[-123.0389052,48.7317827]]],[[[-123.0518523,48.6160458],[-123.0541853,48.6175178],[-123.0541603,48.6185311],[-123.0514512,48.6206653],[-123.049932,48.6213383],[-123.0484668,48.6209223],[-123.0476318,48.6195413],[-123.0443219,48.6194723],[-123.0424709,48.6186933],[-123.0400848,48.6169782],[-123.0382577,48.61212],[-123.0386228,48.6104887],[-123.0407961,48.6108997],[-123.043769,48.6119767],[-123.0460209,48.6109417],[-123.0478091,48.6108297],[-123.0504392,48.6119268],[-123.0516543,48.6134849],[-123.0518523,48.6160458]]],[[[-123.0868785,48.6452368],[-123.0851252,48.6480732],[-123.0818641,48.6492503],[-123.0818467,48.6492521],[-123.0783879,48.6496063],[-123.0769616,48.647722],[-123.0783878,48.6459937],[-123.081603,48.6451897],[-123.084925,48.6449247],[-123.0868785,48.6452368]]],[[[-123.134794,48.1759953],[-123.1336057,48.1763188],[-123.1165275,48.1809681],[-123.1105795,48.1825873],[-123.1049242,48.1841269],[-123.1030351,48.1846411],[-123.101892,48.1849523],[-123.0999686,48.1839951],[-123.1007858,48.1824307],[-123.1105299,48.1798947],[-123.1247909,48.1756157],[-123.1324168,48.1747037],[-123.1392475,48.1664922],[-123.1392577,48.1664799],[-123.1392673,48.1664486],[-123.1421416,48.1570682],[-123.1373704,48.1551401],[-123.1347822,48.1540942],[-123.1347823,48.1540939],[-123.1354386,48.1540413],[-123.1490575,48.1530769],[-123.1499076,48.1528915],[-123.1524064,48.1523463],[-123.1687882,48.1487719],[-123.1842663,48.1484787],[-123.1857652,48.1484503],[-123.1858347,48.148449],[-123.1858348,48.1484492],[-123.185437,48.148773],[-123.1644388,48.1658628],[-123.1644002,48.1658943],[-123.1643808,48.1659042],[-123.15473,48.1708479],[-123.1478343,48.1743803],[-123.1447831,48.1759433],[-123.134794,48.1759953]]],[[[-123.1609061,48.6469067],[-123.1638546,48.6477906],[-123.1639254,48.6478118],[-123.1639117,48.6478668],[-123.1638031,48.6483025],[-123.1635822,48.6491893],[-123.156708,48.6491893],[-123.1504469,48.6477973],[-123.140661,48.6441103],[-123.135048,48.6443753],[-123.1278309,48.6436883],[-123.1256703,48.6429026],[-123.1164928,48.6395652],[-123.1157038,48.6375133],[-123.1078609,48.6357863],[-123.1051474,48.6333769],[-123.108336,48.6324867],[-123.111664,48.6337437],[-123.118553,48.6333767],[-123.1265381,48.6354787],[-123.1317429,48.6368491],[-123.1375545,48.6383792],[-123.1381451,48.6385347],[-123.1467361,48.6426577],[-123.1593717,48.6464466],[-123.1609061,48.6469067]]],[[[-123.1311529,48.6508623],[-123.1280429,48.6507453],[-123.1263998,48.6494492],[-123.1235474,48.647722],[-123.1235475,48.6477216],[-123.1313911,48.6485067],[-123.1359071,48.6499197],[-123.1382843,48.6505478],[-123.1382843,48.6518042],[-123.135669,48.6525893],[-123.1311529,48.6508623]]],[[[-123.2040163,48.6641274],[-123.2088821,48.6661663],[-123.2091363,48.6662728],[-123.2143284,48.6684484],[-123.2148653,48.6686734],[-123.2176197,48.6698276],[-123.2194349,48.6705882],[-123.2197443,48.6707178],[-123.2197641,48.6708405],[-123.2200482,48.672595],[-123.2200853,48.6728238],[-123.2238211,48.6753347],[-123.2293131,48.6760247],[-123.2317364,48.678268],[-123.2304005,48.6797359],[-123.234858,48.6822382],[-123.2349628,48.682297],[-123.2368043,48.6833308],[-123.237244,48.6835776],[-123.2378236,48.683903],[-123.2360614,48.6849881],[-123.2360937,48.6850814],[-123.2370426,48.6878151],[-123.2370819,48.6879284],[-123.2374395,48.6889584],[-123.2374734,48.6890563],[-123.2317503,48.6894045],[-123.2305952,48.6894748],[-123.2301468,48.6895021],[-123.2283682,48.6896103],[-123.228221,48.6896193],[-123.220013,48.6892053],[-123.21588,48.6899253],[-123.2069729,48.6888473],[-123.205538,48.6882786],[-123.2020679,48.6869033],[-123.195206,48.6857263],[-123.187981,48.6852763],[-123.1832049,48.6842973],[-123.1725158,48.6808093],[-123.1687068,48.6772353],[-123.1584869,48.6729973],[-123.1491388,48.6691253],[-123.1435128,48.6643643],[-123.1274864,48.65675],[-123.1274864,48.6567499],[-123.130585,48.6557197],[-123.1357421,48.6570927],[-123.158011,48.6662477],[-123.167015,48.6636237],[-123.1794018,48.6632647],[-123.1800937,48.6601698],[-123.1828229,48.6574356],[-123.1839407,48.6580234],[-123.188089,48.6602048],[-123.1890695,48.6607204],[-123.1892241,48.6608017],[-123.1897329,48.6608836],[-123.1901674,48.6609536],[-123.1967452,48.6620124],[-123.2003561,48.6625937],[-123.2020715,48.6633125],[-123.2040163,48.6641274]]],[[[-123.1480288,48.6398692],[-123.1473155,48.6384557],[-123.1518313,48.6387697],[-123.1518313,48.6411263],[-123.1499299,48.6414403],[-123.1480288,48.6398692]]]]}
}
