{
  "type": "Feature",
  "properties": {
    "id": "olympic-peninsula",
    "name": "Olympic Peninsula",
    "boundaryVersion": "mountain-led-v1",
    "derivation": "Selected GMBA broad basic ranges, plus retained historical footprint/approach neighborhoods where present, clipped to the existing complete statewide start footprint; remaining locations allocated by EPA ecoregions and the documented shoreline/state-edge repair. No mountain, elevation or terrain threshold determines eligibility.",
    "sources": {
      "gmba": {
        "authority": "Global Mountain Biodiversity Assessment (GMBA) / EarthEnv",
        "dataset": "GMBA Mountain Inventory v2.0, broad extent, basic non-overlapping ranges",
        "url": "https://data.earthenv.org/mountains/broad/GMBA_Inventory_v2.0_broad_basic.zip",
        "sha256": "sha256:638bae59339fb45ffe190079aa2fabdcd1d05fd00353863e9509bd7b16004ae0",
        "byteLength": 42672594,
        "reviewedAt": "2026-09-29T16:56:01Z",
        "coordinateReferenceSystem": "WGS84 (EPSG:4326)",
        "license": "Creative Commons Attribution 4.0 International",
        "datasetCitation": "Snethlage et al. (2022), GMBA Mountain Inventory v2, https://doi.org/10.48601/earthenv-t9k2-1407",
        "publicationCitation": "Snethlage et al. (2022), A hierarchical inventory of the world’s mountains for global comparative mountain science, Scientific Data, https://doi.org/10.1038/s41597-022-01256-y",
        "limitation": "Broad extent includes surrounding landscape and support polygons. Used to organize eligible starts, not to classify every included location as mountainous."
      },
      "epa": {
        "authority": "U.S. Environmental Protection Agency",
        "dataset": "Washington Level III Ecoregions",
        "url": "https://dmap-prod-oms-edc.s3.us-east-1.amazonaws.com/ORD/Ecoregions/wa/wa_eco_l3.zip",
        "metadataUrl": "https://dmap-prod-oms-edc.s3.us-east-1.amazonaws.com/ORD/Ecoregions/wa/wa_eco_l3.htm",
        "sha256": "sha256:e665f5a691b006feaf0c2d0ec8394c4e6d03de127267a21e054ae5bec4e6dae3",
        "byteLength": 1175130,
        "metadataDate": "2012-05-08",
        "reviewedAt": "2026-09-29T16:56:01Z",
        "license": "U.S. federal government public domain",
        "derivation": "Source NAD83 Albers Equal Area polygons transformed to WGS84 EPSG:4326 with pyshp 3.1.6 and pyproj 3.8.0; used only to allocate residual statewide coverage after the selected GMBA ranges and historical footprints."
      }
    },
    "statewideCoverage": {
      "path": "data/fixtures/coverage/washington-start-coverage.geojson",
      "sha256": "sha256:6f5274416c8dcf9bf05d2daff212a7344cdd4a73ffb461fec16d6a00084e4f3d",
      "properties": {
        "name": "Washington eligible-start coverage obligation",
        "basis": "Union of all twelve Washington effective start footprints at 8e95bc3, including the pinned Census 2025 statewide county inventory and retained historical footprints and approach neighborhoods. Used only as a gap-regression baseline; county assignments are superseded.",
        "sourceCommit": "8e95bc3",
        "license": "U.S. Census Bureau public domain; retained OpenStreetMap-derived boundaries ODbL 1.0; USDA Forest Service public domain. Original attribution retained in Git history."
      }
    },
    "retainedFootprint": {
      "path": "data/regions/olympic-peninsula/boundary.geojson",
      "sha256": "sha256:c076ee9733b2f1169168101ff06e86f6cc19d05848bf72f656b1a0986ea21cd1",
      "properties": {
        "id": "olympic-peninsula",
        "name": "Olympic Peninsula build boundary",
        "boundaryVersion": "olympic-peninsula-boundary-v1",
        "sourceNamedAreaIds": [
          "osm:relation/163769",
          "osm:relation/163767"
        ]
      },
      "approachNeighborhoods": "Union of the existing catalog approach circles, using their unchanged explicit radius or approachRadiusMeters and the shared 32-vertex spherical neighborhood definition."
    },
    "gmbaSelection": [
      {
        "id": "17196",
        "name": "Northwest Olympics",
        "path": "North America > American Cordillera (North America) > Pacific Coast Ranges > Olympic Mountains > Northwest Olympics",
        "pathIds": "12159 > 12218 > 12385 > 11688 > 17196"
      },
      {
        "id": "17197",
        "name": "Southern Olympic Mountains",
        "path": "North America > American Cordillera (North America) > Pacific Coast Ranges > Olympic Mountains > Southern Olympic Mountains",
        "pathIds": "12159 > 12218 > 12385 > 11688 > 17197"
      },
      {
        "id": "17178",
        "name": "Anderson Massif",
        "path": "North America > American Cordillera (North America) > Pacific Coast Ranges > Olympic Mountains > Central Olympic Mountains > Anderson Massif",
        "pathIds": "12159 > 12218 > 12385 > 11688 > 17177 > 17178"
      },
      {
        "id": "17179",
        "name": "Bailey Range",
        "path": "North America > American Cordillera (North America) > Pacific Coast Ranges > Olympic Mountains > Central Olympic Mountains > Bailey Range",
        "pathIds": "12159 > 12218 > 12385 > 11688 > 17177 > 17179"
      },
      {
        "id": "17180",
        "name": "Olympus Group",
        "path": "North America > American Cordillera (North America) > Pacific Coast Ranges > Olympic Mountains > Central Olympic Mountains > Olympus Group",
        "pathIds": "12159 > 12218 > 12385 > 11688 > 17177 > 17180"
      },
      {
        "id": "17181",
        "name": "Queets-Quinault Group",
        "path": "North America > American Cordillera (North America) > Pacific Coast Ranges > Olympic Mountains > Central Olympic Mountains > Queets-Quinault Group",
        "pathIds": "12159 > 12218 > 12385 > 11688 > 17177 > 17181"
      },
      {
        "id": "17182",
        "name": "Rustler Creek Group",
        "path": "North America > American Cordillera (North America) > Pacific Coast Ranges > Olympic Mountains > Central Olympic Mountains > Rustler Creek Group",
        "pathIds": "12159 > 12218 > 12385 > 11688 > 17177 > 17182"
      },
      {
        "id": "17183",
        "name": "Skohomish-Lacrosse Group",
        "path": "North America > American Cordillera (North America) > Pacific Coast Ranges > Olympic Mountains > Central Olympic Mountains > Skohomish-Lacrosse Group",
        "pathIds": "12159 > 12218 > 12385 > 11688 > 17177 > 17183"
      },
      {
        "id": "17185",
        "name": "Constance-Buckhorn Group",
        "path": "North America > American Cordillera (North America) > Pacific Coast Ranges > Olympic Mountains > Eastern Olympic Mountains > Constance-Buckhorn Group",
        "pathIds": "12159 > 12218 > 12385 > 11688 > 17184 > 17185"
      },
      {
        "id": "17186",
        "name": "Duckabush-Hamma Hamma Group",
        "path": "North America > American Cordillera (North America) > Pacific Coast Ranges > Olympic Mountains > Eastern Olympic Mountains > Duckabush-Hamma Hamma Group",
        "pathIds": "12159 > 12218 > 12385 > 11688 > 17184 > 17186"
      },
      {
        "id": "17187",
        "name": "Hamma Hamma-Cushman Group",
        "path": "North America > American Cordillera (North America) > Pacific Coast Ranges > Olympic Mountains > Eastern Olympic Mountains > Hamma Hamma-Cushman Group",
        "pathIds": "12159 > 12218 > 12385 > 11688 > 17184 > 17187"
      },
      {
        "id": "17188",
        "name": "Mount Jupiter Area",
        "path": "North America > American Cordillera (North America) > Pacific Coast Ranges > Olympic Mountains > Eastern Olympic Mountains > Mount Jupiter Area",
        "pathIds": "12159 > 12218 > 12385 > 11688 > 17184 > 17188"
      },
      {
        "id": "17189",
        "name": "Northeast Olympic Foothills",
        "path": "North America > American Cordillera (North America) > Pacific Coast Ranges > Olympic Mountains > Eastern Olympic Mountains > Northeast Olympic Foothills",
        "pathIds": "12159 > 12218 > 12385 > 11688 > 17184 > 17189"
      },
      {
        "id": "17190",
        "name": "Sawtooth Ridge",
        "path": "North America > American Cordillera (North America) > Pacific Coast Ranges > Olympic Mountains > Eastern Olympic Mountains > Sawtooth Ridge (Olympic Mountains)",
        "pathIds": "12159 > 12218 > 12385 > 11688 > 17184 > 17190"
      },
      {
        "id": "17192",
        "name": "Cameron Group",
        "path": "North America > American Cordillera (North America) > Pacific Coast Ranges > Olympic Mountains > North-Central Olympic Mountains > Cameron Group",
        "pathIds": "12159 > 12218 > 12385 > 11688 > 17191 > 17192"
      },
      {
        "id": "17193",
        "name": "Deception-Gray Wolf",
        "path": "North America > American Cordillera (North America) > Pacific Coast Ranges > Olympic Mountains > North-Central Olympic Mountains > Deception-Gray Wolf",
        "pathIds": "12159 > 12218 > 12385 > 11688 > 17191 > 17193"
      },
      {
        "id": "17194",
        "name": "Hurricane-Angeles Group",
        "path": "North America > American Cordillera (North America) > Pacific Coast Ranges > Olympic Mountains > North-Central Olympic Mountains > Hurricane-Angeles Group",
        "pathIds": "12159 > 12218 > 12385 > 11688 > 17191 > 17194"
      },
      {
        "id": "17195",
        "name": "McCartney-Obstruction Group",
        "path": "North America > American Cordillera (North America) > Pacific Coast Ranges > Olympic Mountains > North-Central Olympic Mountains > McCartney-Obstruction Group",
        "pathIds": "12159 > 12218 > 12385 > 11688 > 17191 > 17195"
      },
      {
        "id": "17199",
        "name": "Hoh-Queets Foothills",
        "path": "North America > American Cordillera (North America) > Pacific Coast Ranges > Olympic Mountains > Western Olympic Foothills > Hoh-Queets Foothills",
        "pathIds": "12159 > 12218 > 12385 > 11688 > 17198 > 17199"
      },
      {
        "id": "17200",
        "name": "Queets-Quinault Foothills",
        "path": "North America > American Cordillera (North America) > Pacific Coast Ranges > Olympic Mountains > Western Olympic Foothills > Queets-Quinault Foothills",
        "pathIds": "12159 > 12218 > 12385 > 11688 > 17198 > 17200"
      }
    ],
    "epaResiduals": [
      "EPA Coast Range residual north of 47 degrees"
    ],
    "edgeRepair": {
      "parts": 95,
      "areaSquareDegrees": 0.00024026282527626547,
      "method": "For each connected remaining part outside the EPA polygons, assign its representative point to the nearest post-EPA group by GEOS distance in EPSG:5070; tie-break by ascending region ID."
    },
    "limitation": "The source boundaries are geographic groupings with scale and vintage limitations, not legal access boundaries or proof that all trails are mapped. US-only limits and explicit exclusions still apply. Build costs and representative routes require a real-data build.",
    "authoringPrecision": {
      "method": "GEOS buffer of valid raw derived geometry by 3e-7 degrees with mitre joins and mitre_limit=2, then topology-preserving valid-output set_precision on a shared 1e-7-degree grid. No runtime normalization.",
      "implementation": "Shapely 2.1.2 / GEOS",
      "gridDegrees": 1e-07,
      "outwardBufferDegrees": 3e-07,
      "mitreLimit": 2,
      "verifiedMaximumOutwardDistanceDegrees": 8e-07,
      "maximumMeasuredOutputVertexDistanceDegrees": 7.226436178839424e-07,
      "missingRawAreaSquareDegrees": 0.0,
      "extraAreaSquareDegrees": 2.756725818104094e-06,
      "rawGeometryHash": "sha256:ca61b0be9543d318d81776765e0376d86a7af913cc91fd332799d3b81a9cca46",
      "finalGeometryHash": "sha256:995877788d3c314d0b1aafb2589c7d0b9acf68c67372d1cf4b4429e373d20ff9",
      "hashEncoding": "UTF-8 JSON geometry, compact comma/colon separators; numeric serialization from Python 3 json.dumps.",
      "reference": "https://libgeos.org/doxygen/classgeos_1_1precision_1_1GeometryPrecisionReducer.html"
    }
  },
  "geometry": {"type":"MultiPolygon","coordinates":[[[[-124.6710654,47.9829374],[-124.6712571,47.9828175],[-124.6719958,47.9831361],[-124.6720936,47.9832507],[-124.6719995,47.9834379],[-124.6720858,47.9836084],[-124.6724575,47.9838391],[-124.6726602,47.9837644],[-124.6728363,47.9838011],[-124.6730522,47.9840495],[-124.673576,47.9842518],[-124.6739054,47.9842953],[-124.6742735,47.9842236],[-124.6743622,47.9842811],[-124.6746759,47.9851099],[-124.6749529,47.9862697],[-124.6748492,47.9867211],[-124.6745855,47.9872414],[-124.6744015,47.9874247],[-124.6744303,47.9876891],[-124.6743286,47.9877756],[-124.6739457,47.9877583],[-124.6738563,47.9878273],[-124.6738269,47.9880679],[-124.6739247,47.9885636],[-124.6743238,47.9888911],[-124.6743367,47.9891689],[-124.674458,47.9893546],[-124.6751797,47.9898742],[-124.6756937,47.9901432],[-124.6760155,47.9902147],[-124.6767376,47.989943],[-124.676858,47.9900545],[-124.6770741,47.9907722],[-124.6774578,47.9907822],[-124.6776241,47.9906203],[-124.6778286,47.9911653],[-124.6780967,47.9912569],[-124.6782507,47.9912262],[-124.6784646,47.9913557],[-124.6788205,47.9920102],[-124.6786761,47.992714],[-124.6780327,47.9937313],[-124.6781365,47.9950231],[-124.6782405,47.9954157],[-124.6787251,47.9962057],[-124.6796895,47.9972201],[-124.6801608,47.9980832],[-124.6807301,47.9983103],[-124.6813551,47.9981739],[-124.6816317,47.9979047],[-124.681812,47.9979925],[-124.6817915,47.9981307],[-124.6815919,47.9982752],[-124.6807133,47.9985219],[-124.6807639,47.9988451],[-124.6809812,47.998886],[-124.6810081,47.9989687],[-124.6810205,47.9995612],[-124.6814881,47.9997111],[-124.6820949,47.99948],[-124.68246,47.999536],[-124.6825692,47.9997209],[-124.6824488,47.9998071],[-124.6822787,47.9997943],[-124.6824031,47.9999743],[-124.6821191,47.9999779],[-124.6817436,47.9998473],[-124.6813424,48.0000644],[-124.6813706,48.0002115],[-124.682009,48.0002802],[-124.6824989,48.0004624],[-124.682726,48.0008232],[-124.6827147,48.0009475],[-124.6822944,48.0011585],[-124.6818062,48.0011172],[-124.6817403,48.0014384],[-124.6818308,48.0016307],[-124.6819932,48.0016458],[-124.6820769,48.0017414],[-124.6820874,48.0020698],[-124.6817765,48.0021933],[-124.6816582,48.0020869],[-124.6812079,48.0021296],[-124.6810031,48.0022224],[-124.6807862,48.0025241],[-124.6806733,48.0029508],[-124.6807714,48.0035489],[-124.680948,48.0036945],[-124.6806578,48.004443],[-124.6800312,48.0045592],[-124.679618,48.0048041],[-124.6793474,48.005153],[-124.6792616,48.0054971],[-124.6790349,48.0055885],[-124.6790205,48.0062178],[-124.678843,48.0065814],[-124.6790084,48.0071007],[-124.6786224,48.0073957],[-124.6785516,48.0077104],[-124.6782757,48.0078629],[-124.6781506,48.0081194],[-124.6782665,48.0083721],[-124.6781089,48.0085454],[-124.6783531,48.0087132],[-124.6786479,48.0102522],[-124.6796309,48.0105069],[-124.6800352,48.0108013],[-124.6801578,48.0113188],[-124.6801614,48.011847],[-124.6800813,48.0120907],[-124.6798906,48.0123135],[-124.6801168,48.0128995],[-124.6801228,48.0131051],[-124.6804266,48.013514],[-124.6806216,48.01405],[-124.6805298,48.014383],[-124.6805765,48.0148109],[-124.680521,48.0151214],[-124.680324,48.0152611],[-124.6803431,48.0156748],[-124.6801318,48.0161944],[-124.6803863,48.0163411],[-124.6806149,48.0167846],[-124.680559,48.0174479],[-124.6808551,48.0177888],[-124.6806598,48.0182181],[-124.6806753,48.0182505],[-124.6807399,48.0183504],[-124.6813395,48.0184995],[-124.682039,48.0189995],[-124.6822147,48.0191913],[-124.6821617,48.0193227],[-124.6822526,48.0194453],[-124.6826132,48.0194423],[-124.6827338,48.0196393],[-124.6827759,48.0195395],[-124.6832401,48.0193754],[-124.6830004,48.0189634],[-124.682996,48.0188598],[-124.6831539,48.018794],[-124.6840785,48.0195115],[-124.6840212,48.0196429],[-124.6837876,48.0197078],[-124.6836368,48.0197377],[-124.6834266,48.0196406],[-124.6831714,48.0196947],[-124.6832801,48.0198119],[-124.6831721,48.0198581],[-124.6832022,48.020123],[-124.6835519,48.02032],[-124.68401,48.0208042],[-124.6839018,48.0211776],[-124.6838454,48.0212493],[-124.6837538,48.0212269],[-124.6834733,48.021541],[-124.6833664,48.0219105],[-124.6831333,48.0220924],[-124.683284,48.0221752],[-124.6829936,48.0224577],[-124.6828689,48.022579],[-124.6830489,48.0226853],[-124.6831287,48.0226766],[-124.6831037,48.0225598],[-124.6831019,48.0225515],[-124.6831731,48.0225059],[-124.683342,48.0225576],[-124.6832614,48.0227053],[-124.6831518,48.0229062],[-124.6831876,48.0229577],[-124.6833368,48.0229244],[-124.6834117,48.0228444],[-124.6835402,48.0227072],[-124.6841983,48.0227954],[-124.6841983,48.0227957],[-124.6835909,48.0230103],[-124.6834579,48.0230572],[-124.6832272,48.0230372],[-124.6832533,48.023175],[-124.6831375,48.0232979],[-124.6826569,48.0235649],[-124.6825993,48.0236683],[-124.6827983,48.0237781],[-124.6827479,48.0238123],[-124.6824607,48.0237624],[-124.6816464,48.023923],[-124.6817064,48.0240628],[-124.6821688,48.0240699],[-124.6821593,48.0241609],[-124.6816973,48.0242756],[-124.6816066,48.0243897],[-124.6816529,48.0244484],[-124.6822452,48.0244556],[-124.6824149,48.0247127],[-124.6821567,48.0249562],[-124.6822381,48.0250451],[-124.682402,48.0250797],[-124.6827116,48.0249525],[-124.6833921,48.0249622],[-124.6835246,48.025104],[-124.6833951,48.025285],[-124.6839579,48.0252418],[-124.6841333,48.025382],[-124.6842341,48.0256982],[-124.684127,48.0258142],[-124.6836209,48.0259331],[-124.6831371,48.0258943],[-124.6828033,48.0260453],[-124.6827935,48.0261272],[-124.6830648,48.0263585],[-124.6837947,48.0265829],[-124.6841972,48.0268488],[-124.6842722,48.0270141],[-124.6840345,48.0271852],[-124.6848196,48.0275218],[-124.6845943,48.0277845],[-124.6846918,48.0280476],[-124.6849196,48.028251],[-124.6851574,48.0283077],[-124.6852961,48.0285594],[-124.6857262,48.028784],[-124.6854942,48.0289589],[-124.6851185,48.0290645],[-124.6845028,48.0290015],[-124.6842977,48.0290132],[-124.6842708,48.0290885],[-124.6847557,48.0292598],[-124.6854434,48.0292251],[-124.6862178,48.0294238],[-124.686901,48.0295992],[-124.6874366,48.0295065],[-124.6877877,48.0290545],[-124.6882794,48.0288232],[-124.6888569,48.0289077],[-124.6888935,48.0290643],[-124.6892837,48.0288682],[-124.6895908,48.0288714],[-124.6895909,48.0288715],[-124.6893313,48.0291873],[-124.6892169,48.029676],[-124.6889166,48.0298588],[-124.6885699,48.0299461],[-124.6874705,48.0297266],[-124.6872267,48.0297795],[-124.6873314,48.0300571],[-124.6872595,48.0302191],[-124.6868726,48.0303684],[-124.6867131,48.0305788],[-124.6867419,48.0308203],[-124.6870843,48.0311263],[-124.6870343,48.0312303],[-124.6857736,48.0318262],[-124.6851733,48.03192],[-124.6842577,48.0322857],[-124.6841164,48.0324605],[-124.6839564,48.0329406],[-124.6841854,48.0331927],[-124.6844727,48.0333204],[-124.6843151,48.0335573],[-124.6846121,48.033821],[-124.684962,48.0343475],[-124.6849612,48.0346059],[-124.6851433,48.0348634],[-124.6851314,48.0350081],[-124.6849178,48.0352936],[-124.6849344,48.0355415],[-124.6850845,48.0356441],[-124.6856485,48.0355175],[-124.6857954,48.0355791],[-124.6860971,48.0362698],[-124.6856189,48.0367408],[-124.6856085,48.0369526],[-124.6858185,48.0376362],[-124.685881,48.0382524],[-124.68576,48.0386151],[-124.6856633,48.038633],[-124.6857914,48.0389511],[-124.686194,48.039466],[-124.6861954,48.0401103],[-124.6866801,48.0406637],[-124.6873219,48.0409857],[-124.687502,48.0413009],[-124.6872631,48.0414384],[-124.6875095,48.042081],[-124.6878577,48.0426523],[-124.6878641,48.0431624],[-124.6876922,48.0434104],[-124.6879374,48.0439404],[-124.6877282,48.0441852],[-124.6876892,48.0444196],[-124.6877836,48.0447615],[-124.6877424,48.0454299],[-124.6878936,48.0459963],[-124.6877629,48.0462196],[-124.6879974,48.0463657],[-124.6879974,48.0463659],[-124.6876709,48.0464231],[-124.6877196,48.0465873],[-124.6876535,48.0467284],[-124.6879318,48.0469733],[-124.6877574,48.0471027],[-124.6878294,48.0472762],[-124.688288,48.0475732],[-124.688545,48.0481136],[-124.688922,48.0484405],[-124.6889791,48.0485957],[-124.6888004,48.0488612],[-124.6888708,48.0493539],[-124.6886598,48.0498005],[-124.6887229,48.0500563],[-124.6891897,48.050449],[-124.6891546,48.0508555],[-124.6899731,48.0511599],[-124.690018,48.0512151],[-124.6898471,48.0513168],[-124.690117,48.0513581],[-124.6903762,48.0513978],[-124.6904491,48.0514925],[-124.6904904,48.0516229],[-124.6902364,48.0517345],[-124.6902686,48.0518479],[-124.6905896,48.0520829],[-124.690568,48.0524409],[-124.6909011,48.052972],[-124.6909587,48.0537511],[-124.6909314,48.0538726],[-124.6908528,48.0538824],[-124.6908814,48.0540919],[-124.6912377,48.0544723],[-124.6910515,48.0545074],[-124.6910835,48.0546974],[-124.6922356,48.0555231],[-124.6923587,48.0556733],[-124.6923094,48.0559122],[-124.6925635,48.056072],[-124.6926811,48.0562639],[-124.6927835,48.0563175],[-124.6929006,48.0560618],[-124.6930292,48.0560917],[-124.6933761,48.0565006],[-124.6929871,48.0568141],[-124.6933824,48.0572663],[-124.6933822,48.0572666],[-124.6927683,48.0569914],[-124.6927821,48.0571541],[-124.6930896,48.0574517],[-124.6933047,48.0578105],[-124.6937443,48.0579762],[-124.6941151,48.0582338],[-124.6943908,48.0582956],[-124.6946076,48.0586836],[-124.6948429,48.0588843],[-124.6946111,48.0591044],[-124.6946019,48.0592171],[-124.694825,48.059562],[-124.6949065,48.0600662],[-124.6951212,48.0602132],[-124.6952444,48.0604301],[-124.6956902,48.0615223],[-124.6956483,48.0618382],[-124.6958413,48.0623965],[-124.6956334,48.0624385],[-124.6956664,48.062554],[-124.6961237,48.0628269],[-124.6966488,48.0628896],[-124.6965938,48.0630653],[-124.6969564,48.0634649],[-124.6957412,48.0637163],[-124.6956062,48.0638162],[-124.6955272,48.0640745],[-124.6948024,48.0641296],[-124.6947919,48.0643539],[-124.695193,48.0645485],[-124.6953008,48.0648328],[-124.6958911,48.0655599],[-124.6952949,48.0656434],[-124.6951417,48.0657048],[-124.6950825,48.0658239],[-124.6959346,48.066118],[-124.6967907,48.0668533],[-124.6970819,48.0669491],[-124.697198,48.0672383],[-124.6980884,48.0680489],[-124.6980884,48.068049],[-124.6978343,48.0681022],[-124.6980215,48.0683119],[-124.6991068,48.0689114],[-124.6993632,48.069212],[-124.6998819,48.0695511],[-124.699948,48.0696635],[-124.6998573,48.0699254],[-124.6998874,48.0701456],[-124.6997176,48.0702415],[-124.6998207,48.0706578],[-124.6995436,48.0706731],[-124.6996223,48.0709467],[-124.6998057,48.0711666],[-124.6994971,48.0712004],[-124.6996165,48.0713328],[-124.6997443,48.0718387],[-124.70043,48.0728091],[-124.7005291,48.0732508],[-124.7005359,48.0734144],[-124.7004684,48.0735195],[-124.7002492,48.073567],[-124.7001358,48.0739077],[-124.7000183,48.0739483],[-124.6997434,48.0738536],[-124.6996767,48.0740067],[-124.6997368,48.0745262],[-124.6998996,48.0747732],[-124.6999482,48.0752868],[-124.6998673,48.075648],[-124.7000334,48.0760741],[-124.6999774,48.0765111],[-124.6999089,48.0766711],[-124.6997247,48.0768137],[-124.6999386,48.077201],[-124.6997487,48.0773543],[-124.6997905,48.077512],[-124.6996003,48.0779214],[-124.6995904,48.0783611],[-124.6998032,48.0787379],[-124.6997215,48.0792384],[-124.6997456,48.0799524],[-124.6998115,48.0800931],[-124.6996969,48.0802784],[-124.6999036,48.0805516],[-124.6999072,48.0806884],[-124.6998725,48.080912],[-124.6996648,48.0811716],[-124.6999027,48.0813495],[-124.6998998,48.0816058],[-124.7001143,48.0817443],[-124.6999101,48.0820541],[-124.7000128,48.0823535],[-124.6997363,48.0825414],[-124.6995178,48.0831226],[-124.6992475,48.0834068],[-124.6993121,48.0842495],[-124.6995213,48.0846306],[-124.6992391,48.0849585],[-124.699172,48.0853793],[-124.6993252,48.0859113],[-124.6988459,48.0862997],[-124.6991657,48.0868537],[-124.6990465,48.0872876],[-124.6990646,48.0876194],[-124.6986987,48.087939],[-124.6981209,48.0881594],[-124.6973014,48.0882201],[-124.6971941,48.0883386],[-124.6970214,48.0888503],[-124.6967527,48.0890272],[-124.6962268,48.0890709],[-124.6954903,48.0895402],[-124.6954227,48.0895832],[-124.6952646,48.0898773],[-124.6952877,48.0901006],[-124.6951367,48.0900391],[-124.6949255,48.0897355],[-124.6948109,48.0897101],[-124.6945367,48.0902516],[-124.694329,48.0904035],[-124.6941024,48.0904565],[-124.6939628,48.0903386],[-124.6938098,48.0903929],[-124.693423,48.0907706],[-124.6929692,48.0909336],[-124.6929599,48.0911128],[-124.6925894,48.0913294],[-124.6922223,48.0914391],[-124.6917933,48.0913031],[-124.6915015,48.0913325],[-124.6913121,48.0915693],[-124.6914182,48.0917263],[-124.6913874,48.0920512],[-124.6910698,48.092507],[-124.6904593,48.0930612],[-124.6901517,48.0934498],[-124.6895269,48.0939469],[-124.6887974,48.09495],[-124.688645,48.0950087],[-124.6883638,48.0960613],[-124.6885965,48.0963004],[-124.6887802,48.0970657],[-124.6891547,48.097497],[-124.6901711,48.0990112],[-124.6905694,48.0994285],[-124.6906128,48.0996736],[-124.6904783,48.0997848],[-124.6899369,48.0997257],[-124.6890401,48.0991084],[-124.6887176,48.0990445],[-124.6886072,48.0991137],[-124.6886626,48.0992544],[-124.6910008,48.1001495],[-124.6910333,48.1001437],[-124.6918232,48.0998225],[-124.6923695,48.0997241],[-124.6923695,48.0997242],[-124.6920725,48.1001507],[-124.6921323,48.1002554],[-124.6926524,48.1001866],[-124.6928058,48.1005151],[-124.6930139,48.100353],[-124.6932395,48.1003719],[-124.6933196,48.1006091],[-124.6929382,48.1009657],[-124.6929764,48.1013423],[-124.6928816,48.1016038],[-124.6928715,48.1020433],[-124.6926865,48.1022416],[-124.6920584,48.1025839],[-124.6925855,48.1031351],[-124.6930872,48.1033296],[-124.6933385,48.1030956],[-124.6940965,48.1026492],[-124.6942814,48.1026664],[-124.6947555,48.1029188],[-124.6955504,48.1029473],[-124.6957297,48.1030242],[-124.6958316,48.1037075],[-124.6957585,48.1039635],[-124.6950947,48.104524],[-124.69484,48.1049428],[-124.6943157,48.1049946],[-124.6942067,48.1050911],[-124.6943139,48.1052621],[-124.6947118,48.1053314],[-124.6948224,48.1056085],[-124.6944171,48.1062923],[-124.6943863,48.106925],[-124.6940375,48.1073238],[-124.6944626,48.1078597],[-124.6944003,48.1082242],[-124.6940341,48.1089839],[-124.6935146,48.1094992],[-124.6932067,48.1096649],[-124.6931136,48.1099],[-124.6931907,48.1103552],[-124.69358,48.1108236],[-124.6941447,48.111124],[-124.69464,48.1112241],[-124.6948504,48.1114442],[-124.6949384,48.1117856],[-124.6950003,48.1129192],[-124.6952498,48.1133769],[-124.6951958,48.1136214],[-124.6958475,48.1142826],[-124.6960667,48.1149565],[-124.6968613,48.11524],[-124.6970142,48.115139],[-124.6971552,48.1152335],[-124.6976281,48.1162203],[-124.6977981,48.1168734],[-124.6981367,48.1171899],[-124.6984201,48.1176691],[-124.698747,48.1176601],[-124.6990426,48.1171799],[-124.699634,48.117247],[-124.7014169,48.1185431],[-124.7029358,48.1199275],[-124.7038954,48.1204436],[-124.7048305,48.1207222],[-124.7069911,48.1219175],[-124.7096714,48.1229276],[-124.7102209,48.1229511],[-124.7110657,48.1231539],[-124.711727,48.1228222],[-124.7120409,48.122927],[-124.7121469,48.1231617],[-124.7132666,48.1233728],[-124.7139443,48.1231372],[-124.7141956,48.1231506],[-124.7155332,48.1238124],[-124.7158032,48.1236045],[-124.7159539,48.1236068],[-124.716419,48.1242631],[-124.7166846,48.1244228],[-124.7172598,48.12439],[-124.7173837,48.1248466],[-124.7172592,48.1259031],[-124.7170405,48.1263423],[-124.7161815,48.1270949],[-124.7158963,48.1278283],[-124.7157222,48.1280103],[-124.7153013,48.1282406],[-124.7145947,48.1283278],[-124.7142367,48.1282799],[-124.7140313,48.1280205],[-124.7138332,48.1279643],[-124.7131916,48.1279466],[-124.712308,48.127796],[-124.711762,48.12749],[-124.7111373,48.1274288],[-124.7108188,48.1275011],[-124.7106614,48.1278917],[-124.7102065,48.127991],[-124.7093529,48.1285762],[-124.7093876,48.1287992],[-124.709517,48.1289127],[-124.7093004,48.1290973],[-124.7092893,48.1293818],[-124.7095322,48.1295689],[-124.7105989,48.1298774],[-124.7107282,48.1299794],[-124.7104525,48.1302588],[-124.710261,48.1302317],[-124.7101641,48.1299784],[-124.7098892,48.1298096],[-124.709355,48.1297158],[-124.7089804,48.1297678],[-124.7089922,48.1298522],[-124.7094299,48.129942],[-124.7094299,48.1299423],[-124.708598,48.1301729],[-124.709035,48.1304442],[-124.7090234,48.1307277],[-124.7088012,48.1308137],[-124.709012,48.1310852],[-124.7084381,48.1311415],[-124.7082668,48.131207],[-124.7081446,48.1313797],[-124.7084638,48.1315324],[-124.7090879,48.1314956],[-124.7093633,48.1315731],[-124.7100051,48.1311769],[-124.7106374,48.1315114],[-124.7109256,48.1317917],[-124.7119012,48.1321185],[-124.7119012,48.1321189],[-124.711589,48.1321421],[-124.7135039,48.1336728],[-124.7133439,48.1337349],[-124.7126957,48.1334855],[-124.7126072,48.1335332],[-124.7126979,48.1337765],[-124.713192,48.1340399],[-124.7135159,48.1345166],[-124.7136394,48.1345403],[-124.7139038,48.1343666],[-124.7139133,48.1346642],[-124.7140255,48.1346604],[-124.7141673,48.1344895],[-124.7144072,48.1346857],[-124.7143483,48.1348988],[-124.7146457,48.134845],[-124.7146601,48.1350416],[-124.7149278,48.1351904],[-124.7149829,48.1353149],[-124.7148083,48.1355307],[-124.7149913,48.1356689],[-124.7156297,48.1359801],[-124.7161849,48.1361025],[-124.7163913,48.1362647],[-124.7164228,48.1363453],[-124.7162854,48.1363664],[-124.7156763,48.1362562],[-124.715426,48.136306],[-124.7160006,48.1365995],[-124.7161993,48.1368361],[-124.7147825,48.1371026],[-124.7150953,48.1373815],[-124.7145727,48.1375708],[-124.7144283,48.1377025],[-124.7152146,48.1377381],[-124.7151665,48.1378607],[-124.7148777,48.1379566],[-124.7150336,48.1381564],[-124.7154787,48.1381261],[-124.7159099,48.1384724],[-124.715956,48.1386832],[-124.7160798,48.1387928],[-124.7174894,48.1392034],[-124.7182781,48.1393229],[-124.7185893,48.1392518],[-124.7190464,48.1392967],[-124.719081,48.1391191],[-124.7191966,48.1390748],[-124.719708,48.1389443],[-124.7200543,48.1389776],[-124.7200386,48.1390605],[-124.7195112,48.1392575],[-124.7195051,48.139329],[-124.7199237,48.1394109],[-124.7201624,48.139363],[-124.7208072,48.1396095],[-124.720933,48.1399115],[-124.7208772,48.1400956],[-124.7209951,48.1402184],[-124.7220644,48.1404915],[-124.7222783,48.1412872],[-124.7220595,48.141293],[-124.7221584,48.1413706],[-124.7222921,48.141864],[-124.7220284,48.1420208],[-124.721633,48.1419785],[-124.7215121,48.1420403],[-124.7215066,48.142214],[-124.7218567,48.1434057],[-124.7220883,48.1433837],[-124.722132,48.1432311],[-124.7222012,48.1432495],[-124.7223777,48.1436474],[-124.7223487,48.1437374],[-124.7219222,48.1438198],[-124.721701,48.1440935],[-124.7222,48.1442743],[-124.7222603,48.1444353],[-124.7221249,48.1445385],[-124.7223147,48.1446952],[-124.7222577,48.1447925],[-124.7220938,48.1447868],[-124.7219743,48.1448821],[-124.721776,48.1455364],[-124.7216004,48.1457651],[-124.7212883,48.1459515],[-124.7215859,48.1460952],[-124.7216175,48.14618],[-124.7215805,48.146507],[-124.7216736,48.1467156],[-124.7216321,48.147015],[-124.7217083,48.1473655],[-124.722103,48.1481405],[-124.7226768,48.1486857],[-124.7230316,48.1489145],[-124.7234226,48.1497195],[-124.7237052,48.1500877],[-124.7238855,48.1502744],[-124.7243819,48.1503212],[-124.7245603,48.1504078],[-124.7246294,48.1505577],[-124.7245674,48.1508485],[-124.7247177,48.15114],[-124.7260014,48.1518391],[-124.7261838,48.1520785],[-124.7262023,48.1522666],[-124.7264769,48.1527271],[-124.7265914,48.153203],[-124.7268019,48.153584],[-124.7267959,48.1540624],[-124.727442,48.1546245],[-124.7277577,48.1546945],[-124.7286083,48.1544008],[-124.7291577,48.1543871],[-124.7292744,48.1546747],[-124.7288635,48.1550371],[-124.7283624,48.1553397],[-124.7282493,48.1556819],[-124.7285587,48.1561603],[-124.72878,48.156199],[-124.7291359,48.1559939],[-124.7293758,48.1556959],[-124.7302763,48.155348],[-124.7305212,48.155142],[-124.7310016,48.1549354],[-124.7314092,48.1549906],[-124.7322241,48.1549066],[-124.7324635,48.1550723],[-124.7325512,48.1553179],[-124.7324915,48.1558093],[-124.7327084,48.1561452],[-124.7329922,48.1563963],[-124.733244,48.1570235],[-124.7331451,48.1572897],[-124.7328856,48.1573777],[-124.7326187,48.1577537],[-124.7328036,48.158039],[-124.7333147,48.1583835],[-124.7333861,48.1586222],[-124.7340557,48.1586355],[-124.7343772,48.1587601],[-124.734756,48.1587737],[-124.7353337,48.1590334],[-124.7356763,48.1590619],[-124.7360852,48.1594692],[-124.7365628,48.1596429],[-124.7373874,48.1597797],[-124.7381012,48.1601103],[-124.7394754,48.160159],[-124.7392448,48.1598626],[-124.7394374,48.1596648],[-124.7394514,48.159394],[-124.7393137,48.1592028],[-124.7398048,48.1580582],[-124.7400478,48.157769],[-124.7403425,48.1577404],[-124.7406255,48.1578341],[-124.742043,48.158738],[-124.7421646,48.1589226],[-124.7420812,48.1590379],[-124.7423428,48.1594594],[-124.7422495,48.1595488],[-124.7418871,48.1593102],[-124.7415618,48.159214],[-124.7404492,48.1591234],[-124.740245,48.1592486],[-124.7404437,48.1594946],[-124.7404801,48.1596739],[-124.7410941,48.1596868],[-124.7417986,48.159991],[-124.7420935,48.1601571],[-124.7423919,48.1605265],[-124.742589,48.1611162],[-124.742008,48.1612741],[-124.7418637,48.1615289],[-124.7413039,48.1613963],[-124.7413309,48.161549],[-124.7414946,48.1617358],[-124.741738,48.1618732],[-124.7412131,48.162226],[-124.7420596,48.1626184],[-124.7423369,48.1633158],[-124.7421315,48.1634786],[-124.741817,48.1635289],[-124.7411038,48.1633558],[-124.7409933,48.1630857],[-124.7413139,48.1628583],[-124.7413678,48.1627388],[-124.739685,48.1623318],[-124.7394103,48.1625703],[-124.7391093,48.1632394],[-124.7388525,48.1633732],[-124.7388509,48.163911],[-124.7386572,48.1639513],[-124.738345,48.163853],[-124.7381156,48.1639083],[-124.7380044,48.164139],[-124.7381078,48.1644282],[-124.7380819,48.1646273],[-124.7376033,48.1647224],[-124.7374602,48.1649027],[-124.737483,48.1651213],[-124.7377065,48.1653186],[-124.7377064,48.1653188],[-124.7347878,48.1653151],[-124.7347747,48.164215],[-124.7346788,48.1637983],[-124.7330861,48.1638009],[-124.7327557,48.165329],[-124.7317463,48.1699972],[-124.7248432,48.1724483],[-124.720125,48.1771261],[-124.7209154,48.1777992],[-124.7193049,48.1787948],[-124.7186822,48.1789468],[-124.7177848,48.1789854],[-124.7163816,48.1798886],[-124.7163982,48.1799312],[-124.7162353,48.1802959],[-124.716434,48.1808098],[-124.716323,48.181154],[-124.7160926,48.1812285],[-124.7154113,48.1810366],[-124.7154695,48.1812427],[-124.7158132,48.1815443],[-124.7157597,48.1817545],[-124.7158159,48.1820343],[-124.7156768,48.1823002],[-124.7142078,48.1827212],[-124.7135024,48.1826635],[-124.7130021,48.1827664],[-124.7124463,48.1826029],[-124.7112768,48.1830548],[-124.7106588,48.1830226],[-124.709027,48.1822819],[-124.7081711,48.1825096],[-124.7065987,48.1833321],[-124.7047079,48.1848479],[-124.7040707,48.1855509],[-124.7023259,48.1882138],[-124.7019098,48.1886655],[-124.7008052,48.1903244],[-124.7002878,48.1912365],[-124.6993105,48.1932025],[-124.6983355,48.1946781],[-124.6982112,48.1948972],[-124.6972688,48.1971205],[-124.6964974,48.1983384],[-124.6960132,48.1992899],[-124.6957817,48.2004366],[-124.6949417,48.2032445],[-124.6941521,48.2048669],[-124.6936256,48.2061754],[-124.6932025,48.2089349],[-124.69255,48.2104022],[-124.6921881,48.2115044],[-124.6908952,48.2142304],[-124.6909091,48.2159598],[-124.6910035,48.2165809],[-124.6907806,48.2177149],[-124.6904546,48.2188344],[-124.6904343,48.2191171],[-124.6904548,48.2195368],[-124.6907196,48.220416],[-124.6909896,48.2209645],[-124.6915814,48.2215444],[-124.6919799,48.2227328],[-124.6924409,48.2235331],[-124.6926428,48.2240461],[-124.6937519,48.2247516],[-124.6946754,48.2249418],[-124.6951665,48.2248852],[-124.6953038,48.2251906],[-124.695523,48.2251908],[-124.6955408,48.2254009],[-124.6954802,48.2254492],[-124.6959712,48.2256146],[-124.6962927,48.2255669],[-124.6964406,48.2258601],[-124.697085,48.2263561],[-124.6974031,48.2261639],[-124.6976716,48.2262463],[-124.6982518,48.2262191],[-124.6983751,48.2260219],[-124.6989069,48.2259062],[-124.698984,48.2258069],[-124.6991129,48.2258496],[-124.699257,48.2261339],[-124.6994416,48.2259446],[-124.6996773,48.2259857],[-124.6998244,48.2258635],[-124.7000306,48.2259354],[-124.7001204,48.2260492],[-124.6999059,48.2261431],[-124.7000838,48.2261977],[-124.700318,48.2264838],[-124.7002397,48.2265774],[-124.7000554,48.2265264],[-124.6999907,48.2268857],[-124.6999906,48.2268857],[-124.6998777,48.2267552],[-124.6997181,48.2267734],[-124.7000099,48.227185],[-124.6998658,48.2272514],[-124.6992038,48.2270929],[-124.6993053,48.2275395],[-124.6990886,48.2276624],[-124.6991758,48.2277917],[-124.6990909,48.2278596],[-124.6991885,48.2280532],[-124.6993427,48.2281468],[-124.6993972,48.228261],[-124.6993002,48.2284127],[-124.6994558,48.2284244],[-124.6994261,48.228562],[-124.6995195,48.2286244],[-124.6997824,48.2284329],[-124.6999276,48.2284648],[-124.6999743,48.2286546],[-124.6998396,48.2287386],[-124.6998903,48.2290119],[-124.7000735,48.2291082],[-124.7001286,48.2288042],[-124.700268,48.2287305],[-124.7004857,48.2287842],[-124.7003268,48.2289521],[-124.7008091,48.2289574],[-124.7007916,48.229047],[-124.7002834,48.2291688],[-124.7002224,48.2292685],[-124.7004319,48.2293894],[-124.7004052,48.2295913],[-124.7000624,48.2295049],[-124.7000137,48.2291905],[-124.6999363,48.2291842],[-124.6999833,48.2292586],[-124.6999832,48.2292588],[-124.6997313,48.2291528],[-124.6997273,48.2290838],[-124.6994667,48.2290363],[-124.6992898,48.2294247],[-124.6991468,48.2295034],[-124.6989743,48.2293092],[-124.6989611,48.2293133],[-124.6989696,48.2294908],[-124.6991612,48.2296008],[-124.699157,48.2297413],[-124.6993902,48.2299454],[-124.6991074,48.2300423],[-124.6990319,48.2302608],[-124.6998284,48.230712],[-124.6998726,48.230894],[-124.6998304,48.2309939],[-124.6996918,48.2309491],[-124.6997405,48.2310825],[-124.6995948,48.231162],[-124.6992329,48.231155],[-124.6992728,48.2313476],[-124.699102,48.2314202],[-124.6990652,48.2314841],[-124.6990698,48.2315798],[-124.6993325,48.2316407],[-124.6994678,48.2317756],[-124.6996736,48.2318182],[-124.6998361,48.2317395],[-124.6999691,48.231837],[-124.6998539,48.2320263],[-124.699713,48.2320945],[-124.6998622,48.2321829],[-124.7000424,48.2321305],[-124.7004041,48.2322838],[-124.7004041,48.232284],[-124.7002775,48.232341],[-124.7003725,48.2325084],[-124.700271,48.2325906],[-124.7003114,48.2327462],[-124.7001673,48.2328491],[-124.7001662,48.2329948],[-124.7003741,48.2330858],[-124.7003741,48.233086],[-124.7000986,48.233171],[-124.7004583,48.2335796],[-124.7005732,48.2336612],[-124.7008929,48.233779],[-124.70105,48.2340066],[-124.7011465,48.2338728],[-124.7013171,48.2338919],[-124.7012734,48.2341463],[-124.7015846,48.234152],[-124.7015329,48.2342556],[-124.7016245,48.2343879],[-124.7014667,48.2344501],[-124.7016381,48.2345649],[-124.7016363,48.2348117],[-124.7017087,48.2348374],[-124.70163,48.2348975],[-124.7016317,48.2349124],[-124.7017508,48.2350478],[-124.7018638,48.2350743],[-124.7018679,48.2351562],[-124.7020928,48.235157],[-124.7023458,48.2353674],[-124.7025309,48.2353883],[-124.7026721,48.2355279],[-124.7025909,48.2356437],[-124.7026262,48.2357476],[-124.7027422,48.2357202],[-124.7028753,48.2359262],[-124.7033063,48.2360759],[-124.7032446,48.2361438],[-124.7033175,48.2361728],[-124.7032726,48.236241],[-124.7033667,48.2363168],[-124.7033997,48.2365183],[-124.7033188,48.2366192],[-124.7033413,48.2367456],[-124.703272,48.2367756],[-124.7034902,48.2370235],[-124.7035764,48.2370406],[-124.7035764,48.2370408],[-124.7035288,48.2370672],[-124.70365,48.237205],[-124.7038049,48.2371747],[-124.7038111,48.2373241],[-124.7040727,48.2372212],[-124.70442,48.2374031],[-124.7041143,48.2377323],[-124.7041988,48.2378283],[-124.7044293,48.2378169],[-124.7045047,48.2379726],[-124.7044379,48.2380999],[-124.7050312,48.2387738],[-124.7053656,48.239195],[-124.7055492,48.2390752],[-124.706102,48.2391989],[-124.7060474,48.2394491],[-124.7057649,48.239633],[-124.7059404,48.2397221],[-124.7062759,48.2395382],[-124.7063839,48.2395903],[-124.7063721,48.2398661],[-124.7062107,48.2401882],[-124.7060151,48.2403675],[-124.7061277,48.2404803],[-124.7060036,48.2407688],[-124.7060044,48.2410782],[-124.7061426,48.2410228],[-124.7063835,48.2410694],[-124.7066049,48.2409243],[-124.7067485,48.2409612],[-124.7068182,48.2412122],[-124.7070306,48.2414577],[-124.7074898,48.2416575],[-124.7074898,48.2416578],[-124.7072749,48.2417119],[-124.7074067,48.2419016],[-124.7079388,48.241735],[-124.7080403,48.2415766],[-124.7084356,48.2416079],[-124.7085449,48.2414789],[-124.7086721,48.241557],[-124.7085962,48.2416642],[-124.7086808,48.2418405],[-124.7085113,48.2419506],[-124.7086478,48.2419824],[-124.7086481,48.2421089],[-124.7083905,48.2422829],[-124.7084742,48.2424783],[-124.7080947,48.2428832],[-124.7078413,48.2429932],[-124.7077173,48.2428783],[-124.7073638,48.2428168],[-124.7071181,48.2431895],[-124.7064027,48.2430491],[-124.7062724,48.2428871],[-124.7059647,48.2427372],[-124.703493,48.2425027],[-124.7031762,48.242655],[-124.7036482,48.2426536],[-124.7039424,48.2427384],[-124.7040682,48.2428419],[-124.7040916,48.2429741],[-124.703983,48.2431437],[-124.7037756,48.2431363],[-124.7035956,48.2432283],[-124.7031885,48.2430638],[-124.7027943,48.2430542],[-124.7025936,48.2429014],[-124.7024872,48.2430502],[-124.7025174,48.2431615],[-124.702989,48.2432443],[-124.7031889,48.2434563],[-124.7031266,48.2437201],[-124.7025987,48.2437323],[-124.7029409,48.2439505],[-124.7029212,48.2440832],[-124.7030869,48.2441535],[-124.7030157,48.2442512],[-124.7027568,48.244326],[-124.7025849,48.2442125],[-124.7026226,48.2441046],[-124.7020044,48.2439679],[-124.7013273,48.2440823],[-124.7009886,48.2438153],[-124.7005887,48.2439473],[-124.6999617,48.2445254],[-124.6999698,48.244675],[-124.7002886,48.2451057],[-124.7005467,48.2452366],[-124.70054,48.2453359],[-124.7008814,48.2456471],[-124.700902,48.2457944],[-124.7007946,48.2458849],[-124.7003612,48.2458219],[-124.7003874,48.2459304],[-124.7009846,48.2460723],[-124.7014978,48.2463211],[-124.7014624,48.2464704],[-124.7012275,48.2466172],[-124.7012493,48.2467062],[-124.7011237,48.2468477],[-124.7025814,48.2473816],[-124.702631,48.2474866],[-124.7024939,48.2476307],[-124.7027372,48.247829],[-124.7028915,48.2477596],[-124.7032146,48.2479584],[-124.7031851,48.2480478],[-124.7028925,48.2480454],[-124.7029155,48.2483059],[-124.7032042,48.248375],[-124.7033304,48.2481889],[-124.7032891,48.2480591],[-124.7033903,48.247974],[-124.703929,48.2480935],[-124.7040978,48.2480161],[-124.7042127,48.248116],[-124.7042086,48.2482501],[-124.7044013,48.2481623],[-124.7045685,48.2482006],[-124.7045889,48.2483031],[-124.7049729,48.2482937],[-124.7049892,48.2483844],[-124.7053629,48.2483421],[-124.7052589,48.2488379],[-124.7055887,48.248768],[-124.7060088,48.2485567],[-124.706767,48.2487374],[-124.7071986,48.2487279],[-124.7073256,48.2488144],[-124.7073256,48.2488145],[-124.7066415,48.2491333],[-124.706708,48.249242],[-124.7069818,48.2493036],[-124.7072122,48.2494882],[-124.7070489,48.2496119],[-124.7070844,48.2498284],[-124.7068369,48.249873],[-124.706763,48.2499645],[-124.7063609,48.2499368],[-124.7062124,48.2502112],[-124.7067119,48.2502413],[-124.7068924,48.2503664],[-124.7067698,48.2506862],[-124.7066941,48.250678],[-124.7066789,48.2508462],[-124.706574,48.2508064],[-124.7064373,48.2510239],[-124.7058,48.2508473],[-124.7055503,48.2506297],[-124.705398,48.2506606],[-124.7051103,48.2501178],[-124.7046909,48.2499629],[-124.704256,48.2495363],[-124.7041876,48.2496108],[-124.7040565,48.2494363],[-124.7039521,48.2495837],[-124.7038414,48.2495375],[-124.7037627,48.2492891],[-124.7031585,48.2491903],[-124.7029465,48.2490371],[-124.7029536,48.2489199],[-124.702101,48.2487919],[-124.7012168,48.2487692],[-124.6979847,48.2493342],[-124.6975225,48.2494742],[-124.6965961,48.2499241],[-124.694647,48.2503817],[-124.6938715,48.2506385],[-124.692107,48.2514593],[-124.6907055,48.2518766],[-124.6886578,48.253583],[-124.687873,48.2541196],[-124.6871939,48.2544691],[-124.6868919,48.2549732],[-124.6864677,48.2562508],[-124.6863006,48.2564697],[-124.6849229,48.2574861],[-124.6845197,48.2580542],[-124.6843873,48.2583922],[-124.6843631,48.258807],[-124.6844587,48.2592239],[-124.6848658,48.2600685],[-124.6847628,48.2603278],[-124.6843727,48.2605276],[-124.6829463,48.2608471],[-124.6825851,48.2612328],[-124.6826886,48.2618212],[-124.6829632,48.2622706],[-124.6819899,48.2642311],[-124.6819845,48.2646311],[-124.6813801,48.265957],[-124.6812642,48.2668498],[-124.6815738,48.26808],[-124.6815342,48.2682666],[-124.6813065,48.2684208],[-124.6813875,48.2685119],[-124.6813345,48.2686867],[-124.6814964,48.2688812],[-124.6815546,48.2693924],[-124.6814935,48.2696063],[-124.6815816,48.2697376],[-124.6813864,48.2700108],[-124.6814197,48.2702637],[-124.6815584,48.2705356],[-124.6818122,48.2707817],[-124.6822174,48.2710201],[-124.6821347,48.2711714],[-124.6819658,48.2711906],[-124.6818384,48.2713127],[-124.6821252,48.2716606],[-124.682057,48.2719714],[-124.6814999,48.2721217],[-124.681345,48.2722363],[-124.6811916,48.2724878],[-124.6811125,48.2728255],[-124.6808233,48.2730787],[-124.6808087,48.2751666],[-124.6807943,48.2772329],[-124.6839066,48.2829267],[-124.6843373,48.2837148],[-124.6850773,48.2850685],[-124.6863473,48.287392],[-124.6844433,48.2909641],[-124.6839627,48.2924401],[-124.6833883,48.2942041],[-124.6830303,48.2946973],[-124.6808891,48.2976474],[-124.6793949,48.2968287],[-124.6763492,48.2951599],[-124.6763189,48.2951433],[-124.6692651,48.2963533],[-124.6659083,48.2993242],[-124.6620683,48.31045],[-124.6640053,48.3202771],[-124.6598553,48.3250271],[-124.6589403,48.3310569],[-124.6599601,48.331999],[-124.6685316,48.3399175],[-124.6700721,48.3413407],[-124.6754788,48.3425212],[-124.676365,48.3427147],[-124.6811178,48.3414507],[-124.6834949,48.3384497],[-124.6843622,48.3385166],[-124.6876821,48.3387727],[-124.6945521,48.3433631],[-124.6959943,48.3443268],[-124.6967033,48.3497478],[-124.6989951,48.3505859],[-124.6991613,48.3506467],[-124.7037441,48.3523227],[-124.7074773,48.3545799],[-124.7066073,48.3593329],[-124.7124663,48.3650017],[-124.7138172,48.3663087],[-124.7258128,48.3706619],[-124.7270223,48.3711008],[-124.7272613,48.3746448],[-124.7308633,48.3761998],[-124.7318283,48.3811571],[-124.7317487,48.3812217],[-124.7297531,48.3828394],[-124.727007,48.3850655],[-124.7258392,48.3860123],[-124.716947,48.3897763],[-124.706462,48.3860843],[-124.7037721,48.3870793],[-124.699416,48.3880523],[-124.6944281,48.3875623],[-124.6914181,48.3901593],[-124.686356,48.3895193],[-124.6817331,48.3898113],[-124.676262,48.3913713],[-124.6687609,48.3884613],[-124.6635301,48.3883513],[-124.6594141,48.3908873],[-124.6580276,48.3908433],[-124.653243,48.3906913],[-124.6527083,48.3906151],[-124.6522571,48.3905507],[-124.6439601,48.3893679],[-124.6357204,48.3881932],[-124.6357204,48.3881931],[-124.637434,48.3869462],[-124.6393886,48.385524],[-124.6390271,48.3851311],[-124.6340847,48.3797583],[-124.633473,48.3790934],[-124.6311077,48.3765222],[-124.6290658,48.3722492],[-124.6286072,48.3719741],[-124.6216979,48.3678283],[-124.61029,48.3667233],[-124.6008342,48.3700001],[-124.5993561,48.3705123],[-124.5960549,48.371696],[-124.5944437,48.3722738],[-124.5908852,48.3735497],[-124.590733,48.3736043],[-124.589294,48.3727997],[-124.586448,48.3712083],[-124.584169,48.3718923],[-124.5840194,48.3718533],[-124.5780102,48.3702849],[-124.5768198,48.3699743],[-124.5728639,48.3662283],[-124.565449,48.367793],[-124.5651773,48.3678503],[-124.5648409,48.3679213],[-124.5564752,48.3614712],[-124.5555585,48.3607644],[-124.5553097,48.3605726],[-124.5478723,48.3548383],[-124.5475425,48.3545839],[-124.5462588,48.3535943],[-124.5388209,48.3498933],[-124.5254529,48.3490223],[-124.5105819,48.3432363],[-124.5008809,48.3380513],[-124.4950639,48.3369143],[-124.4903599,48.3322783],[-124.4858089,48.3324643],[-124.4755999,48.3280243],[-124.4572089,48.3190343],[-124.4505109,48.3176503],[-124.4462908,48.3158522],[-124.4441508,48.3122162],[-124.4358329,48.3066833],[-124.4278699,48.3060693],[-124.4140069,48.3008873],[-124.4070708,48.2964153],[-124.3955929,48.2887723],[-124.3869169,48.2856933],[-124.380874,48.2846993],[-124.370691,48.2852863],[-124.361351,48.2875823],[-124.3585379,48.2873503],[-124.3507499,48.2839653],[-124.3450388,48.2805922],[-124.3424118,48.2776952],[-124.3390429,48.2759703],[-124.331479,48.2749233],[-124.3140929,48.2715063],[-124.3034058,48.2691704],[-124.2991457,48.2682392],[-124.2989157,48.2659079],[-124.3007967,48.2639139],[-124.3002047,48.2618032],[-124.296063,48.2587796],[-124.2958859,48.2586503],[-124.288257,48.2574673],[-124.284275,48.2579693],[-124.2818209,48.2576873],[-124.2788919,48.2549593],[-124.272268,48.2539883],[-124.2720308,48.2540068],[-124.2648491,48.2545683],[-124.2570111,48.2574443],[-124.2551092,48.2589722],[-124.2522672,48.2610042],[-124.2510772,48.2642426],[-124.2508822,48.2647734],[-124.243313,48.2624873],[-124.2385819,48.2624713],[-124.2319119,48.2583863],[-124.2275299,48.2572413],[-124.2228478,48.2567643],[-124.2224367,48.2553172],[-124.2178729,48.2532943],[-124.1993039,48.2476873],[-124.1926919,48.2463163],[-124.1757139,48.2391013],[-124.1676169,48.2367723],[-124.1495809,48.2299053],[-124.1412899,48.2274133],[-124.1306909,48.2206453],[-124.126347,48.2196673],[-124.11764,48.2208053],[-124.1118749,48.2199763],[-124.1017726,48.2168832],[-124.1028308,48.2141328],[-124.1059666,48.2124819],[-124.1045337,48.20905],[-124.1068838,48.2054048],[-124.1099926,48.2031419],[-124.1077468,48.2000973],[-124.0921459,48.1966913],[-124.0869579,48.1940333],[-124.0752279,48.1907303],[-124.074613,48.1904349],[-124.068142,48.187327],[-124.066092,48.1863423],[-124.0619499,48.1870913],[-124.0606717,48.1856711],[-124.0613686,48.1829092],[-124.0507339,48.1777473],[-124.0489561,48.1774206],[-124.0382232,48.1754479],[-124.032115,48.1743253],[-124.0248038,48.1747823],[-124.0236438,48.1726283],[-124.0163202,48.171314],[-124.013118,48.1707393],[-124.005608,48.1723833],[-123.9985348,48.1720903],[-123.9973558,48.1686903],[-123.9880749,48.1671153],[-123.9810319,48.1647613],[-123.973566,48.1643463],[-123.955347,48.1654553],[-123.9494671,48.1650213],[-123.9470982,48.1660354],[-123.946136,48.1664473],[-123.9399167,48.1644692],[-123.9396727,48.1619142],[-123.934921,48.1608403],[-123.915589,48.1593523],[-123.90181,48.1604793],[-123.893933,48.1595553],[-123.88654,48.1610113],[-123.880068,48.1606213],[-123.8721038,48.1587833],[-123.8706298,48.1570682],[-123.8666769,48.1547963],[-123.858821,48.1542733],[-123.840238,48.1559123],[-123.8315712,48.1579373],[-123.8295472,48.1602993],[-123.826707,48.1611253],[-123.8176068,48.1570523],[-123.8154439,48.1554433],[-123.807157,48.1547623],[-123.798099,48.1558163],[-123.778122,48.1554663],[-123.7591581,48.1596053],[-123.747574,48.1615843],[-123.73893,48.1602613],[-123.7357512,48.1618602],[-123.7349542,48.1643173],[-123.72997,48.1651003],[-123.7265954,48.1635691],[-123.7265954,48.1635689],[-123.7287356,48.1627998],[-123.7282897,48.1608582],[-123.7253519,48.1591913],[-123.71835,48.1587133],[-123.7062265,48.1634001],[-123.7094596,48.1675812],[-123.7094595,48.1675814],[-123.702743,48.1667833],[-123.701173,48.1665165],[-123.685475,48.1638493],[-123.6724449,48.1627153],[-123.6514079,48.1569523],[-123.6426949,48.1540563],[-123.6369665,48.150319],[-123.6414966,48.1472269],[-123.6411077,48.1461272],[-123.6363008,48.1424443],[-123.6288189,48.1392793],[-123.620116,48.1378803],[-123.612985,48.1389903],[-123.6071869,48.1368803],[-123.60248,48.136926],[-123.602239,48.1369283],[-123.5987169,48.1358473],[-123.5975714,48.1357167],[-123.590839,48.1349493],[-123.587104,48.1357058],[-123.5835471,48.1364263],[-123.5742142,48.1407563],[-123.5696743,48.1439972],[-123.5685392,48.1477133],[-123.5682662,48.1477705],[-123.5663231,48.1481779],[-123.5652223,48.1484087],[-123.5646677,48.148525],[-123.5643116,48.1485997],[-123.5602211,48.1494573],[-123.551131,48.1513823],[-123.5506931,48.1512554],[-123.5409909,48.1484443],[-123.5348788,48.1457803],[-123.5223198,48.1355393],[-123.5202937,48.1348038],[-123.5155039,48.1330653],[-123.5130344,48.1326896],[-123.507235,48.1318073],[-123.4926994,48.1323028],[-123.488635,48.1324413],[-123.4873279,48.1325816],[-123.473379,48.1340793],[-123.4695752,48.1349332],[-123.4669821,48.1355153],[-123.4557321,48.1393573],[-123.4533981,48.1397547],[-123.440128,48.1420143],[-123.4339111,48.1421028],[-123.425586,48.1422213],[-123.4068111,48.1415019],[-123.4033519,48.1413693],[-123.3998075,48.1398151],[-123.4008729,48.1385364],[-123.4015259,48.1377527],[-123.436865,48.1394657],[-123.4463719,48.1361347],[-123.45683,48.1353417],[-123.4620586,48.1347077],[-123.4601568,48.1297902],[-123.4513629,48.1259823],[-123.4419719,48.1242593],[-123.4378689,48.1227906],[-123.4300937,48.1200075],[-123.4246679,48.1180653],[-123.4155047,48.1168828],[-123.4116031,48.1163793],[-123.407449,48.1185894],[-123.4053799,48.1170843],[-123.4049596,48.1169687],[-123.4001831,48.1156553],[-123.395048,48.1142433],[-123.380885,48.1148693],[-123.374352,48.1140843],[-123.3609231,48.1158643],[-123.3541691,48.117703],[-123.353808,48.1178013],[-123.3473917,48.1176416],[-123.3446449,48.1175733],[-123.3437197,48.116934],[-123.3389039,48.1136063],[-123.332699,48.1129703],[-123.314578,48.1137253],[-123.2896329,48.1206562],[-123.288265,48.1210363],[-123.2862029,48.120086],[-123.2801779,48.1173093],[-123.268917,48.1160943],[-123.254396,48.1172183],[-123.248615,48.1157453],[-123.2391291,48.1182173],[-123.2207495,48.1257454],[-123.2171901,48.1272033],[-123.1944717,48.1419111],[-123.1915212,48.1438212],[-123.1858343,48.1484496],[-123.1687882,48.1487725],[-123.1490576,48.1530775],[-123.1354386,48.1540419],[-123.1347828,48.1540944],[-123.131422,48.1527363],[-123.124816,48.1534723],[-123.1164789,48.1502083],[-123.1117638,48.1483773],[-123.1065058,48.1418912],[-123.0851539,48.1271373],[-123.0662098,48.1204693],[-123.0589218,48.1139762],[-123.0504458,48.1028252],[-123.0469127,48.0977512],[-123.0405776,48.0843058],[-123.0460297,48.0828118],[-123.0462401,48.0722979],[-123.0462457,48.0720181],[-123.0451756,48.0700804],[-123.0428391,48.0658498],[-123.0408636,48.0622728],[-123.0446278,48.0607438],[-123.0464699,48.0580617],[-123.0467546,48.0576471],[-123.0382868,48.0534772],[-123.031254,48.0455718],[-123.0289377,48.042968],[-123.0269398,48.0407222],[-123.0201897,48.0362641],[-123.0206307,48.0327121],[-123.0135079,48.0265633],[-123.0096848,48.0254726],[-123.0085268,48.0251423],[-123.0070698,48.0231873],[-122.9998181,48.0227043],[-122.999266,48.0229581],[-122.9970823,48.0239622],[-122.9969294,48.024527],[-122.9962622,48.026993],[-122.9961163,48.0275319],[-122.9972131,48.0289722],[-122.9980573,48.0300809],[-123.0004293,48.0406349],[-123.0029712,48.0454838],[-123.0080042,48.0498088],[-123.0104204,48.0543731],[-123.0072322,48.0574592],[-123.0041243,48.063713],[-123.0070502,48.0698358],[-123.0215853,48.0786658],[-123.0215483,48.0840752],[-123.0137651,48.0858563],[-123.0041281,48.0905163],[-122.979413,48.0959403],[-122.950554,48.0982044],[-122.946119,48.0985523],[-122.939161,48.0963373],[-122.929095,48.0962443],[-122.9163029,48.0954203],[-122.9149815,48.094076],[-122.9182618,48.0916108],[-122.9209107,48.0881988],[-122.9247497,48.0805629],[-122.9286247,48.067587],[-122.9276725,48.065298],[-122.9273528,48.0645292],[-122.9194079,48.0579273],[-122.9024049,48.0538163],[-122.8917619,48.0495263],[-122.8859996,48.0484196],[-122.8752357,48.0463522],[-122.8754657,48.0445621],[-122.8711148,48.0381863],[-122.8680238,48.0378013],[-122.8642017,48.0293981],[-122.8621977,48.0210162],[-122.8584286,48.017675],[-122.8606507,48.0155288],[-122.8620097,48.0086129],[-122.8675488,48.0029427],[-122.8867138,47.9948628],[-122.8884176,47.9922961],[-122.8845879,47.9897463],[-122.8815861,47.9905793],[-122.8766801,47.9936103],[-122.869809,47.9929393],[-122.8491671,47.9963883],[-122.8394572,48.0017682],[-122.8374502,48.0068982],[-122.8334733,48.0095741],[-122.8340353,48.0143881],[-122.833901,48.0146495],[-122.8323672,48.0176358],[-122.8301663,48.0219211],[-122.8270753,48.036068],[-122.8268783,48.0461379],[-122.8291592,48.0483577],[-122.8456315,48.053091],[-122.8498902,48.0543147],[-122.8524212,48.0584638],[-122.8567923,48.0610398],[-122.8577273,48.0657738],[-122.8744461,48.0748477],[-122.885354,48.0775927],[-122.8891901,48.0770727],[-122.8900754,48.078179],[-122.8806153,48.0870712],[-122.8787003,48.091741],[-122.8800943,48.0991068],[-122.8842013,48.1024168],[-122.8849353,48.1051141],[-122.8817312,48.1083152],[-122.8648131,48.1164483],[-122.8527462,48.1240408],[-122.848606,48.1236871],[-122.78222,48.1083388],[-122.7786451,48.106063],[-122.7786451,48.1060629],[-122.7812049,48.1052767],[-122.7920586,48.0981324],[-122.7941787,48.0967369],[-122.7938527,48.0943989],[-122.7959999,48.0924967],[-122.7984638,48.0924507],[-122.8013986,48.087561],[-122.7988788,48.0845292],[-122.7924268,48.0812133],[-122.7880738,48.0781332],[-122.7879442,48.0777981],[-122.7844167,48.0686732],[-122.7742179,48.0603303],[-122.7653004,48.0575591],[-122.766714,48.0564495],[-122.7705587,48.0534319],[-122.7705518,48.0528288],[-122.7704957,48.0478971],[-122.7666477,48.0442902],[-122.7650628,48.0405582],[-122.7592399,48.0381795],[-122.7565712,48.0370893],[-122.7538588,48.0359813],[-122.7485319,48.0301383],[-122.7398691,48.0311813],[-122.7348984,48.0345262],[-122.7342684,48.0349501],[-122.7370173,48.0434178],[-122.7422904,48.0493239],[-122.7400073,48.0541161],[-122.7392713,48.0691529],[-122.7411841,48.0709577],[-122.7473891,48.0707947],[-122.7483454,48.072097],[-122.7388633,48.0810302],[-122.738485,48.0821997],[-122.7365372,48.0800266],[-122.7322566,48.0780572],[-122.7302872,48.0758599],[-122.7280899,48.0738905],[-122.7261205,48.0716932],[-122.7239233,48.0697238],[-122.7219539,48.0675265],[-122.7197566,48.0655571],[-122.7177872,48.0633599],[-122.7155899,48.0613905],[-122.7136205,48.0591932],[-122.7114232,48.0572238],[-122.7094538,48.0508598],[-122.7072565,48.0488904],[-122.7052871,48.0362765],[-122.6990371,48.0334079],[-122.7002155,48.0164258],[-122.7089732,48.0197567],[-122.7131723,48.0234448],[-122.7136732,48.0252887],[-122.7219439,48.0262527],[-122.7245094,48.0248467],[-122.7309667,48.0213078],[-122.7309667,48.0178292],[-122.7277087,48.0168652],[-122.7280217,48.0143081],[-122.7187457,47.9981041],[-122.7180817,47.9877391],[-122.7006879,47.9733833],[-122.6988096,47.9735726],[-122.6968399,47.9718071],[-122.6948705,47.9571098],[-122.6907037,47.9533866],[-122.6926733,47.9508595],[-122.6948705,47.9488901],[-122.6968399,47.9362762],[-122.6990371,47.9343068],[-122.7010065,47.9216928],[-122.7052872,47.9197234],[-122.7072566,47.9175262],[-122.7094538,47.9155568],[-122.7114232,47.9112762],[-122.7136205,47.9093068],[-122.7155899,47.9050262],[-122.7177871,47.9030568],[-122.7197565,47.8966929],[-122.7231865,47.893625],[-122.7177871,47.8888034],[-122.7197565,47.8737762],[-122.7239232,47.8700531],[-122.7219538,47.8550266],[-122.7155899,47.8509739],[-122.7136205,47.8487766],[-122.7114232,47.8468072],[-122.7094538,47.8425266],[-122.7072566,47.8405572],[-122.7052872,47.83836],[-122.7010066,47.8363906],[-122.6990372,47.8341933],[-122.6968399,47.8322239],[-122.6948705,47.8300266],[-122.6926733,47.8280572],[-122.6921836,47.8275109],[-122.6937589,47.8263747],[-122.7013649,47.8255777],[-122.7108718,47.8174388],[-122.7132488,47.8140867],[-122.7251619,47.8107907],[-122.731558,47.8097587],[-122.7359475,47.8105272],[-122.736122,47.8105577],[-122.7429848,47.8098917],[-122.746101,47.8055114],[-122.7488146,47.801697],[-122.7439436,47.7939349],[-122.7494647,47.7888909],[-122.7489887,47.783846],[-122.7498027,47.781495],[-122.7477037,47.7778561],[-122.7478787,47.7753718],[-122.7509228,47.7741818],[-122.7516537,47.772425],[-122.7506777,47.769843],[-122.7508877,47.7677788],[-122.7536867,47.7666588],[-122.7541277,47.7638589],[-122.7578847,47.7577439],[-122.7563997,47.7512559],[-122.7587027,47.7488079],[-122.7590627,47.7461448],[-122.7651809,47.7446337],[-122.7720908,47.7398828],[-122.7765528,47.7346288],[-122.7794317,47.7292309],[-122.7835347,47.7223929],[-122.7828887,47.7187121],[-122.7809877,47.713914],[-122.7813412,47.7119675],[-122.7855485,47.7094939],[-122.8094377,47.7072072],[-122.8275842,47.7051056],[-122.8275963,47.7052321],[-122.8249582,47.7108762],[-122.8204421,47.7127953],[-122.8178281,47.7137543],[-122.8135502,47.7156732],[-122.8123613,47.719831],[-122.8150274,47.7259961],[-122.8080833,47.7324611],[-122.8076083,47.7370969],[-122.8107453,47.743123],[-122.8096733,47.7474121],[-122.8000023,47.7581931],[-122.7999363,47.7620961],[-122.7978633,47.7652231],[-122.7957243,47.770654],[-122.7972623,47.773183],[-122.7952483,47.7773631],[-122.7897823,47.7909381],[-122.7881183,47.80419],[-122.7890692,47.8062648],[-122.7966743,47.8105748],[-122.7973873,47.816321],[-122.7976253,47.8258968],[-122.8028542,47.8287688],[-122.8064533,47.8323158],[-122.8097472,47.8405747],[-122.8166389,47.8404157],[-122.8206797,47.8380228],[-122.8206797,47.8276519],[-122.8251956,47.821748],[-122.8237697,47.8195131],[-122.8235317,47.8171191],[-122.8192538,47.8110543],[-122.8156437,47.8108983],[-122.8150267,47.807493],[-122.8218677,47.7890218],[-122.8276439,47.7848457],[-122.8418079,47.7790347],[-122.846825,47.7791197],[-122.8534802,47.7800787],[-122.8551444,47.7823141],[-122.8518163,47.7850292],[-122.8506283,47.7968461],[-122.8473005,47.8009969],[-122.8527671,47.8041897],[-122.857283,47.8043497],[-122.8580606,47.8043834],[-122.8646508,47.8046687],[-122.8679777,47.7989219],[-122.8684537,47.7910981],[-122.8667897,47.7887021],[-122.8665517,47.7827941],[-122.8653124,47.7811278],[-122.8649078,47.7805837],[-122.8646506,47.780238],[-122.8663147,47.777204],[-122.8634617,47.7685782],[-122.8549059,47.7631463],[-122.8498187,47.7607512],[-122.8484887,47.7518009],[-122.8508647,47.7497238],[-122.8525287,47.745728],[-122.8511367,47.7385449],[-122.8530039,47.7362977],[-122.8570452,47.7361377],[-122.8615612,47.7447687],[-122.867503,47.7444497],[-122.8713058,47.7434908],[-122.8720187,47.740614],[-122.8723079,47.7360394],[-122.8724937,47.7331009],[-122.8727992,47.7323614],[-122.8735849,47.7304596],[-122.8736828,47.7302227],[-122.8770101,47.7303827],[-122.8782781,47.731321],[-122.8793871,47.7321417],[-122.8827137,47.7311828],[-122.8836647,47.723029],[-122.8843777,47.7134339],[-122.886062,47.7112733],[-122.8859468,47.7111969],[-122.8868941,47.710206],[-122.8871398,47.7098908],[-122.8895399,47.7060256],[-122.8895294,47.7060082],[-122.8895504,47.7060085],[-122.8896066,47.705918],[-122.8872298,47.7019192],[-122.8781986,47.690081],[-122.8808128,47.6862408],[-122.8852209,47.6837607],[-122.8907233,47.6817005],[-122.8969748,47.6793598],[-122.8972273,47.6789998],[-122.9010158,47.6735988],[-122.9039405,47.6721663],[-122.9062448,47.6710378],[-122.9088586,47.6649563],[-122.9036298,47.6644763],[-122.9028606,47.6624032],[-122.9024416,47.6612739],[-122.9055316,47.658873],[-122.9013707,47.6539041],[-122.9014645,47.6530664],[-122.9016756,47.6511819],[-122.9017287,47.6507079],[-122.9026011,47.6488273],[-122.9037479,47.6463553],[-122.9041058,47.6455837],[-122.9133399,47.6459988],[-122.9183661,47.6462247],[-122.9217872,47.6498627],[-122.9267437,47.6508918],[-122.9273977,47.6510276],[-122.9274093,47.6508491],[-122.9276357,47.6473458],[-122.9350037,47.6443028],[-122.9352405,47.6432393],[-122.9364297,47.6378968],[-122.9421337,47.6358148],[-122.9417357,47.6323261],[-122.9416587,47.6316508],[-122.9544938,47.6270058],[-122.9545014,47.6269825],[-122.9554438,47.6241228],[-122.9589254,47.6224393],[-122.9663778,47.6188357],[-122.9725569,47.6140287],[-122.9815888,47.6130677],[-122.9830147,47.608581],[-122.9818934,47.6066915],[-122.9815887,47.606178],[-122.9825397,47.6029728],[-122.9881568,47.5983448],[-122.9960878,47.5899898],[-123.0006038,47.5846997],[-123.0041688,47.5834168],[-123.0063077,47.5765229],[-123.0098808,47.5713948],[-123.0158148,47.5644958],[-123.0215187,47.5601658],[-123.0219947,47.5564768],[-123.0275289,47.5549777],[-123.0300755,47.552788],[-123.0252976,47.5485391],[-123.0308508,47.5399907],[-123.0400578,47.5385087],[-123.0433858,47.5333738],[-123.0486146,47.5292019],[-123.0464756,47.5237449],[-123.0514668,47.5198928],[-123.0562206,47.5094581],[-123.0535082,47.5073237],[-123.0542643,47.5055113],[-123.0574088,47.5007878],[-123.0669158,47.4948468],[-123.0757096,47.48762],[-123.0742837,47.4861741],[-123.0757098,47.4821587],[-123.0813969,47.4815047],[-123.0880697,47.4763758],[-123.0888617,47.4730598],[-123.0920728,47.4716447],[-123.1013048,47.4633867],[-123.1058489,47.4614977],[-123.1095381,47.4616497],[-123.1128161,47.4634807],[-123.1143558,47.4633107],[-123.1145977,47.4622621],[-123.1112816,47.458923],[-123.1133265,47.457263],[-123.1106005,47.454942],[-123.1129856,47.4528139],[-123.1117106,47.4504699],[-123.1138207,47.4483309],[-123.1144787,47.4453298],[-123.1160367,47.4440758],[-123.1167067,47.4416138],[-123.1210727,47.4393168],[-123.1205617,47.4340588],[-123.1240157,47.4326018],[-123.1247577,47.4295849],[-123.1303107,47.4213279],[-123.1313497,47.4170169],[-123.1352358,47.4110618],[-123.1363248,47.4100953],[-123.1386147,47.4080628],[-123.1389897,47.4065239],[-123.1414627,47.4036269],[-123.1427488,47.3977468],[-123.1436864,47.3934601],[-123.1443997,47.3901989],[-123.1453937,47.3871939],[-123.1496286,47.3794171],[-123.1472487,47.3774411],[-123.1474897,47.3752318],[-123.1507839,47.3734267],[-123.1578507,47.3710758],[-123.1584017,47.3674891],[-123.1566507,47.3655361],[-123.1554106,47.3611418],[-123.1572838,47.3601488],[-123.1595796,47.3543911],[-123.1560814,47.3510419],[-123.1551668,47.3501663],[-123.1458638,47.3462083],[-123.1404039,47.3417963],[-123.1313819,47.3416873],[-123.1279167,47.3397272],[-123.1275558,47.3381593],[-123.1230991,47.3378023],[-123.1193282,47.3397843],[-123.118487,47.3404894],[-123.1158581,47.3426933],[-123.111449,47.3419503],[-123.1098682,47.3423952],[-123.1056032,47.3566962],[-123.102988,47.3575423],[-123.098126,47.3566993],[-123.0929908,47.3563563],[-123.0916883,47.3477918],[-123.0941095,47.34498],[-123.1011408,47.3405773],[-123.1115208,47.3324474],[-123.1368951,47.3278169],[-123.1421197,47.3161185],[-123.153448,47.3072439],[-123.1740577,47.3091726],[-123.1780697,47.3114106],[-123.183355,47.3123749],[-123.1842827,47.3091362],[-123.1865939,47.3031141],[-123.1887586,47.2906955],[-123.2027031,47.2555189],[-123.2034111,47.2498468],[-123.2011772,47.2445531],[-123.1981864,47.2394625],[-123.205344,47.2364473],[-123.2134495,47.2299694],[-123.2220107,47.2281139],[-123.2259495,47.2258027],[-123.2341972,47.2223279],[-123.2345349,47.2195816],[-123.2267629,47.2098604],[-123.2386774,47.2072806],[-123.2426162,47.2049694],[-123.2482639,47.2025891],[-123.2530328,47.1966361],[-123.2664402,47.1937349],[-123.2891614,47.169264],[-123.2884208,47.1633069],[-123.3007622,47.1606376],[-123.3012016,47.1570938],[-123.297572,47.150917],[-123.3011772,47.1447808],[-123.3030327,47.1383028],[-123.3095107,47.1364473],[-123.3134495,47.1341361],[-123.3209283,47.1309827],[-123.3303439,47.1197808],[-123.3329562,47.1135876],[-123.342844,47.1114473],[-123.3467828,47.1091361],[-123.3511773,47.1072807],[-123.3551161,47.1049694],[-123.3663302,47.1025403],[-123.3696993,47.0945529],[-123.3738659,47.0874648],[-123.3720105,47.0612199],[-123.3636771,47.0507991],[-123.3655326,47.0403863],[-123.3696993,47.0332982],[-123.3678439,47.0278866],[-123.3630383,47.0213028],[-123.3669731,47.0119601],[-123.3717828,47.0091361],[-123.3881482,47.0067517],[-123.3905977,46.9899143],[-123.3937717,46.9873751],[-123.430344,46.9864473],[-123.4342828,46.9841362],[-123.4386773,46.9822807],[-123.4426161,46.9799695],[-123.4584447,46.978114],[-123.465533,46.9822807],[-123.4750383,46.9843396],[-123.4801165,46.9926975],[-123.4875219,47.0019584],[-123.5018459,46.9999997],[-124.008449,46.9999997],[-124.008472,46.9999815],[-124.0084724,46.9999818],[-124.0071442,47.0017293],[-124.0065224,47.0019413],[-124.0056343,47.0022442],[-124.0055792,47.0024826],[-124.0053948,47.0032808],[-124.0052483,47.0039149],[-124.0052551,47.0039198],[-124.0105891,47.0078437],[-124.013798,47.0088417],[-124.015686,47.0081007],[-124.0171021,47.0085517],[-124.01739,47.0087955],[-124.0179143,47.0092394],[-124.0179867,47.0093007],[-124.0181463,47.0094358],[-124.0181816,47.0097308],[-124.0182534,47.0103308],[-124.0183293,47.0109652],[-124.0170383,47.0117154],[-124.0170353,47.0117172],[-124.0169993,47.0148479],[-124.0205013,47.0205955],[-124.0206861,47.0208988],[-124.022025,47.0230962],[-124.0237565,47.025938],[-124.026344,47.0301848],[-124.0263452,47.0301867],[-124.0271226,47.0302486],[-124.0288552,47.0303865],[-124.0292994,47.0304219],[-124.031897,47.0306287],[-124.0370848,47.031876],[-124.0391345,47.0323688],[-124.0395751,47.0324747],[-124.0440791,47.0341587],[-124.0471832,47.0361218],[-124.0502303,47.0387817],[-124.0503942,47.0389247],[-124.0536192,47.0400917],[-124.053669,47.0401409],[-124.0539184,47.0403867],[-124.0545342,47.0409937],[-124.0601774,47.0431567],[-124.060619,47.043326],[-124.060806,47.0433977],[-124.0640769,47.0428847],[-124.0658412,47.0411541],[-124.0658559,47.0411397],[-124.0658738,47.0411404],[-124.0892191,47.0420045],[-124.0895689,47.0420175],[-124.0999589,47.0424021],[-124.106378,47.0426397],[-124.1065948,47.042626],[-124.118479,47.0418756],[-124.1220569,47.0416497],[-124.1228335,47.04139],[-124.1372792,47.0365589],[-124.1379264,47.0363425],[-124.1415169,47.0351417],[-124.1490427,47.0292938],[-124.1512877,47.021112],[-124.1495613,47.0169125],[-124.1494529,47.0166489],[-124.1479335,47.0129528],[-124.146827,47.0102611],[-124.1466687,47.0098762],[-124.1436648,47.0070172],[-124.1433337,47.0067117],[-124.1419233,47.0054105],[-124.1392338,47.0029292],[-124.1388375,47.0020929],[-124.1388347,47.0020869],[-124.1385908,47.0015721],[-124.1378458,46.9999997],[-124.1692639,46.9999997],[-124.1692633,46.9998091],[-124.1692452,46.9988273],[-124.1691226,46.9946704],[-124.1691232,46.9946704],[-124.1705159,47.0174775],[-124.1712014,47.0287044],[-124.1721207,47.0437597],[-124.1735013,47.06637],[-124.1735527,47.0667918],[-124.1738374,47.0691292],[-124.174567,47.0751181],[-124.1749025,47.0778723],[-124.1762728,47.0891205],[-124.1765397,47.0913114],[-124.1767453,47.0929989],[-124.1769833,47.0940669],[-124.1771986,47.0950331],[-124.1804638,47.1096861],[-124.1816727,47.1151111],[-124.1826983,47.1197135],[-124.1837907,47.1246156],[-124.1838333,47.1248069],[-124.183837,47.1248244],[-124.1850823,47.130643],[-124.1844417,47.1334571],[-124.1842449,47.1343218],[-124.1840113,47.135348],[-124.1854763,47.1385359],[-124.1896144,47.1466106],[-124.1897253,47.1468269],[-124.1916873,47.1554704],[-124.1918305,47.1561016],[-124.1921031,47.1573025],[-124.1922444,47.1579249],[-124.1923627,47.1584459],[-124.1926048,47.1595124],[-124.1939615,47.1654896],[-124.1943311,47.1671177],[-124.1944455,47.1676217],[-124.1944995,47.1678597],[-124.1949254,47.1697359],[-124.1949801,47.1699767],[-124.1958881,47.1739771],[-124.1958933,47.1739999],[-124.1975054,47.1794233],[-124.1981875,47.181718],[-124.1998543,47.1873254],[-124.2006702,47.1900701],[-124.2009937,47.1911584],[-124.201247,47.1920104],[-124.2018884,47.1941682],[-124.2057339,47.207105],[-124.2057404,47.2071269],[-124.2081641,47.2152806],[-124.2090173,47.2181509],[-124.2097219,47.2199332],[-124.2104041,47.2216588],[-124.21084,47.2227615],[-124.2129732,47.2281574],[-124.219463,47.2445732],[-124.2195117,47.2446965],[-124.2205895,47.2474227],[-124.221526,47.2497916],[-124.2348545,47.2835057],[-124.2352323,47.2844615],[-124.2358205,47.2859495],[-124.2361469,47.286775],[-124.2363184,47.2872087],[-124.2363493,47.2872868],[-124.2429912,47.2939578],[-124.2464392,47.2965241],[-124.2521542,47.3007778],[-124.2574417,47.3040523],[-124.2574521,47.3040587],[-124.2577675,47.3040809],[-124.2711929,47.3050247],[-124.2736627,47.3026156],[-124.2744069,47.3018896],[-124.2766986,47.3029799],[-124.2774929,47.3033578],[-124.2788001,47.3039797],[-124.2794188,47.304274],[-124.2794374,47.3042829],[-124.2794287,47.3042966],[-124.2791341,47.3047569],[-124.2790625,47.3048688],[-124.2780973,47.306377],[-124.2863693,47.3251619],[-124.2870272,47.326507],[-124.2883488,47.3292094],[-124.2887982,47.3301283],[-124.2889662,47.3304718],[-124.2891232,47.3307928],[-124.2899279,47.332438],[-124.2902454,47.3330871],[-124.2918802,47.3364299],[-124.2932883,47.3393088],[-124.2933009,47.339326],[-124.2984704,47.3463567],[-124.2991733,47.3473126],[-124.2998376,47.3482161],[-124.2999432,47.3483598],[-124.2999439,47.3483601],[-124.3052463,47.3510989],[-124.3064844,47.3517384],[-124.3075091,47.3522677],[-124.3134644,47.3534894],[-124.3148551,47.3537747],[-124.31769,47.3548926],[-124.3181273,47.3550651],[-124.3193793,47.3555588],[-124.3193796,47.3555635],[-124.3195488,47.3583546],[-124.3196263,47.3596329],[-124.3204033,47.3610197],[-124.3207344,47.3616107],[-124.3207783,47.3616889],[-124.3224006,47.3645844],[-124.323134,47.3658934],[-124.3240698,47.3675635],[-124.3240911,47.3676016],[-124.3240913,47.3676019],[-124.3241133,47.368681],[-124.3243173,47.378696],[-124.3249639,47.3814851],[-124.3260842,47.386317],[-124.3266503,47.3887589],[-124.3283163,47.3941577],[-124.3297711,47.3988723],[-124.3301623,47.4001398],[-124.3363603,47.4050808],[-124.3365095,47.4057721],[-124.3376828,47.4112079],[-124.3378423,47.411947],[-124.3367243,47.415996],[-124.336727,47.4160516],[-124.3369308,47.4202327],[-124.3369954,47.4215568],[-124.3369958,47.4215661],[-124.3371814,47.4253733],[-124.3372436,47.4266491],[-124.3375523,47.4329829],[-124.3395043,47.4377179],[-124.3391543,47.446489],[-124.3397153,47.453525],[-124.3410683,47.4589099],[-124.3419392,47.4612007],[-124.3429959,47.4614839],[-124.343611,47.4616487],[-124.3444001,47.4616907],[-124.3456612,47.4620957],[-124.3463244,47.462928],[-124.3460082,47.4633973],[-124.3444981,47.4635363],[-124.3427683,47.4641442],[-124.3427315,47.4642923],[-124.3421283,47.466724],[-124.342886,47.4723076],[-124.3431625,47.4743449],[-124.3433027,47.4753784],[-124.3434713,47.4766207],[-124.3441135,47.4813529],[-124.3446294,47.4851543],[-124.3447439,47.4859983],[-124.3451549,47.4890271],[-124.345155,47.4890275],[-124.3451553,47.4890299],[-124.345572,47.4909914],[-124.3457521,47.491839],[-124.3461644,47.4937796],[-124.3463595,47.494698],[-124.3463738,47.4947656],[-124.3470569,47.4979808],[-124.3474548,47.4998538],[-124.3515259,47.5190161],[-124.3519106,47.520827],[-124.3528434,47.5252174],[-124.3531613,47.5267139],[-124.3548547,47.5335351],[-124.3580753,47.5465077],[-124.3583783,47.5477279],[-124.3586494,47.5489277],[-124.3597128,47.5536339],[-124.3617633,47.5627092],[-124.3617691,47.5627348],[-124.3624803,47.5627922],[-124.3626355,47.5633264],[-124.3628261,47.5635985],[-124.3628454,47.564146],[-124.3630612,47.5651573],[-124.3633433,47.5655355],[-124.3632903,47.5658912],[-124.3634078,47.5666503],[-124.3636691,47.5673547],[-124.3638804,47.5685534],[-124.3641576,47.569356],[-124.3641003,47.5702501],[-124.3642929,47.5713423],[-124.3647568,47.5721709],[-124.3647497,47.5726497],[-124.3649774,47.5730403],[-124.3649676,47.5735036],[-124.3659296,47.5763453],[-124.3660331,47.57651],[-124.3661588,47.5765401],[-124.3663745,47.577295],[-124.3666053,47.5788093],[-124.3666505,47.5800882],[-124.3669088,47.5810898],[-124.3668767,47.5812265],[-124.366703,47.5812944],[-124.3666111,47.5814631],[-124.3669741,47.5825801],[-124.3669512,47.582882],[-124.3673709,47.5840807],[-124.369247,47.5906436],[-124.3699482,47.5914131],[-124.3701357,47.5925309],[-124.3709114,47.5936492],[-124.3709684,47.5943311],[-124.3711083,47.5945488],[-124.3715389,47.5948951],[-124.3719726,47.5949197],[-124.3723877,47.5951355],[-124.372587,47.5956266],[-124.3728073,47.5971246],[-124.3732445,47.5982123],[-124.3734727,47.5990184],[-124.3738399,47.5996949],[-124.3763494,47.6029193],[-124.3767494,47.6036826],[-124.3771712,47.6048656],[-124.3776672,47.6055705],[-124.3779691,47.6068637],[-124.3787051,47.6087729],[-124.3788874,47.6106149],[-124.3792956,47.612077],[-124.3790944,47.613518],[-124.3792504,47.6141857],[-124.3796141,47.6151375],[-124.3797314,47.6158782],[-124.3798106,47.6173707],[-124.3803461,47.619269],[-124.3805346,47.6207128],[-124.3809366,47.6219046],[-124.3810948,47.6229648],[-124.3814705,47.6243991],[-124.3823179,47.6257478],[-124.3825435,47.6273033],[-124.3826898,47.6278371],[-124.3832777,47.6289499],[-124.3838428,47.6304857],[-124.3839193,47.6311274],[-124.3840583,47.6314775],[-124.3841452,47.6328104],[-124.3842903,47.6334255],[-124.3847732,47.6344078],[-124.3850725,47.6347805],[-124.3857086,47.6352357],[-124.3857922,47.6353847],[-124.385836,47.6355804],[-124.3856341,47.63612],[-124.3855325,47.6370927],[-124.3857394,47.6381401],[-124.3864832,47.638181],[-124.3868248,47.6387802],[-124.3870776,47.6395164],[-124.3871956,47.6395868],[-124.3871574,47.6406176],[-124.3872988,47.6412171],[-124.3873678,47.6421462],[-124.3874414,47.6423419],[-124.387737,47.642421],[-124.3878469,47.642561],[-124.3878382,47.6427482],[-124.3873489,47.6434301],[-124.387447,47.6436724],[-124.3884583,47.6442829],[-124.3886028,47.6446733],[-124.3883527,47.6450976],[-124.3882007,47.6456501],[-124.38831,47.6458348],[-124.3886248,47.6460466],[-124.3888563,47.6464308],[-124.388497,47.6467568],[-124.3884599,47.6472398],[-124.3884834,47.6474264],[-124.3889243,47.6481121],[-124.3889792,47.648628],[-124.3891384,47.6490122],[-124.3894487,47.6495696],[-124.3895718,47.6500584],[-124.3897691,47.6505346],[-124.390542,47.6518226],[-124.3909597,47.65213],[-124.3912782,47.6521501],[-124.3918421,47.6524844],[-124.3918717,47.6522419],[-124.3920689,47.6521541],[-124.3923554,47.6522043],[-124.392348,47.6522674],[-124.3920773,47.6523223],[-124.3923925,47.6524847],[-124.3925302,47.6526726],[-124.3924855,47.6527602],[-124.3925752,47.6531403],[-124.3923925,47.653579],[-124.3920952,47.6537668],[-124.3919978,47.6539735],[-124.3923485,47.655377],[-124.392431,47.6560811],[-124.3932584,47.6579786],[-124.3932699,47.6582686],[-124.393446,47.6584507],[-124.3935367,47.6589901],[-124.3938864,47.6593702],[-124.3940416,47.659722],[-124.3942914,47.6609933],[-124.3948356,47.6621043],[-124.3955203,47.6625973],[-124.3956704,47.6627938],[-124.3957944,47.6631465],[-124.3957376,47.6634915],[-124.3958876,47.6639993],[-124.3965324,47.664755],[-124.3968656,47.6649976],[-124.3971053,47.665437],[-124.3972037,47.6661882],[-124.3980383,47.6671342],[-124.3982572,47.6675041],[-124.3985915,47.6676924],[-124.39985,47.6698814],[-124.4002041,47.670334],[-124.400457,47.6715599],[-124.4008566,47.6722537],[-124.4015459,47.6737732],[-124.4032459,47.6757183],[-124.4045739,47.6769688],[-124.4052981,47.6777866],[-124.4062375,47.6785101],[-124.4065435,47.6790096],[-124.4068279,47.6799128],[-124.4072824,47.6805586],[-124.4078014,47.6821087],[-124.4084492,47.6830158],[-124.409749,47.6856322],[-124.4105042,47.6866864],[-124.4113961,47.6875289],[-124.4117127,47.6881302],[-124.4125442,47.6909901],[-124.4139044,47.6949076],[-124.4143728,47.6968229],[-124.4146446,47.6988329],[-124.4145757,47.699648],[-124.4146266,47.7003433],[-124.4158073,47.7037254],[-124.4163956,47.7048529],[-124.4166063,47.7055339],[-124.4172572,47.7067065],[-124.4179618,47.7074739],[-124.4180089,47.7076242],[-124.4179541,47.7077432],[-124.4175177,47.7080218],[-124.4172506,47.7083668],[-124.4168934,47.7090572],[-124.416768,47.7099922],[-124.4169648,47.7108181],[-124.4174502,47.711936],[-124.417347,47.7124],[-124.4173776,47.7127674],[-124.4186139,47.7141215],[-124.4191512,47.714541],[-124.4198218,47.7148554],[-124.4197676,47.7150489],[-124.4193776,47.7154303],[-124.4192045,47.7159057],[-124.419051,47.7168711],[-124.4191281,47.7173957],[-124.4193762,47.7185347],[-124.4199579,47.7198107],[-124.4202218,47.7201644],[-124.4205402,47.7217299],[-124.4204928,47.7229055],[-124.4207539,47.7249631],[-124.421814,47.7287216],[-124.423134,47.732465],[-124.422977,47.7325763],[-124.4251953,47.7384339],[-124.4305152,47.7462035],[-124.4305462,47.7462488],[-124.4307188,47.7463431],[-124.4343769,47.7483434],[-124.4351919,47.7484819],[-124.4386392,47.7503827],[-124.4392316,47.7509979],[-124.4406321,47.7517637],[-124.4473822,47.7554538],[-124.4476287,47.7557136],[-124.447641,47.7557197],[-124.4476967,47.7557853],[-124.4497902,47.7579914],[-124.4499303,47.758085],[-124.4502327,47.7581756],[-124.4504703,47.7583287],[-124.4505473,47.7584867],[-124.4507164,47.7585636],[-124.4510626,47.7589677],[-124.451183,47.7596443],[-124.4507175,47.7603878],[-124.4507257,47.7606577],[-124.4510126,47.7619578],[-124.45182,47.7632809],[-124.4528422,47.7643867],[-124.4540249,47.7652987],[-124.4542196,47.7654215],[-124.456748,47.7661807],[-124.4589219,47.7649417],[-124.459302,47.7649119],[-124.4593837,47.7648697],[-124.4607178,47.7646646],[-124.4612695,47.7646859],[-124.4618487,47.7645236],[-124.462484,47.7646225],[-124.4628186,47.7647818],[-124.4628931,47.7648702],[-124.462796,47.7649184],[-124.4628199,47.7650103],[-124.4629352,47.7652369],[-124.4646167,47.7666],[-124.464885,47.7665852],[-124.4649381,47.7666913],[-124.4652086,47.7667181],[-124.4653791,47.7669243],[-124.4671442,47.767662],[-124.4674378,47.767563],[-124.4679149,47.7677021],[-124.4683159,47.7680321],[-124.4682493,47.7681079],[-124.4682628,47.7681295],[-124.46856,47.7682537],[-124.4696994,47.7677629],[-124.4697453,47.7676493],[-124.4700485,47.7676125],[-124.4709277,47.7672337],[-124.471026,47.7671761],[-124.4711812,47.7669618],[-124.4721475,47.7667742],[-124.4728325,47.7664959],[-124.4735009,47.7664127],[-124.4758606,47.7666341],[-124.4762624,47.7667759],[-124.4767735,47.7668467],[-124.4768863,47.7668149],[-124.4772814,47.7668828],[-124.4773233,47.7669229],[-124.4782357,47.7670494],[-124.4783555,47.7670393],[-124.4785323,47.7670906],[-124.4800413,47.7672997],[-124.4800324,47.7676412],[-124.4802122,47.7676923],[-124.4804108,47.7678924],[-124.4802353,47.768115],[-124.4804469,47.7689435],[-124.4802715,47.7691459],[-124.480154,47.7691517],[-124.4801168,47.7690778],[-124.4798328,47.7691321],[-124.4797534,47.7692292],[-124.4800005,47.769243],[-124.4800005,47.7692434],[-124.4797762,47.7693403],[-124.4785307,47.769513],[-124.4780865,47.7697825],[-124.4776159,47.7698738],[-124.476114,47.7700266],[-124.4750054,47.7699665],[-124.4747977,47.7700056],[-124.4748638,47.7701176],[-124.4753616,47.7704854],[-124.4751338,47.7708031],[-124.4749003,47.7708174],[-124.4741674,47.7705635],[-124.4735534,47.7706864],[-124.4733606,47.7707909],[-124.4736329,47.7709416],[-124.4736401,47.7714133],[-124.4735629,47.7715871],[-124.4730897,47.7713521],[-124.4730224,47.7715622],[-124.4732918,47.7717181],[-124.473233,47.7719574],[-124.4721513,47.7717543],[-124.4718869,47.7720362],[-124.4722519,47.7720799],[-124.4724565,47.772028],[-124.4728716,47.7722719],[-124.4728605,47.7723924],[-124.4723474,47.7726228],[-124.4724912,47.7728628],[-124.4727281,47.772826],[-124.4727804,47.7726473],[-124.4729908,47.7726041],[-124.4738571,47.7730092],[-124.4742688,47.7733899],[-124.4741676,47.7736092],[-124.4744285,47.7739541],[-124.4744598,47.7742502],[-124.4751828,47.7745179],[-124.4756252,47.7745824],[-124.4759958,47.7748449],[-124.476216,47.7747722],[-124.4767434,47.7748863],[-124.4766754,47.7750329],[-124.476714,47.7753201],[-124.4769508,47.7754476],[-124.4770118,47.7755839],[-124.4769161,47.7757111],[-124.4770134,47.7758471],[-124.4769617,47.7760248],[-124.4768268,47.7761038],[-124.4766393,47.7760731],[-124.4764299,47.7759371],[-124.4762983,47.7761209],[-124.4761147,47.7762133],[-124.4761464,47.7762883],[-124.4763525,47.7763019],[-124.4772129,47.7769166],[-124.4772118,47.7771046],[-124.4768865,47.7773684],[-124.4766155,47.7773079],[-124.476499,47.7774455],[-124.4763263,47.777492],[-124.4763978,47.7775828],[-124.4767126,47.7776284],[-124.4769147,47.7777695],[-124.4769025,47.7781013],[-124.4770866,47.7782341],[-124.477157,47.7785043],[-124.4769385,47.7787376],[-124.476549,47.7789211],[-124.4767553,47.7792304],[-124.4773215,47.7792831],[-124.4774167,47.7795025],[-124.4776169,47.7795988],[-124.4780612,47.7802101],[-124.4796797,47.7814272],[-124.4798276,47.7816934],[-124.4796619,47.7818215],[-124.4797809,47.7820428],[-124.4793649,47.7823042],[-124.4793701,47.782374],[-124.4796228,47.7823726],[-124.4798586,47.7822451],[-124.4801964,47.7827115],[-124.4807256,47.7832145],[-124.4807007,47.7834886],[-124.4803532,47.7838923],[-124.4806043,47.7847652],[-124.4810576,47.7853834],[-124.4816526,47.7857137],[-124.4819354,47.7861573],[-124.4823851,47.7865295],[-124.4824836,47.7867491],[-124.4825399,47.7869259],[-124.4822572,47.7874369],[-124.4821178,47.7880027],[-124.4821522,47.7884056],[-124.4820386,47.788509],[-124.4821112,47.7888143],[-124.4819669,47.7891583],[-124.4821693,47.7893728],[-124.4827053,47.7895943],[-124.4827549,47.7897753],[-124.4825727,47.7905215],[-124.4826045,47.7906775],[-124.4827498,47.7907852],[-124.4826692,47.7910821],[-124.4827182,47.7913877],[-124.482866,47.7915865],[-124.4830608,47.7916472],[-124.4831315,47.7917951],[-124.4831771,47.7915311],[-124.4833714,47.7915737],[-124.4834493,47.7919215],[-124.4832187,47.7923013],[-124.4830623,47.7924],[-124.4826035,47.7921754],[-124.4821634,47.7920651],[-124.4817182,47.792051],[-124.4817835,47.7928598],[-124.4820965,47.7929741],[-124.4823221,47.7928967],[-124.4824707,47.7929516],[-124.4825181,47.7930553],[-124.4824575,47.7935394],[-124.4821894,47.7939124],[-124.4827632,47.7943466],[-124.4827035,47.7945634],[-124.4829142,47.7947807],[-124.4826326,47.794828],[-124.4829812,47.7954347],[-124.4828312,47.7963673],[-124.4828877,47.7965787],[-124.4834667,47.7979234],[-124.4834726,47.798853],[-124.4833445,47.7992058],[-124.4835088,47.8002393],[-124.4837999,47.8008737],[-124.4839997,47.8015734],[-124.4843465,47.8021713],[-124.4847407,47.8025118],[-124.4852893,47.8032039],[-124.4855793,47.8038622],[-124.4857114,47.804418],[-124.4856662,47.8052514],[-124.4859124,47.8064098],[-124.4858906,47.8071814],[-124.4860956,47.8081117],[-124.4862136,47.8083118],[-124.4874857,47.8095792],[-124.487824,47.8100961],[-124.4880109,47.8106555],[-124.4878696,47.8127635],[-124.4879536,47.8131719],[-124.4882472,47.8136797],[-124.4883761,47.8143523],[-124.488721,47.8149324],[-124.4892916,47.8153135],[-124.4898955,47.8153618],[-124.489901,47.8152975],[-124.490543,47.8150948],[-124.4907072,47.8152883],[-124.490639,47.8154321],[-124.4904488,47.8155427],[-124.4904955,47.8156072],[-124.4903175,47.8157185],[-124.4902295,47.815741],[-124.4900787,47.8155911],[-124.490011,47.815674],[-124.4903838,47.8166562],[-124.491116,47.817895],[-124.4912491,47.8180172],[-124.4942384,47.8200524],[-124.4951099,47.8202411],[-124.4956653,47.8201832],[-124.4959202,47.8200739],[-124.4959669,47.8198714],[-124.4963328,47.8194808],[-124.4968391,47.8191191],[-124.4970642,47.8190867],[-124.4971854,47.8192156],[-124.497061,47.8195257],[-124.4969816,47.8203421],[-124.4968481,47.8205132],[-124.4966785,47.8205769],[-124.4962835,47.8205416],[-124.496114,47.8208954],[-124.4960723,47.8210771],[-124.4963463,47.8214177],[-124.4969417,47.821749],[-124.5004767,47.8229779],[-124.50197,47.8231718],[-124.5022354,47.8232425],[-124.5061569,47.8238312],[-124.5071526,47.8237145],[-124.507287,47.8237712],[-124.5091597,47.8233438],[-124.5091652,47.8233216],[-124.5092942,47.8233131],[-124.5095032,47.8232655],[-124.5095021,47.8231108],[-124.5093012,47.8228459],[-124.5093441,47.8227491],[-124.5095245,47.8228267],[-124.5095654,47.8226783],[-124.5096514,47.8226424],[-124.5096529,47.8228372],[-124.5097712,47.8229367],[-124.5098742,47.8228999],[-124.5099148,47.822749],[-124.5101723,47.8226513],[-124.5103066,47.822486],[-124.5104371,47.822473],[-124.5104784,47.8226021],[-124.5103533,47.822869],[-124.5104602,47.8229574],[-124.5106084,47.8229655],[-124.5105833,47.8229015],[-124.5107309,47.8227783],[-124.5108702,47.8229535],[-124.5109119,47.822944],[-124.5109922,47.8229075],[-124.5109571,47.8228043],[-124.5106072,47.822597],[-124.510495,47.8223289],[-124.5106233,47.8222004],[-124.5106927,47.822329],[-124.5107816,47.8223297],[-124.5108721,47.8220334],[-124.5110157,47.8220387],[-124.510968,47.8218032],[-124.5110651,47.8217531],[-124.5105774,47.8214503],[-124.5108208,47.8213327],[-124.5108598,47.8209974],[-124.5110103,47.8208914],[-124.5109532,47.8207817],[-124.5111364,47.82078],[-124.5110705,47.8206864],[-124.5111277,47.8203968],[-124.5112073,47.8203204],[-124.5116112,47.8203101],[-124.5116146,47.8202292],[-124.5112945,47.8200508],[-124.5113286,47.8199768],[-124.5117879,47.819927],[-124.5120139,47.819789],[-124.5120276,47.8200153],[-124.5121975,47.82006],[-124.512248,47.8201531],[-124.512807,47.8200343],[-124.5130277,47.8201023],[-124.5131063,47.8202357],[-124.5130593,47.8205007],[-124.5125807,47.8207982],[-124.512659,47.8209199],[-124.5121584,47.8209816],[-124.512214,47.8210193],[-124.512214,47.8210194],[-124.5118768,47.8211669],[-124.5121282,47.8213175],[-124.5124003,47.821326],[-124.512658,47.8214966],[-124.5127371,47.8216301],[-124.512675,47.8217594],[-124.5125236,47.8218554],[-124.5121996,47.8217065],[-124.5120195,47.8216959],[-124.5118815,47.821785],[-124.5118475,47.8215776],[-124.5117446,47.8215036],[-124.511572,47.8216396],[-124.511661,47.8217147],[-124.5112685,47.8219607],[-124.5114343,47.8220354],[-124.5114082,47.822163],[-124.5112631,47.822197],[-124.5111823,47.8223257],[-124.5113247,47.8224361],[-124.5112696,47.8226519],[-124.5113764,47.8227204],[-124.5123142,47.8223995],[-124.5124855,47.8222732],[-124.5128812,47.8222411],[-124.5129882,47.8219629],[-124.5131551,47.8218895],[-124.5133213,47.8219241],[-124.513606,47.8216781],[-124.5137868,47.8216813],[-124.5137869,47.8216814],[-124.5136647,47.8218024],[-124.513706,47.8218754],[-124.5141611,47.8217032],[-124.5142833,47.8217218],[-124.5143291,47.8218147],[-124.5144332,47.8217336],[-124.5145074,47.8217673],[-124.5145392,47.8218508],[-124.5143768,47.8220617],[-124.5141245,47.8221763],[-124.5141295,47.8222971],[-124.5148975,47.8223706],[-124.5151446,47.8222467],[-124.5151448,47.822247],[-124.5146557,47.8227844],[-124.5148134,47.8231029],[-124.5150334,47.8231966],[-124.5149646,47.8232646],[-124.515089,47.8234525],[-124.5153187,47.8235366],[-124.5154807,47.8234929],[-124.5155438,47.8235921],[-124.5157799,47.8236423],[-124.5157799,47.8236426],[-124.5156991,47.8236669],[-124.5157843,47.823696],[-124.5157485,47.8237665],[-124.5155828,47.8238937],[-124.5155829,47.8239724],[-124.5156865,47.824005],[-124.5156832,47.8242443],[-124.5160229,47.8241328],[-124.5160742,47.824179],[-124.515685,47.8243821],[-124.5156728,47.8244115],[-124.5159254,47.8245768],[-124.5159674,47.8245521],[-124.5162594,47.8245517],[-124.5161587,47.8247296],[-124.5187389,47.8264187],[-124.5186814,47.8261634],[-124.5189415,47.8261178],[-124.5191961,47.8261926],[-124.5191961,47.8261927],[-124.5190705,47.8262744],[-124.5193527,47.826511],[-124.519325,47.8267493],[-124.5193705,47.8268322],[-124.5193912,47.8268458],[-124.5200069,47.8278621],[-124.5200972,47.8279499],[-124.5200906,47.8280003],[-124.5203056,47.8283552],[-124.5204524,47.8284549],[-124.5204924,47.8286635],[-124.5209496,47.8294181],[-124.520995,47.8294693],[-124.521066,47.8296103],[-124.5218518,47.8309075],[-124.5224122,47.8312164],[-124.5255763,47.8322178],[-124.5272333,47.8324948],[-124.5279364,47.8327031],[-124.5287203,47.8327817],[-124.5343915,47.8329872],[-124.5365565,47.8335973],[-124.5384556,47.8337291],[-124.5397814,47.8335449],[-124.5403476,47.8331814],[-124.5400484,47.8326751],[-124.5401159,47.8324372],[-124.5403303,47.8324022],[-124.5408577,47.8326854],[-124.54096,47.8328633],[-124.5412007,47.8329892],[-124.5412546,47.8328844],[-124.5419852,47.8331518],[-124.5425475,47.833502],[-124.5419715,47.832892],[-124.5420617,47.832588],[-124.5422712,47.8325533],[-124.5422894,47.8324881],[-124.5416751,47.8320722],[-124.5416921,47.8319972],[-124.5417463,47.8319259],[-124.5419326,47.8320187],[-124.5427765,47.8318244],[-124.5427685,47.8316687],[-124.5425302,47.8315947],[-124.5424045,47.8313809],[-124.5432294,47.8313074],[-124.5433057,47.8312354],[-124.543101,47.8310424],[-124.5434678,47.8308295],[-124.5437736,47.8307735],[-124.5439695,47.8308403],[-124.5442164,47.8307939],[-124.5445418,47.8309384],[-124.5445418,47.8309386],[-124.5444135,47.8309882],[-124.544458,47.8311557],[-124.5441045,47.8313575],[-124.5445009,47.8314483],[-124.5445009,47.8314485],[-124.5441936,47.8316132],[-124.5442842,47.831707],[-124.5441183,47.8318347],[-124.5442812,47.8319067],[-124.5444604,47.8318162],[-124.5453061,47.831739],[-124.5461963,47.8320404],[-124.5461963,47.8320406],[-124.5459828,47.8321319],[-124.5460197,47.832273],[-124.54619,47.8322786],[-124.546408,47.8321103],[-124.5465837,47.8321502],[-124.5467016,47.8322987],[-124.5469203,47.8321831],[-124.5470549,47.832198],[-124.5469218,47.8323697],[-124.5470453,47.8324953],[-124.5472354,47.8323299],[-124.5473859,47.8323386],[-124.5473748,47.8324412],[-124.5475332,47.8326084],[-124.5479131,47.8322587],[-124.5481391,47.8323257],[-124.5482754,47.8326323],[-124.5481295,47.8327456],[-124.5477048,47.8328185],[-124.5475199,47.8329519],[-124.5475885,47.8331467],[-124.5474502,47.8332966],[-124.5469936,47.8333055],[-124.5466588,47.8336736],[-124.5462655,47.8339473],[-124.546021,47.8339853],[-124.5458937,47.8341315],[-124.5459097,47.8343454],[-124.545794,47.8345955],[-124.5456422,47.8347525],[-124.5450029,47.8347805],[-124.5440937,47.8345399],[-124.543748,47.8347734],[-124.5438563,47.8348957],[-124.543383,47.8350054],[-124.543196,47.8351674],[-124.5439387,47.8358851],[-124.5445447,47.8360952],[-124.5443928,47.8362656],[-124.5435083,47.8359412],[-124.5434249,47.8359871],[-124.5436657,47.8361522],[-124.5436656,47.8363575],[-124.5435126,47.8364029],[-124.5434929,47.8367323],[-124.5432907,47.8368157],[-124.5427974,47.8365473],[-124.5424089,47.8364675],[-124.5418893,47.8366548],[-124.541718,47.8368673],[-124.5417977,47.8371328],[-124.5417613,47.8373196],[-124.5418627,47.8374869],[-124.5417056,47.8376209],[-124.5413124,47.8375925],[-124.540957,47.8376823],[-124.5409729,47.8378647],[-124.5407805,47.8378447],[-124.5409005,47.8382019],[-124.5406063,47.838231],[-124.5405446,47.8383502],[-124.5402365,47.8382682],[-124.5398521,47.8379759],[-124.5398058,47.8385968],[-124.5401274,47.8388529],[-124.5402836,47.8387984],[-124.5405123,47.8388956],[-124.540559,47.8390907],[-124.5402667,47.8393993],[-124.5398377,47.8394929],[-124.5397318,47.8395898],[-124.5396235,47.841044],[-124.5396886,47.8412184],[-124.5400115,47.8416728],[-124.5404177,47.84206],[-124.5407441,47.8422822],[-124.5409046,47.8422592],[-124.5409837,47.8423166],[-124.5409442,47.8424121],[-124.541545,47.8427488],[-124.5429081,47.8434279],[-124.5440069,47.8444141],[-124.5446349,47.8448105],[-124.5457452,47.8452422],[-124.5500522,47.8454077],[-124.5500943,47.8456269],[-124.5503808,47.8455973],[-124.5504047,47.845409],[-124.5500481,47.8450658],[-124.5499184,47.8445508],[-124.5496801,47.8444507],[-124.5495638,47.8442356],[-124.5497347,47.8440754],[-124.5502252,47.843921],[-124.5503124,47.8438117],[-124.5498916,47.8432568],[-124.550028,47.8430454],[-124.5500097,47.8428061],[-124.5500978,47.8426511],[-124.550251,47.842658],[-124.5504854,47.8428578],[-124.5507054,47.8426882],[-124.5514435,47.8433006],[-124.552374,47.8435543],[-124.5526228,47.8439947],[-124.5529726,47.8440307],[-124.5532237,47.8441716],[-124.5532515,47.8443914],[-124.5528405,47.8445057],[-124.5528924,47.8446145],[-124.5531634,47.8447125],[-124.5533426,47.8449278],[-124.5534929,47.8449561],[-124.5541651,47.8454002],[-124.5545794,47.8455445],[-124.5552714,47.845629],[-124.5553992,47.8457702],[-124.5557339,47.8458145],[-124.5560478,47.8459657],[-124.5560007,47.8461128],[-124.555701,47.846216],[-124.5552653,47.8461933],[-124.5550953,47.8464996],[-124.5543636,47.8466465],[-124.5537593,47.8466077],[-124.5532608,47.8463818],[-124.5529178,47.8463674],[-124.552248,47.8458719],[-124.5517745,47.8458363],[-124.5513717,47.8460607],[-124.551049,47.8465839],[-124.5510423,47.8478871],[-124.5514027,47.8491998],[-124.5519628,47.8499829],[-124.5529877,47.8510387],[-124.5533311,47.8512146],[-124.5536569,47.8515016],[-124.5552175,47.8521219],[-124.5565144,47.8524073],[-124.5573585,47.8526723],[-124.5575627,47.8528187],[-124.5579332,47.8528663],[-124.5581283,47.852736],[-124.5584718,47.8528227],[-124.5584267,47.8526344],[-124.5585058,47.8525208],[-124.5586653,47.8525107],[-124.558602,47.8522947],[-124.5586853,47.8522767],[-124.5589881,47.8527489],[-124.5595154,47.8529963],[-124.5598244,47.8535127],[-124.5599505,47.8538398],[-124.5599064,47.8539322],[-124.5597304,47.8539273],[-124.5596949,47.8540126],[-124.5591297,47.8537325],[-124.558802,47.8542388],[-124.5587986,47.8544678],[-124.5589738,47.8546422],[-124.5591972,47.8552471],[-124.5591379,47.8553336],[-124.5592091,47.855687],[-124.5590153,47.8561992],[-124.5590647,47.856344],[-124.559235,47.8563645],[-124.5593529,47.8565401],[-124.5589749,47.8567586],[-124.559137,47.856903],[-124.5590902,47.8573663],[-124.5591276,47.8574767],[-124.5595208,47.8573746],[-124.5597786,47.8571814],[-124.5597889,47.8570012],[-124.560115,47.8569209],[-124.5605937,47.8571422],[-124.5607944,47.8570243],[-124.5609267,47.8570564],[-124.5610591,47.8571899],[-124.5610081,47.8572951],[-124.5614177,47.857747],[-124.5611623,47.858005],[-124.561288,47.8581955],[-124.561185,47.8583487],[-124.5607753,47.8585144],[-124.5602205,47.8585202],[-124.5592642,47.8582048],[-124.5585019,47.8582346],[-124.558523,47.8584271],[-124.5586137,47.8586088],[-124.5586692,47.8589941],[-124.5589744,47.8596135],[-124.5593339,47.8599522],[-124.559256,47.8607596],[-124.5589852,47.86169],[-124.5590624,47.8618671],[-124.5593409,47.8619611],[-124.559461,47.862244],[-124.5592914,47.862593],[-124.5589971,47.862746],[-124.5590343,47.8630849],[-124.5611671,47.8650908],[-124.561273,47.8649379],[-124.5619053,47.8650511],[-124.562174,47.8655509],[-124.5623972,47.8656228],[-124.5628219,47.8654397],[-124.5630377,47.8654548],[-124.5630563,47.8656232],[-124.5628977,47.8656747],[-124.5629484,47.865767],[-124.5628624,47.8659988],[-124.5629599,47.866088],[-124.5630669,47.8660431],[-124.5630434,47.8659427],[-124.5631311,47.8658221],[-124.563641,47.8658729],[-124.5638404,47.8661474],[-124.5640375,47.866269],[-124.5641988,47.8666096],[-124.5645399,47.8668115],[-124.5644222,47.8669826],[-124.5660909,47.8676041],[-124.5660912,47.8676042],[-124.5662718,47.8675391],[-124.5665633,47.867341],[-124.566127,47.8672529],[-124.566127,47.8672527],[-124.5663423,47.8671496],[-124.5661732,47.8669742],[-124.5662955,47.8668046],[-124.5664402,47.8668705],[-124.5665333,47.8670319],[-124.5667444,47.867058],[-124.5670805,47.8667632],[-124.5673034,47.8668381],[-124.5676158,47.8666258],[-124.5676185,47.8666174],[-124.5680077,47.866108],[-124.5687282,47.8656773],[-124.5690724,47.8655625],[-124.5695919,47.8655757],[-124.5697415,47.8657131],[-124.5696674,47.865812],[-124.5699268,47.8658719],[-124.5703524,47.8657386],[-124.5712025,47.8649596],[-124.5716116,47.8649745],[-124.5717203,47.8652359],[-124.571657,47.8654475],[-124.5710858,47.8656369],[-124.5710238,47.8657375],[-124.5713818,47.8659013],[-124.5719252,47.865884],[-124.5721097,47.8657497],[-124.5724697,47.8657512],[-124.5727934,47.8656473],[-124.5731791,47.8659003],[-124.5735476,47.8656349],[-124.5736634,47.8656996],[-124.5736953,47.8658787],[-124.5739677,47.8658524],[-124.5743717,47.8660241],[-124.5744577,47.8661462],[-124.5744599,47.8664668],[-124.5747419,47.866617],[-124.5748071,47.8669452],[-124.5750034,47.8672798],[-124.5755598,47.867675],[-124.5756093,47.8677346],[-124.5755491,47.8678914],[-124.5760162,47.8681778],[-124.5760653,47.8684583],[-124.576273,47.8688585],[-124.5762337,47.8689402],[-124.5763128,47.8690191],[-124.5764658,47.8689805],[-124.5766744,47.8694142],[-124.5766145,47.8694944],[-124.5768317,47.8695971],[-124.5767923,47.8700572],[-124.5769586,47.8702483],[-124.5768927,47.8704404],[-124.5770697,47.8709478],[-124.5798168,47.8744736],[-124.5800188,47.8746158],[-124.5848221,47.8765375],[-124.5854826,47.8767156],[-124.5868099,47.8773298],[-124.588397,47.8778973],[-124.5918488,47.8781984],[-124.5961973,47.8785777],[-124.5966099,47.8786137],[-124.5966656,47.878536],[-124.5987736,47.8756004],[-124.5987791,47.8755735],[-124.5990404,47.8750696],[-124.5986985,47.8749545],[-124.598769,47.8748215],[-124.5986643,47.8747242],[-124.5988032,47.8742796],[-124.599144,47.8740949],[-124.5998329,47.8743236],[-124.5999049,47.8743916],[-124.6006609,47.8736959],[-124.600687,47.8735838],[-124.6007598,47.8736049],[-124.6008348,47.8735359],[-124.6007669,47.8733812],[-124.6006915,47.8726243],[-124.6008422,47.8722827],[-124.6008226,47.8721226],[-124.6006081,47.8719838],[-124.6007096,47.8718505],[-124.6009944,47.8718033],[-124.6015275,47.8722352],[-124.6019044,47.8723153],[-124.6020771,47.8721621],[-124.6021304,47.8718414],[-124.602418,47.8717306],[-124.602558,47.8714434],[-124.6027455,47.8713243],[-124.6031329,47.8714098],[-124.6031409,47.8714138],[-124.603215,47.8713456],[-124.6034735,47.8715777],[-124.6035683,47.8716245],[-124.6036098,47.8717001],[-124.6036525,47.8717385],[-124.6039431,47.8716513],[-124.6041474,47.8716881],[-124.6044365,47.8718985],[-124.6044841,47.8720018],[-124.6044257,47.8721362],[-124.6046637,47.8723335],[-124.6046899,47.8724772],[-124.6045368,47.8725293],[-124.6045359,47.8725318],[-124.6048185,47.8727855],[-124.6049409,47.8724366],[-124.6052837,47.8723681],[-124.6053519,47.872135],[-124.6055299,47.872047],[-124.6054151,47.8719633],[-124.6056782,47.8718082],[-124.6062976,47.8719053],[-124.6063853,47.8717054],[-124.6070073,47.8717661],[-124.6072241,47.8718771],[-124.6078802,47.8717493],[-124.6082107,47.8718473],[-124.6084514,47.871759],[-124.6084504,47.871663],[-124.6082318,47.871688],[-124.6081452,47.8715712],[-124.6084954,47.8714466],[-124.6087206,47.8717108],[-124.6086524,47.8717903],[-124.6090012,47.8718149],[-124.6092749,47.8717022],[-124.6090201,47.8715885],[-124.6090201,47.8715883],[-124.609214,47.8715028],[-124.6092641,47.8713125],[-124.6100743,47.8713241],[-124.6104371,47.8714431],[-124.6103201,47.8713547],[-124.6103039,47.8712375],[-124.6101495,47.8712562],[-124.6100183,47.8711077],[-124.6102567,47.8710807],[-124.6106572,47.8711887],[-124.6107783,47.8712841],[-124.6107556,47.8713412],[-124.6113422,47.8715178],[-124.6118182,47.8719723],[-124.611818,47.8719725],[-124.6117141,47.8719431],[-124.6120097,47.8721088],[-124.6121996,47.8724082],[-124.6126284,47.8725479],[-124.6126928,47.8729106],[-124.6125454,47.8729074],[-124.6120804,47.8725272],[-124.6119719,47.8725236],[-124.6116867,47.8727167],[-124.6115276,47.8726217],[-124.6113308,47.8726471],[-124.6114414,47.8728173],[-124.6111889,47.8730444],[-124.6112557,47.8732498],[-124.6112203,47.8733189],[-124.6110915,47.8732302],[-124.6109333,47.8733637],[-124.6108116,47.8735214],[-124.6107751,47.8738705],[-124.6106766,47.8739889],[-124.6104825,47.8738981],[-124.6097702,47.8739378],[-124.6092965,47.8740426],[-124.6092923,47.8740507],[-124.6089108,47.8747849],[-124.6090237,47.8748607],[-124.6089862,47.8751223],[-124.6094166,47.8752286],[-124.6094208,47.8753937],[-124.6097985,47.8756218],[-124.609807,47.8757488],[-124.6096434,47.8759552],[-124.6099958,47.876261],[-124.6099723,47.8763597],[-124.6092216,47.8762347],[-124.6097209,47.8765016],[-124.6103411,47.8763592],[-124.6105676,47.8765919],[-124.6104114,47.8767783],[-124.6103733,47.8770464],[-124.6101242,47.8771855],[-124.6095678,47.8773032],[-124.6092789,47.8775075],[-124.6090965,47.8775602],[-124.6091303,47.8777464],[-124.6091826,47.8777511],[-124.6091891,47.8778443],[-124.6091505,47.8778581],[-124.6093684,47.8790594],[-124.6102427,47.879377],[-124.6105776,47.879905],[-124.6109681,47.8802818],[-124.6113257,47.8807997],[-124.6116864,47.8810672],[-124.6122822,47.8813644],[-124.6125222,47.8813638],[-124.6129362,47.881193],[-124.6131505,47.881262],[-124.6159232,47.8827829],[-124.6175226,47.8833225],[-124.6177533,47.8834605],[-124.6177637,47.8835619],[-124.6180773,47.8835832],[-124.6185305,47.8837962],[-124.6190116,47.883871],[-124.6193664,47.8840928],[-124.6199909,47.8842856],[-124.6203922,47.8845538],[-124.6212876,47.8848438],[-124.6224136,47.885683],[-124.6227007,47.8857427],[-124.6228342,47.885681],[-124.6223681,47.8854052],[-124.6224316,47.8852641],[-124.6225966,47.8852342],[-124.6254055,47.8854769],[-124.6267488,47.885867],[-124.6271881,47.8858801],[-124.6271822,47.8861842],[-124.6265761,47.8866562],[-124.6262781,47.8871966],[-124.6262609,47.887397],[-124.6264765,47.8878044],[-124.6280388,47.8888176],[-124.6284633,47.8891994],[-124.6285344,47.8895679],[-124.6280081,47.8898579],[-124.6277479,47.8901325],[-124.6278501,47.8902316],[-124.6288105,47.8900269],[-124.6295007,47.8906011],[-124.630852,47.8910644],[-124.6313272,47.8911089],[-124.6315272,47.8908588],[-124.6317147,47.8907557],[-124.6318748,47.8907757],[-124.6319875,47.8910701],[-124.6322476,47.8912718],[-124.6319323,47.8914111],[-124.6315125,47.8914191],[-124.6313923,47.8915895],[-124.6315155,47.8918598],[-124.6305119,47.8921222],[-124.6303961,47.8922329],[-124.6303407,47.8924856],[-124.6307216,47.8927292],[-124.6311994,47.8927819],[-124.6313341,47.8927488],[-124.6316241,47.8924774],[-124.6318765,47.8924667],[-124.6318405,47.8923967],[-124.6323745,47.8922792],[-124.6322088,47.8922176],[-124.6322397,47.8921347],[-124.6325127,47.892157],[-124.6325128,47.8921571],[-124.6324144,47.8922618],[-124.6324799,47.8922833],[-124.63294,47.8921407],[-124.6330031,47.8922178],[-124.632724,47.8924264],[-124.632656,47.8925713],[-124.6321208,47.8925372],[-124.6322116,47.8925743],[-124.6321409,47.8926879],[-124.6323691,47.8927755],[-124.6324149,47.8929165],[-124.6318079,47.8933177],[-124.6316215,47.8932524],[-124.6315639,47.8933888],[-124.6311944,47.8935872],[-124.6313811,47.8937291],[-124.6316578,47.8937712],[-124.632449,47.8931075],[-124.6326849,47.8930184],[-124.6326851,47.8930188],[-124.6321595,47.893404],[-124.632242,47.8934577],[-124.6324409,47.8933354],[-124.6324934,47.8933782],[-124.6323537,47.8934882],[-124.6324006,47.8935438],[-124.6327974,47.8933674],[-124.6327982,47.8934511],[-124.632955,47.8934774],[-124.632955,47.8934777],[-124.6326817,47.8935665],[-124.6328263,47.8936468],[-124.6323412,47.8939066],[-124.632389,47.8939492],[-124.6326818,47.8938036],[-124.6331753,47.893811],[-124.6333654,47.8936857],[-124.6333377,47.8935937],[-124.6334179,47.8935498],[-124.6336338,47.8936987],[-124.6336338,47.8936988],[-124.633556,47.8937154],[-124.6336257,47.8937973],[-124.6335447,47.893878],[-124.6333498,47.8938258],[-124.6330637,47.8941426],[-124.6326403,47.894195],[-124.6323317,47.8944152],[-124.6326477,47.8945718],[-124.6323522,47.8948036],[-124.6325303,47.8948319],[-124.6325303,47.894832],[-124.632453,47.8949014],[-124.6322676,47.8948292],[-124.6320715,47.8948639],[-124.6319167,47.8949558],[-124.6320114,47.8950323],[-124.6322187,47.8949572],[-124.6323496,47.8950002],[-124.6323496,47.8950003],[-124.632196,47.8951066],[-124.6320294,47.8950806],[-124.6321144,47.8951381],[-124.6321143,47.8951383],[-124.6317042,47.8951256],[-124.6317084,47.8951884],[-124.6319072,47.8951857],[-124.6319439,47.8952627],[-124.6318093,47.8952797],[-124.6318981,47.8953369],[-124.631784,47.8955141],[-124.6315631,47.8954825],[-124.6315035,47.8956639],[-124.6313648,47.8955695],[-124.631535,47.8954585],[-124.6313954,47.8953984],[-124.6312376,47.8956181],[-124.6313609,47.8957243],[-124.6313607,47.8957246],[-124.631174,47.8956699],[-124.6310974,47.8957178],[-124.6312318,47.8957474],[-124.6312318,47.8957476],[-124.6309093,47.8958975],[-124.6298143,47.8958802],[-124.6297063,47.8969679],[-124.6297088,47.896973],[-124.6331072,47.9038698],[-124.6406119,47.9074629],[-124.6414263,47.9078528],[-124.6414264,47.9078576],[-124.6414364,47.9083843],[-124.6414963,47.911551],[-124.6408757,47.9133088],[-124.6397543,47.9164853],[-124.6388083,47.919165],[-124.6392975,47.9203575],[-124.6394211,47.9203611],[-124.639529,47.920922],[-124.6408222,47.9240745],[-124.6441048,47.9320772],[-124.6454423,47.9353378],[-124.6484609,47.9389649],[-124.6484774,47.9389734],[-124.6484972,47.9390085],[-124.649085,47.9397148],[-124.6491826,47.9397668],[-124.6495034,47.9395715],[-124.6498883,47.9396341],[-124.6498261,47.9397163],[-124.6499969,47.9398007],[-124.6500461,47.9399413],[-124.6499989,47.9400575],[-124.649858,47.940117],[-124.6498575,47.9403408],[-124.6495994,47.9403329],[-124.6497154,47.9404723],[-124.6500166,47.9408342],[-124.6502448,47.9407922],[-124.6502475,47.9410564],[-124.6502258,47.9410856],[-124.650601,47.9415365],[-124.6507894,47.9416037],[-124.6512515,47.941326],[-124.6517679,47.9411723],[-124.6522795,47.9412516],[-124.6523276,47.941338],[-124.652218,47.9414567],[-124.6524443,47.9415102],[-124.6530823,47.941403],[-124.6531081,47.9416534],[-124.6527788,47.9421148],[-124.6527381,47.9423464],[-124.6530755,47.9428477],[-124.6533495,47.9431034],[-124.6533552,47.9433218],[-124.6537674,47.9435765],[-124.6539515,47.9438461],[-124.653649,47.9441473],[-124.6537361,47.9441975],[-124.6539515,47.9442663],[-124.6539155,47.944301],[-124.6546895,47.9447474],[-124.6556485,47.9444408],[-124.6557392,47.9444696],[-124.6556491,47.9446417],[-124.6559294,47.9448731],[-124.6559265,47.9451515],[-124.6562916,47.9451763],[-124.6564053,47.9453282],[-124.656771,47.9454958],[-124.6572819,47.9454589],[-124.6575544,47.945625],[-124.6577699,47.9455185],[-124.6582367,47.9447526],[-124.6584146,47.94464],[-124.6589834,47.9445789],[-124.6589481,47.9443559],[-124.6591199,47.9442514],[-124.6604772,47.9440699],[-124.6607413,47.9438927],[-124.6611436,47.9440622],[-124.6612897,47.9442566],[-124.6609468,47.9446876],[-124.6603824,47.9447808],[-124.6604534,47.9450696],[-124.6603665,47.945123],[-124.6596629,47.9449774],[-124.6597034,47.9452622],[-124.659883,47.94551],[-124.6603457,47.9457444],[-124.6607866,47.9457285],[-124.6615192,47.9460735],[-124.6619385,47.9459183],[-124.6622381,47.946199],[-124.6621816,47.9464042],[-124.6623819,47.9463498],[-124.6625399,47.9464389],[-124.6624615,47.9466341],[-124.6622336,47.9466538],[-124.6621784,47.9467413],[-124.662533,47.9467511],[-124.6630013,47.9469235],[-124.6630943,47.9470431],[-124.6628534,47.9472076],[-124.6625644,47.9471805],[-124.6623955,47.9474837],[-124.662547,47.9475302],[-124.6628336,47.9473752],[-124.663083,47.9474261],[-124.6631946,47.9475665],[-124.6629997,47.9478162],[-124.6633608,47.9478532],[-124.6634593,47.9480064],[-124.6632395,47.9481452],[-124.6627939,47.9482212],[-124.6628092,47.9483319],[-124.6630471,47.9485896],[-124.6627355,47.9486901],[-124.662318,47.9490523],[-124.662627,47.9492032],[-124.6627546,47.9494262],[-124.6629697,47.9495514],[-124.6633087,47.9494665],[-124.6633696,47.9496607],[-124.6633352,47.950046],[-124.6635321,47.9500712],[-124.663686,47.9498553],[-124.664062,47.9500167],[-124.6636739,47.9504803],[-124.6635975,47.951434],[-124.6634828,47.9516839],[-124.6635377,47.951837],[-124.6631793,47.9519252],[-124.6633076,47.9520042],[-124.6633214,47.9523574],[-124.6634875,47.9525395],[-124.6632372,47.9528875],[-124.663534,47.95287],[-124.6635341,47.9528701],[-124.6634234,47.9529911],[-124.6634506,47.9530774],[-124.6639432,47.9531525],[-124.6644817,47.9529461],[-124.6646548,47.9526446],[-124.6649643,47.9524696],[-124.6651559,47.9528987],[-124.6646522,47.9533433],[-124.6637515,47.9536962],[-124.663731,47.9537677],[-124.6638652,47.953883],[-124.6643476,47.9537933],[-124.6645763,47.953941],[-124.6638786,47.9543123],[-124.6637728,47.9545673],[-124.664049,47.9546781],[-124.6649718,47.9544437],[-124.6653713,47.9545302],[-124.6663649,47.9540453],[-124.6666479,47.9539876],[-124.6666583,47.9538361],[-124.6668668,47.9536642],[-124.6667785,47.9535135],[-124.6668271,47.9533258],[-124.666937,47.9533678],[-124.6669864,47.9536786],[-124.6671232,47.9537589],[-124.667525,47.9534799],[-124.6676839,47.9531302],[-124.6678995,47.9531025],[-124.6683256,47.9534002],[-124.6682401,47.9537173],[-124.66799,47.9538954],[-124.6677079,47.9538404],[-124.6671344,47.9539155],[-124.6669393,47.9540318],[-124.6668524,47.954208],[-124.6665709,47.954253],[-124.6661002,47.9545517],[-124.6661861,47.9547946],[-124.6664906,47.9548432],[-124.6667671,47.9550447],[-124.6668032,47.9554466],[-124.6667377,47.9557218],[-124.6668048,47.9558023],[-124.6670765,47.9556268],[-124.6672323,47.9556341],[-124.6675361,47.9554869],[-124.6679053,47.9555697],[-124.6679603,47.9556529],[-124.6678303,47.9559249],[-124.6679648,47.956039],[-124.668635,47.9561597],[-124.6689796,47.9563885],[-124.6693199,47.9564231],[-124.6693955,47.9564974],[-124.669335,47.9569422],[-124.6697726,47.9569217],[-124.6699375,47.9570657],[-124.6704763,47.9572075],[-124.6706462,47.9570626],[-124.6711243,47.956923],[-124.6717201,47.9562547],[-124.6721026,47.9560285],[-124.6724318,47.9562228],[-124.6729866,47.9568686],[-124.6729484,47.9570124],[-124.67319,47.9571022],[-124.6731616,47.957359],[-124.6735702,47.9576433],[-124.6736559,47.9579978],[-124.6734671,47.9583099],[-124.6735605,47.9583898],[-124.6734995,47.9585437],[-124.6735616,47.9585544],[-124.6735432,47.9586466],[-124.6732295,47.9587614],[-124.6734306,47.9587879],[-124.6735306,47.9588954],[-124.6733948,47.9591135],[-124.6735927,47.9593768],[-124.6735924,47.9595257],[-124.6733155,47.9594928],[-124.6731522,47.9592749],[-124.6728832,47.9592444],[-124.6726074,47.9593249],[-124.6724026,47.9595244],[-124.6719032,47.9597899],[-124.6715627,47.9606402],[-124.671474,47.9606997],[-124.6713086,47.9606745],[-124.671154,47.9605233],[-124.6709185,47.9598894],[-124.6703019,47.9596472],[-124.6700991,47.9593359],[-124.6697645,47.9593573],[-124.6698071,47.9595938],[-124.6695905,47.9596593],[-124.669055,47.9594376],[-124.6687712,47.959437],[-124.6683428,47.9596581],[-124.6680364,47.9597122],[-124.6677616,47.9597012],[-124.6671624,47.9594326],[-124.6667424,47.9593952],[-124.666658,47.959241],[-124.666334,47.9592915],[-124.6658087,47.9592167],[-124.66544,47.9594431],[-124.6653631,47.9597549],[-124.6651675,47.9599096],[-124.6643426,47.9597621],[-124.6640774,47.9600676],[-124.6635798,47.9603523],[-124.6634932,47.9605671],[-124.6635643,47.9606419],[-124.6638542,47.9605237],[-124.664016,47.9607296],[-124.6645057,47.9607929],[-124.6646738,47.9609589],[-124.6644842,47.9612368],[-124.6642364,47.9612642],[-124.6641008,47.9615004],[-124.6637468,47.961568],[-124.6637062,47.9616968],[-124.6638276,47.9618232],[-124.6641868,47.9619425],[-124.6640073,47.962129],[-124.6642937,47.9623471],[-124.6644551,47.9627483],[-124.6652996,47.9632715],[-124.6655662,47.9635484],[-124.665726,47.9637854],[-124.6657211,47.9641192],[-124.6668607,47.964523],[-124.6691655,47.9637965],[-124.6705404,47.9636351],[-124.6715425,47.9637739],[-124.6723232,47.9639875],[-124.6724447,47.9639542],[-124.6724881,47.9639865],[-124.6724214,47.9640395],[-124.6727707,47.9641695],[-124.6731706,47.9640761],[-124.6734596,47.9641929],[-124.6735752,47.9640886],[-124.674687,47.9645275],[-124.6748357,47.9649077],[-124.6750498,47.9650327],[-124.6754836,47.9650045],[-124.6763795,47.9656186],[-124.6766443,47.9660384],[-124.6770253,47.9662854],[-124.6770462,47.9664582],[-124.6772963,47.9666176],[-124.6772299,47.966724],[-124.6773207,47.966838],[-124.6771364,47.9669224],[-124.6777125,47.9675759],[-124.6776556,47.9679362],[-124.6779229,47.9683267],[-124.6778745,47.9684921],[-124.6769312,47.9684773],[-124.6763419,47.9687221],[-124.6762105,47.9686063],[-124.6762594,47.9684876],[-124.6759785,47.968513],[-124.6755308,47.9684174],[-124.6748973,47.9684869],[-124.6746949,47.9686202],[-124.6744567,47.9685287],[-124.6740602,47.9686828],[-124.6738236,47.9689144],[-124.673982,47.9691512],[-124.6744202,47.9692432],[-124.6746005,47.9693762],[-124.6745707,47.9694974],[-124.6740806,47.9695479],[-124.6740013,47.9697038],[-124.6749139,47.9705716],[-124.6746288,47.970684],[-124.6741756,47.9705608],[-124.6738548,47.9706474],[-124.6738207,47.9710354],[-124.6742781,47.9720024],[-124.6744392,47.9722124],[-124.6751948,47.9726566],[-124.6759398,47.9726894],[-124.6763115,47.9730894],[-124.676338,47.9732867],[-124.6761489,47.9735903],[-124.6756699,47.9740834],[-124.6757254,47.9742124],[-124.6754298,47.97446],[-124.6753272,47.9748833],[-124.6753698,47.9751694],[-124.6751997,47.9752431],[-124.675051,47.9755785],[-124.6744082,47.9759004],[-124.6738989,47.9758764],[-124.6733427,47.9760208],[-124.6730299,47.9759766],[-124.6727097,47.9761594],[-124.672685,47.976303],[-124.6732294,47.9772965],[-124.6736322,47.9775386],[-124.6738486,47.9774899],[-124.6739411,47.9773562],[-124.6742482,47.9776173],[-124.6743923,47.9778679],[-124.6742499,47.9780914],[-124.6739751,47.9780285],[-124.6737863,47.9781584],[-124.6738262,47.9783969],[-124.6732732,47.9784949],[-124.67375,47.9786943],[-124.6740149,47.9787101],[-124.6740149,47.9787105],[-124.6737853,47.9788096],[-124.6735805,47.9787595],[-124.6735484,47.9789006],[-124.6737323,47.9790562],[-124.6732652,47.9792788],[-124.6732895,47.9800587],[-124.6729002,47.9802417],[-124.6730437,47.9804439],[-124.6730666,47.9808466],[-124.6724623,47.9808531],[-124.6721879,47.98092],[-124.6720102,47.9810648],[-124.6724289,47.9817291],[-124.6723375,47.9819003],[-124.6722335,47.9820501],[-124.672025,47.9820485],[-124.6720383,47.9822187],[-124.6718739,47.9821584],[-124.6718785,47.9820544],[-124.6717738,47.9820162],[-124.6716918,47.9821041],[-124.671687,47.9822857],[-124.6714591,47.9823265],[-124.6712489,47.9826168],[-124.6709558,47.98256],[-124.6710453,47.9827154],[-124.6710055,47.9828231],[-124.6710456,47.9829277],[-124.6710654,47.9829374]],[[-123.5129945,47.1710714],[-123.5083698,47.1687658],[-123.5018044,47.1661579],[-123.4953251,47.1616641],[-123.4904588,47.1556933],[-123.4878946,47.1522101],[-123.4865211,47.1551245],[-123.4843563,47.1571265],[-123.4823543,47.1592912],[-123.4741349,47.163169],[-123.4719377,47.1655412],[-123.4656063,47.1696265],[-123.4632178,47.1722063],[-123.4470516,47.1798357],[-123.4448544,47.1822079],[-123.4368221,47.1873919],[-123.4239396,47.1904599],[-123.4174455,47.1927385],[-123.4136049,47.196689],[-123.4598159,47.1990246],[-123.4659234,47.1987804],[-123.4701592,47.194211],[-123.4942762,47.18283],[-123.498272,47.1785168],[-123.515634,47.1743805],[-123.5129945,47.1710714]]],[[[-122.927773,48.1327733],[-122.9207769,48.1301173],[-122.9105778,48.1277683],[-122.9096015,48.1265539],[-122.910751,48.1260997],[-122.918149,48.1268857],[-122.9264309,48.1245987],[-122.9352869,48.1213037],[-122.9426102,48.1210397],[-122.9434704,48.1229111],[-122.9306161,48.1324663],[-122.927773,48.1327733]]],[[[-123.0949151,47.3734887],[-123.100619,47.3734887],[-123.105848,47.3723617],[-123.1106021,47.3728447],[-123.1133493,47.3747328],[-123.1135013,47.3826347],[-123.1166291,47.3827177],[-123.1196813,47.3855319],[-123.1202343,47.3914902],[-123.1173042,47.3922903],[-123.1121533,47.3978692],[-123.1107233,47.4026992],[-123.1075082,47.4059502],[-123.1009443,47.415995],[-123.1015443,47.417605],[-123.0915672,47.4330472],[-123.0908578,47.4334458],[-123.0908577,47.4334457],[-123.0941786,47.4241834],[-123.0926039,47.3977919],[-123.094079,47.3730557],[-123.0949151,47.3734887]]],[[[-124.4798627,47.67712],[-124.4809318,47.6745588],[-124.4837849,47.6720787],[-124.489013,47.6716787],[-124.4924605,47.6720788],[-124.4911532,47.6740792],[-124.4850921,47.6775203],[-124.4806528,47.6798024],[-124.4798627,47.67712]]],[[[-124.5081663,47.7976879],[-124.5081903,47.7978847],[-124.5088961,47.7979657],[-124.5092813,47.7983159],[-124.5093033,47.7988502],[-124.5087351,47.7991103],[-124.507698,47.7992903],[-124.5071529,47.7991733],[-124.5063838,47.7986122],[-124.5055618,47.7980293],[-124.5047879,47.7976033],[-124.5043417,47.7973662],[-124.5043647,47.7969407],[-124.5059851,47.7970667],[-124.5068061,47.7974767],[-124.507253,47.7976047],[-124.5080512,47.7974607],[-124.5081663,47.7976879]]],[[[-124.5993558,48.3855102],[-124.5950778,48.3810902],[-124.5929385,48.3779327],[-124.5967419,48.3779327],[-124.5984245,48.3772208],[-124.5993561,48.3768266],[-124.6012584,48.3804581],[-124.5998324,48.3818791],[-124.6016733,48.3857926],[-124.6022085,48.3869304],[-124.6022083,48.3869305],[-124.6003418,48.3860012],[-124.5993558,48.3855102]]],[[[-124.6488059,47.9099653],[-124.6457037,47.9073751],[-124.6459222,47.9044495],[-124.6459417,47.9041886],[-124.6516402,47.9052817],[-124.6525543,47.908772],[-124.6522372,47.9100333],[-124.6488059,47.9099653]]],[[[-124.7329318,48.3929282],[-124.7322186,48.3908759],[-124.7345959,48.3891397],[-124.742105,48.3910167],[-124.7464805,48.3913497],[-124.7464806,48.3913498],[-124.7448161,48.3932443],[-124.7395151,48.3938313],[-124.737211,48.3956114],[-124.7329318,48.3929282]]],[[[-124.7465849,48.1545687],[-124.7486211,48.1548817],[-124.7499742,48.1558018],[-124.7513492,48.1573618],[-124.7532091,48.1582337],[-124.7545962,48.1583367],[-124.7548013,48.1588511],[-124.7542364,48.159502],[-124.7548014,48.1604611],[-124.7538251,48.1611803],[-124.7527469,48.1608373],[-124.7514118,48.1605633],[-124.7510008,48.1598102],[-124.7501788,48.1592962],[-124.7489958,48.1578112],[-124.7466018,48.1564982],[-124.7454675,48.155539],[-124.7463118,48.1549688],[-124.7465849,48.1545687]]],[[[-124.7630684,48.1762829],[-124.7626582,48.1772423],[-124.7608089,48.1770713],[-124.7586519,48.1762493],[-124.7572659,48.1758723],[-124.7556739,48.1755643],[-124.7549967,48.1750271],[-124.7552117,48.1741938],[-124.7556699,48.1737607],[-124.7576772,48.1740917],[-124.7583442,48.1749477],[-124.7598851,48.1754607],[-124.7623501,48.1755977],[-124.7630684,48.1762829]]]]}
}
