{"type":"FeatureCollection","properties":{"source":{"id":"gmba-standard-v2","authority":"Global Mountain Biodiversity Assessment","dataset":"GMBA Mountain Inventory v2 Standard Basic — regional mountain cores","version":"2.0","retrievedAt":"2026-09-29T00:00:00Z","url":"https://data.earthenv.org/mountains/standard/GMBA_Inventory_v2.0_standard_basic.zip","license":"CC-BY-4.0"},"sourcePage":"https://www.earthenv.org/mountains","archiveBytes":39330067,"archiveSha256":"91b7a37e4331cea01fb8938d535d0fbfcec8aae4173e4b073e46e2896b74f198","sourceShapefile":{"path":"GMBA_Inventory_v2.0_standard_basic.shp","bytes":56850536,"sha256":"2873fc766a8255e110ca66cbf4fa9663dd30bcf733c852a1125084c31c0df436"},"sourceCrs":"EPSG:4326","attribution":"Derived from GMBA Mountain Inventory v2, Snethlage et al. (2022), GMBA-EarthEnv; clipped and coordinate-quantized by Alpine Loop. No endorsement implied.","licenseUrl":"https://creativecommons.org/licenses/by/4.0/","datasetCitation":"Snethlage, M. A. et al. (2022). GMBA Mountain Inventory v2. GMBA-EarthEnv. https://doi.org/10.48601/earthenv-t9k2-1407","paperCitation":"Snethlage, M. A. et al. (2022). A hierarchical inventory of the world’s mountains for global comparative mountain science. Scientific Data 9, 149. https://doi.org/10.1038/s41597-022-01256-y","derivation":{"method":"Retain actual Standard Basic leaves selected for Washington, clipped to its pinned statewide scope and US limit. For California retain every Basic leaf intersecting the union of the four legacy effective footprints, clipped to that union. Preserve named leaves and exact ancestry IDs; no Broad polygons, EPA residuals or historical mountain-footprint enlargement.","washingtonScope":[{"path":"data/fixtures/coverage/washington-start-coverage.geojson","sha256":"6f5274416c8dcf9bf05d2daff212a7344cdd4a73ffb461fec16d6a00084e4f3d"},{"path":"data/coverage/washington-us-limit.geojson","sha256":"454becfd686fc5e6a04781dbcc6054d3e364d6046990532022d83d470c088c65"}],"californiaCaps":[{"id":"santa-cruz-mountains","boundaryPath":"data/regions/santa-cruz-mountains/boundary.geojson","boundarySha256":"c212bb3e3aa6701637a3911de7408a9e10c01265acacbdbb49a8d317958102dc","effectiveGeometrySha256":"7bfef8e191bc4b2800054e24dd583778db141e04fe2f7f4926d485f362e49d69"},{"id":"southern-east-bay","boundaryPath":"data/regions/southern-east-bay/boundary.geojson","boundarySha256":"6c7b670b1075190344c6e4ac15aaf57716fefe47dca3354594acff6c56f6e3a2","effectiveGeometrySha256":"327daa394bce0cf8526d13bf45ca2da056db97bb493767cca296cb0589a0edb8"},{"id":"monterey-carmel","boundaryPath":"data/regions/monterey-carmel/boundary.geojson","boundarySha256":"5d819d56a9e40aa8e782ad2a5766189ee7c0209f119590fa8c241febd12b5ccc","effectiveGeometrySha256":"a18f24c1c6edf7bd4c4a4b383103c90768b3dbda7b3c36d286e099805837b834"},{"id":"henry-coe","boundaryPath":"data/regions/henry-coe/boundary.geojson","boundarySha256":"7d410a95a6598585b8cc7e603bd880869be5edb84cd4aa0159f6ba254d6438e4","effectiveGeometrySha256":"d5396aa3309b3637b13b7731bb28b99f7181854a8ff296b62bb3e6ae7a8d4a98"}],"sourceRecords":6717,"selectedRecords":127,"missingBroadLeafIds":["16221","17034","17156"],"repair":"none; all selected source and clipped geometries valid","precisionGridDegrees":1e-08,"precisionMethod":"GEOS set_precision valid_output; normalize; counterclockwise exterior rings and clockwise holes","simplificationToleranceMeters":0,"terrainBufferMeters":0,"minimumPolygonAreaMetersSquared":0,"preservedLeafParts":{"polygons":180,"holes":11,"coordinates":21967},"measurementCrs":"+proj=laea +lat_0=43 +lon_0=-120 +datum=WGS84 +units=m +no_defs","sourceUnionAreaMetersSquared":100169780983.73431,"symmetricDifferenceMetersSquared":1477.127103473976,"symmetricDifferencePercent":1.474623473234741e-06,"tools":{"pyshp":"3.1.6","shapely":"2.1.2","geos":"3.13.1","pyproj":"3.8.0","proj":"9.8.1"}},"limitations":["Standard is a regional mountain inventory and can omit low foothills and worthwhile low-relief hiking landscapes. This does not assert trail-scale survey accuracy, source completeness, current access or route quality.","Geometries are clipped to this product’s Washington/California scope, not complete global ranges. Coordinate precision is not a positional-accuracy claim."]},"features":[{"type":"Feature","properties":{"id":"11806","name":"Santa Cruz Mountains","ancestry":["12159","12218","12385","12444","17045","11806"]},"geometry":{"type":"MultiPolygon","coordinates":[[[[-122.40104354,37.42412462],[-122.39716171,37.41161648],[-122.39062688,37.40300646],[-122.38420598,37.3943476],[-122.37816351,37.38854112],[-122.37608424,37.38213243],[-122.37396022,37.37800646],[-122.37138047,37.36215766],[-122.36566758,37.35921577],[-122.35937689,37.35717312],[-122.35347276,37.35102892],[-122.34100939,37.34498237],[-122.32601102,37.33287706],[-122.30573108,37.32593533],[-122.29898059,37.32579698],[-122.28658639,37.32604926],[-122.28437692,37.32175646],[-122.28173614,37.3082392],[-122.27714629,37.29877875],[-122.27191762,37.28862657],[-122.30445341,37.28602648],[-122.31742541,37.29046577],[-122.32538846,37.28684842],[-122.33421414,37.2783686],[-122.33858426,37.26758979],[-122.34063911,37.25287218],[-122.34883409,37.24499864],[-122.35311876,37.2324783],[-122.35332628,37.22233019],[-122.35108425,37.1925491],[-122.34896023,37.18633979],[-122.34563585,37.16252794],[-122.33231798,37.1437576],[-122.31596871,37.13078966],[-122.31358427,37.12588243],[-122.31146024,37.12175646],[-122.30816435,37.11496121],[-122.28858428,37.10088243],[-122.28101999,37.09842882],[-122.27712595,37.09040066],[-122.26771026,37.09059191],[-122.25848175,37.08098497],[-122.24903351,37.07191108],[-122.24662059,37.06693468],[-122.23239533,37.05327094],[-122.22675569,37.0389643],[-122.21775097,37.03213243],[-122.21146028,37.02800646],[-122.19959505,37.01996202],[-122.17015984,37.00650581],[-122.15937697,37.00300646],[-122.13727411,36.99065294],[-122.122939,36.99035997],[-122.10956009,36.9906326],[-122.09708451,36.98217312],[-122.090627,36.98421577],[-122.08650102,36.98633979],[-122.07859901,36.9901728],[-122.06453651,37.00368598],[-122.05109251,37.02352241],[-122.05089313,37.0331741],[-122.05873817,37.03697862],[-122.06227007,37.04426215],[-122.07199094,37.04741564],[-122.07183631,37.05497179],[-122.07604367,37.06726427],[-122.07400103,37.07383979],[-122.06814979,37.08247423],[-122.07954709,37.10831245],[-122.08748165,37.11656847],[-122.0917297,37.12065375],[-122.09687699,37.12600857],[-122.10536902,37.12583767],[-122.11248164,37.13323513],[-122.11672969,37.13732042],[-122.12175898,37.14255317],[-122.13067011,37.14544623],[-122.15312697,37.16702013],[-122.13964635,37.17588243],[-122.12593379,37.17056831],[-122.11979365,37.16758979],[-122.10255326,37.15272163],[-122.08507687,37.1530797],[-122.08123572,37.14124702],[-122.0699605,37.13041531],[-122.06771034,37.12383979],[-122.0645121,37.11398058],[-122.04878131,37.10492296],[-122.03646035,37.10092312],[-122.03065388,37.0979324],[-122.01877237,37.10200141],[-122.00355021,37.09678901],[-121.99271037,37.09467312],[-121.98016968,37.09038032],[-121.9656718,37.09067735],[-121.9655416,37.08426053],[-121.96981405,37.08417101],[-121.98645223,37.0845128],[-121.98654175,37.08011827],[-121.98025106,37.07796577],[-121.96763307,37.07549995],[-121.96787721,37.06342312],[-121.96146038,37.06546577],[-121.95470583,37.06894477],[-121.94683229,37.06138048],[-121.94936322,37.05646918],[-121.94687705,37.04675646],[-121.94368288,37.03365831],[-121.93462527,37.01983995],[-121.9270447,37.01470486],[-121.91588341,37.02317654],[-121.90089318,37.01408637],[-121.8927511,37.0112991],[-121.88437708,37.00925646],[-121.8802511,37.00713243],[-121.87604375,37.00508979],[-121.86983444,37.00088243],[-121.86168421,36.99692735],[-121.85519813,36.99200466],[-121.82,37.08],[-121.84458623,37.20293113],[-121.84483445,37.20296577],[-121.84896042,37.20508979],[-121.85316778,37.20713243],[-121.86122848,37.21128282],[-121.87029831,37.21349637],[-121.88229374,37.21967312],[-121.8927511,37.22171577],[-121.8989604,37.22383979],[-121.90904341,37.22629747],[-121.9237895,37.23629503],[-121.9473694,37.23677517],[-121.95729371,37.2300491],[-121.96566773,37.22800646],[-121.97375692,37.22383979],[-121.97831421,37.22595161],[-121.9857076,37.2336461],[-122.00475056,37.24733832],[-122.02472126,37.25382026],[-122.0301778,37.25906114],[-122.03236693,37.26357775],[-122.04012246,37.2710281],[-122.05031939,37.28388618],[-122.06552121,37.29849392],[-122.06873166,37.30511013],[-122.07191769,37.3112991],[-122.07432248,37.32853136],[-122.090627,37.34258979],[-122.09498897,37.34470567],[-122.10194698,37.35194851],[-122.11150101,37.3550491],[-122.1190002,37.36013129],[-122.13233434,37.36338243],[-122.13854364,37.36758979],[-122.14503371,37.36969754],[-122.16337274,37.38212836],[-122.1742614,37.38234809],[-122.19275098,37.38008979],[-122.20074251,37.37597195],[-122.20925895,37.37580105],[-122.21354362,37.37800646],[-122.22327668,37.38116401],[-122.22816763,37.38838243],[-122.23289175,37.39811957],[-122.23873892,37.40095567],[-122.24679149,37.40934191],[-122.25751771,37.41964539],[-122.39685657,37.43955094],[-122.3967955,37.4365351],[-122.40104354,37.42412462]]]]}},{"type":"Feature","properties":{"id":"16160","name":"Kettle River Range","ancestry":["12159","12218","12543","12422","11635","16160"]},"geometry":{"type":"MultiPolygon","coordinates":[[[[-118.74890465,48.37044217],[-118.74489261,48.36749213],[-118.73864261,48.36470486],[-118.74057132,48.35707547],[-118.74280928,48.35306342],[-118.74473799,48.3404088],[-118.74715091,48.33608344],[-118.74072595,48.32582547],[-118.73640466,48.31973009],[-118.73447595,48.30707547],[-118.73223799,48.30306342],[-118.72974776,48.29209337],[-118.70739262,48.2716588],[-118.69226405,48.26935167],[-118.68864263,48.26124213],[-118.68447597,48.2537755],[-118.68640468,48.2404088],[-118.69489263,48.23014676],[-118.69890467,48.22374213],[-118.70530929,48.21556342],[-118.707238,48.21124213],[-118.70992762,48.20642442],[-118.7093132,48.19881944],[-118.70963465,48.19485623],[-118.707238,48.19056342],[-118.70530929,48.18207547],[-118.70307134,48.17806342],[-118.7007398,48.1577143],[-118.68899664,48.14272],[-118.68841884,48.13554226],[-118.69057134,48.12374213],[-118.6928093,48.11973009],[-118.69473801,48.1154088],[-118.69890467,48.10794217],[-118.69489263,48.10499213],[-118.68659592,48.10128933],[-118.6860995,48.09512071],[-118.69057134,48.08710883],[-118.6865593,48.0841588],[-118.68223801,48.08223009],[-118.67822597,48.07999213],[-118.66829759,48.0777379],[-118.66764655,48.06965278],[-118.66826097,48.0620478],[-118.66391933,48.05427192],[-118.66339036,48.04765978],[-118.66557135,48.0404088],[-118.667968,48.03611599],[-118.66758551,48.0313756],[-118.66973802,48.01957547],[-118.6803093,48.00723009],[-118.68223801,48.0029088],[-118.68447597,47.99889676],[-118.68640468,47.98207547],[-118.69057134,47.97460883],[-118.68864263,47.96124213],[-118.68640468,47.95723009],[-118.68447597,47.94874213],[-118.68223801,47.94473009],[-118.68127366,47.94152778],[-118.6655917,47.94054308],[-118.66153896,47.93834581],[-118.65725837,47.93637641],[-118.65320563,47.93417914],[-118.64059171,47.93220974],[-118.63292162,47.92804308],[-118.59684172,47.93001248],[-118.59175139,47.93277534],[-118.58023203,47.93209174],[-118.55932953,47.93333686],[-118.55320567,47.93001248],[-118.54522635,47.9263463],[-118.5399407,47.91878201],[-118.53850434,47.89465278],[-118.53909435,47.88470812],[-118.53237235,47.88001248],[-118.52809175,47.87804308],[-118.52042167,47.87387641],[-118.50100843,47.87584581],[-118.49649997,47.87829129],[-118.46178725,47.88036241],[-118.45725844,47.87387641],[-118.45528904,47.86126248],[-118.45309178,47.85720974],[-118.44938084,47.84912462],[-118.44487238,47.84667914],[-118.44059178,47.84470974],[-118.43653905,47.84251248],[-118.42241145,47.84030707],[-118.41691422,47.82251329],[-118.41153906,47.81959581],[-118.4083571,47.81861111],[-118.39070574,47.8204503],[-118.39363949,47.82867377],[-118.41559179,47.83472032],[-118.41362239,47.83637641],[-118.3916823,47.83931424],[-118.37657407,47.84624783],[-118.36063983,47.86566922],[-118.34903908,47.89798937],[-118.35309182,47.91137641],[-118.35772235,47.91801297],[-118.35701841,47.92983751],[-118.36605975,47.94086046],[-118.3644647,47.96763862],[-118.36778908,47.97376248],[-118.37030372,47.9819005],[-118.37809181,47.99262641],[-118.3886224,48.00501248],[-118.39300066,48.01189317],[-118.40100847,48.0190465],[-118.39884782,48.02892605],[-118.3905918,48.03417914],[-118.38236427,48.03992459],[-118.37195574,48.04054308],[-118.37085711,48.04152778],[-118.36826108,48.04465278],[-118.35930112,48.04663845],[-118.35202574,48.05080512],[-118.3322178,48.0489171],[-118.32494241,48.04475043],[-118.28013449,48.04663845],[-118.27616314,48.0489171],[-118.26346783,48.05080512],[-118.25532981,48.05725043],[-118.24741559,48.06068061],[-118.24471784,48.06538845],[-118.24282982,48.06975043],[-118.23866315,48.07702582],[-118.24055117,48.09058377],[-118.24282982,48.09455512],[-118.24471784,48.10308377],[-118.2488845,48.11417182],[-118.24646751,48.12663113],[-118.23866315,48.13225043],[-118.23430117,48.13413845],[-118.23032982,48.1364171],[-118.22180118,48.13830512],[-118.21782983,48.14058377],[-118.20930118,48.14247179],[-118.20532983,48.14475043],[-118.19727726,48.14824164],[-118.19679305,48.15298611],[-118.19863631,48.17105252],[-118.19471786,48.17788845],[-118.19271183,48.20906928],[-118.17199651,48.22808377],[-118.16763453,48.22997179],[-118.15532985,48.24058377],[-118.14951524,48.24310248],[-118.14699652,48.2489171],[-118.1458572,48.24986111],[-118.15069525,48.25527696],[-118.16091253,48.25467068],[-118.16669052,48.25780789],[-118.17294052,48.25441433],[-118.17912948,48.25777534],[-118.19169051,48.25702664],[-118.20049585,48.25755154],[-118.20540307,48.25488634],[-118.21111596,48.26128282],[-118.21809838,48.2634394],[-118.22572777,48.27197618],[-118.2307001,48.28808539],[-118.24039248,48.29042914],[-118.25338076,48.27977241],[-118.26317893,48.28035834],[-118.26767518,48.28714952],[-118.25974062,48.30926053],[-118.26372011,48.32412055],[-118.27361594,48.32353054],[-118.27856385,48.32622016],[-118.2778355,48.33845567],[-118.28483012,48.34470567],[-118.28400005,48.35866645],[-118.28655538,48.36337023],[-118.28587586,48.36751248],[-118.27734315,48.35795844],[-118.26992941,48.35133816],[-118.26496522,48.34052273],[-118.25517519,48.33429308],[-118.24562929,48.32762804],[-118.23648216,48.32817329],[-118.22880801,48.32771349],[-118.22607364,48.31307726],[-118.22080427,48.30836941],[-118.19728133,48.30977322],[-118.18305201,48.32080024],[-118.18653915,48.34042914],[-118.18850855,48.35929308],[-118.19278914,48.36959581],[-118.19499455,48.37673286],[-118.19903914,48.38417914],[-118.20100854,48.39262641],[-118.20320581,48.39876248],[-118.20517521,48.40512641],[-118.20969181,48.41159614],[-118.20910587,48.42141873],[-118.2157058,48.43209581],[-118.21879418,48.44209337],[-118.21388696,48.46505887],[-118.20229435,48.48639269],[-118.19108016,48.49352159],[-118.18764185,48.50102078],[-118.18214055,48.51114448],[-118.17389674,48.52910102],[-118.16704453,48.55129747],[-118.15631455,48.55065864],[-118.13953396,48.56943712],[-118.13653917,48.57595974],[-118.13201036,48.58430122],[-118.13281195,48.59774523],[-118.1258214,48.61590522],[-118.11393175,48.61519721],[-118.10762072,48.61862739],[-118.11153918,48.62584581],[-118.11350858,48.63111925],[-118.10848742,48.64986111],[-118.11582791,48.65933377],[-118.11545763,48.66554308],[-118.11044054,48.67694444],[-118.11360623,48.68211209],[-118.11560819,48.6905268],[-118.1177729,48.69461209],[-118.11977485,48.71969347],[-118.12193956,48.72377875],[-118.12394152,48.74469347],[-118.12610623,48.74877875],[-118.12810818,48.7530268],[-118.13027289,48.75711209],[-118.13227485,48.76136013],[-118.13581895,48.76805773],[-118.1239171,48.78214464],[-118.12705024,48.78806505],[-118.13810573,48.78221381],[-118.14894151,48.7905268],[-118.15924424,48.79298041],[-118.1614415,48.81136013],[-118.16777288,48.81961209],[-118.16977483,48.8280268],[-118.18040308,48.84060411],[-118.18439885,48.84044542],[-118.1918492,48.84073839],[-118.19477482,48.8530268],[-118.19693953,48.85711209],[-118.19894149,48.8655268],[-118.20943953,48.87794542],[-118.21144148,48.88219347],[-118.21501,48.88893582],[-118.19704126,48.90926459],[-118.21777286,48.93211209],[-118.21977481,48.94624783],[-118.21144148,48.95711209],[-118.20943953,48.9629145],[-118.21779727,48.97381131],[-118.21560815,48.97794542],[-118.21360619,48.98219347],[-118.2072382,48.99422553],[-118.19562118,48.99699246],[-118.19416822,49.00007065],[-118.196088,49.00007071],[-118.20759017,49.00006995],[-118.21568179,49.00007183],[-118.22377341,49.00007314],[-118.22406421,49.00007314],[-118.2244147,49.00007314],[-118.23039591,49.00007309],[-118.23910158,49.00006937],[-118.24780724,49.000065],[-118.26081257,49.00006269],[-118.27381789,49.00005893],[-118.28682321,49.00005369],[-118.29961616,49.00006089],[-118.31240912,49.00006668],[-118.32520209,49.00007104],[-118.33821794,49.00007235],[-118.3512338,49.00007219],[-118.36424966,49.00007056],[-118.37726552,49.00006746],[-118.38970838,49.00004344],[-118.40076032,49.00005351],[-118.41181226,49.00006252],[-118.4228642,49.00007047],[-118.432867,49.00007881],[-118.4428698,49.00008628],[-118.4528726,49.00009289],[-118.45992592,49.00008813],[-118.46697923,49.00008294],[-118.48044389,49.00007967],[-118.49390854,49.00007483],[-118.49656736,49.00007476],[-118.50176526,48.99400581],[-118.50947603,48.99056342],[-118.51348808,48.98832547],[-118.51780936,48.98639676],[-118.5280714,48.97719672],[-118.52385184,48.9696365],[-118.53509858,48.95650581],[-118.54280935,48.95306342],[-118.54981212,48.94809923],[-118.55723806,48.93624213],[-118.56364268,48.92806342],[-118.56557139,48.91957547],[-118.56780935,48.91556342],[-118.56973806,48.90707547],[-118.57282236,48.90154568],[-118.58447601,48.89889676],[-118.58848805,48.8966588],[-118.59280934,48.89473009],[-118.60627369,48.88319444],[-118.60530933,48.85707547],[-118.60307138,48.85306342],[-118.60114267,48.84874213],[-118.59890471,48.84473009],[-118.596976,48.8404088],[-118.59280934,48.83294217],[-118.59473805,48.8279088],[-118.60114267,48.81973009],[-118.60307138,48.81124213],[-118.61364266,48.79889676],[-118.61688159,48.79164171],[-118.62086515,48.78701525],[-118.62598803,48.7841588],[-118.63030932,48.78223009],[-118.63432136,48.77999213],[-118.63864265,48.77806342],[-118.64265469,48.77582547],[-118.64697598,48.77389676],[-118.65515469,48.76749213],[-118.66326422,48.76387071],[-118.66557135,48.74874213],[-118.66973802,48.7412755],[-118.66780931,48.73624213],[-118.66364264,48.7287755],[-118.66557135,48.72374213],[-118.66826097,48.71892442],[-118.66764655,48.71131944],[-118.66826097,48.70371446],[-118.66364264,48.69544217],[-118.66653164,48.68790229],[-118.68319016,48.66845242],[-118.68641688,48.65074816],[-118.69402593,48.65499213],[-118.70530929,48.65306342],[-118.70932133,48.65082547],[-118.71652348,48.64761095],[-118.719738,48.6404088],[-118.72197595,48.63639676],[-118.72390466,48.63207547],[-118.72614262,48.62806342],[-118.72807133,48.61957547],[-118.73030928,48.61556342],[-118.73223799,48.61124213],[-118.73452071,48.60715278],[-118.73219323,48.60298611],[-118.73447595,48.59889676],[-118.73640466,48.58624213],[-118.73864261,48.58223009],[-118.74057132,48.5779088],[-118.74280928,48.57389676],[-118.74473799,48.5529088],[-118.74890465,48.54544217],[-118.74489261,48.54249213],[-118.73702315,48.53898058],[-118.73088708,48.53032579],[-118.73447595,48.52389676],[-118.73640466,48.51957547],[-118.73868737,48.51548611],[-118.7363599,48.51131944],[-118.74057132,48.5037755],[-118.73864261,48.48624213],[-118.73106612,48.47656603],[-118.74671146,48.47300971],[-118.74820071,48.45447537],[-118.74057132,48.44473009],[-118.73799971,48.43896837],[-118.72826257,48.43462267],[-118.72776615,48.42845405],[-118.73030928,48.42389676],[-118.73223799,48.41957547],[-118.73568037,48.41340278],[-118.73030928,48.4037755],[-118.73293786,48.39975532],[-118.73848799,48.3966588],[-118.7467847,48.392956],[-118.74757409,48.38314562],[-118.74469323,48.37798611],[-118.74890465,48.37044217]]]]}},{"type":"Feature","properties":{"id":"16161","name":"Midway Range","ancestry":["12159","12218","12543","12422","11635","16161"]},"geometry":{"type":"MultiPolygon","coordinates":[[[[-118.77057849,49.000082],[-118.76973798,48.99889676],[-118.76780927,48.98624213],[-118.76436689,48.98006944],[-118.76901369,48.97173611],[-118.76552655,48.96548611],[-118.76973798,48.95794217],[-118.76780927,48.9529088],[-118.74323245,48.92643989],[-118.74890465,48.9162755],[-118.74489261,48.91332547],[-118.73223799,48.91139676],[-118.71989262,48.90082547],[-118.71557133,48.89889676],[-118.71155929,48.8966588],[-118.707238,48.89473009],[-118.70322596,48.89249213],[-118.68640468,48.89056342],[-118.68239263,48.88832547],[-118.67807135,48.88639676],[-118.67060472,48.88223009],[-118.65932135,48.8841588],[-118.65340095,48.88746284],[-118.6390699,48.88861437],[-118.61973804,48.88639676],[-118.61572599,48.8841588],[-118.60627369,48.88319444],[-118.59280934,48.89473009],[-118.58848805,48.8966588],[-118.58447601,48.89889676],[-118.57282236,48.90154568],[-118.56973806,48.90707547],[-118.56780935,48.91556342],[-118.56557139,48.91957547],[-118.56364268,48.92806342],[-118.55723806,48.93624213],[-118.54981212,48.94809923],[-118.54280935,48.95306342],[-118.53509858,48.95650581],[-118.52385184,48.9696365],[-118.5280714,48.97719672],[-118.51780936,48.98639676],[-118.51348808,48.98832547],[-118.50947603,48.99056342],[-118.50176526,48.99400581],[-118.49656736,49.00007476],[-118.50295188,49.00007457],[-118.50335359,49.00007478],[-118.50357671,49.00007478],[-118.50395634,49.00007478],[-118.50492032,49.00007477],[-118.51580221,49.00007519],[-118.5266841,49.00007458],[-118.53892486,49.00007182],[-118.55116562,49.00006777],[-118.56358966,49.0000712],[-118.57601371,49.0000733],[-118.58843776,49.00007405],[-118.60078185,49.00007597],[-118.61312594,49.00007656],[-118.62547003,49.00007584],[-118.63781412,49.00007379],[-118.64716469,49.00007496],[-118.65651527,49.00007537],[-118.66586584,49.00007503],[-118.67759868,49.00006984],[-118.68933151,49.00006345],[-118.69825518,49.00006931],[-118.70717884,49.00007449],[-118.71448999,49.00007792],[-118.72180114,49.00008088],[-118.73482377,49.0000788],[-118.74732727,49.00007863],[-118.75968123,49.00008183],[-118.76116819,49.00008183],[-118.76909906,49.00008206],[-118.77057849,49.000082]]]]}},{"type":"Feature","properties":{"id":"16163","name":"Rossland Range","ancestry":["12159","12218","12543","12422","11635","16163"]},"geometry":{"type":"MultiPolygon","coordinates":[[[[-118.21977481,48.94624783],[-118.21777286,48.93211209],[-118.19704126,48.90926459],[-118.21501,48.88893582],[-118.21144148,48.88219347],[-118.20943953,48.87794542],[-118.19894149,48.8655268],[-118.19693953,48.85711209],[-118.19477482,48.8530268],[-118.1918492,48.84073839],[-118.18439885,48.84044542],[-118.18040308,48.84060411],[-118.16977483,48.8280268],[-118.16777288,48.81961209],[-118.1614415,48.81136013],[-118.15924424,48.79298041],[-118.14894151,48.7905268],[-118.13810573,48.78221381],[-118.12705024,48.78806505],[-118.1239171,48.78214464],[-118.13581895,48.76805773],[-118.13227485,48.76136013],[-118.13027289,48.75711209],[-118.12810818,48.7530268],[-118.12610623,48.74877875],[-118.12394152,48.74469347],[-118.12193956,48.72377875],[-118.11977485,48.71969347],[-118.1177729,48.69461209],[-118.11560819,48.6905268],[-118.11360623,48.68211209],[-118.11044054,48.67694444],[-118.10480904,48.67574002],[-118.0980382,48.67614692],[-118.0898717,48.68058214],[-118.07606556,48.6797602],[-118.06952259,48.68015082],[-118.0640864,48.69199571],[-118.05462595,48.69876248],[-118.04653269,48.69436388],[-118.03503367,48.69505154],[-118.03335724,48.70402778],[-118.03634796,48.71145372],[-118.04286651,48.7195185],[-118.04468129,48.72395372],[-118.05536651,48.73618517],[-118.05718129,48.74062039],[-118.05961455,48.74465278],[-118.05718129,48.74868517],[-118.05417429,48.75603787],[-118.04286651,48.76562039],[-118.03843129,48.76743517],[-118.03453318,48.76978706],[-118.0259313,48.77160183],[-118.02203319,48.77395372],[-118.01759797,48.7757685],[-118.01369986,48.77812039],[-118.00536653,48.78153022],[-118.00718131,48.79062039],[-118.01134797,48.79752957],[-118.00903677,48.80995226],[-118.00093131,48.8132685],[-117.9970332,48.81562039],[-117.99259798,48.81743517],[-117.9856888,48.82160183],[-117.96968132,48.81978706],[-117.96277214,48.81562039],[-117.93843133,48.81743517],[-117.93453322,48.81978706],[-117.92862095,48.82220812],[-117.92619989,48.82812039],[-117.92384801,48.8320185],[-117.92177688,48.8465937],[-117.9136999,48.85312039],[-117.90509801,48.85493517],[-117.9011999,48.85728706],[-117.89676468,48.85910183],[-117.89286657,48.86145372],[-117.88426469,48.8632685],[-117.87203325,48.87395372],[-117.8592647,48.8757685],[-117.85536659,48.87812039],[-117.8467647,48.87993517],[-117.84286659,48.88228706],[-117.83843137,48.88410183],[-117.82203327,48.89895372],[-117.81759805,48.9007685],[-117.80119994,48.91562039],[-117.79676472,48.91743517],[-117.79286661,48.91978706],[-117.78426473,48.92160183],[-117.78036662,48.92395372],[-117.77176473,48.9257685],[-117.76786662,48.92812039],[-117.7634314,48.92993517],[-117.75536662,48.93645372],[-117.75093141,48.9382685],[-117.74703329,48.94062039],[-117.72176475,48.94243517],[-117.71369997,48.94895372],[-117.70926475,48.9507685],[-117.70490278,48.95340115],[-117.70046756,48.95274197],[-117.69259809,48.95493517],[-117.68869998,48.95728706],[-117.68426476,48.95910183],[-117.68036665,48.96145372],[-117.67593143,48.9632685],[-117.67203332,48.96562039],[-117.6675981,48.96743517],[-117.66369999,48.96978706],[-117.65509811,48.97160183],[-117.6512,48.97395372],[-117.64347295,48.97711534],[-117.64051478,48.9820185],[-117.63844366,48.9965937],[-117.63331684,49.00073648],[-117.63749452,49.00073642],[-117.64732971,49.00071812],[-117.65716489,49.00069899],[-117.67059837,49.00068908],[-117.68403184,49.00067761],[-117.69746531,49.00066457],[-117.71087043,49.00064338],[-117.72427554,49.00062063],[-117.73768064,49.00059632],[-117.74959786,49.00057436],[-117.76151507,49.00055117],[-117.77343227,49.00052675],[-117.78497986,49.00052145],[-117.79652745,49.000515],[-117.80807504,49.0005074],[-117.81962262,49.00049863],[-117.83117019,49.00048872],[-117.83152865,49.00048871],[-117.83176635,49.0004887],[-117.84423965,49.00047606],[-117.85671294,49.00046206],[-117.86918623,49.00044672],[-117.87754581,49.00043553],[-117.884398,48.999912],[-118.001106,48.999911],[-118.0017716,49.00028345],[-118.00383593,49.00028078],[-118.01555837,49.00026441],[-118.0272808,49.00024684],[-118.03900322,49.00022809],[-118.05076455,49.00021412],[-118.06252588,49.00019896],[-118.07341868,49.00018614],[-118.08431148,49.00017229],[-118.09520428,49.00015741],[-118.10670184,49.00014605],[-118.1181994,49.00013354],[-118.12969695,49.00011989],[-118.14119449,49.00010508],[-118.15269203,49.00008914],[-118.16418956,49.00007204],[-118.17308365,49.00006879],[-118.18458582,49.00007033],[-118.19416822,49.00007065],[-118.19562118,48.99699246],[-118.2072382,48.99422553],[-118.21360619,48.98219347],[-118.21560815,48.97794542],[-118.21779727,48.97381131],[-118.20943953,48.9629145],[-118.21144148,48.95711209],[-118.21977481,48.94624783]]]]}},{"type":"Feature","properties":{"id":"16166","name":"North Okanagan Highland","ancestry":["12159","12218","12543","12422","16165","16166"]},"geometry":{"type":"MultiPolygon","coordinates":[[[[-119.4430857,48.99494168],[-119.44053443,48.99060004],[-119.43861386,48.97740017],[-119.43544003,48.97486111],[-119.43375953,48.98043566],[-119.42615455,48.9798253],[-119.41572568,48.9716588],[-119.40027566,48.96973009],[-119.39280903,48.97389676],[-119.38848774,48.97582547],[-119.3844757,48.97806342],[-119.38015441,48.97999213],[-119.37614237,48.98223009],[-119.36902567,48.9841588],[-119.35835673,48.97820584],[-119.35114238,48.98223009],[-119.34682109,48.9841588],[-119.34280905,48.98639676],[-119.33152568,48.98832547],[-119.32294008,48.98353624],[-119.31780906,48.98639676],[-119.3093211,48.98832547],[-119.29743553,48.99763129],[-119.29607135,49.00009009],[-119.29993535,49.00009051],[-119.31138448,49.0000906],[-119.32139376,49.00009188],[-119.33140304,49.00009228],[-119.34141232,49.00009182],[-119.35501878,49.00009539],[-119.36862523,49.00009736],[-119.38223169,49.00009772],[-119.39256562,49.00009484],[-119.40289955,49.00009104],[-119.41559949,49.00008993],[-119.42829943,49.00008742],[-119.4287385,49.00008892],[-119.43918978,49.00008973],[-119.44275961,49.00008968],[-119.44260149,48.99881944],[-119.4430857,48.99494168]]]]}},{"type":"Feature","properties":{"id":"16167","name":"South Okanogan Highlands","ancestry":["12159","12218","12543","12422","16165","16167"]},"geometry":{"type":"MultiPolygon","coordinates":[[[[-119.7400379,48.25090278],[-119.73634731,48.24478706],[-119.73453253,48.24035183],[-119.73209926,48.23631944],[-119.7352446,48.23110297],[-119.71578254,48.2132685],[-119.71134732,48.21145372],[-119.70744921,48.20910183],[-119.70301399,48.20728706],[-119.69494921,48.2007685],[-119.68773486,48.1978144],[-119.68127327,48.18944444],[-119.67473437,48.18804877],[-119.66157113,48.18883409],[-119.66135547,48.18527778],[-119.66166065,48.18018338],[-119.65464568,48.17013699],[-119.65557341,48.15452827],[-119.65309132,48.14054308],[-119.65108936,48.12559353],[-119.63862192,48.11445258],[-119.64071339,48.10884549],[-119.64689828,48.10331977],[-119.6512684,48.08295844],[-119.66264128,48.06456245],[-119.66559131,48.04876248],[-119.66968066,48.03348741],[-119.66559131,48.02595974],[-119.66332894,48.01863553],[-119.64599496,48.00520372],[-119.63775115,48.00471137],[-119.62565806,48.01315864],[-119.613508,48.01542914],[-119.60182587,48.02028347],[-119.6000233,48.01444444],[-119.58864228,48.02389676],[-119.584321,48.02582547],[-119.57614229,48.03223009],[-119.571821,48.0341588],[-119.56364229,48.04056342],[-119.55932101,48.04249213],[-119.55530896,48.04473009],[-119.55098768,48.0466588],[-119.54697563,48.04889676],[-119.54265435,48.05082547],[-119.5386423,48.05306342],[-119.53432102,48.05499213],[-119.53030897,48.05723009],[-119.5223093,48.06079861],[-119.51973769,48.0654088],[-119.51780898,48.06973009],[-119.51557102,48.07374213],[-119.51186823,48.08203885],[-119.48930964,48.08384956],[-119.47893774,48.07806342],[-119.47182104,48.07999213],[-119.46669002,48.08285265],[-119.461559,48.07999213],[-119.43447975,48.07791694],[-119.42807106,48.06973009],[-119.42549944,48.06396837],[-119.41973773,48.06139676],[-119.41572568,48.0591588],[-119.4114044,48.05723009],[-119.40739235,48.05499213],[-119.34890442,48.05306342],[-119.34263408,48.04956407],[-119.32405905,48.04807075],[-119.32598776,48.05723009],[-119.32836406,48.06591743],[-119.32805889,48.06970974],[-119.33223776,48.07719672],[-119.33006084,48.09699653],[-119.31364239,48.11139676],[-119.30515444,48.11332547],[-119.29768781,48.11749213],[-119.29057111,48.11556342],[-119.28655907,48.11332547],[-119.28223778,48.11139676],[-119.27822574,48.1091588],[-119.26973779,48.10723009],[-119.26227115,48.10306342],[-119.25098779,48.10499213],[-119.24697575,48.10723009],[-119.24265446,48.1091588],[-119.23864242,48.11139676],[-119.23432113,48.11332547],[-119.23030909,48.11556342],[-119.21348781,48.11749213],[-119.20947576,48.11973009],[-119.20515448,48.1216588],[-119.19697577,48.12806342],[-119.18432115,48.12999213],[-119.18030911,48.13223009],[-119.17182116,48.1341588],[-119.16780911,48.13639676],[-119.16348783,48.13832547],[-119.15530912,48.14473009],[-119.15098783,48.1466588],[-119.14697579,48.14889676],[-119.13848784,48.15082547],[-119.13127348,48.15484972],[-119.12405913,48.15082547],[-119.11973784,48.14889676],[-119.1157258,48.1466588],[-119.11140451,48.14473009],[-119.10739247,48.14249213],[-119.06140453,48.14056342],[-119.05739249,48.13832547],[-119.0530712,48.13639676],[-119.04072583,48.12582547],[-119.03352368,48.12261095],[-119.03030917,48.1154088],[-119.02807121,48.11139676],[-119.0261425,48.10707547],[-119.02303378,48.10150499],[-119.02181308,48.08631944],[-119.02213453,48.08235623],[-119.01973788,48.07806342],[-119.01780917,48.0654088],[-119.01557122,48.06139676],[-119.01212884,48.05368598],[-118.99905918,48.04249213],[-118.99057123,48.04056342],[-118.98655918,48.03832547],[-118.97776199,48.03439887],[-118.97209386,48.01896918],[-118.97151606,48.01178738],[-118.98432123,48.00082547],[-118.99489251,47.99473009],[-119.01140455,47.97999213],[-119.01460686,47.97902778],[-119.00884921,47.96835883],[-119.00096754,47.96350043],[-118.99491286,47.95913845],[-118.98619297,47.95535834],[-118.97407953,47.94663845],[-118.96971756,47.94475043],[-118.96244217,47.94058377],[-118.93846757,47.94247179],[-118.93415035,47.94494575],[-118.9300081,47.94452257],[-118.91346758,47.94663845],[-118.90949623,47.9489171],[-118.89263425,47.95080512],[-118.8886629,47.95308377],[-118.87180093,47.95497179],[-118.86460692,47.9590937],[-118.85741291,47.95497179],[-118.84888427,47.95308377],[-118.84491292,47.95080512],[-118.84055094,47.9489171],[-118.81991293,47.92997179],[-118.81555095,47.92808377],[-118.8115796,47.92580512],[-118.80721762,47.9239171],[-118.80324627,47.92163845],[-118.79888429,47.91975043],[-118.79184083,47.91571398],[-118.78856528,47.91538032],[-118.78641278,47.91560004],[-118.78241294,47.91330512],[-118.76971763,47.9114171],[-118.76574628,47.90913845],[-118.74471764,47.90725043],[-118.73744226,47.90308377],[-118.72180099,47.90497179],[-118.71782963,47.90725043],[-118.71167322,47.9099197],[-118.7094963,47.91975043],[-118.70721766,47.92372179],[-118.70385666,47.93147732],[-118.69699631,47.9364171],[-118.69263433,47.93830512],[-118.68866298,47.94058377],[-118.68127366,47.94152778],[-118.68223801,47.94473009],[-118.68447597,47.94874213],[-118.68640468,47.95723009],[-118.68864263,47.96124213],[-118.69057134,47.97460883],[-118.68640468,47.98207547],[-118.68447597,47.99889676],[-118.68223801,48.0029088],[-118.6803093,48.00723009],[-118.66973802,48.01957547],[-118.66758551,48.0313756],[-118.667968,48.03611599],[-118.66557135,48.0404088],[-118.66339036,48.04765978],[-118.66391933,48.05427192],[-118.66826097,48.0620478],[-118.66764655,48.06965278],[-118.66829759,48.0777379],[-118.67822597,48.07999213],[-118.68223801,48.08223009],[-118.6865593,48.0841588],[-118.69057134,48.08710883],[-118.6860995,48.09512071],[-118.68659592,48.10128933],[-118.69489263,48.10499213],[-118.69890467,48.10794217],[-118.69473801,48.1154088],[-118.6928093,48.11973009],[-118.69057134,48.12374213],[-118.68841884,48.13554226],[-118.68899664,48.14272],[-118.7007398,48.1577143],[-118.70307134,48.17806342],[-118.70530929,48.18207547],[-118.707238,48.19056342],[-118.70963465,48.19485623],[-118.7093132,48.19881944],[-118.70992762,48.20642442],[-118.707238,48.21124213],[-118.70530929,48.21556342],[-118.69890467,48.22374213],[-118.69489263,48.23014676],[-118.68640468,48.2404088],[-118.68447597,48.2537755],[-118.68864263,48.26124213],[-118.69226405,48.26935167],[-118.70739262,48.2716588],[-118.72974776,48.29209337],[-118.73223799,48.30306342],[-118.73447595,48.30707547],[-118.73640466,48.31973009],[-118.74072595,48.32582547],[-118.74715091,48.33608344],[-118.74473799,48.3404088],[-118.74280928,48.35306342],[-118.74057132,48.35707547],[-118.73864261,48.36470486],[-118.74489261,48.36749213],[-118.74890465,48.37044217],[-118.74469323,48.37798611],[-118.74757409,48.38314562],[-118.7467847,48.392956],[-118.73848799,48.3966588],[-118.73293786,48.39975532],[-118.73030928,48.4037755],[-118.73568037,48.41340278],[-118.73223799,48.41957547],[-118.73030928,48.42389676],[-118.72776615,48.42845405],[-118.72826257,48.43462267],[-118.73799971,48.43896837],[-118.74057132,48.44473009],[-118.74820071,48.45447537],[-118.74671146,48.47300971],[-118.73106612,48.47656603],[-118.73864261,48.48624213],[-118.74057132,48.5037755],[-118.7363599,48.51131944],[-118.73868737,48.51548611],[-118.73640466,48.51957547],[-118.73447595,48.52389676],[-118.73088708,48.53032579],[-118.73702315,48.53898058],[-118.74489261,48.54249213],[-118.74890465,48.54544217],[-118.74473799,48.5529088],[-118.74280928,48.57389676],[-118.74057132,48.5779088],[-118.73864261,48.58223009],[-118.73640466,48.58624213],[-118.73447595,48.59889676],[-118.73219323,48.60298611],[-118.73452071,48.60715278],[-118.73223799,48.61124213],[-118.73030928,48.61556342],[-118.72807133,48.61957547],[-118.72614262,48.62806342],[-118.72390466,48.63207547],[-118.72197595,48.63639676],[-118.719738,48.6404088],[-118.71652348,48.64761095],[-118.70932133,48.65082547],[-118.70530929,48.65306342],[-118.69402593,48.65499213],[-118.68641688,48.65074816],[-118.68319016,48.66845242],[-118.66653164,48.68790229],[-118.66364264,48.69544217],[-118.66826097,48.70371446],[-118.66764655,48.71131944],[-118.66826097,48.71892442],[-118.66557135,48.72374213],[-118.66364264,48.7287755],[-118.66780931,48.73624213],[-118.66973802,48.7412755],[-118.66557135,48.74874213],[-118.66326422,48.76387071],[-118.65515469,48.76749213],[-118.64697598,48.77389676],[-118.64265469,48.77582547],[-118.63864265,48.77806342],[-118.63432136,48.77999213],[-118.63030932,48.78223009],[-118.62598803,48.7841588],[-118.62086515,48.78701525],[-118.61688159,48.79164171],[-118.61364266,48.79889676],[-118.60307138,48.81124213],[-118.60114267,48.81973009],[-118.59473805,48.8279088],[-118.59280934,48.83294217],[-118.596976,48.8404088],[-118.59890471,48.84473009],[-118.60114267,48.84874213],[-118.60307138,48.85306342],[-118.60530933,48.85707547],[-118.60627369,48.88319444],[-118.61572599,48.8841588],[-118.61973804,48.88639676],[-118.6390699,48.88861437],[-118.65340095,48.88746284],[-118.65932135,48.8841588],[-118.67060472,48.88223009],[-118.67807135,48.88639676],[-118.68239263,48.88832547],[-118.68640468,48.89056342],[-118.70322596,48.89249213],[-118.707238,48.89473009],[-118.71155929,48.8966588],[-118.71557133,48.89889676],[-118.71989262,48.90082547],[-118.73223799,48.91139676],[-118.74489261,48.91332547],[-118.74890465,48.9162755],[-118.74323245,48.92643989],[-118.76780927,48.9529088],[-118.76973798,48.95794217],[-118.76552655,48.96548611],[-118.76901369,48.97173611],[-118.76436689,48.98006944],[-118.76780927,48.98624213],[-118.76973798,48.99889676],[-118.77057849,49.000082],[-118.77702994,49.00008175],[-118.78749212,49.00009159],[-118.79534994,49.00008618],[-118.80320777,49.00008023],[-118.8135884,49.00008221],[-118.82396903,49.00008326],[-118.83434966,49.00008337],[-118.84576726,49.00008372],[-118.85718486,49.00008293],[-118.86860246,49.00008101],[-118.88002006,49.00007797],[-118.88965897,49.0000895],[-118.89929789,49.00010022],[-118.91024653,49.00008877],[-118.92104379,49.00008968],[-118.93184106,49.00008957],[-118.94263833,49.00008845],[-118.94989402,49.00009027],[-118.95714971,49.00009163],[-118.96560294,49.00008953],[-118.97405618,49.00008681],[-118.98476306,49.00008622],[-118.99546994,49.00008463],[-119.00617682,49.00008206],[-119.0168837,49.00007849],[-119.02695994,49.00007819],[-119.03703617,49.00007701],[-119.0471124,49.00007496],[-119.06070449,49.00007964],[-119.07429658,49.00008273],[-119.07965425,49.00008497],[-119.07822581,48.9975255],[-119.08026032,48.97462104],[-119.08979401,48.96356147],[-119.09863596,48.96089627],[-119.11542062,48.946435],[-119.11590077,48.94048611],[-119.11519276,48.93169705],[-119.12807117,48.93273058],[-119.12614246,48.9279088],[-119.12359933,48.92335151],[-119.1245352,48.91174669],[-119.11989247,48.9091588],[-119.10742502,48.90540717],[-119.10674957,48.89699653],[-119.11637684,48.88163194],[-119.13043527,48.87740017],[-119.12965809,48.86769965],[-119.13335682,48.86740262],[-119.14000965,48.86793566],[-119.14365141,48.85585476],[-119.15307116,48.85931342],[-119.16340238,48.86242622],[-119.16381742,48.86756944],[-119.16314603,48.87590278],[-119.16380521,48.8841059],[-119.15582995,48.89429064],[-119.15947578,48.90082547],[-119.16203112,48.91483507],[-119.17707018,48.90931342],[-119.17938951,48.91318712],[-119.16572578,48.9192825],[-119.17390449,48.93014676],[-119.18447577,48.94249213],[-119.18686835,48.95560655],[-119.20251369,48.96855008],[-119.21555079,48.97333523],[-119.22433172,48.95931342],[-119.24630843,48.96160834],[-119.24981999,48.97443387],[-119.23880925,48.9884923],[-119.23799138,48.99868924],[-119.24169011,48.99898627],[-119.24639388,48.99860786],[-119.25925945,49.00008381],[-119.26558798,49.00008341],[-119.2770371,49.00008691],[-119.28848623,49.00008928],[-119.29607135,49.00009009],[-119.29743553,48.99763129],[-119.3093211,48.98832547],[-119.31780906,48.98639676],[-119.32294008,48.98353624],[-119.33152568,48.98832547],[-119.34280905,48.98639676],[-119.34682109,48.9841588],[-119.35114238,48.98223009],[-119.35835673,48.97820584],[-119.36902567,48.9841588],[-119.37614237,48.98223009],[-119.38015441,48.97999213],[-119.3844757,48.97806342],[-119.38848774,48.97582547],[-119.39280903,48.97389676],[-119.40027566,48.96973009],[-119.41572568,48.9716588],[-119.42615455,48.9798253],[-119.43375953,48.98043566],[-119.43544003,48.97486111],[-119.43474016,48.95889431],[-119.43197324,48.95332791],[-119.4305735,48.94431098],[-119.42224017,48.93511502],[-119.42363991,48.91931098],[-119.42640683,48.91582791],[-119.4271067,48.91236111],[-119.42801409,48.9070185],[-119.43966366,48.89368435],[-119.42840065,48.88907416],[-119.42798154,48.88622586],[-119.435851,48.87648872],[-119.42129209,48.87341254],[-119.41369932,48.86317084],[-119.41592914,48.85561876],[-119.42581276,48.85157416],[-119.42623187,48.84872586],[-119.41393125,48.83464301],[-119.41795957,48.8279617],[-119.40718077,48.81562039],[-119.40536599,48.80285183],[-119.40293272,48.79881944],[-119.40670469,48.79256944],[-119.40293272,48.78631944],[-119.40536599,48.78228706],[-119.40718077,48.7695185],[-119.41786598,48.75728706],[-119.41968076,48.74868517],[-119.42619931,48.74062039],[-119.42801409,48.7320185],[-119.43036598,48.72812039],[-119.4327789,48.71667833],[-119.43843075,48.7132685],[-119.44397274,48.71099799],[-119.44884742,48.70285183],[-119.46786596,48.68228706],[-119.46968074,48.67785183],[-119.47384741,48.67094265],[-119.47203263,48.65285183],[-119.46551408,48.64478706],[-119.4636993,48.64035183],[-119.45981746,48.63391466],[-119.46786596,48.62395372],[-119.46968074,48.61535183],[-119.48453262,48.59895372],[-119.4863474,48.5945185],[-119.49051407,48.58760932],[-119.48869929,48.5820185],[-119.48208715,48.57383979],[-119.48481339,48.56932319],[-119.48414607,48.564831],[-119.48869929,48.55728706],[-119.49051407,48.54035183],[-119.51134739,48.51782579],[-119.50883275,48.50862169],[-119.49911595,48.5007685],[-119.49158829,48.49768826],[-119.4863474,48.49062039],[-119.48453262,48.4820185],[-119.48218074,48.47812039],[-119.48036596,48.47368517],[-119.47384741,48.46562039],[-119.47203263,48.46118517],[-119.46936743,48.45677029],[-119.46757706,48.44465278],[-119.46880997,48.43631944],[-119.46747941,48.427331],[-119.47203263,48.41978706],[-119.47519425,48.41206],[-119.48310847,48.40728706],[-119.50536595,48.40910183],[-119.51227513,48.4132685],[-119.51786594,48.41145372],[-119.53009739,48.4007685],[-119.53453261,48.39895372],[-119.53843072,48.39660183],[-119.54286594,48.39478706],[-119.55509738,48.38410183],[-119.5595326,48.38228706],[-119.58009737,48.3632685],[-119.58752331,48.36027778],[-119.5884307,48.35910183],[-119.59595836,48.35602159],[-119.60119925,48.34895372],[-119.60301402,48.3445185],[-119.60613902,48.33933865],[-119.60498749,48.33155463],[-119.60756724,48.32229763],[-119.61369924,48.31978706],[-119.61759735,48.31743517],[-119.62203257,48.31562039],[-119.62593068,48.3132685],[-119.6303659,48.31145372],[-119.63426401,48.30910183],[-119.6428659,48.30728706],[-119.64676401,48.30493517],[-119.65119923,48.30312039],[-119.65509734,48.3007685],[-119.67203255,48.29895372],[-119.67593066,48.29660183],[-119.68036588,48.29478706],[-119.68843066,48.2882685],[-119.69286588,48.28645372],[-119.69676399,48.28410183],[-119.71543667,48.28209988],[-119.73453253,48.26145372],[-119.73634731,48.2570185],[-119.7400379,48.25090278]],[[-119.59545381,48.10234728],[-119.58672578,48.1134923],[-119.58595267,48.12309109],[-119.58970837,48.12981717],[-119.5913319,48.15001166],[-119.58864228,48.16764676],[-119.58497611,48.17763211],[-119.59473766,48.180574],[-119.58864228,48.18848009],[-119.57983695,48.19912462],[-119.58064261,48.20914659],[-119.57549125,48.21837918],[-119.5792795,48.22869412],[-119.57255342,48.24074246],[-119.57978405,48.2509394],[-119.56194145,48.27529243],[-119.56765434,48.28553006],[-119.56193331,48.2942825],[-119.55019015,48.3008336],[-119.53432102,48.3029088],[-119.51854954,48.31446479],[-119.4884877,48.31139676],[-119.48427628,48.29286241],[-119.47614233,48.28832547],[-119.46790665,48.28584744],[-119.45169572,48.27330268],[-119.44296363,48.26317084],[-119.43474016,48.25608263],[-119.43218483,48.25035753],[-119.42468971,48.24390001],[-119.41989235,48.23624213],[-119.41149798,48.22440131],[-119.40947569,48.21332547],[-119.40698545,48.20189969],[-119.40801898,48.18899685],[-119.40530902,48.17999213],[-119.40044656,48.17313178],[-119.40401915,48.16340278],[-119.40098773,48.15514676],[-119.39850971,48.14691922],[-119.38393045,48.14252875],[-119.37765197,48.13524116],[-119.36548156,48.13157498],[-119.35739237,48.12460883],[-119.35971171,48.11855008],[-119.3713979,48.111234],[-119.37390441,48.1029088],[-119.3782257,48.09681342],[-119.38353576,48.08282416],[-119.39489236,48.08624213],[-119.3989044,48.08848009],[-119.41457822,48.0908686],[-119.41780902,48.0966588],[-119.41973773,48.10514676],[-119.42197568,48.1091588],[-119.42508441,48.12283474],[-119.438858,48.13463081],[-119.44807837,48.13389025],[-119.46428524,48.13832547],[-119.474059,48.13431342],[-119.48015437,48.12999213],[-119.49180394,48.12734728],[-119.50606582,48.11710558],[-119.51101373,48.11136013],[-119.51780898,48.10931342],[-119.52182102,48.10707547],[-119.52614231,48.10514676],[-119.53227431,48.10079698],[-119.55404757,48.09113308],[-119.57356661,48.08669786],[-119.57918998,48.07694444],[-119.5889027,48.07821398],[-119.59265433,48.09473009],[-119.59545381,48.10234728]],[[-119.01352451,48.2225255],[-119.01152255,48.2342768],[-119.00935784,48.23836209],[-119.00458896,48.24846951],[-118.9880403,48.2530797],[-118.97254552,48.26127875],[-118.96977452,48.25719347],[-118.96777257,48.24877875],[-118.96560786,48.24469347],[-118.9636059,48.23836209],[-118.96035884,48.23223416],[-118.95735591,48.21961209],[-118.95519119,48.2155268],[-118.95158605,48.2078852],[-118.92763994,48.20161079],[-118.92389238,48.20954942],[-118.91760169,48.21537625],[-118.91793942,48.22385607],[-118.89699623,48.24326118],[-118.89673174,48.24986111],[-118.89710202,48.25918728],[-118.89094154,48.25943142],[-118.88528155,48.25418647],[-118.87856769,48.24694363],[-118.86291828,48.23683621],[-118.8593579,48.23011013],[-118.85664794,48.21872504],[-118.84330973,48.20849962],[-118.82197184,48.20174099],[-118.82169108,48.19461616],[-118.83065511,48.18631131],[-118.84031901,48.17370551],[-118.84300862,48.1596186],[-118.85672118,48.15635118],[-118.85987873,48.13981472],[-118.86252359,48.13736111],[-118.85946369,48.12863715],[-118.85927652,48.12389676],[-118.86360594,48.11761013],[-118.86669025,48.11107123],[-118.87502358,48.11140082],[-118.8849601,48.11100613],[-118.90177732,48.11393582],[-118.91346351,48.10984239],[-118.91364661,48.11444444],[-118.91344316,48.11960802],[-118.92291175,48.11998237],[-118.93235592,48.1155268],[-118.95707108,48.09289497],[-118.97175206,48.10443875],[-118.97787185,48.12376655],[-118.98414219,48.12401476],[-118.99231276,48.11969347],[-118.99703688,48.12341661],[-118.99647129,48.13771105],[-118.99925449,48.14297228],[-118.99870924,48.15674995],[-119.00126051,48.16157579],[-118.99964512,48.20235541],[-119.01352451,48.2225255]]],[[[-119.21065102,49.00008131],[-119.2098908,48.99994249],[-119.20696112,48.9838699],[-119.18402004,48.974206],[-119.17294013,48.97331896],[-119.14582019,48.97549588],[-119.12471424,48.97089383],[-119.11441965,48.98540799],[-119.11973784,48.98998562],[-119.10883989,49.00009213],[-119.11047741,49.00009206],[-119.11964176,49.00009092],[-119.1288061,49.00008906],[-119.13838283,49.00008825],[-119.14795956,49.00008665],[-119.15753629,49.00008426],[-119.17036657,49.00011212],[-119.18319686,49.00013856],[-119.19603697,49.00008068],[-119.20540075,49.00008136],[-119.21065102,49.00008131]]]]}},{"type":"Feature","properties":{"id":"16198","name":"Priest Lake Selkirks","ancestry":["12159","12218","12543","12422","11830","16198"]},"geometry":{"type":"MultiPolygon","coordinates":[[[[-117.42238335,48.78907416],[-117.41582004,48.78406521],[-117.40436985,48.78177029],[-117.40123672,48.77364855],[-117.39868545,48.76962429],[-117.41131158,48.75535834],[-117.40957005,48.74031521],[-117.40714492,48.73649034],[-117.40540338,48.71948188],[-117.38873672,48.70125678],[-117.39047826,48.69448188],[-117.3946083,48.68797553],[-117.3738116,48.66565701],[-117.37207006,48.65698188],[-117.36964493,48.65315701],[-117.3679034,48.64448188],[-117.36547827,48.64065701],[-117.36373673,48.63198188],[-117.3613116,48.62815701],[-117.36044083,48.61652778],[-117.35957007,48.61114855],[-117.35714494,48.60732368],[-117.3554034,48.60281521],[-117.34881161,48.59482368],[-117.34698055,48.5637934],[-117.33665341,48.55489855],[-117.32797828,48.55315701],[-117.32415341,48.55073188],[-117.31547829,48.54899034],[-117.31165342,48.54656521],[-117.30353168,48.54343207],[-117.30080137,48.52980089],[-117.29082009,48.52156521],[-117.28631163,48.51982368],[-117.28248676,48.51739855],[-117.27518696,48.51458279],[-117.26806619,48.50525662],[-117.26326476,48.49453478],[-117.26609273,48.48382107],[-117.27589497,48.47573188],[-117.29417702,48.47386013],[-117.29794086,48.46861111],[-117.28561176,48.47124376],[-117.27830382,48.46078234],[-117.27765685,48.44996284],[-117.28104226,48.44053494],[-117.27982156,48.42004747],[-117.29059223,48.4061518],[-117.28653949,48.39876248],[-117.2822589,48.39262641],[-117.2802895,48.38626248],[-117.27749409,48.38111111],[-117.2822589,48.37234239],[-117.27930073,48.35568387],[-117.27442606,48.34506375],[-117.26300842,48.33708849],[-117.2486733,48.3337519],[-117.23450094,48.32473904],[-117.23237285,48.31334581],[-117.22600892,48.30512641],[-117.22234274,48.29714708],[-117.21488018,48.29193061],[-117.19942608,48.29285428],[-117.19573956,48.28956245],[-117.1918089,48.28515978],[-117.1863076,48.28024441],[-117.18139224,48.27474311],[-117.17589094,48.26982775],[-117.17025129,48.26351671],[-117.16344791,48.26039578],[-117.15737288,48.25709581],[-117.15023584,48.25489041],[-117.1382933,48.24840034],[-117.12669255,48.24909207],[-117.11275213,48.24097439],[-117.10341375,48.22760769],[-117.11559229,48.22202094],[-117.10220119,48.20448758],[-117.07525621,48.19262641],[-117.05859362,48.19468533],[-117.04750557,48.20709581],[-117.03868013,48.20609339],[-117.038602,48.207939],[-117.03751166,48.25982524],[-117.03577473,48.34248128],[-117.04693998,48.34461209],[-117.05511462,48.34893745],[-117.06906725,48.35335639],[-117.07185859,48.3592768],[-117.07675361,48.36638536],[-117.07394192,48.37169542],[-117.07193997,48.37594347],[-117.06787503,48.38362169],[-117.05898017,48.38627875],[-117.05095609,48.38203478],[-117.04624011,48.38222195],[-117.04090971,48.40460151],[-117.04792468,48.41479438],[-117.04476713,48.42380317],[-117.03526621,48.42577141],[-117.035285,48.429816],[-117.035285,48.430113],[-117.03530127,48.43822507],[-117.0353827,48.47882398],[-117.035425,48.499914],[-117.03489654,48.568885],[-117.03459521,48.6082125],[-117.034499,48.620769],[-117.034358,48.628523],[-117.03370886,48.655338],[-117.033671,48.656902],[-117.033335,48.749921],[-117.03238462,48.84666529],[-117.032107,48.874926],[-117.032351,48.999188],[-117.06335905,48.99908875],[-117.07268478,48.99905348],[-117.08512737,48.99900625],[-117.09756993,48.99895769],[-117.11001247,48.99890778],[-117.12245498,48.99885653],[-117.13489746,48.99880393],[-117.14306448,48.99887064],[-117.15123153,48.99893677],[-117.16350533,48.99903012],[-117.17577918,48.99912216],[-117.18805308,48.99921289],[-117.20032702,48.99930232],[-117.21151916,48.99938184],[-117.22271133,48.99946027],[-117.23390353,48.99953761],[-117.24509577,48.99961388],[-117.25634912,48.99968952],[-117.2676025,48.99976407],[-117.27885591,48.99983752],[-117.29010936,48.99990987],[-117.29944598,48.99997358],[-117.30009106,48.99997559],[-117.30960324,49.00003973],[-117.35181812,49.00015363],[-117.35123674,48.99864855],[-117.34881161,48.99482368],[-117.34707007,48.98198188],[-117.34464494,48.97815701],[-117.34290341,48.97364855],[-117.34047828,48.96982368],[-117.33873674,48.96531521],[-117.33040341,48.95521593],[-117.33214495,48.94031521],[-117.33457007,48.93649034],[-117.33631161,48.93198188],[-117.3388466,48.92798611],[-117.33487932,48.92173611],[-117.33873674,48.91565701],[-117.34047828,48.91114855],[-117.3491534,48.90107368],[-117.35297827,48.89448188],[-117.36373673,48.88232368],[-117.36547827,48.87364855],[-117.37623673,48.86149034],[-117.37797826,48.85698188],[-117.38913141,48.84438015],[-117.3883583,48.84048611],[-117.38972956,48.83354438],[-117.38457006,48.82541857],[-117.41263401,48.79685818],[-117.42152479,48.79342801],[-117.42238335,48.78907416]]]]}},{"type":"Feature","properties":{"id":"16206","name":"Abercrombie Area Selkirks","ancestry":["12159","12218","12543","12422","11830","16205","16206"]},"geometry":{"type":"MultiPolygon","coordinates":[[[[-118.09320829,48.61395209],[-118.08210804,48.6051671],[-118.06346791,48.60705512],[-118.05642038,48.60970405],[-118.04263458,48.60725043],[-118.03425242,48.602449],[-118.01574657,48.59455512],[-118.00721793,48.5926671],[-117.99074658,48.58622179],[-117.98127393,48.58527778],[-117.97384799,48.58228706],[-117.9729406,48.58111111],[-117.96777296,48.58219347],[-117.95310825,48.58419542],[-117.9383174,48.59669542],[-117.93642531,48.59257351],[-117.94175978,48.57958116],[-117.93670607,48.5636103],[-117.90405228,48.54264676],[-117.88920039,48.54205675],[-117.87862097,48.551859],[-117.87417761,48.56127875],[-117.87006385,48.55402371],[-117.86953894,48.54079129],[-117.87545528,48.53219347],[-117.86977495,48.53419542],[-117.86568966,48.53636013],[-117.85735633,48.5402908],[-117.85935828,48.5467768],[-117.86459103,48.55437771],[-117.86129106,48.5637934],[-117.86177121,48.57586209],[-117.85727495,48.56969347],[-117.85227007,48.55388129],[-117.83932248,48.54497016],[-117.8282263,48.54453071],[-117.81902627,48.55086209],[-117.8156083,48.54469347],[-117.81325641,48.53726345],[-117.79606892,48.52408393],[-117.77255819,48.51999051],[-117.75580608,48.52586209],[-117.74030315,48.52381944],[-117.73235638,48.51961209],[-117.726025,48.51761013],[-117.71568972,48.51336209],[-117.70935834,48.51136013],[-117.70284386,48.50687609],[-117.68673465,48.50751492],[-117.68218957,48.49892117],[-117.68259647,48.48858588],[-117.68127404,48.48736111],[-117.66362268,48.50304308],[-117.65791386,48.50566759],[-117.65359258,48.51507514],[-117.64695602,48.51970974],[-117.64229701,48.52185004],[-117.63563604,48.52930854],[-117.63028936,48.53220974],[-117.61350877,48.53417914],[-117.60945604,48.53637641],[-117.60517544,48.53834581],[-117.59886848,48.54274848],[-117.58913541,48.54217068],[-117.58445605,48.54470974],[-117.57600878,48.54667914],[-117.57195605,48.54887641],[-117.56410286,48.55248562],[-117.55112273,48.56774034],[-117.55309213,48.57387641],[-117.55725879,48.5815465],[-117.55528939,48.59054308],[-117.5447588,48.60292914],[-117.5427894,48.61554308],[-117.54059213,48.61959581],[-117.53692595,48.62757514],[-117.52880828,48.63324734],[-117.49619924,48.63706814],[-117.47148815,48.64840847],[-117.46290661,48.65801541],[-117.45737276,48.65501248],[-117.43820773,48.65276638],[-117.43358941,48.64269965],[-117.41975884,48.64054308],[-117.41153945,48.63417914],[-117.40725885,48.63220974],[-117.40320612,48.63001248],[-117.39892552,48.62804308],[-117.39487279,48.62584581],[-117.39059219,48.62387641],[-117.38653946,48.62167914],[-117.38225886,48.61970974],[-117.37518692,48.6158686],[-117.36770808,48.61542101],[-117.36044083,48.61652778],[-117.3613116,48.62815701],[-117.36373673,48.63198188],[-117.36547827,48.64065701],[-117.3679034,48.64448188],[-117.36964493,48.65315701],[-117.37207006,48.65698188],[-117.3738116,48.66565701],[-117.3946083,48.68797553],[-117.39047826,48.69448188],[-117.38873672,48.70125678],[-117.40540338,48.71948188],[-117.40714492,48.73649034],[-117.40957005,48.74031521],[-117.41131158,48.75535834],[-117.39868545,48.76962429],[-117.40123672,48.77364855],[-117.40436985,48.78177029],[-117.41582004,48.78406521],[-117.42238335,48.78907416],[-117.42152479,48.79342801],[-117.41263401,48.79685818],[-117.38457006,48.82541857],[-117.38972956,48.83354438],[-117.3883583,48.84048611],[-117.38913141,48.84438015],[-117.37797826,48.85698188],[-117.37623673,48.86149034],[-117.36547827,48.87364855],[-117.36373673,48.88232368],[-117.35297827,48.89448188],[-117.3491534,48.90107368],[-117.34047828,48.91114855],[-117.33873674,48.91565701],[-117.33487932,48.92173611],[-117.3388466,48.92798611],[-117.33631161,48.93198188],[-117.33457007,48.93649034],[-117.33214495,48.94031521],[-117.33040341,48.95521593],[-117.33873674,48.96531521],[-117.34047828,48.96982368],[-117.34290341,48.97364855],[-117.34464494,48.97815701],[-117.34707007,48.98198188],[-117.34881161,48.99482368],[-117.35123674,48.99864855],[-117.35181812,49.00015363],[-117.429968,49.00036448],[-117.53604299,49.00065068],[-117.54435865,49.00066173],[-117.55632457,49.00067639],[-117.5682905,49.00068981],[-117.58025644,49.00070198],[-117.59208877,49.00071245],[-117.6039211,49.0007217],[-117.61575343,49.00072974],[-117.62758577,49.00073656],[-117.63331684,49.00073648],[-117.63844366,48.9965937],[-117.64051478,48.9820185],[-117.64347295,48.97711534],[-117.6512,48.97395372],[-117.65509811,48.97160183],[-117.66369999,48.96978706],[-117.6675981,48.96743517],[-117.67203332,48.96562039],[-117.67593143,48.9632685],[-117.68036665,48.96145372],[-117.68426476,48.95910183],[-117.68869998,48.95728706],[-117.69259809,48.95493517],[-117.70046756,48.95274197],[-117.70490278,48.95340115],[-117.70926475,48.9507685],[-117.71369997,48.94895372],[-117.72176475,48.94243517],[-117.74703329,48.94062039],[-117.75093141,48.9382685],[-117.75536662,48.93645372],[-117.7634314,48.92993517],[-117.76786662,48.92812039],[-117.77176473,48.9257685],[-117.78036662,48.92395372],[-117.78426473,48.92160183],[-117.79286661,48.91978706],[-117.79676472,48.91743517],[-117.80119994,48.91562039],[-117.81759805,48.9007685],[-117.82203327,48.89895372],[-117.83843137,48.88410183],[-117.84286659,48.88228706],[-117.8467647,48.87993517],[-117.85536659,48.87812039],[-117.8592647,48.8757685],[-117.87203325,48.87395372],[-117.88426469,48.8632685],[-117.89286657,48.86145372],[-117.89676468,48.85910183],[-117.9011999,48.85728706],[-117.90509801,48.85493517],[-117.9136999,48.85312039],[-117.92177688,48.8465937],[-117.92384801,48.8320185],[-117.92619989,48.82812039],[-117.92862095,48.82220812],[-117.93453322,48.81978706],[-117.93843133,48.81743517],[-117.96277214,48.81562039],[-117.96968132,48.81978706],[-117.9856888,48.82160183],[-117.99259798,48.81743517],[-117.9970332,48.81562039],[-118.00093131,48.8132685],[-118.00903677,48.80995226],[-118.01134797,48.79752957],[-118.00718131,48.79062039],[-118.00536653,48.78153022],[-118.01369986,48.77812039],[-118.01759797,48.7757685],[-118.02203319,48.77395372],[-118.0259313,48.77160183],[-118.03453318,48.76978706],[-118.03843129,48.76743517],[-118.04286651,48.76562039],[-118.05417429,48.75603787],[-118.05718129,48.74868517],[-118.05961455,48.74465278],[-118.05718129,48.74062039],[-118.05536651,48.73618517],[-118.04468129,48.72395372],[-118.04286651,48.7195185],[-118.03634796,48.71145372],[-118.03335724,48.70402778],[-118.02724152,48.70632677],[-118.0178299,48.68989204],[-118.02163849,48.68249864],[-118.0279007,48.68185981],[-118.03547719,48.68619737],[-118.06627552,48.67370144],[-118.07128854,48.66766303],[-118.08630318,48.66204373],[-118.08722685,48.65298611],[-118.08616484,48.64256944],[-118.08678333,48.63647],[-118.07616321,48.623734],[-118.0801427,48.61932726],[-118.09252877,48.62058865],[-118.09320829,48.61395209]]]]}},{"type":"Feature","properties":{"id":"16207","name":"Central Washington Selkirks","ancestry":["12159","12218","12543","12422","11830","16205","16207"]},"geometry":{"type":"MultiPolygon","coordinates":[[[[-117.87454789,48.46405382],[-117.87178504,48.45935004],[-117.86969764,48.44970242],[-117.86470903,48.43786567],[-117.84759071,48.42415717],[-117.84582476,48.40998888],[-117.85210731,48.40819444],[-117.85359657,48.40704698],[-117.85186724,48.39534044],[-117.84468137,48.38645372],[-117.84286659,48.3695185],[-117.8405147,48.36562039],[-117.83869993,48.36118517],[-117.83500933,48.35506944],[-117.83869993,48.34895372],[-117.8405147,48.34259793],[-117.83218137,48.33228706],[-117.8303666,48.32785183],[-117.82740843,48.32294868],[-117.81968138,48.31978706],[-117.8116166,48.3132685],[-117.79724486,48.31122586],[-117.79169067,48.30402778],[-117.78644165,48.3030268],[-117.76210083,48.29373725],[-117.75352336,48.30299832],[-117.72826296,48.30519965],[-117.72189903,48.30494737],[-117.71553917,48.30519965],[-117.70553347,48.2944005],[-117.70297814,48.28100125],[-117.69375369,48.26594184],[-117.69068973,48.24669542],[-117.68812625,48.23444363],[-117.68227502,48.22594347],[-117.68014286,48.2214228],[-117.67197229,48.21385037],[-117.68257206,48.20002794],[-117.68199019,48.18539985],[-117.66927454,48.18137153],[-117.66568974,48.17377875],[-117.66321578,48.16910753],[-117.66391158,48.15155382],[-117.67947147,48.14014025],[-117.68532678,48.12773383],[-117.69290327,48.12803494],[-117.6977047,48.14320014],[-117.70548058,48.14669542],[-117.72757936,48.11980333],[-117.72564658,48.11136013],[-117.71396446,48.11754096],[-117.69785932,48.12061306],[-117.70110639,48.11136013],[-117.70310834,48.10487413],[-117.69477501,48.10094347],[-117.68386193,48.09516954],[-117.67611861,48.11157986],[-117.66156376,48.12586209],[-117.65735641,48.11805773],[-117.66681279,48.10572862],[-117.66977502,48.09738715],[-117.66273564,48.09261013],[-117.65930139,48.10345812],[-117.64899053,48.11301215],[-117.64693975,48.12803087],[-117.64169072,48.12781928],[-117.63250697,48.12818549],[-117.62610642,48.12377875],[-117.62185838,48.1217768],[-117.61360643,48.11483914],[-117.61985642,48.1030268],[-117.62185838,48.09877875],[-117.62610642,48.09261013],[-117.62810837,48.08157905],[-117.62359991,48.06871691],[-117.61130337,48.06482286],[-117.61183234,48.05144803],[-117.60901658,48.04612576],[-117.59068977,48.04886013],[-117.57540657,48.05094754],[-117.56360644,48.05719347],[-117.55634326,48.06061957],[-117.55318978,48.06814317],[-117.56343555,48.07763618],[-117.55836149,48.08419542],[-117.53860645,48.07169542],[-117.53030161,48.06777696],[-117.5046994,48.06063992],[-117.47838512,48.06522163],[-117.46777315,48.07386013],[-117.46207654,48.07586209],[-117.45902885,48.06623481],[-117.45310844,48.06344347],[-117.4488726,48.06120144],[-117.43960747,48.06156765],[-117.43038303,48.06120144],[-117.41946181,48.06568956],[-117.40391412,48.08688097],[-117.40830052,48.09938911],[-117.40310846,48.10919542],[-117.40110651,48.1155268],[-117.38371963,48.13609972],[-117.37185847,48.13836209],[-117.36260555,48.14160916],[-117.34296444,48.14782661],[-117.33196184,48.15969998],[-117.33238095,48.17024685],[-117.34367652,48.18071235],[-117.33770321,48.19199978],[-117.34613827,48.19981635],[-117.34322079,48.20711209],[-117.33225074,48.19869737],[-117.32802711,48.1988642],[-117.32826718,48.20495958],[-117.32581764,48.20959418],[-117.30985898,48.21989692],[-117.30735654,48.22891791],[-117.31588519,48.24285021],[-117.32502418,48.24248806],[-117.32919085,48.24265082],[-117.33422014,48.24245144],[-117.34332251,48.24564155],[-117.36144181,48.26136013],[-117.36568985,48.26336209],[-117.3763059,48.27200467],[-117.3801918,48.2842768],[-117.38947321,48.29637804],[-117.38636449,48.30524848],[-117.38660456,48.31131944],[-117.38642959,48.31577501],[-117.37414119,48.31528673],[-117.36337052,48.32405138],[-117.36369604,48.33226264],[-117.3564532,48.33897244],[-117.35943986,48.34461209],[-117.36144181,48.34923855],[-117.34896623,48.36079861],[-117.34693986,48.40340522],[-117.35668514,48.41243842],[-117.34603654,48.42230577],[-117.34902319,48.42794542],[-117.35102515,48.43219347],[-117.35735652,48.44044542],[-117.35935848,48.4448725],[-117.34457984,48.4544184],[-117.32499163,48.44754991],[-117.32193987,48.45719347],[-117.31916888,48.46243028],[-117.29794086,48.46861111],[-117.29417702,48.47386013],[-117.27589497,48.47573188],[-117.26609273,48.48382107],[-117.26326476,48.49453478],[-117.26806619,48.50525662],[-117.27518696,48.51458279],[-117.28248676,48.51739855],[-117.28631163,48.51982368],[-117.29082009,48.52156521],[-117.30080137,48.52980089],[-117.30353168,48.54343207],[-117.31165342,48.54656521],[-117.31547829,48.54899034],[-117.32415341,48.55073188],[-117.32797828,48.55315701],[-117.33665341,48.55489855],[-117.34698055,48.5637934],[-117.34881161,48.59482368],[-117.3554034,48.60281521],[-117.35714494,48.60732368],[-117.35957007,48.61114855],[-117.36044083,48.61652778],[-117.36770808,48.61542101],[-117.37518692,48.6158686],[-117.38225886,48.61970974],[-117.38653946,48.62167914],[-117.39059219,48.62387641],[-117.39487279,48.62584581],[-117.39892552,48.62804308],[-117.40320612,48.63001248],[-117.40725885,48.63220974],[-117.41153945,48.63417914],[-117.41975884,48.64054308],[-117.43358941,48.64269965],[-117.43820773,48.65276638],[-117.45737276,48.65501248],[-117.46290661,48.65801541],[-117.47148815,48.64840847],[-117.49619924,48.63706814],[-117.52880828,48.63324734],[-117.53692595,48.62757514],[-117.54059213,48.61959581],[-117.5427894,48.61554308],[-117.5447588,48.60292914],[-117.55528939,48.59054308],[-117.55725879,48.5815465],[-117.55309213,48.57387641],[-117.55112273,48.56774034],[-117.56410286,48.55248562],[-117.57195605,48.54887641],[-117.57600878,48.54667914],[-117.58445605,48.54470974],[-117.58913541,48.54217068],[-117.59886848,48.54274848],[-117.60517544,48.53834581],[-117.60945604,48.53637641],[-117.61350877,48.53417914],[-117.63028936,48.53220974],[-117.63563604,48.52930854],[-117.64229701,48.52185004],[-117.64695602,48.51970974],[-117.65359258,48.51507514],[-117.65791386,48.50566759],[-117.66362268,48.50304308],[-117.68127404,48.48736111],[-117.68034631,48.47995551],[-117.67629764,48.47306261],[-117.67409631,48.46537218],[-117.66576298,48.45396267],[-117.67044641,48.45018663],[-117.67803511,48.45310004],[-117.68659631,48.45495551],[-117.69507612,48.46114855],[-117.71980756,48.45807237],[-117.73227093,48.46717475],[-117.73752402,48.46782986],[-117.74898235,48.46640164],[-117.76669068,48.46860704],[-117.78518025,48.46630805],[-117.79284627,48.46953885],[-117.80382852,48.47755887],[-117.81076618,48.48048041],[-117.81716673,48.48847195],[-117.83795123,48.49105577],[-117.8561397,48.48622586],[-117.8735225,48.4723017],[-117.87454789,48.46405382]]],[[[-117.78869588,47.89870958],[-117.77881225,47.88955431],[-117.77795369,47.86782579],[-117.78125773,47.86157579],[-117.7719397,47.84803006],[-117.77394165,47.84461209],[-117.78019165,47.83882189],[-117.76868042,47.83166043],[-117.75132203,47.83234809],[-117.74693971,47.83002875],[-117.72919069,47.82902778],[-117.7279944,47.83031765],[-117.71868858,47.83470812],[-117.70843875,47.84577582],[-117.69659386,47.85674588],[-117.69702111,47.86750434],[-117.69060835,47.87586209],[-117.67880415,47.89195909],[-117.66415572,47.88732449],[-117.66144169,47.88219347],[-117.65911422,47.86757351],[-117.64434779,47.85741319],[-117.63227504,47.85511013],[-117.6208574,47.84906765],[-117.60384487,47.8483922],[-117.60935838,47.858817],[-117.6052731,47.86136013],[-117.59346076,47.86509956],[-117.59068977,47.87386013],[-117.58644172,47.88002875],[-117.58443977,47.8842768],[-117.58029345,47.89211372],[-117.57972786,47.90631456],[-117.58235644,47.91127875],[-117.58485888,47.91919298],[-117.59488085,47.92236274],[-117.60592821,47.92996772],[-117.62808396,47.93232368],[-117.63852504,47.94199571],[-117.63443975,47.94469347],[-117.62239548,47.94756212],[-117.61777309,47.96074571],[-117.62185838,47.9717768],[-117.62554083,47.97873074],[-117.6210934,47.98814643],[-117.60735643,47.99142198],[-117.60983039,48.00317735],[-117.62200893,48.00269314],[-117.63011439,48.01143745],[-117.63645391,48.0173131],[-117.63920456,48.02599637],[-117.66931116,48.03836209],[-117.67662317,48.03620551],[-117.6845089,48.03203478],[-117.70480919,48.03283637],[-117.70735639,48.0280268],[-117.70994835,48.02252957],[-117.72832806,48.01066026],[-117.72803102,48.00309597],[-117.73179079,47.99599148],[-117.72818971,47.98836209],[-117.72014528,47.97787625],[-117.7305945,47.96659695],[-117.74015667,47.9716588],[-117.74866497,47.95848334],[-117.75519166,47.95502875],[-117.76050171,47.95252631],[-117.76560832,47.94461209],[-117.78027303,47.9280268],[-117.78227498,47.91961209],[-117.7882076,47.91099392],[-117.78869588,47.89870958]]],[[[-117.57187874,47.81892442],[-117.5665931,47.80648546],[-117.55525277,47.7987991],[-117.53864714,47.79475043],[-117.53646209,47.79050646],[-117.53343068,47.77807156],[-117.5218991,47.77783556],[-117.50835744,47.77811225],[-117.49898245,47.77792101],[-117.48677949,47.77817329],[-117.47872692,47.77402289],[-117.4677528,47.7737991],[-117.46460746,47.77277778],[-117.46347628,47.77395779],[-117.44292371,47.78392687],[-117.43442762,47.80041857],[-117.45694552,47.80317329],[-117.46771211,47.81133979],[-117.47472708,47.81474148],[-117.48010631,47.82582954],[-117.48698701,47.82818549],[-117.50316946,47.83213243],[-117.5096229,47.83650662],[-117.5218991,47.83625434],[-117.5281491,47.83638455],[-117.5343991,47.83625434],[-117.54169076,47.83640489],[-117.54794076,47.83627875],[-117.55715707,47.83646593],[-117.57187874,47.81892442]]]]}},{"type":"Feature","properties":{"id":"16208","name":"Huckleberry Mountains","ancestry":["12159","12218","12543","12422","11830","16205","16208"]},"geometry":{"type":"MultiPolygon","coordinates":[[[[-118.38171729,48.0077143],[-118.37388445,47.99683377],[-118.36938413,47.98481391],[-118.35143573,47.97702989],[-118.34872577,47.96486762],[-118.35032896,47.94916531],[-118.34619485,47.93052924],[-118.33457783,47.92934516],[-118.3342401,47.93266954],[-118.33977802,47.94234158],[-118.32900735,47.94343614],[-118.3204665,47.93264513],[-118.32241149,47.91356147],[-118.31472513,47.91277615],[-118.30419047,47.91444444],[-118.30251811,47.91653185],[-118.29701274,47.91976671],[-118.29261821,47.92162218],[-118.28867941,47.92393338],[-118.28428488,47.92578885],[-118.28034608,47.92810004],[-118.27595155,47.92995551],[-118.27201275,47.93226671],[-118.26345155,47.93412218],[-118.25534609,47.94060004],[-118.24678489,47.94245551],[-118.23969668,47.94662218],[-118.21136824,47.94476671],[-118.20742944,47.94245551],[-118.20010115,47.93936713],[-118.19701278,47.93203885],[-118.18636825,47.91976671],[-118.18327987,47.91244656],[-118.15742946,47.88828885],[-118.15303493,47.88643338],[-118.14909613,47.88412218],[-118.13788194,47.88169298],[-118.1345128,47.87370551],[-118.12386827,47.86143338],[-118.1220128,47.85287218],[-118.11970161,47.84893338],[-118.11715848,47.83432563],[-118.10046333,47.83189236],[-118.09577177,47.82075548],[-118.07310739,47.79987739],[-118.06356149,47.79868924],[-118.04678497,47.80078885],[-118.04284617,47.80310004],[-118.03011831,47.80495551],[-118.02617951,47.80726671],[-118.01216584,47.80930935],[-118.00951285,47.81560004],[-118.00720165,47.81953885],[-118.003979,47.82718045],[-117.99701285,47.83226671],[-117.99261832,47.83412218],[-117.98553011,47.83828885],[-117.97386833,47.83643338],[-117.96992953,47.83412218],[-117.96136834,47.83226671],[-117.95742954,47.82995551],[-117.94376173,47.82796577],[-117.93547723,47.81762234],[-117.92919061,47.81652778],[-117.92782343,47.82106472],[-117.91881057,47.82508491],[-117.90114294,47.83639676],[-117.89377396,47.83968452],[-117.86993771,47.85461778],[-117.86936805,47.86165717],[-117.87897091,47.8699254],[-117.88273881,47.88651069],[-117.887821,47.89790392],[-117.90519974,47.8941116],[-117.91277623,47.9029088],[-117.91588902,47.89867703],[-117.91507115,47.88848009],[-117.91989293,47.8904088],[-117.9287064,47.8966588],[-117.93046014,47.89227241],[-117.92984979,47.88470405],[-117.93432163,47.87669217],[-117.92934524,47.87303006],[-117.92060501,47.8779088],[-117.91765497,47.87389676],[-117.91572626,47.86749213],[-117.91186477,47.86057482],[-117.9224564,47.85306342],[-117.92614293,47.85707547],[-117.92865757,47.86542508],[-117.95114292,47.86749213],[-117.96248731,47.8716588],[-117.97542269,47.86717475],[-117.98130648,47.85398709],[-117.99838411,47.85261583],[-118.00344596,47.85697374],[-117.98875277,47.87412869],[-117.9823929,47.88553006],[-117.98432161,47.89473009],[-117.98655957,47.89874213],[-117.99017285,47.90684353],[-118.00500439,47.91308946],[-118.00568391,47.90466661],[-117.9886429,47.88406521],[-117.9965734,47.87876736],[-118.01427359,47.87734321],[-118.03424835,47.88842719],[-118.03686473,47.91124213],[-118.05600534,47.90821479],[-118.06457468,47.90213569],[-118.07598418,47.90556993],[-118.08223824,47.91678006],[-118.07034046,47.92660672],[-118.05163116,47.93738959],[-118.04489288,47.95514676],[-118.04265493,47.9591588],[-118.03990021,47.96533556],[-118.02542674,47.96797228],[-118.00598095,47.97660672],[-117.99473828,47.97999213],[-117.98447624,47.98639676],[-117.97620394,47.98888699],[-117.97105258,48.00292101],[-117.97502393,48.03593696],[-117.9638016,48.03900906],[-117.95140333,48.03801215],[-117.94844923,48.04331],[-117.95104933,48.05757189],[-117.95754754,48.06317084],[-117.96236931,48.06876573],[-117.97182162,48.07690782],[-117.96566928,48.08187202],[-117.94890496,48.07806342],[-117.9441076,48.07538601],[-117.93129836,48.07153266],[-117.91596633,48.06297553],[-117.89473832,48.0654088],[-117.88339392,48.06957547],[-117.87517859,48.06743517],[-117.86441606,48.06142931],[-117.84827837,48.07301378],[-117.85338905,48.08022],[-117.85298215,48.08527778],[-117.85369015,48.09407905],[-117.848905,48.10082547],[-117.8465816,48.12362006],[-117.83515175,48.13077745],[-117.82326211,48.14457547],[-117.81755736,48.14145454],[-117.80602172,48.12806342],[-117.79768432,48.13764594],[-117.78892374,48.15334825],[-117.78591267,48.17274929],[-117.79280964,48.17582547],[-117.79794066,48.17868598],[-117.80641234,48.17396186],[-117.81364297,48.1841588],[-117.81557168,48.19056342],[-117.81989297,48.1966588],[-117.82265989,48.20584663],[-117.83432167,48.22229357],[-117.83021197,48.22393745],[-117.82340859,48.2191116],[-117.80583861,48.22052355],[-117.80307168,48.21556342],[-117.79780232,48.20167589],[-117.79049845,48.19649604],[-117.77835246,48.1974726],[-117.77060506,48.18848009],[-117.75583456,48.19157661],[-117.75322633,48.20306342],[-117.73764609,48.22802273],[-117.73892783,48.24395291],[-117.735518,48.25324246],[-117.74145875,48.2750727],[-117.74944622,48.27952827],[-117.7593217,48.28223009],[-117.7703772,48.28474067],[-117.77503214,48.29517768],[-117.79473835,48.29965359],[-117.79280964,48.30306342],[-117.79169067,48.30402778],[-117.79724486,48.31122586],[-117.8116166,48.3132685],[-117.81968138,48.31978706],[-117.82740843,48.32294868],[-117.8303666,48.32785183],[-117.83218137,48.33228706],[-117.8405147,48.34259793],[-117.83869993,48.34895372],[-117.83500933,48.35506944],[-117.83869993,48.36118517],[-117.8405147,48.36562039],[-117.84286659,48.3695185],[-117.84468137,48.38645372],[-117.85186724,48.39534044],[-117.85359657,48.40704698],[-117.85210731,48.40819444],[-117.86155962,48.41957547],[-117.86460731,48.42640734],[-117.88030961,48.43624213],[-117.88937129,48.4426671],[-117.89666703,48.45113471],[-117.90557816,48.45881293],[-117.91364293,48.46124213],[-117.92182164,48.465185],[-117.91208043,48.47762397],[-117.91572626,48.4841588],[-117.91765497,48.49681342],[-117.91989293,48.50082547],[-117.92182164,48.51973009],[-117.93328404,48.53436632],[-117.93720656,48.54739529],[-117.95738885,48.55640001],[-117.9659948,48.56638943],[-117.96514844,48.57694444],[-117.97197624,48.57999213],[-117.9729406,48.58111111],[-117.97384799,48.58228706],[-117.98127393,48.58527778],[-117.98510693,48.58114366],[-118.00110628,48.58419542],[-118.00770621,48.58651069],[-118.01669058,48.58615262],[-118.03231557,48.58677517],[-118.05066273,48.58604682],[-118.05641631,48.58909044],[-118.06584828,48.58260037],[-118.08023222,48.58203071],[-118.10425565,48.58298286],[-118.10900418,48.57858019],[-118.1293655,48.55587918],[-118.14076687,48.53622179],[-118.1403559,48.52579291],[-118.15484564,48.51236925],[-118.16360621,48.50094347],[-118.1700027,48.49103543],[-118.1784052,48.48837429],[-118.1862828,48.47987006],[-118.19675643,48.47016954],[-118.19718774,48.4592768],[-118.19269149,48.46127875],[-118.18883,48.46544542],[-118.18238876,48.46004178],[-118.18219345,48.45506944],[-118.18274276,48.44117784],[-118.17838485,48.43294623],[-118.17764429,48.41424099],[-118.18187199,48.40624946],[-118.17818954,48.39461209],[-118.17585393,48.39019721],[-118.16732529,48.36223497],[-118.16785019,48.34892931],[-118.1644485,48.3424962],[-118.15935817,48.33011013],[-118.15735622,48.32377875],[-118.1551915,48.31969347],[-118.15318955,48.30919542],[-118.15102484,48.30094347],[-118.14902289,48.28627875],[-118.13652289,48.2714879],[-118.13924506,48.25195258],[-118.1458572,48.24986111],[-118.14699652,48.2489171],[-118.14951524,48.24310248],[-118.15532985,48.24058377],[-118.16763453,48.22997179],[-118.17199651,48.22808377],[-118.19271183,48.20906928],[-118.19471786,48.17788845],[-118.19863631,48.17105252],[-118.19679305,48.15298611],[-118.19727726,48.14824164],[-118.20532983,48.14475043],[-118.20930118,48.14247179],[-118.21782983,48.14058377],[-118.22180118,48.13830512],[-118.23032982,48.1364171],[-118.23430117,48.13413845],[-118.23866315,48.13225043],[-118.24646751,48.12663113],[-118.2488845,48.11417182],[-118.24471784,48.10308377],[-118.24282982,48.09455512],[-118.24055117,48.09058377],[-118.23866315,48.07702582],[-118.24282982,48.06975043],[-118.24471784,48.06538845],[-118.24741559,48.06068061],[-118.25532981,48.05725043],[-118.26346783,48.05080512],[-118.27616314,48.0489171],[-118.28013449,48.04663845],[-118.32494241,48.04475043],[-118.3322178,48.0489171],[-118.35202574,48.05080512],[-118.35930112,48.04663845],[-118.36826108,48.04465278],[-118.37085711,48.04152778],[-118.36461932,48.04041694],[-118.37469012,48.02641954],[-118.38171729,48.0077143]]]]}},{"type":"Feature","properties":{"id":"16209","name":"Mount Spokane Area","ancestry":["12159","12218","12543","12422","11830","16205","16209"]},"geometry":{"type":"MultiPolygon","coordinates":[[[[-117.30937884,48.07018582],[-117.29140196,48.05839789],[-117.26771219,48.05508979],[-117.25600565,48.05269314],[-117.24900289,48.05508979],[-117.19541811,48.05713243],[-117.1878701,48.04562527],[-117.19275291,48.03842312],[-117.19479555,48.0300491],[-117.19751365,48.02477566],[-117.19003481,48.01244249],[-117.17930077,48.00895942],[-117.17400292,48.00088243],[-117.16898583,47.99347683],[-117.17339663,47.98842312],[-117.1867145,47.99853054],[-117.19062889,47.99046577],[-117.19381492,47.9842768],[-117.19768862,47.9762934],[-117.20659975,47.97340441],[-117.21332582,47.95953722],[-117.21797263,47.952685],[-117.22187887,47.94463243],[-117.2240029,47.94050646],[-117.22604554,47.9362991],[-117.2302529,47.93008979],[-117.23240133,47.92346544],[-117.23829326,47.91203152],[-117.23258851,47.88977403],[-117.23922099,47.87689562],[-117.23562806,47.85935411],[-117.23021221,47.84883979],[-117.22816956,47.84463243],[-117.22593975,47.84029894],[-117.21354554,47.83217312],[-117.20733624,47.82648872],[-117.21566957,47.81550646],[-117.21771221,47.7970657],[-117.20097638,47.77712755],[-117.20121645,47.76548611],[-117.20104148,47.75691678],[-117.19687888,47.74883979],[-117.19412417,47.74034776],[-117.19698061,47.73199409],[-117.21365948,47.72106066],[-117.2135252,47.71444444],[-117.21365134,47.7081741],[-117.20308819,47.70304715],[-117.19437644,47.6985631],[-117.15627425,47.69569444],[-117.15391422,47.69815213],[-117.13810205,47.70200548],[-117.12608627,47.71570991],[-117.13029362,47.72388048],[-117.13018783,47.72908881],[-117.11771225,47.73213243],[-117.10733628,47.74050646],[-117.09954005,47.74429064],[-117.09691961,47.75529324],[-117.10115138,47.76350857],[-117.10984685,47.76332954],[-117.12187891,47.75713243],[-117.13858626,47.75508979],[-117.14581282,47.75261583],[-117.15104557,47.75426378],[-117.14040918,47.76995388],[-117.13542057,47.78024034],[-117.12257878,47.77997586],[-117.11983627,47.78842312],[-117.11197088,47.79878689],[-117.10889471,47.8114171],[-117.10304347,47.81129503],[-117.09870591,47.80235135],[-117.08783352,47.7919062],[-117.06951077,47.78842312],[-117.0573363,47.79258979],[-117.04204049,47.79445815],[-117.041999,47.822399],[-117.0422853,47.83249553],[-117.04247,47.839009],[-117.04245073,47.86131021],[-117.04243938,47.87445501],[-117.04242928,47.88614913],[-117.04239872,47.9215223],[-117.04236689,47.95836475],[-117.04236,47.966343],[-117.04226408,47.97745151],[-117.04211079,47.9952055],[-117.0448363,47.99467312],[-117.05312894,47.9925491],[-117.06566963,47.99050646],[-117.07668443,47.98825222],[-117.08021226,47.99350939],[-117.06146227,47.9987991],[-117.0573363,48.00092312],[-117.05312894,48.00296577],[-117.04196599,48.01197523],[-117.04176137,48.03567262],[-117.05640042,48.04973497],[-117.06864814,48.06248725],[-117.07756741,48.07105659],[-117.08484686,48.06730496],[-117.10858139,48.07077582],[-117.11146225,48.08116808],[-117.09743231,48.08458605],[-117.09483628,48.09258979],[-117.09267157,48.09679715],[-117.09293605,48.10979763],[-117.10682358,48.12314399],[-117.12502426,48.12588243],[-117.18745506,48.10150906],[-117.19294822,48.09867703],[-117.19687888,48.08601427],[-117.19271222,48.07383979],[-117.19066958,48.0652908],[-117.19920636,48.06133979],[-117.20537904,48.06776476],[-117.20500876,48.08587592],[-117.20537498,48.09046577],[-117.211332,48.08426459],[-117.21678041,48.08217312],[-117.22751445,48.0966588],[-117.25063456,48.10042263],[-117.26146219,48.09671577],[-117.26775288,48.09467312],[-117.27196024,48.09250841],[-117.28023253,48.09267524],[-117.28752419,48.09252875],[-117.29377419,48.09265489],[-117.29907204,48.09254503],[-117.30312884,48.0800491],[-117.3073362,48.07383979],[-117.30937884,48.07018582]]],[[[-117.19919822,47.53509874],[-117.18720278,47.51997423],[-117.18229556,47.51758979],[-117.16859114,47.50719347],[-117.16373681,47.50709174],[-117.15316959,47.50925646],[-117.1376097,47.51179145],[-117.13229558,47.51963243],[-117.12554102,47.5299311],[-117.11366765,47.53017524],[-117.10146063,47.52189887],[-117.08902574,47.51764269],[-117.06646308,47.51718289],[-117.0510863,47.53008979],[-117.04479561,47.53421577],[-117.04083943,47.53740815],[-117.041276,47.55821],[-117.041174,47.55853],[-117.0409042,47.57151558],[-117.04085,47.574124],[-117.04088147,47.57975806],[-117.04090929,47.58473802],[-117.04098629,47.59852417],[-117.04111657,47.6218481],[-117.04112617,47.62356628],[-117.04140147,47.6728525],[-117.04936104,47.66211697],[-117.05525296,47.65925646],[-117.05937894,47.65713243],[-117.06647529,47.65369005],[-117.07352688,47.63914741],[-117.09033596,47.64780626],[-117.10919174,47.63865913],[-117.11358627,47.63217312],[-117.11586085,47.61588081],[-117.1323973,47.60917508],[-117.14197168,47.60937039],[-117.16051415,47.59466905],[-117.15384505,47.58172146],[-117.16298404,47.57729031],[-117.18021222,47.56338243],[-117.1989256,47.54854682],[-117.19919822,47.53509874]]],[[[-117.35921606,47.55719754],[-117.34227678,47.53671821],[-117.33127418,47.53527778],[-117.32507708,47.54247179],[-117.30098854,47.5466588],[-117.28588438,47.5499547],[-117.27708312,47.55486599],[-117.26757791,47.55772651],[-117.25593241,47.55679064],[-117.24390442,47.56120551],[-117.23270244,47.574206],[-117.21857077,47.58638455],[-117.22197653,47.59249213],[-117.22390524,47.59681342],[-117.23102194,47.60499213],[-117.23960755,47.60020291],[-117.24473857,47.60306342],[-117.25696594,47.60529324],[-117.26688211,47.61232449],[-117.26973856,47.62181342],[-117.27197651,47.62582547],[-117.27390522,47.63014676],[-117.27641173,47.63464301],[-117.29300108,47.63963569],[-117.32413307,47.63713325],[-117.33287737,47.6339228],[-117.33149797,47.61673937],[-117.34339576,47.60235135],[-117.35114315,47.59889676],[-117.35642472,47.59595079],[-117.35490291,47.5769892],[-117.35921606,47.55719754]]]]}},{"type":"Feature","properties":{"id":"16211","name":"Northern Blue Mountains","ancestry":["12159","12218","12543","12544","12545","16211"]},"geometry":{"type":"MultiPolygon","coordinates":[[[[-118.240974,46.00042929],[-118.23666753,46.00041821],[-118.236584,46.000418],[-118.228941,46.000421],[-118.146028,46.000701],[-118.131019,46.00028],[-118.126197,46.000282],[-117.99694971,46.00078685],[-117.996911,46.000787],[-117.97766333,46.00072348],[-117.717852,45.999866],[-117.6235956,45.99906142],[-117.60342452,45.99888923],[-117.603163,45.998887],[-117.504833,45.998317],[-117.480103,45.99787],[-117.47993513,45.99786947],[-117.47536,45.997855],[-117.475148,45.997893],[-117.439943,45.998633],[-117.390738,45.998598],[-117.3821312,45.99807215],[-117.3813514,45.9980245],[-117.37719294,46.00251411],[-117.37185847,46.00502875],[-117.36777319,46.00719347],[-117.35649389,46.00987901],[-117.36028214,46.01704047],[-117.35527319,46.01969347],[-117.34269182,46.02169542],[-117.33443987,46.0280268],[-117.32185849,46.03002875],[-117.31669085,46.03276313],[-117.30835752,46.02835639],[-117.30110655,46.03219347],[-117.2968585,46.03419542],[-117.28772358,46.04120226],[-117.27856831,46.03636013],[-117.26769185,46.03836209],[-117.25985493,46.04250841],[-117.25530985,46.04269151],[-117.24808329,46.03771512],[-117.23898499,46.04252875],[-117.23227519,46.0405268],[-117.22314027,46.03351997],[-117.21460756,46.0380325],[-117.20575339,46.03334907],[-117.1802936,46.03435818],[-117.1690021,46.02517036],[-117.1636066,46.0280268],[-117.14154036,46.03013862],[-117.13668197,46.04043728],[-117.12079656,46.04106798],[-117.11194239,46.03638048],[-117.09849432,46.04669542],[-117.09060858,46.04469347],[-117.08544094,46.04195909],[-117.07919094,46.04526313],[-117.07294094,46.04195909],[-117.06460761,46.04636583],[-117.05356839,46.0405268],[-117.0468586,46.04252875],[-117.03860665,46.04886013],[-117.03019194,46.05086209],[-117.02610665,46.0530268],[-117.02185861,46.05502875],[-117.01460763,46.06002143],[-117.00444325,46.0530268],[-117.00225412,46.05974067],[-117.00635161,46.067484],[-117.00210764,46.06765082],[-116.98653554,46.0670364],[-116.98436676,46.07839708],[-116.98027998,46.08218506],[-116.981962,46.084915],[-116.982479,46.089389],[-116.982498,46.091347],[-116.981747,46.092881],[-116.98038458,46.09420894],[-116.97994782,46.09848985],[-116.95806469,46.10094347],[-116.95533031,46.10725043],[-116.95305167,46.11122179],[-116.95116365,46.11975043],[-116.95072672,46.12051194],[-116.950276,46.123464],[-116.948336,46.125885],[-116.94780368,46.12622001],[-116.94699698,46.12808377],[-116.93638501,46.14038845],[-116.93447,46.15325891],[-116.93438,46.154229],[-116.93431948,46.15427051],[-116.93425692,46.15469103],[-116.9232828,46.16380968],[-116.92400871,46.17095129],[-116.927621,46.17318],[-116.933571,46.173618],[-116.939734,46.179536],[-116.939611,46.18189],[-116.94052713,46.18325315],[-116.94718713,46.1893669],[-116.952416,46.193514],[-116.95481482,46.194916],[-116.962966,46.19968],[-116.965841,46.203417],[-116.966569,46.207501],[-116.96613,46.209453],[-116.96514464,46.21097602],[-116.96555166,46.21319526],[-116.95739924,46.22349327],[-116.95719207,46.22386919],[-116.95569476,46.23227326],[-116.958801,46.24232],[-116.964379,46.253282],[-116.966742,46.256923],[-116.970298,46.261233],[-116.972591,46.263271],[-116.976054,46.26601],[-116.987391,46.272865],[-116.991134,46.276342],[-116.991422,46.278467],[-116.990894,46.280372],[-116.98574256,46.2884349],[-116.98655468,46.29640565],[-116.986688,46.296662],[-116.98797924,46.29779817],[-116.99491363,46.30080512],[-116.99888498,46.30308377],[-117.00072346,46.30387952],[-117.007486,46.305302],[-117.016413,46.311236],[-117.020663,46.314793],[-117.022293,46.31747],[-117.022939,46.320175],[-117.023424,46.326427],[-117.02315937,46.32737162],[-117.02388497,46.33225043],[-117.02907604,46.33946252],[-117.030672,46.340315],[-117.03099102,46.34039986],[-117.04395766,46.34232953],[-117.045469,46.34249],[-117.051735,46.343833],[-117.05368537,46.3446126],[-117.055983,46.345531],[-117.05946543,46.3481015],[-117.05998279,46.34848339],[-117.060703,46.349015],[-117.06173815,46.35089889],[-117.06975898,46.35304308],[-117.0967772,46.35558214],[-117.10284409,46.34878689],[-117.12494695,46.34648383],[-117.13595768,46.34049832],[-117.15246565,46.3379267],[-117.16528303,46.33869168],[-117.1699746,46.33614448],[-117.1791909,46.33669379],[-117.1885659,46.33613227],[-117.19302553,46.33640082],[-117.19788393,46.34698839],[-117.20670554,46.34646349],[-117.21350892,46.35214383],[-117.20380434,46.35659532],[-117.19519838,46.36260932],[-117.19278953,46.37804308],[-117.19034406,46.38255154],[-117.18225894,46.38626248],[-117.1670327,46.39953966],[-117.14685449,46.40795844],[-117.1300739,46.40695747],[-117.12430404,46.41341498],[-117.10627426,46.41652778],[-117.10755193,46.41801297],[-117.11572657,46.4216588],[-117.11973861,46.42389676],[-117.1240599,46.42582547],[-117.12807194,46.42806342],[-117.16852196,46.42999213],[-117.17598859,46.42582547],[-117.2010252,46.423734],[-117.20915102,46.42438504],[-117.21140525,46.44889676],[-117.23447653,46.47374213],[-117.23640524,46.51139676],[-117.23864319,46.5154088],[-117.2405719,46.51973009],[-117.24280986,46.52374213],[-117.24473857,46.53223009],[-117.25804016,46.54739529],[-117.26572651,46.55082547],[-117.26973856,46.55306342],[-117.27405984,46.55499213],[-117.29473855,46.57389676],[-117.29905983,46.57582547],[-117.30307188,46.57806342],[-117.33239316,46.57999213],[-117.34057186,46.58639676],[-117.34489315,46.58832547],[-117.36140519,46.60306342],[-117.36572648,46.60499213],[-117.38155085,46.61887153],[-117.38005346,46.63748318],[-117.38702367,46.64731391],[-117.39489313,46.65082547],[-117.39890517,46.65306342],[-117.41572646,46.65499213],[-117.42390516,46.66139676],[-117.43239312,46.66332547],[-117.44638644,46.6753087],[-117.44948702,46.6889643],[-117.45739311,46.69249213],[-117.46557181,46.69889676],[-117.48618134,46.70082547],[-117.4968218,46.69249213],[-117.50114309,46.69056342],[-117.50515513,46.68832547],[-117.51364309,46.68639676],[-117.51765513,46.6841588],[-117.56780973,46.68223009],[-117.57182177,46.67999213],[-117.62239955,46.67806342],[-117.62502406,46.68111111],[-117.63432989,46.67248888],[-117.63476527,46.66142931],[-117.62694464,46.6541824],[-117.632214,46.63915148],[-117.61830613,46.6342768],[-117.61511603,46.63664497],[-117.60854458,46.64374132],[-117.60106574,46.64888455],[-117.59296434,46.64331407],[-117.58013476,46.64737495],[-117.58045214,46.65544786],[-117.54732227,46.65413764],[-117.5328895,46.65919542],[-117.52448292,46.65567166],[-117.51977508,46.6467768],[-117.51737844,46.63671414],[-117.49796926,46.62874295],[-117.47185843,46.63836209],[-117.4600461,46.64461209],[-117.45096407,46.64199164],[-117.45151339,46.6281977],[-117.43802462,46.62346951],[-117.4208941,46.62414903],[-117.41777317,46.61752875],[-117.41560846,46.61344347],[-117.4136065,46.60919542],[-117.40597304,46.59924669],[-117.39995498,46.5802322],[-117.38960749,46.57982123],[-117.37831599,46.58026883],[-117.37594783,46.57579291],[-117.37707901,46.54720812],[-117.36549861,46.54245144],[-117.35059383,46.54304145],[-117.33354875,46.53857368],[-117.32506487,46.53824002],[-117.31277646,46.54669542],[-117.3093585,46.54469347],[-117.30318988,46.54044542],[-117.29471006,46.5349726],[-117.28143696,46.51865994],[-117.2776894,46.50292508],[-117.26777323,46.48999783],[-117.27185851,46.48836209],[-117.28110737,46.48616075],[-117.29644346,46.47804715],[-117.31041644,46.47748969],[-117.32673723,46.48419542],[-117.3365232,46.48219347],[-117.34060848,46.48002875],[-117.35110653,46.4780268],[-117.35727514,46.47377875],[-117.36905492,46.47097521],[-117.37193985,46.4655268],[-117.37467423,46.45404812],[-117.3843015,46.44512478],[-117.38685277,46.43706814],[-117.39277318,46.4342768],[-117.40310846,46.42794542],[-117.42740858,46.42582954],[-117.43644178,46.41961209],[-117.44277316,46.41761013],[-117.44715548,46.4152908],[-117.46123018,46.41584825],[-117.46442842,46.40980577],[-117.45740531,46.40329942],[-117.46877006,46.39103543],[-117.49160533,46.38667752],[-117.50427216,46.37494249],[-117.50914276,46.36968126],[-117.5192868,46.36647081],[-117.53367482,46.35094347],[-117.54902312,46.35294542],[-117.56478646,46.35707547],[-117.57164274,46.35734809],[-117.57981331,46.3530268],[-117.59060839,46.35624946],[-117.58834195,46.3596715],[-117.58234423,46.36522976],[-117.57885709,46.37624864],[-117.56361458,46.38609158],[-117.56339893,46.3915644],[-117.57127246,46.39527941],[-117.57463753,46.40241645],[-117.59485643,46.41127875],[-117.59894172,46.41344347],[-117.60979783,46.41551459],[-117.61784226,46.41977078],[-117.6239824,46.41953071],[-117.63034633,46.41978299],[-117.65527308,46.41761013],[-117.66144169,46.41336209],[-117.66568974,46.41136013],[-117.67299768,46.40749051],[-117.67688765,46.41484321],[-117.66360641,46.4180089],[-117.66758997,46.42550401],[-117.67422245,46.4326614],[-117.69812788,46.43647],[-117.70279096,46.44634956],[-117.7173987,46.44692735],[-117.72810833,46.44252875],[-117.73500937,46.4403437],[-117.75033733,46.43223416],[-117.76015992,46.43899278],[-117.79249226,46.44414415],[-117.79874633,46.45089464],[-117.80735635,46.45294542],[-117.81924193,46.45711209],[-117.83027301,46.45511013],[-117.83850054,46.44944607],[-117.84693967,46.4467768],[-117.85102495,46.44461209],[-117.86769161,46.44195909],[-117.8643713,46.43599799],[-117.83758502,46.43706],[-117.8262569,46.42874702],[-117.82272907,46.41761013],[-117.8093583,46.41961209],[-117.80148477,46.42377875],[-117.79719197,46.42039334],[-117.79460001,46.41490424],[-117.78651082,46.40740913],[-117.78443969,46.40086209],[-117.78219767,46.39662625],[-117.78267374,46.38454942],[-117.7758256,46.37983751],[-117.76309367,46.37580512],[-117.7458899,46.35723823],[-117.74169069,46.3570714],[-117.72612673,46.35768582],[-117.72536582,46.33847195],[-117.73399619,46.33813015],[-117.741768,46.34224392],[-117.75210735,46.34265082],[-117.75900839,46.3423782],[-117.77132528,46.34669542],[-117.78860636,46.34469347],[-117.79668741,46.34185737],[-117.83627073,46.34342801],[-117.85049191,46.33844347],[-117.855273,46.34044542],[-117.86258094,46.34547879],[-117.87196407,46.33828071],[-117.8794836,46.33857775],[-117.89309444,46.33620958],[-117.9007279,46.33651069],[-117.91152298,46.3280268],[-117.92394159,46.31752875],[-117.9362951,46.31170193],[-117.9386063,46.30511013],[-117.94067743,46.2985631],[-117.94918165,46.29068549],[-117.95900831,46.28007758],[-117.96777296,46.27594347],[-117.98019157,46.26544542],[-117.98924105,46.26258084],[-118.00310823,46.25086209],[-118.01360627,46.2467768],[-118.01769156,46.24461209],[-118.0227534,46.24222358],[-118.03200226,46.2322423],[-118.03679555,46.22997993],[-118.04350942,46.22273302],[-118.06213327,46.2191767],[-118.07402291,46.20511013],[-118.0770706,46.19865262],[-118.08828072,46.19909614],[-118.09485624,46.1905268],[-118.09685819,46.18211209],[-118.09910022,46.17572374],[-118.09803414,46.14889676],[-118.10110217,46.14877875],[-118.11361437,46.15895942],[-118.1239171,46.14941352],[-118.12414903,46.14361111],[-118.12386013,46.13639676],[-118.12818956,46.13011013],[-118.13019151,46.12169542],[-118.1333043,46.10982205],[-118.12818956,46.09522651],[-118.13435818,46.09044542],[-118.14711859,46.08841498],[-118.15283555,46.0822423],[-118.1614415,46.07818142],[-118.15943955,46.06961209],[-118.15527288,46.06173855],[-118.16372015,46.05102078],[-118.16877385,46.0508214],[-118.18915959,46.05162706],[-118.2090489,46.03637641],[-118.21810245,46.03351183],[-118.22597598,46.02621609],[-118.22810814,46.02169542],[-118.23860618,46.0092768],[-118.24060814,46.00086209],[-118.240974,46.00042929]],[[-117.21276836,46.13159125],[-117.1966673,46.13459825],[-117.1869505,46.13905789],[-117.1782062,46.15157416],[-117.1801756,46.15929308],[-117.18434227,46.17090603],[-117.18130272,46.17549588],[-117.17493472,46.17841743],[-117.16987287,46.18637641],[-117.16142561,46.19667914],[-117.15623356,46.20483751],[-117.14892562,46.20709581],[-117.14487288,46.20929308],[-117.13773584,46.2125727],[-117.13266586,46.22361599],[-117.12580958,46.22607368],[-117.11817612,46.22561795],[-117.10898829,46.23382514],[-117.09929185,46.24467719],[-117.08351223,46.24678901],[-117.07788072,46.25564317],[-117.06778958,46.26465603],[-117.06975898,46.27179308],[-117.07600898,46.28074083],[-117.07028388,46.29459581],[-117.05893948,46.28674262],[-117.05957425,46.27606147],[-117.05553372,46.26862332],[-117.05317777,46.24851427],[-117.04278959,46.23923286],[-117.05100899,46.22376248],[-117.05737292,46.21554308],[-117.05934232,46.21126248],[-117.06767565,46.19592638],[-117.06570625,46.19042914],[-117.06231269,46.18417914],[-117.07073961,46.17474311],[-117.0763996,46.1696894],[-117.0739704,46.13094021],[-117.06987291,46.11334581],[-117.06589342,46.10601345],[-117.06535224,46.09698839],[-117.07208238,46.09333035],[-117.08111151,46.09009142],[-117.10945623,46.09251248],[-117.12448308,46.09876248],[-117.1349974,46.09668728],[-117.14414453,46.08644965],[-117.15112288,46.08429308],[-117.15210758,46.08319444],[-117.16227603,46.08425239],[-117.17344546,46.09675646],[-117.20078106,46.09889676],[-117.20972475,46.10688829],[-117.20923646,46.11506293],[-117.21276836,46.13159125]]],[[[-118.96598736,46.00018627],[-118.941242,46.000574],[-118.9205224,46.0006024],[-118.91228757,46.00795844],[-118.89836342,46.02354682],[-118.89064858,46.02400662],[-118.87750568,46.0232213],[-118.86439533,46.02792914],[-118.85725829,46.01970974],[-118.85295328,46.01033474],[-118.84053479,46.00071204],[-118.78869473,46.00078309],[-118.78576563,46.00078711],[-118.72524219,46.00087007],[-118.69833356,46.00090695],[-118.71987227,46.00292914],[-118.74175947,46.01482286],[-118.77773765,46.01763862],[-118.78653892,46.02167914],[-118.79345216,46.02543484],[-118.81067221,46.02811632],[-118.8147697,46.0370478],[-118.82734701,46.0511225],[-118.84381022,46.05703071],[-118.85731526,46.05783637],[-118.87473468,46.05679877],[-118.89269122,46.06063585],[-118.90830401,46.06156359],[-118.91778887,46.05720974],[-118.92600826,46.05084581],[-118.93745845,46.04818061],[-118.94331376,46.03979845],[-118.93890295,46.02751004],[-118.96121333,46.01452176],[-118.96350825,46.00709581],[-118.96598736,46.00018627]]],[[[-117.72863324,46.5305211],[-117.71677208,46.52789252],[-117.70290082,46.51994575],[-117.69273237,46.51890815],[-117.68007775,46.52019803],[-117.67294071,46.51861111],[-117.6719967,46.51975043],[-117.66177535,46.52823839],[-117.66096969,46.53616075],[-117.66356572,46.53642524],[-117.66792769,46.53598172],[-117.68866336,46.53830512],[-117.69922651,46.54227648],[-117.71281293,46.54365994],[-117.72796592,46.53708849],[-117.72863324,46.5305211]]]]}},{"type":"Feature","properties":{"id":"16217","name":"Badger Mountain","ancestry":["12159","12218","12543","12544","16215","16216","16217"]},"geometry":{"type":"MultiPolygon","coordinates":[[[[-120.31877303,47.45819444],[-120.31778833,47.45292914],[-120.31559106,47.44887641],[-120.31362166,47.44459581],[-120.3114244,47.44054308],[-120.30945499,47.43626248],[-120.30309107,47.42804308],[-120.30112166,47.42376248],[-120.2989244,47.41970974],[-120.296955,47.41542914],[-120.29475773,47.41137641],[-120.29212509,47.40006863],[-120.28237167,47.39251248],[-120.27392441,47.39054308],[-120.26987168,47.38834581],[-120.25725775,47.38637641],[-120.25111355,47.38208767],[-120.23766954,47.38288927],[-120.23140327,47.37948351],[-120.2052314,47.37792508],[-120.19559192,47.37849881],[-120.19070504,47.37584581],[-120.17392445,47.37387641],[-120.16987172,47.37167914],[-120.16142445,47.36970974],[-120.14921336,47.35604601],[-120.14267446,47.35304308],[-120.13189972,47.34420519],[-120.11220165,47.33516385],[-120.09894889,47.32673692],[-120.08445508,47.31378933],[-120.08642448,47.29876248],[-120.09059115,47.29109239],[-120.08862175,47.27167914],[-120.08752311,47.27069444],[-120.08011752,47.27162218],[-120.06784539,47.28226671],[-120.06345086,47.28412218],[-120.05534539,47.29060004],[-120.04752476,47.29389594],[-120.04470087,47.29870551],[-120.0428454,47.30310004],[-120.03636754,47.31120551],[-120.03327916,47.3185338],[-120.02595087,47.32162218],[-120.01367874,47.33226671],[-120.00511755,47.33412218],[-119.99284542,47.34476671],[-119.98845089,47.34662218],[-119.98451209,47.34893338],[-119.97595089,47.35078885],[-119.96784543,47.35726671],[-119.9634509,47.35912218],[-119.9595121,47.36143338],[-119.95197222,47.36461127],[-119.9447009,47.37370551],[-119.94284544,47.37810004],[-119.94053424,47.38203885],[-119.93867877,47.38643338],[-119.93220091,47.39453885],[-119.93034544,47.39893338],[-119.92803424,47.40287218],[-119.92617878,47.40726671],[-119.92386758,47.41120551],[-119.92148721,47.4168533],[-119.91552611,47.42162625],[-119.90720092,47.43203885],[-119.90534545,47.43643338],[-119.90303425,47.44037218],[-119.89961222,47.44848985],[-119.88992798,47.45125678],[-119.88127319,47.44986111],[-119.87411988,47.45625353],[-119.87195516,47.46556342],[-119.89168986,47.48319444],[-119.89485555,47.48419542],[-119.90253783,47.48826036],[-119.90943887,47.49044542],[-119.91352416,47.49261013],[-119.94597043,47.50524441],[-119.9631742,47.52381131],[-119.97193885,47.52794542],[-119.98227413,47.53636013],[-119.98860551,47.54044542],[-119.99894079,47.54886013],[-120.00318884,47.55086209],[-120.01189245,47.55685167],[-120.02586542,47.57193549],[-120.03668085,47.5819534],[-120.05290806,47.59946642],[-120.06215691,47.60543972],[-120.07402214,47.60919542],[-120.07810743,47.61136013],[-120.08235547,47.61336209],[-120.08644076,47.6155268],[-120.09277214,47.61752875],[-120.09894075,47.61969347],[-120.11124137,47.62358751],[-120.11880159,47.62879178],[-120.12185741,47.63844347],[-120.12479117,47.64398546],[-120.12810741,47.66136013],[-120.13782013,47.67329454],[-120.14492462,47.66953478],[-120.14918487,47.66970161],[-120.14873321,47.68111111],[-120.14927439,47.69476264],[-120.13924429,47.70406033],[-120.12031526,47.71299181],[-120.11308463,47.71796821],[-120.10645621,47.73201036],[-120.09215772,47.73419542],[-120.08027214,47.73002875],[-120.06908644,47.72648872],[-120.05284702,47.7307449],[-120.04277216,47.7342768],[-120.02602411,47.73627875],[-120.01777216,47.73844347],[-120.00727412,47.74044542],[-119.99693884,47.74886013],[-119.9792061,47.75224555],[-119.96604692,47.75920763],[-119.95519081,47.76127875],[-119.95110552,47.76344347],[-119.94300413,47.76726427],[-119.9302722,47.7780268],[-119.92185749,47.78002875],[-119.91120482,47.78869982],[-119.91160359,47.79881944],[-119.91135945,47.80499213],[-119.88759236,47.81804145],[-119.88127319,47.82486111],[-119.89494913,47.83410183],[-119.90509724,47.84270372],[-119.91522093,47.84684597],[-119.93869912,47.84868517],[-119.9396065,47.85194444],[-119.94030637,47.85332791],[-119.94986041,47.85472765],[-119.95943478,47.84605252],[-119.9611397,47.84014431],[-119.96390663,47.83666124],[-119.96530636,47.82764431],[-119.96807329,47.82416124],[-119.96947303,47.81931098],[-119.97640662,47.81166124],[-119.97815223,47.80560655],[-119.98127316,47.80402778],[-119.98267696,47.79633735],[-120.0009875,47.77999213],[-120.03864211,47.77806342],[-120.04265415,47.77582547],[-120.05114211,47.77389676],[-120.05515415,47.7716588],[-120.06780877,47.76973009],[-120.0752754,47.76556342],[-120.09905875,47.76749213],[-120.1030708,47.76973009],[-120.11155875,47.7716588],[-120.11557079,47.77389676],[-120.11989208,47.77582547],[-120.12735871,47.77999213],[-120.13864207,47.77806342],[-120.14265412,47.77582547],[-120.15114207,47.77389676],[-120.15515411,47.7716588],[-120.16556264,47.7692947],[-120.1739041,47.76210883],[-120.17197539,47.75707547],[-120.16780873,47.74960883],[-120.1699531,47.73937527],[-120.18986682,47.69460395],[-120.19697538,47.68848009],[-120.19890409,47.68207547],[-120.20114205,47.67806342],[-120.20432401,47.67093045],[-120.21668973,47.66027778],[-120.22203234,47.65312039],[-120.22384712,47.64868517],[-120.226199,47.64478706],[-120.22801378,47.64035183],[-120.23453234,47.63228706],[-120.23634711,47.59868517],[-120.238699,47.59478706],[-120.24051378,47.58618517],[-120.251199,47.57395372],[-120.25418972,47.56664985],[-120.2675971,47.55493517],[-120.27203232,47.55312039],[-120.27593043,47.5507685],[-120.28328313,47.5477615],[-120.29286565,47.53645372],[-120.29468042,47.5320185],[-120.30119898,47.52395372],[-120.30301375,47.51118517],[-120.30536564,47.50728706],[-120.30718042,47.4945185],[-120.30953231,47.49062039],[-120.31134708,47.4820185],[-120.31397973,47.47765652],[-120.31331242,47.47316433],[-120.31786564,47.46562039],[-120.31877303,47.45819444]],[[-120.22483589,47.52092638],[-120.21572538,47.52806342],[-120.20611845,47.53408149],[-120.20217965,47.54291124],[-120.19318714,47.54218696],[-120.18339303,47.55403185],[-120.17700469,47.57086127],[-120.16780873,47.57806342],[-120.1630195,47.58019965],[-120.15608184,47.58825222],[-120.14988474,47.58874864],[-120.14072541,47.58624213],[-120.12302115,47.58221788],[-120.11155875,47.57582547],[-120.10355908,47.57225694],[-120.10098746,47.56764676],[-120.0984484,47.5592117],[-120.06888298,47.53389431],[-120.05687534,47.53485867],[-120.05098748,47.53223009],[-120.04280878,47.52582547],[-120.02957229,47.52281847],[-120.01797968,47.51283312],[-120.01572545,47.5029088],[-120.00965449,47.48637234],[-120.00884069,47.47624864],[-120.02431513,47.46973009],[-120.02822545,47.4716588],[-120.03699823,47.47853136],[-120.04740269,47.47769314],[-120.0636421,47.4966588],[-120.06557081,47.50098009],[-120.0698921,47.50707547],[-120.07182081,47.51139676],[-120.08030876,47.5216588],[-120.08848747,47.53223009],[-120.09697542,47.54249213],[-120.09955924,47.55386909],[-120.10723746,47.55931342],[-120.11155875,47.56124213],[-120.12089306,47.56645047],[-120.16128204,47.56273953],[-120.16203074,47.55345812],[-120.15098745,47.54056342],[-120.14837514,47.52905626],[-120.12822541,47.5216588],[-120.118944,47.51886339],[-120.10788037,47.50548855],[-120.11218131,47.49777778],[-120.10932079,47.49264676],[-120.10739208,47.48624213],[-120.09292269,47.48188422],[-120.08239209,47.4728144],[-120.08640414,47.46957547],[-120.09436719,47.46717882],[-120.10482861,47.45503282],[-120.11989208,47.45306342],[-120.13758413,47.44265489],[-120.1509142,47.44755398],[-120.15131704,47.44256944],[-120.15097524,47.43835395],[-120.15210642,47.43527778],[-120.15530873,47.43624213],[-120.16140411,47.43848009],[-120.16902536,47.44077501],[-120.18943144,47.45731961],[-120.19570178,47.46459907],[-120.20512154,47.47271674],[-120.20723742,47.48431342],[-120.21144071,47.49184923],[-120.21371529,47.50432075],[-120.22386746,47.50884956],[-120.22483589,47.52092638]]]]}},{"type":"Feature","properties":{"id":"16218","name":"Beezeley Hills","ancestry":["12159","12218","12543","12544","16215","16216","16218"]},"geometry":{"type":"MultiPolygon","coordinates":[[[[-120.09473747,47.2580032],[-120.09280876,47.24874213],[-120.0905708,47.24473009],[-120.0870918,47.23693793],[-120.07822543,47.22999213],[-120.07390414,47.22806342],[-120.0698921,47.22582547],[-120.04682082,47.22389676],[-120.04585646,47.22277778],[-120.03975702,47.22658637],[-120.01497676,47.22459256],[-120.00322546,47.23431342],[-120.00022253,47.23624213],[-120.00420202,47.22539822],[-119.99651159,47.22601671],[-119.989224,47.24234972],[-120.0021431,47.25348253],[-120.00591914,47.26601508],[-120.02844517,47.26420844],[-120.03432082,47.26799669],[-120.02056757,47.27661079],[-120.00796992,47.29123074],[-119.99077429,47.30200141],[-119.98286007,47.31118924],[-119.97807085,47.31332547],[-119.96732052,47.31932319],[-119.95817746,47.3216588],[-119.94697548,47.3154088],[-119.93540322,47.31348009],[-119.92405882,47.31764676],[-119.91218952,47.32121935],[-119.90739216,47.32389676],[-119.90199259,47.32630561],[-119.89905883,47.3309809],[-119.90925577,47.3341588],[-119.93363727,47.32973985],[-119.93848753,47.33120877],[-119.9239042,47.34249213],[-119.90552856,47.35889431],[-119.89265421,47.36124213],[-119.88118368,47.37022651],[-119.87283814,47.38184353],[-119.86213258,47.38662462],[-119.8485136,47.38553006],[-119.83261192,47.39222358],[-119.82591433,47.39697618],[-119.82045779,47.39653673],[-119.80947553,47.3904088],[-119.79153527,47.38806098],[-119.77978398,47.39127957],[-119.76827275,47.39943793],[-119.76572555,47.40514676],[-119.7609404,47.41189724],[-119.75154505,47.41608832],[-119.74905889,47.42233019],[-119.76249476,47.42832791],[-119.77116988,47.43839464],[-119.78655888,47.4404088],[-119.79417606,47.44320828],[-119.81460655,47.44777778],[-119.81738976,47.44639431],[-119.83057334,47.44499457],[-119.83405642,47.44222765],[-119.85172812,47.44082791],[-119.85697307,47.44499457],[-119.87955607,47.44646349],[-119.88127319,47.44986111],[-119.88992798,47.45125678],[-119.89961222,47.44848985],[-119.90303425,47.44037218],[-119.90534545,47.43643338],[-119.90720092,47.43203885],[-119.91552611,47.42162625],[-119.92148721,47.4168533],[-119.92386758,47.41120551],[-119.92617878,47.40726671],[-119.92803424,47.40287218],[-119.93034544,47.39893338],[-119.93220091,47.39453885],[-119.93867877,47.38643338],[-119.94053424,47.38203885],[-119.94284544,47.37810004],[-119.9447009,47.37370551],[-119.95197222,47.36461127],[-119.9595121,47.36143338],[-119.9634509,47.35912218],[-119.96784543,47.35726671],[-119.97595089,47.35078885],[-119.98451209,47.34893338],[-119.98845089,47.34662218],[-119.99284542,47.34476671],[-120.00511755,47.33412218],[-120.01367874,47.33226671],[-120.02595087,47.32162218],[-120.03327916,47.3185338],[-120.03636754,47.31120551],[-120.0428454,47.30310004],[-120.04470087,47.29870551],[-120.04752476,47.29389594],[-120.05534539,47.29060004],[-120.06345086,47.28412218],[-120.06784539,47.28226671],[-120.08011752,47.27162218],[-120.08752311,47.27069444],[-120.09473747,47.2580032]]],[[[-119.86354452,47.29287462],[-119.85098756,47.28204698],[-119.83648154,47.28234402],[-119.7867257,47.28132677],[-119.77235803,47.2862462],[-119.76383346,47.28642117],[-119.73345831,47.27806342],[-119.70937792,47.27592312],[-119.6988107,47.27375841],[-119.6725778,47.27429552],[-119.64793995,47.27069444],[-119.63028452,47.29100694],[-119.63004038,47.3029617],[-119.63960662,47.30315701],[-119.65458057,47.30285183],[-119.67173958,47.30577745],[-119.71321092,47.31107937],[-119.73439825,47.31151069],[-119.74887985,47.31121365],[-119.75637497,47.31629584],[-119.82085655,47.31761013],[-119.83382855,47.31734565],[-119.84546185,47.32132921],[-119.85680217,47.31582791],[-119.8525582,47.30342963],[-119.86354452,47.29287462]]],[[[-119.56252332,47.43319444],[-119.56161593,47.42160183],[-119.55689181,47.41522976],[-119.55847058,47.40454454],[-119.55402316,47.39717556],[-119.53909396,47.40152941],[-119.5313954,47.39582058],[-119.52538547,47.399442],[-119.52657362,47.40747423],[-119.52058811,47.41209256],[-119.51385797,47.42081245],[-119.50953261,47.42880398],[-119.51252334,47.43111111],[-119.53576958,47.43275499],[-119.54690239,47.43209174],[-119.56252332,47.43319444]]]]}},{"type":"Feature","properties":{"id":"16219","name":"Douglas County Plateau","ancestry":["12159","12218","12543","12544","16215","16216","16219"]},"geometry":{"type":"MultiPolygon","coordinates":[[[[-119.9396065,47.85194444],[-119.93869912,47.84868517],[-119.91522093,47.84684597],[-119.90509724,47.84270372],[-119.89494913,47.83410183],[-119.88127319,47.82486111],[-119.86933472,47.83553006],[-119.87032756,47.85222114],[-119.85191123,47.86067654],[-119.84686159,47.86518907],[-119.8447457,47.88994086],[-119.83642458,47.89251248],[-119.83028851,47.89470974],[-119.82261029,47.89708198],[-119.81881798,47.90534614],[-119.80169559,47.92567084],[-119.7903105,47.93584337],[-119.78549686,47.9492589],[-119.78862186,47.95501248],[-119.79067264,47.96381375],[-119.81153852,47.98834581],[-119.81367882,47.99300483],[-119.82392458,48.00215603],[-119.80737186,48.00720974],[-119.7934355,48.01045275],[-119.78277063,48.02572374],[-119.77956018,48.03951362],[-119.76350794,48.04251248],[-119.7482695,48.05501248],[-119.73862188,48.04389594],[-119.74059128,48.03834581],[-119.74871302,48.02785997],[-119.74458298,48.01448513],[-119.73061,48.00559842],[-119.72809129,48.00095974],[-119.72442511,47.99298041],[-119.71778856,47.98834581],[-119.70970344,47.98463487],[-119.70725796,47.98012641],[-119.70528856,47.97167914],[-119.69903856,47.96273139],[-119.70199673,47.95738878],[-119.7118478,47.9627436],[-119.72184129,47.95381619],[-119.7186756,47.9490351],[-119.70823859,47.94581245],[-119.70453579,47.92595974],[-119.70056444,47.92817329],[-119.69147835,47.93834581],[-119.67809131,47.93637641],[-119.66927783,47.93022407],[-119.66460661,47.92994331],[-119.66043995,47.93019558],[-119.65150847,47.92966254],[-119.64420867,47.93475694],[-119.61899302,47.93325548],[-119.6115386,47.93845974],[-119.59952281,47.94610541],[-119.59288626,47.95560655],[-119.59253633,47.96147814],[-119.601008,47.9690465],[-119.59410289,47.98083442],[-119.58445527,47.98429308],[-119.56402478,47.98810981],[-119.54287,48.0066645],[-119.53831271,48.01659695],[-119.5250803,48.02429959],[-119.5174916,48.03279568],[-119.49812311,48.03640896],[-119.48527725,48.05078885],[-119.46618953,48.0519241],[-119.45131324,48.04846544],[-119.43870338,48.03965603],[-119.4280914,48.03637641],[-119.42195534,48.03417914],[-119.40209451,48.03185167],[-119.39487201,48.02792914],[-119.38225809,48.02595974],[-119.36749572,48.02200873],[-119.34059144,48.01970974],[-119.31719057,48.01694689],[-119.30403139,48.0229853],[-119.27969872,48.0492711],[-119.28140363,48.0778559],[-119.27227278,48.07839708],[-119.25998437,48.06831814],[-119.25100814,48.06554308],[-119.22368881,48.05315294],[-119.21083888,48.05238797],[-119.20320542,48.05512641],[-119.18850816,48.05917914],[-119.1823721,48.06137641],[-119.17016914,48.06365506],[-119.16700345,48.07725776],[-119.12453927,48.08011013],[-119.10737213,48.09470974],[-119.1010082,48.09667914],[-119.09343984,48.10196479],[-119.07567455,48.09783067],[-119.06294262,48.07960558],[-119.06559154,48.06542914],[-119.06928213,48.05514269],[-119.06301179,48.03883409],[-119.03862215,48.01959581],[-119.0316438,48.01743924],[-119.02415683,48.00906114],[-119.01245842,47.99860786],[-119.01790683,47.98857775],[-119.02085686,47.97902778],[-119.01460686,47.97902778],[-119.01140455,47.97999213],[-118.99489251,47.99473009],[-118.98432123,48.00082547],[-118.97151606,48.01178738],[-118.97209386,48.01896918],[-118.97776199,48.03439887],[-118.98655918,48.03832547],[-118.99057123,48.04056342],[-118.99905918,48.04249213],[-119.01212884,48.05368598],[-119.01557122,48.06139676],[-119.01780917,48.0654088],[-119.01973788,48.07806342],[-119.02213453,48.08235623],[-119.02181308,48.08631944],[-119.02303378,48.10150499],[-119.0261425,48.10707547],[-119.02807121,48.11139676],[-119.03030917,48.1154088],[-119.03352368,48.12261095],[-119.04072583,48.12582547],[-119.0530712,48.13639676],[-119.05739249,48.13832547],[-119.06140453,48.14056342],[-119.10739247,48.14249213],[-119.11140451,48.14473009],[-119.1157258,48.1466588],[-119.11973784,48.14889676],[-119.12405913,48.15082547],[-119.13127348,48.15484972],[-119.13848784,48.15082547],[-119.14697579,48.14889676],[-119.15098783,48.1466588],[-119.15530912,48.14473009],[-119.16348783,48.13832547],[-119.16780911,48.13639676],[-119.17182116,48.1341588],[-119.18030911,48.13223009],[-119.18432115,48.12999213],[-119.19697577,48.12806342],[-119.20515448,48.1216588],[-119.20947576,48.11973009],[-119.21348781,48.11749213],[-119.23030909,48.11556342],[-119.23432113,48.11332547],[-119.23864242,48.11139676],[-119.24265446,48.1091588],[-119.24697575,48.10723009],[-119.25098779,48.10499213],[-119.26227115,48.10306342],[-119.26973779,48.10723009],[-119.27822574,48.1091588],[-119.28223778,48.11139676],[-119.28655907,48.11332547],[-119.29057111,48.11556342],[-119.29768781,48.11749213],[-119.30515444,48.11332547],[-119.31364239,48.11139676],[-119.33006084,48.09699653],[-119.33223776,48.07719672],[-119.32805889,48.06970974],[-119.32836406,48.06591743],[-119.32598776,48.05723009],[-119.32405905,48.04807075],[-119.34263408,48.04956407],[-119.34890442,48.05306342],[-119.40739235,48.05499213],[-119.4114044,48.05723009],[-119.41572568,48.0591588],[-119.41973773,48.06139676],[-119.42549944,48.06396837],[-119.42807106,48.06973009],[-119.43447975,48.07791694],[-119.461559,48.07999213],[-119.46669002,48.08285265],[-119.47182104,48.07999213],[-119.47893774,48.07806342],[-119.48930964,48.08384956],[-119.51186823,48.08203885],[-119.51557102,48.07374213],[-119.51780898,48.06973009],[-119.51973769,48.0654088],[-119.5223093,48.06079861],[-119.53030897,48.05723009],[-119.53432102,48.05499213],[-119.5386423,48.05306342],[-119.54265435,48.05082547],[-119.54697563,48.04889676],[-119.55098768,48.0466588],[-119.55530896,48.04473009],[-119.55932101,48.04249213],[-119.56364229,48.04056342],[-119.571821,48.0341588],[-119.57614229,48.03223009],[-119.584321,48.02582547],[-119.58864228,48.02389676],[-119.6000233,48.01444444],[-119.60110566,48.01344347],[-119.60491832,48.00932563],[-119.60943899,48.00719347],[-119.61857391,48.00018663],[-119.62563364,48.00392198],[-119.6343576,48.00086209],[-119.64068898,47.99886013],[-119.65012908,47.99386339],[-119.6597238,48.00122423],[-119.66352425,48.0092768],[-119.6744943,48.02443387],[-119.67361947,48.04652045],[-119.67648405,48.04877875],[-119.68421516,48.04043728],[-119.68660367,48.04053087],[-119.68613167,48.05247748],[-119.70110562,48.06127875],[-119.70727424,48.0655268],[-119.71152228,48.06752875],[-119.71969692,48.07185411],[-119.73115118,48.07726183],[-119.77864058,48.08857368],[-119.80734744,48.08627469],[-119.80835656,48.08736111],[-119.81407758,48.08683214],[-119.81721886,48.08372342],[-119.83074424,48.08266547],[-119.83388552,48.07955675],[-119.8474109,48.07849881],[-119.85055218,48.07539008],[-119.85574423,48.07433214],[-119.85888551,48.07122342],[-119.86407756,48.07016547],[-119.86721884,48.06705675],[-119.87241089,48.06599881],[-119.87555217,48.06289008],[-119.88491089,48.06183214],[-119.89323608,48.05354763],[-119.89377319,48.04986111],[-119.89280883,48.04457547],[-119.87807088,48.02806342],[-119.87614217,48.02374213],[-119.86780884,48.01310167],[-119.86973755,47.99874213],[-119.87197551,47.99473009],[-119.87390422,47.9904088],[-119.88223755,47.97976834],[-119.88030884,47.97374213],[-119.87807088,47.96973009],[-119.87614217,47.9654088],[-119.86973755,47.95723009],[-119.86780884,47.9529088],[-119.85947551,47.94226834],[-119.86765422,47.9341588],[-119.87197551,47.93223009],[-119.88015422,47.92582547],[-119.8844755,47.92389676],[-119.89265421,47.91749213],[-119.8969755,47.91556342],[-119.90098754,47.91332547],[-119.908857,47.90981391],[-119.91557087,47.90034532],[-119.91364216,47.8904088],[-119.90947549,47.88294217],[-119.91194131,47.87118679],[-119.92598753,47.8591588],[-119.93030882,47.85723009],[-119.9396065,47.85194444]]],[[[-119.56252332,47.43319444],[-119.54690239,47.43209174],[-119.53576958,47.43275499],[-119.51252334,47.43111111],[-119.51860244,47.44477892],[-119.52197564,47.45082547],[-119.52390435,47.46365099],[-119.52003066,47.46749213],[-119.51780898,47.4529088],[-119.51079808,47.44395291],[-119.50078425,47.44475857],[-119.50394587,47.47690782],[-119.49682103,47.48832547],[-119.49392797,47.4979324],[-119.48948461,47.51002957],[-119.46935115,47.52737576],[-119.46348771,47.52999213],[-119.44932756,47.54108019],[-119.44697567,47.54889676],[-119.43984677,47.55895128],[-119.43223772,47.56124213],[-119.42768043,47.56378526],[-119.4208567,47.56323595],[-119.4170237,47.56354519],[-119.397053,47.5791824],[-119.3792633,47.58322293],[-119.361026,47.59750922],[-119.34151103,47.62015734],[-119.33568014,47.62946723],[-119.33668926,47.6420242],[-119.35259094,47.64457547],[-119.36140442,47.63832547],[-119.3657257,47.63639676],[-119.37182108,47.63207547],[-119.38076476,47.62647244],[-119.39489236,47.62389676],[-119.40307107,47.61749213],[-119.41155902,47.61556342],[-119.41557106,47.61332547],[-119.42197568,47.61139676],[-119.43570452,47.60166368],[-119.44489234,47.59889676],[-119.45515438,47.5904088],[-119.46989233,47.58639676],[-119.48653051,47.57460069],[-119.49531143,47.56440782],[-119.50530898,47.56139676],[-119.51625462,47.55678657],[-119.52390435,47.54457547],[-119.52853896,47.53804064],[-119.52789605,47.53006944],[-119.52835178,47.5244298],[-119.54022515,47.5142003],[-119.55172824,47.49768012],[-119.55007215,47.47711534],[-119.55794161,47.46601508],[-119.55678601,47.45163113],[-119.55947563,47.44681342],[-119.56140434,47.43624213],[-119.56252332,47.43319444]]],[[[-119.89168986,47.48319444],[-119.87195516,47.46556342],[-119.87411988,47.45625353],[-119.88127319,47.44986111],[-119.87955607,47.44646349],[-119.85697307,47.44499457],[-119.85172812,47.44082791],[-119.83405642,47.44222765],[-119.83057334,47.44499457],[-119.81738976,47.44639431],[-119.81460655,47.44777778],[-119.81679568,47.45373888],[-119.80216352,47.46026964],[-119.78902876,47.4711339],[-119.79296756,47.47818956],[-119.79247928,47.48423611],[-119.79287398,47.48914334],[-119.81123334,47.48767036],[-119.8280709,47.47374213],[-119.83618044,47.47181342],[-119.85433229,47.48603054],[-119.86295045,47.48987576],[-119.88764526,47.48789008],[-119.89168986,47.48319444]]]]}},{"type":"Feature","properties":{"id":"16220","name":"East Yakima Ridges","ancestry":["12159","12218","12543","12544","16215","16216","16220"]},"geometry":{"type":"MultiPolygon","coordinates":[[[[-120.48819028,46.62056424],[-120.48233497,46.6175491],[-120.47289894,46.61448513],[-120.46151792,46.61059109],[-120.43646097,46.60508979],[-120.42999531,46.60176134],[-120.40312765,46.59883979],[-120.39256043,46.59667508],[-120.38597271,46.59680935],[-120.35104433,46.59467312],[-120.3380764,46.58941189],[-120.31934676,46.58413032],[-120.30570744,46.56993354],[-120.27219915,46.56258084],[-120.26168076,46.55716092],[-120.2400377,46.55363715],[-120.22275662,46.5405268],[-120.21586372,46.54038439],[-120.20941841,46.54258979],[-120.18441842,46.54481554],[-120.18646106,46.54675646],[-120.19453805,46.55205431],[-120.19692656,46.55940294],[-120.21146105,46.56645454],[-120.20849882,46.57112169],[-120.19479439,46.5737991],[-120.19172229,46.58326362],[-120.17031524,46.57593533],[-120.16148142,46.57575222],[-120.14793976,46.57602892],[-120.14368764,46.56726834],[-120.13233511,46.56338243],[-120.12604442,46.56133979],[-120.12049022,46.55847928],[-120.09811068,46.55410916],[-120.09267041,46.54888048],[-120.08563103,46.54155626],[-120.04503859,46.54501085],[-120.03858514,46.53829698],[-120.03127314,46.53844347],[-120.0260648,46.53833767],[-120.01987584,46.53846381],[-120.01170527,46.53425646],[-119.99371212,46.53770291],[-119.97849402,46.54801785],[-119.9719185,46.54463243],[-119.96146115,46.54258979],[-119.95236285,46.53642524],[-119.93021116,46.53425646],[-119.92918984,46.52902778],[-119.9217639,46.52993517],[-119.91145303,46.5382685],[-119.89884724,46.53645372],[-119.89494913,46.53410183],[-119.88218058,46.53228706],[-119.87828247,46.52993517],[-119.87106812,46.52698107],[-119.86460653,46.51861111],[-119.85735556,46.52386013],[-119.84894085,46.52586209],[-119.84105104,46.52862901],[-119.83860557,46.53636013],[-119.83435752,46.54252875],[-119.83235557,46.55965522],[-119.83667686,46.56782579],[-119.83637982,46.57534125],[-119.80519087,46.58211209],[-119.79902225,46.58636013],[-119.79099003,46.59154405],[-119.76999394,46.59654487],[-119.7636056,46.60094347],[-119.75765671,46.60375109],[-119.75527227,46.61173855],[-119.7617664,46.62401476],[-119.7698149,46.62369737],[-119.7791899,46.62406765],[-119.78848759,46.62369737],[-119.79591353,46.62880805],[-119.82357872,46.62771349],[-119.82810752,46.63011013],[-119.87402222,46.63211209],[-119.88240845,46.63505398],[-119.90318888,46.63836209],[-119.90935749,46.64261013],[-119.92510049,46.64511664],[-119.94658892,46.66831],[-119.96000038,46.67619575],[-119.98143592,46.68129829],[-119.98435746,46.6905268],[-119.99485551,46.70294542],[-119.99702022,46.74352159],[-120.01052119,46.75602973],[-120.01553828,46.76144965],[-120.02379023,46.76112006],[-120.03030878,46.76560818],[-120.04047317,46.76520535],[-120.0511299,46.75703071],[-120.05697706,46.75726264],[-120.06144077,46.76455024],[-120.04638543,46.76813911],[-120.04697951,46.78315375],[-120.05210646,46.79152778],[-120.05746942,46.79241482],[-120.06132684,46.7948074],[-120.06996941,46.79658149],[-120.07382683,46.79897407],[-120.1074694,46.80074816],[-120.11132682,46.80314073],[-120.13246939,46.80491482],[-120.13632681,46.8073074],[-120.14496938,46.80908149],[-120.15299347,46.81564073],[-120.16163604,46.81741482],[-120.16556264,46.81984809],[-120.16925323,46.81921332],[-120.18023141,46.82362413],[-120.18752308,46.82069444],[-120.18650175,46.81963243],[-120.1805081,46.81672309],[-120.17689076,46.80189155],[-120.16446807,46.78896023],[-120.15729441,46.78425646],[-120.14901805,46.77864529],[-120.13229442,46.77592312],[-120.12400178,46.76963243],[-120.1150581,46.76300401],[-120.10745312,46.75508572],[-120.09693473,46.75167182],[-120.09679232,46.74476671],[-120.10526806,46.73834174],[-120.11362988,46.73850857],[-120.11343456,46.72893012],[-120.11629101,46.71140082],[-120.13952912,46.71935167],[-120.15731475,46.71971788],[-120.17398141,46.71937609],[-120.19212106,46.71974637],[-120.20729439,46.71678413],[-120.20525175,46.71338243],[-120.20104439,46.71133979],[-120.19900175,46.70088243],[-120.19581572,46.69469754],[-120.20300972,46.69455105],[-120.20729439,46.69675646],[-120.21358508,46.6987991],[-120.22315132,46.70207465],[-120.23229031,46.68859402],[-120.23266873,46.66997016],[-120.21053332,46.66687771],[-120.19744332,46.65325873],[-120.17873809,46.64685411],[-120.14740265,46.63921658],[-120.13854442,46.63633979],[-120.13441844,46.63421577],[-120.12396109,46.63217312],[-120.11775178,46.6300491],[-120.10564241,46.627685],[-120.11273062,46.62031196],[-120.15672475,46.62508898],[-120.18057321,46.62800646],[-120.20052763,46.63828478],[-120.22400174,46.64463243],[-120.23078885,46.64695584],[-120.25066189,46.64441271],[-120.25830348,46.64835151],[-120.29450546,46.649088],[-120.30517847,46.64099067],[-120.3052924,46.64669949],[-120.29740259,46.65709988],[-120.30108504,46.65717312],[-120.31582299,46.65119575],[-120.32089705,46.65607042],[-120.32678083,46.66219428],[-120.34205996,46.66742296],[-120.37816835,46.66963243],[-120.38646099,46.67175646],[-120.39483501,46.6737991],[-120.40239929,46.67769721],[-120.426085,46.67383979],[-120.4447943,46.66963243],[-120.45733498,46.66758979],[-120.46561135,46.66197862],[-120.47763934,46.65807644],[-120.4820298,46.64955187],[-120.48437762,46.62796577],[-120.48819028,46.62056424]]],[[[-120.51043962,46.92486111],[-120.50956885,46.91531521],[-120.49868425,46.90301459],[-120.50297706,46.8962519],[-120.49511166,46.88824816],[-120.48047951,46.88626655],[-120.47691505,46.88065538],[-120.48523618,46.87469428],[-120.48214373,46.86982368],[-120.48017026,46.85526883],[-120.4675482,46.8527379],[-120.45699726,46.84049018],[-120.46386167,46.83217719],[-120.46131041,46.82815701],[-120.4585801,46.81782172],[-120.45018573,46.81458279],[-120.44331318,46.80558214],[-120.45888528,46.80246121],[-120.45962584,46.79871365],[-120.45135761,46.78869575],[-120.4568345,46.78006944],[-120.45154478,46.77173611],[-120.4554022,46.76565701],[-120.45714374,46.76114855],[-120.4646592,46.7520421],[-120.45748554,46.74656521],[-120.44935566,46.74342801],[-120.44875751,46.74039659],[-120.45123554,46.73649034],[-120.45338398,46.72577664],[-120.4675604,46.71323188],[-120.47370054,46.71086372],[-120.4771063,46.70611111],[-120.45739195,46.6966588],[-120.44567727,46.69399767],[-120.43439798,46.69490506],[-120.42814798,46.6944005],[-120.41991638,46.69506375],[-120.4094753,46.69889676],[-120.39682068,46.70082547],[-120.3924994,46.70323432],[-120.3931423,46.7112462],[-120.38848735,46.71332547],[-120.38655864,46.72181342],[-120.38273784,46.73222195],[-120.37432313,46.73947293],[-120.37197532,46.74473009],[-120.36973736,46.74874213],[-120.36780865,46.76465196],[-120.38187115,46.76784614],[-120.38491883,46.77796984],[-120.37611757,46.78555447],[-120.37405865,46.796435],[-120.38239198,46.80707547],[-120.38528504,46.8135574],[-120.39489197,46.81957547],[-120.40098735,46.82389676],[-120.40530864,46.82582547],[-120.41574971,46.83165229],[-120.44344746,46.82942654],[-120.45098733,46.83858588],[-120.4451483,46.84457547],[-120.42995055,46.83817491],[-120.41041117,46.83974555],[-120.40543478,46.83396756],[-120.40101583,46.83432563],[-120.39489197,46.83207547],[-120.38540711,46.82921902],[-120.37822531,46.83431342],[-120.35439313,46.83650255],[-120.34499372,46.83574978],[-120.32352156,46.85350694],[-120.31879337,46.86920519],[-120.33069522,46.87945909],[-120.33655866,46.88207547],[-120.34265404,46.88639676],[-120.36217714,46.89765164],[-120.37614198,46.90082547],[-120.39265402,46.90723009],[-120.43637959,46.91623074],[-120.44442809,46.92071886],[-120.47405861,46.92374213],[-120.4860337,46.92635444],[-120.49377296,46.92086534],[-120.50139014,46.92626492],[-120.51043962,46.92486111]]]]}},{"type":"Feature","properties":{"id":"16222","name":"Rattlesnake Hills","ancestry":["12159","12218","12543","12544","16215","16216","16222"]},"geometry":{"type":"MultiPolygon","coordinates":[[[[-120.20050728,46.45797065],[-120.1959622,46.44914903],[-120.17396107,46.44675646],[-120.16669382,46.44427029],[-120.13648143,46.44488471],[-120.12087678,46.44456733],[-120.11119661,46.45113064],[-120.09887565,46.45087836],[-120.09483512,46.4425491],[-120.08758008,46.43298692],[-120.06097283,46.42865343],[-120.04900181,46.4237991],[-120.03576939,46.42164252],[-120.02856725,46.42179308],[-119.99088415,46.41883084],[-119.98176144,46.42195177],[-119.97608517,46.42808784],[-119.98732784,46.43354438],[-119.98203406,46.43863064],[-119.97396115,46.4425491],[-119.9676908,46.44679715],[-119.96345903,46.4467117],[-119.963634,46.43816678],[-119.94587685,46.43852892],[-119.93608274,46.42531277],[-119.9260974,46.41572211],[-119.90167114,46.41273546],[-119.89467651,46.40913439],[-119.88752319,46.4092768],[-119.88127319,46.40915066],[-119.87203654,46.40933784],[-119.86074098,46.40351915],[-119.83852419,46.3999018],[-119.82464887,46.39275255],[-119.81566856,46.39883979],[-119.8100574,46.40156196],[-119.80733523,46.40717312],[-119.79679243,46.41973009],[-119.79702843,46.43128201],[-119.78981408,46.43421577],[-119.77193893,46.42065375],[-119.7468779,46.41758979],[-119.73739711,46.41270698],[-119.71750779,46.40717312],[-119.70582567,46.41319119],[-119.67984505,46.41546577],[-119.66346729,46.41126655],[-119.65941862,46.3987991],[-119.65521127,46.39258979],[-119.65130502,46.38453722],[-119.64464812,46.3747187],[-119.63854461,46.37175646],[-119.62733042,46.36597846],[-119.61398407,46.35585476],[-119.60521129,46.35300646],[-119.59483532,46.3487991],[-119.56997774,46.34274034],[-119.55941866,46.33421577],[-119.55290825,46.32994737],[-119.54514051,46.32186225],[-119.53959852,46.31917263],[-119.52187799,46.31342312],[-119.51519668,46.31113634],[-119.49846084,46.31147814],[-119.48400365,46.32652534],[-119.47691544,46.34113308],[-119.48224584,46.35670519],[-119.50108535,46.3612991],[-119.50790094,46.36363064],[-119.51873264,46.3749018],[-119.52617079,46.38204698],[-119.53229465,46.39467312],[-119.53441867,46.3987991],[-119.53646132,46.40300646],[-119.542752,46.4112991],[-119.54479465,46.41550646],[-119.549002,46.42171577],[-119.5516672,46.42720486],[-119.57400199,46.44046577],[-119.59062796,46.45092312],[-119.59900198,46.45296577],[-119.60312796,46.45508979],[-119.61515595,46.45983426],[-119.63021128,46.46758979],[-119.64066863,46.47171577],[-119.64862761,46.47581733],[-119.65745329,46.47867784],[-119.66586393,46.47580105],[-119.67523079,46.4759923],[-119.70758755,46.48012641],[-119.72693569,46.47973172],[-119.73886602,46.48279161],[-119.75492233,46.47729438],[-119.77396122,46.48217312],[-119.78441858,46.48421577],[-119.79630822,46.48664903],[-119.81460655,46.48627875],[-119.81805707,46.48634793],[-119.8303292,46.49054715],[-119.83653851,46.49042101],[-119.84896119,46.49467312],[-119.85558554,46.49682156],[-119.86354452,46.50092312],[-119.87534465,46.50664822],[-119.87010376,46.51682888],[-119.86460653,46.51861111],[-119.87106812,46.52698107],[-119.87828247,46.52993517],[-119.88218058,46.53228706],[-119.89494913,46.53410183],[-119.89884724,46.53645372],[-119.91145303,46.5382685],[-119.9217639,46.52993517],[-119.92918984,46.52902778],[-119.93437783,46.52588243],[-119.94275185,46.52383979],[-119.95948768,46.51750841],[-119.96751584,46.51767117],[-119.97419715,46.51538439],[-119.99016801,46.51570991],[-120.00340856,46.51033881],[-120.02608515,46.50717312],[-120.03996047,46.50480496],[-120.04827752,46.50765327],[-120.06367058,46.50502875],[-120.0633003,46.486942],[-120.07299675,46.48425646],[-120.07647169,46.49851834],[-120.096479,46.50242459],[-120.10312776,46.50934191],[-120.11043977,46.50919542],[-120.11773144,46.50934191],[-120.12765982,46.50913845],[-120.14096955,46.49904324],[-120.1573351,46.49675646],[-120.16164825,46.49453478],[-120.16771107,46.48192898],[-120.15525584,46.46996202],[-120.17064076,46.46745958],[-120.17828236,46.4557978],[-120.18787301,46.46229601],[-120.20050728,46.45797065]]]]}},{"type":"Feature","properties":{"id":"16223","name":"Saddle Mountains","ancestry":["12159","12218","12543","12544","16215","16216","16223"]},"geometry":{"type":"MultiPolygon","coordinates":[[[[-119.92969033,46.78796332],[-119.9255196,46.7617711],[-119.90817748,46.75723009],[-119.89197469,46.75658719],[-119.88644084,46.75919542],[-119.8795398,46.76394396],[-119.86652304,46.7593826],[-119.83127728,46.75529731],[-119.81668989,46.75402778],[-119.81424034,46.75667263],[-119.79898156,46.75727485],[-119.79273563,46.75703071],[-119.76560755,46.75919542],[-119.74693894,46.76136013],[-119.70310757,46.76544542],[-119.68785693,46.76944526],[-119.64650766,46.77440945],[-119.61352427,46.7717768],[-119.60284313,46.76954291],[-119.58642467,46.77018989],[-119.55109347,46.76736192],[-119.52592665,46.76835883],[-119.50519098,46.7655268],[-119.49425756,46.76323595],[-119.4427317,46.76119737],[-119.43752337,46.76140082],[-119.42189837,46.76078234],[-119.40627338,46.76140082],[-119.39632872,46.76100613],[-119.37463276,46.76617784],[-119.36777242,46.78574571],[-119.37118224,46.80450792],[-119.38093973,46.81122179],[-119.38856505,46.81152696],[-119.39659321,46.81120958],[-119.40762022,46.81351264],[-119.4132029,46.81329291],[-119.42642718,46.81559597],[-119.43479713,46.81526232],[-119.44902238,46.81752875],[-119.45935767,46.81969347],[-119.49016006,46.82337999],[-119.51309707,46.83551785],[-119.53648166,46.83644151],[-119.54255262,46.83620144],[-119.55809624,46.84164985],[-119.58335664,46.84265082],[-119.58778372,46.84247586],[-119.62368459,46.84481147],[-119.63083384,46.84230496],[-119.63960662,46.84265082],[-119.65406788,46.84207709],[-119.65943897,46.84461209],[-119.66583952,46.84901883],[-119.67293994,46.84873806],[-119.68992805,46.84940945],[-119.69507128,46.84464464],[-119.67997933,46.84258165],[-119.68860563,46.8405268],[-119.70366503,46.83433784],[-119.71773159,46.83378038],[-119.73213588,46.83435411],[-119.74299607,46.83054552],[-119.74894089,46.83605496],[-119.7448556,46.83844347],[-119.70943895,46.8408686],[-119.71152635,46.84485623],[-119.71877326,46.8445714],[-119.76761764,46.84650418],[-119.76785364,46.84048611],[-119.7676624,46.83561551],[-119.79039188,46.83651476],[-119.79492476,46.83411811],[-119.80106489,46.83435818],[-119.81249881,46.83390652],[-119.82446983,46.83704373],[-119.85727418,46.83419542],[-119.89277221,46.83219347],[-119.8992867,46.82770942],[-119.91118855,46.82818142],[-119.92370482,46.81658474],[-119.92969033,46.78796332]]],[[[-120.3338365,46.91313015],[-120.32803409,46.90518338],[-120.32617862,46.90078885],[-120.32178409,46.89476671],[-120.31900089,46.88816271],[-120.31316593,46.88087511],[-120.3053453,46.87787218],[-120.29214543,46.87595161],[-120.28589136,46.86813504],[-120.26845973,46.85789334],[-120.25627305,46.8563756],[-120.24707302,46.85751899],[-120.23451199,46.84662218],[-120.2272244,46.8421951],[-120.22269966,46.83654324],[-120.21137967,46.82827501],[-120.19328479,46.82436062],[-120.18752308,46.82069444],[-120.18023141,46.82362413],[-120.16925323,46.81921332],[-120.16556264,46.81984809],[-120.16163604,46.81741482],[-120.15299347,46.81564073],[-120.14496938,46.80908149],[-120.13632681,46.8073074],[-120.13246939,46.80491482],[-120.11132682,46.80314073],[-120.1074694,46.80074816],[-120.07382683,46.79897407],[-120.06996941,46.79658149],[-120.06132684,46.7948074],[-120.05746942,46.79241482],[-120.05210646,46.79152778],[-120.04694696,46.79337918],[-120.03162714,46.79246772],[-120.02403844,46.78834581],[-120.00725785,46.78637641],[-119.99487178,46.77584581],[-119.97737504,46.7725784],[-119.9602201,46.77624457],[-119.94184853,46.79131619],[-119.93570433,46.80729926],[-119.9386218,46.81542914],[-119.9405912,46.82387641],[-119.94693479,46.83296251],[-119.95727821,46.84220323],[-119.9593412,46.84887641],[-119.96749956,46.86207628],[-119.99002966,46.87590278],[-120.01699498,46.87871446],[-120.03127314,46.87785997],[-120.0354398,46.87811225],[-120.03960647,46.87785997],[-120.04755731,46.87833605],[-120.07901889,46.8757685],[-120.10779899,46.87748562],[-120.11767447,46.88012641],[-120.1339912,46.88392687],[-120.1385078,46.88637641],[-120.1496935,46.889831],[-120.16142445,46.89470974],[-120.16778838,46.89667914],[-120.17588978,46.90107775],[-120.20392932,46.91394803],[-120.21142443,46.91126248],[-120.2278144,46.90929308],[-120.25078396,46.92969916],[-120.27365179,46.93396756],[-120.27809107,46.93637641],[-120.29798039,46.93903754],[-120.30309107,46.93626248],[-120.31044783,46.9339879],[-120.32339949,46.93476101],[-120.33127302,46.92902778],[-120.3338365,46.91313015]]]]}},{"type":"Feature","properties":{"id":"16225","name":"Columbia Hills","ancestry":["12159","12218","12543","12544","16215","16224","16225"]},"geometry":{"type":"MultiPolygon","coordinates":[[[[-121.29793931,45.69569444],[-121.29636054,45.69257351],[-121.29030585,45.69082791],[-121.28682278,45.68806098],[-121.27780586,45.68666124],[-121.27436,45.68392388],[-121.27416684,45.68387776],[-121.2611392,45.68249457],[-121.25803032,45.68002491],[-121.25608806,45.67956116],[-121.24447254,45.67832791],[-121.24228899,45.67659331],[-121.23295705,45.67470816],[-121.22780588,45.67416124],[-121.22752771,45.67361137],[-121.215779,45.671238],[-121.21574662,45.67119301],[-121.21511871,45.67110541],[-121.20588613,45.66223497],[-121.20104401,45.65508979],[-121.19731273,45.64740343],[-121.18588288,45.64447374],[-121.1704654,45.64478706],[-121.14898104,45.64112495],[-121.1393619,45.6476435],[-121.1302107,45.64467312],[-121.12239007,45.6406448],[-121.11021152,45.64039659],[-121.09479405,45.6425491],[-121.08443028,45.6504145],[-121.07396072,45.65296577],[-121.06751541,45.65517117],[-121.05958898,45.65500841],[-121.03548011,45.65944363],[-121.0205794,45.65690457],[-121.00532875,45.65721381],[-120.99352456,45.65317329],[-120.98214354,45.65084174],[-120.97226698,45.65104218],[-120.953077,45.656745],[-120.943977,45.656445],[-120.915876,45.641345],[-120.91579517,45.64130122],[-120.91432822,45.64050662],[-120.90095053,45.64245551],[-120.89701173,45.64476671],[-120.8926172,45.64662218],[-120.8886784,45.64893338],[-120.88512428,45.65043401],[-120.88128856,45.65318269],[-120.87617841,45.65726671],[-120.87474464,45.65787208],[-120.870042,45.661242],[-120.855674,45.671545],[-120.8483264,45.67316197],[-120.84701175,45.67393338],[-120.83845056,45.67578885],[-120.83227787,45.67941433],[-120.82961231,45.67728035],[-120.82028763,45.67933242],[-120.81367843,45.68366645],[-120.79350429,45.68709256],[-120.78453212,45.69062039],[-120.77384691,45.69243517],[-120.76786546,45.69478706],[-120.76460619,45.69569444],[-120.75920661,45.69654487],[-120.75542243,45.69901069],[-120.74670662,45.70071153],[-120.74292244,45.70317735],[-120.73003996,45.7048782],[-120.72625578,45.70734402],[-120.71753996,45.70904487],[-120.71375578,45.71151069],[-120.70503997,45.71321153],[-120.70125579,45.71567735],[-120.69253997,45.7173782],[-120.68875579,45.71984402],[-120.68420664,45.72154487],[-120.6762558,45.72817735],[-120.67170665,45.7298782],[-120.66792247,45.73234402],[-120.66337332,45.73404487],[-120.65768077,45.73775174],[-120.65429644,45.73689574],[-120.65353434,45.73724868],[-120.634968,45.745847],[-120.591166,45.746547],[-120.57280147,45.74179728],[-120.5731878,45.74247179],[-120.55091812,45.73944038],[-120.54263362,45.73433377],[-120.5323553,45.72693224],[-120.48963071,45.72222032],[-120.48600115,45.72855984],[-120.48165952,45.74814399],[-120.46500507,45.74984077],[-120.45741229,45.74352973],[-120.46607521,45.73668159],[-120.47771665,45.73326362],[-120.47866066,45.72397814],[-120.46617694,45.72270454],[-120.45741229,45.72600043],[-120.44888365,45.72788845],[-120.44396829,45.73070421],[-120.43335631,45.72902778],[-120.4304307,45.73718207],[-120.43445495,45.74459581],[-120.43642435,45.74887641],[-120.43862161,45.75292914],[-120.44059101,45.77387641],[-120.44695494,45.78209581],[-120.45062112,45.79007514],[-120.45725767,45.79470974],[-120.46480161,45.79817654],[-120.46778827,45.80084581],[-120.48341326,45.81833035],[-120.49475766,45.82353461],[-120.49260108,45.8444534],[-120.48194842,45.8502436],[-120.46695819,45.85113471],[-120.45725767,45.84887641],[-120.45002297,45.84494575],[-120.44076598,45.84997911],[-120.42857116,45.855574],[-120.41537943,45.86579942],[-120.40627299,45.86861111],[-120.40823018,45.87706245],[-120.40123149,45.88651069],[-120.3991156,45.89895372],[-120.39389914,45.90598904],[-120.39731303,45.91164903],[-120.3960435,45.92022244],[-120.41068787,45.92368517],[-120.41911885,45.9185989],[-120.42176371,45.90910183],[-120.4241156,45.90520372],[-120.42671162,45.8988642],[-120.44127054,45.89687039],[-120.4449652,45.90589952],[-120.45050719,45.91017605],[-120.46161558,45.9132685],[-120.46759702,45.91562039],[-120.4776312,45.9184158],[-120.47562111,45.93202664],[-120.4708563,45.93944444],[-120.47188983,45.94056342],[-120.48019061,45.93419542],[-120.49277198,45.93219347],[-120.49928646,45.92770942],[-120.50310726,45.91961209],[-120.50527198,45.9155268],[-120.50753841,45.91072537],[-120.51174577,45.90719347],[-120.52148291,45.91769965],[-120.52394059,45.9280268],[-120.53248144,45.93852078],[-120.54585627,45.93799181],[-120.5610825,45.93859402],[-120.58987888,45.94613797],[-120.59854587,45.95210314],[-120.60910088,45.96349637],[-120.62502291,45.99986111],[-120.63076428,45.99491726],[-120.63848726,45.9841588],[-120.65532075,45.96555122],[-120.65514171,45.96333767],[-120.66780854,45.94889676],[-120.66973725,45.94457547],[-120.67918955,45.93319444],[-120.67671153,45.93042345],[-120.66327973,45.9248367],[-120.65694835,45.92827501],[-120.6500229,45.92785997],[-120.63854422,45.92854763],[-120.62857922,45.92547146],[-120.62565767,45.91599881],[-120.61483818,45.91103461],[-120.59625501,45.8902379],[-120.56362156,45.87242377],[-120.56559096,45.86751248],[-120.56838637,45.86236111],[-120.56559096,45.85720974],[-120.56362156,45.85084581],[-120.56085871,45.84575548],[-120.5616603,45.83226671],[-120.55528823,45.82314806],[-120.55934097,45.82167914],[-120.56778823,45.81970974],[-120.57720392,45.81633247],[-120.60289564,45.81786648],[-120.60528821,45.81345974],[-120.61043551,45.80225369],[-120.62184094,45.79702094],[-120.61987154,45.79251248],[-120.61153821,45.78175808],[-120.61710055,45.77650092],[-120.63656669,45.77533719],[-120.65503185,45.78301948],[-120.6807724,45.77749376],[-120.69920908,45.76982368],[-120.70643971,45.76939643],[-120.72178801,45.77267198],[-120.74069669,45.77154894],[-120.78097988,45.77405952],[-120.79128668,45.7716588],[-120.79892421,45.76751248],[-120.80683029,45.76387885],[-120.81559087,45.75709581],[-120.82805831,45.7498367],[-120.8301742,45.73626248],[-120.83445479,45.73012641],[-120.83718103,45.71841173],[-120.85177249,45.71048123],[-120.86087487,45.71542914],[-120.88937827,45.71340685],[-120.91159913,45.70745795],[-120.93081706,45.70631049],[-120.96102538,45.70985053],[-120.96979816,45.71461534],[-120.98028807,45.71137641],[-120.98707518,45.70664008],[-121.00573158,45.69887641],[-121.01801592,45.70194038],[-121.02612139,45.70709581],[-121.03446285,45.71292263],[-121.05471024,45.71562853],[-121.05725744,45.72387641],[-121.06290523,45.7319656],[-121.05945471,45.74679308],[-121.05100744,45.75709581],[-121.04903804,45.76345974],[-121.02822913,45.78630724],[-121.02534827,45.79434353],[-121.03147213,45.79982042],[-121.05517411,45.82649685],[-121.04903804,45.83220974],[-121.03562659,45.83533067],[-121.03225745,45.83834581],[-121.03127275,45.83944444],[-121.03191565,45.84088487],[-121.04104651,45.84217068],[-121.04585608,45.84628038],[-121.05210608,45.84094184],[-121.05691564,45.84505154],[-121.06043941,45.84569444],[-121.06312902,45.84257351],[-121.07197505,45.84056342],[-121.08015375,45.8341588],[-121.08864171,45.83223009],[-121.09265375,45.82999213],[-121.09697504,45.82806342],[-121.10418939,45.82403917],[-121.11170485,45.82823025],[-121.11887851,45.81990506],[-121.14466382,45.82197618],[-121.15098706,45.81749213],[-121.16364168,45.81556342],[-121.16765372,45.81332547],[-121.17197501,45.81139676],[-121.18015371,45.80499213],[-121.184475,45.80306342],[-121.19265371,45.7966588],[-121.20403066,45.79407498],[-121.20947499,45.78639676],[-121.2114037,45.7779088],[-121.21369049,45.77380724],[-121.20718821,45.76549832],[-121.20947499,45.76139676],[-121.21175771,45.7513463],[-121.2207136,45.74864855],[-121.23030832,45.73639676],[-121.23303455,45.7302851],[-121.24280831,45.72806342],[-121.24682036,45.72582547],[-121.25114164,45.72389676],[-121.25932035,45.71749213],[-121.26364164,45.71556342],[-121.26765368,45.71332547],[-121.27197497,45.71139676],[-121.27598701,45.7091588],[-121.2803083,45.70723009],[-121.28848701,45.70082547],[-121.29280829,45.69889676],[-121.29793931,45.69569444]]],[[[-121.01344642,45.80548448],[-121.00002276,45.80402778],[-120.99332517,45.81334174],[-120.99914386,45.82192329],[-121.00950355,45.8217117],[-121.00933672,45.81346381],[-121.01344642,45.80548448]]],[[[-120.98504837,45.64866324],[-120.983478,45.648344],[-120.98229619,45.64855909],[-120.98504837,45.64866324]]]]}},{"type":"Feature","properties":{"id":"16226","name":"Horse Heaven Hills","ancestry":["12159","12218","12543","12544","16215","16224","16226"]},"geometry":{"type":"MultiPolygon","coordinates":[[[[-120.63105318,46.01825304],[-120.6190374,46.01481879],[-120.62409517,46.00310004],[-120.62502291,45.99986111],[-120.60910088,45.96349637],[-120.59854587,45.95210314],[-120.58987888,45.94613797],[-120.5610825,45.93859402],[-120.54585627,45.93799181],[-120.53248144,45.93852078],[-120.52394059,45.9280268],[-120.52148291,45.91769965],[-120.51174577,45.90719347],[-120.50753841,45.91072537],[-120.50527198,45.9155268],[-120.50310726,45.91961209],[-120.49928646,45.92770942],[-120.49277198,45.93219347],[-120.48019061,45.93419542],[-120.47188983,45.94056342],[-120.4708563,45.93944444],[-120.46973732,45.9404088],[-120.46780861,45.94681342],[-120.45782733,45.95887804],[-120.44414326,45.96124213],[-120.43195251,45.95259549],[-120.4219875,45.95339708],[-120.40341248,45.9665644],[-120.40114197,45.97268826],[-120.41194926,45.97594347],[-120.42082377,45.9862462],[-120.43447529,45.98832547],[-120.43848733,45.99056342],[-120.44697529,45.99249213],[-120.45393329,45.99742784],[-120.46690529,45.99638211],[-120.46973732,46.0037755],[-120.46469582,46.01281277],[-120.46889097,46.0359573],[-120.47696795,46.04291531],[-120.4856797,46.04221544],[-120.49682065,46.04573107],[-120.49062761,46.06259304],[-120.48244484,46.06624702],[-120.47007098,46.08061062],[-120.46764178,46.09129178],[-120.46348732,46.09874213],[-120.46155861,46.10931342],[-120.45064553,46.12421007],[-120.44553079,46.14119819],[-120.45530862,46.15499213],[-120.45723733,46.16210883],[-120.45307066,46.16957547],[-120.45114195,46.17598009],[-120.44660501,46.18411404],[-120.42807067,46.18832547],[-120.42085632,46.19234972],[-120.4128363,46.18787381],[-120.40517436,46.1884923],[-120.39954692,46.18535102],[-120.39697531,46.18890327],[-120.40115418,46.19250027],[-120.40069438,46.19820095],[-120.41565206,46.20499213],[-120.44301614,46.19750109],[-120.45198017,46.19420926],[-120.47231707,46.19050239],[-120.47984474,46.18176622],[-120.49932309,46.17307482],[-120.50939795,46.17677355],[-120.52068131,46.17263129],[-120.5249497,46.16306098],[-120.53251806,46.16367133],[-120.53700618,46.15845893],[-120.5362412,46.14894151],[-120.54143733,46.14264676],[-120.54944921,46.1471186],[-120.55620783,46.14657335],[-120.55955662,46.13546495],[-120.56684422,46.1291824],[-120.56877293,46.12694444],[-120.5615952,46.1116531],[-120.56345067,46.09453885],[-120.56576186,46.09060004],[-120.56761733,46.07995551],[-120.57201186,46.06976671],[-120.5778102,46.05408881],[-120.58451185,46.04268338],[-120.58664402,46.03763373],[-120.59261732,46.03412218],[-120.60951185,46.03226671],[-120.61345065,46.02995551],[-120.62989351,46.02755887],[-120.63105318,46.01825304]]],[[[-120.49475766,45.82353461],[-120.48341326,45.81833035],[-120.46778827,45.80084581],[-120.46480161,45.79817654],[-120.45725767,45.79470974],[-120.45062112,45.79007514],[-120.44695494,45.78209581],[-120.44059101,45.77387641],[-120.43862161,45.75292914],[-120.43642435,45.74887641],[-120.43445495,45.74459581],[-120.4304307,45.73718207],[-120.43335631,45.72902778],[-120.42878682,45.72734728],[-120.41989196,45.73431342],[-120.41413025,45.73688504],[-120.40812439,45.75034125],[-120.39609233,45.75307563],[-120.38836121,45.75738878],[-120.37872173,45.7566116],[-120.37197532,45.76139676],[-120.36189638,45.76368761],[-120.35638287,45.76324409],[-120.34705264,45.75803982],[-120.33835716,45.75415799],[-120.32319197,45.75098009],[-120.31406111,45.75607856],[-120.30782332,45.76331326],[-120.30235864,45.7654088],[-120.29525822,45.75716498],[-120.29934351,45.74603624],[-120.2988593,45.74003445],[-120.28289657,45.73003282],[-120.25537787,45.72773383],[-120.24697536,45.73431342],[-120.22833117,45.74263455],[-120.21019966,45.74500678],[-120.20322538,45.74889676],[-120.19261341,45.75130561],[-120.18239206,45.75931342],[-120.17281768,45.76531114],[-120.16557077,45.76749213],[-120.13978546,45.77946723],[-120.11140413,45.78207547],[-120.10336783,45.7850255],[-120.10659456,45.82515815],[-120.11572541,45.8279088],[-120.12182079,45.83223009],[-120.13593211,45.83480577],[-120.14473745,45.8279088],[-120.15114207,45.82598009],[-120.16516387,45.81397244],[-120.15966664,45.8041173],[-120.16795521,45.79697618],[-120.18060169,45.79473009],[-120.18452829,45.80353136],[-120.19048125,45.80865831],[-120.20119495,45.81188504],[-120.20973986,45.81794379],[-120.21348742,45.83848009],[-120.21677925,45.84438422],[-120.22390408,45.8404088],[-120.22893745,45.83848009],[-120.23577745,45.8464228],[-120.2428087,45.85082547],[-120.25170355,45.85779161],[-120.26294622,45.85366157],[-120.2759874,45.84249213],[-120.28715276,45.83913113],[-120.29726831,45.82738797],[-120.29624699,45.81468045],[-120.32245955,45.81678819],[-120.34057071,45.8091588],[-120.3539374,45.80723009],[-120.36218935,45.81183621],[-120.37854677,45.81675971],[-120.38587098,45.82845405],[-120.39448914,45.82776232],[-120.40250102,45.83070421],[-120.40515401,45.85098009],[-120.40816915,45.85638373],[-120.40627299,45.86861111],[-120.41537943,45.86579942],[-120.42857116,45.855574],[-120.44076598,45.84997911],[-120.45002297,45.84494575],[-120.45725767,45.84887641],[-120.46695819,45.85113471],[-120.48194842,45.8502436],[-120.49260108,45.8444534],[-120.49475766,45.82353461]]],[[[-120.45352232,46.04778185],[-120.45304625,46.03980659],[-120.4330959,46.02818956],[-120.39700786,46.02480414],[-120.387523,46.02277778],[-120.3865383,46.02387641],[-120.38339702,46.0266881],[-120.35812441,46.03140408],[-120.31975773,46.03417914],[-120.31362166,46.03637641],[-120.29808618,46.03999376],[-120.27392441,46.04251248],[-120.25871852,46.04796495],[-120.25320502,46.05095974],[-120.2458279,46.05434516],[-120.23338487,46.06204373],[-120.22600776,46.06542914],[-120.21790636,46.06982775],[-120.20100777,46.07376248],[-120.19487171,46.07595974],[-120.18642444,46.07792914],[-120.17612171,46.08220974],[-120.15971547,46.08603054],[-120.14848094,46.09297228],[-120.13856476,46.09238227],[-120.12935253,46.09293159],[-120.118708,46.10484565],[-120.11091178,46.10725043],[-120.09903841,46.11554308],[-120.08548454,46.11751248],[-120.08237175,46.11216173],[-120.08862175,46.10929308],[-120.09059115,46.10763699],[-120.07396925,46.10304308],[-120.03840204,46.10972846],[-120.0282051,46.11762641],[-120.01975784,46.11959581],[-120.01570511,46.12179308],[-119.99849727,46.12381131],[-119.99070512,46.12804308],[-119.98225786,46.13001248],[-119.97527951,46.13251492],[-119.97622352,46.14835151],[-119.99487178,46.15084581],[-120.00354284,46.15756375],[-120.01773147,46.15671739],[-120.02710647,46.15727892],[-120.03373489,46.15688015],[-120.04475783,46.15292914],[-120.07726107,46.14857937],[-120.09377311,46.14956407],[-120.11081819,46.14854682],[-120.12379833,46.14389187],[-120.13652619,46.13697456],[-120.17129994,46.1308629],[-120.183568,46.12757514],[-120.19059925,46.12375434],[-120.1989814,46.12425483],[-120.21081815,46.12354682],[-120.2248603,46.11850939],[-120.23225776,46.11334581],[-120.24070502,46.11137641],[-120.24475775,46.10917914],[-120.25320502,46.10720974],[-120.25934108,46.10501248],[-120.26647812,46.10280707],[-120.28006454,46.09542182],[-120.2864244,46.09887641],[-120.29233667,46.10084581],[-120.30427108,46.09159695],[-120.319302,46.09976345],[-120.32657738,46.09162543],[-120.33225772,46.09470974],[-120.3475043,46.09667914],[-120.35552838,46.09231717],[-120.35510521,46.08527778],[-120.35539004,46.08053738],[-120.3740383,46.07804308],[-120.38017437,46.07584581],[-120.38862163,46.07387641],[-120.3947577,46.07167914],[-120.40320496,46.06970974],[-120.40934102,46.06751248],[-120.41778829,46.06554308],[-120.42392435,46.06334581],[-120.44373229,46.05873562],[-120.45352232,46.04778185]]],[[[-119.69520963,46.22979275],[-119.69387499,46.2131505],[-119.68587532,46.19881944],[-119.66668994,46.19777778],[-119.65792123,46.20795437],[-119.64343149,46.20679064],[-119.63655893,46.20931342],[-119.62661021,46.21157172],[-119.61235647,46.21952664],[-119.60725393,46.23095649],[-119.60235891,46.2341588],[-119.59273164,46.22878771],[-119.58655895,46.23223009],[-119.56140434,46.2341588],[-119.55530896,46.23848009],[-119.54195855,46.2415115],[-119.52230523,46.23613634],[-119.51364231,46.22999213],[-119.50447484,46.22425076],[-119.4884877,46.22181342],[-119.48030899,46.2154088],[-119.47457983,46.21285346],[-119.4654449,46.20224962],[-119.45388078,46.20317735],[-119.43900042,46.214831],[-119.43655901,46.23745877],[-119.45909725,46.24601183],[-119.47972712,46.24977566],[-119.50430394,46.26348823],[-119.52764377,46.27313992],[-119.54003797,46.2768712],[-119.55490613,46.27567898],[-119.56180717,46.27820991],[-119.56901746,46.27763211],[-119.57598767,46.27374213],[-119.58420707,46.27007595],[-119.59489228,46.26764676],[-119.60098766,46.2654088],[-119.60947561,46.26348009],[-119.61557099,46.26124213],[-119.62618296,46.25883328],[-119.63812143,46.24947862],[-119.6469756,46.24681342],[-119.65723764,46.24249213],[-119.66753223,46.24015245],[-119.67598763,46.2341588],[-119.69520963,46.22979275]]],[[[-119.94060748,46.17329861],[-119.93860553,46.16961209],[-119.93437783,46.1656977],[-119.93187539,46.14475857],[-119.92606484,46.14453071],[-119.89378947,46.14580838],[-119.88443888,46.14252875],[-119.87293986,46.14152778],[-119.87193889,46.14261013],[-119.84853802,46.14580838],[-119.83902061,46.15084174],[-119.83543988,46.15098416],[-119.81504601,46.15017849],[-119.79219852,46.15513862],[-119.75527227,46.1717768],[-119.74627976,46.17462104],[-119.73652227,46.18366238],[-119.75262334,46.20700629],[-119.76527389,46.20751085],[-119.77415247,46.2007034],[-119.78213586,46.20102078],[-119.78852421,46.19877875],[-119.79693892,46.1967768],[-119.80483279,46.19400987],[-119.82185753,46.19044542],[-119.85513388,46.18754829],[-119.8851062,46.18197374],[-119.90595987,46.18279975],[-119.92185749,46.17586209],[-119.94060748,46.17329861]]],[[[-119.16527819,46.11236518],[-119.14261381,46.10518745],[-119.11657215,46.09449409],[-119.11044016,46.09473416],[-119.10106516,46.09436388],[-119.08688467,46.0949254],[-119.08235586,46.09252875],[-119.06877351,46.09152778],[-119.06777253,46.09261013],[-119.05727449,46.09461209],[-119.04940503,46.09737088],[-119.02403882,46.09636583],[-119.0236482,46.10620063],[-119.0385245,46.11761013],[-119.0576407,46.11964464],[-119.06637279,46.12426297],[-119.09323639,46.12988227],[-119.10930897,46.1305211],[-119.11272694,46.11972602],[-119.11981515,46.11944526],[-119.16067207,46.12106472],[-119.16527819,46.11236518]]],[[[-120.16116811,45.92401883],[-120.15245636,45.91254015],[-120.13229442,45.90925646],[-120.12732209,45.90669298],[-120.11983511,45.90925646],[-120.1052111,45.9112991],[-120.09442008,45.91567329],[-120.07378614,45.93133084],[-120.07677686,45.94591824],[-120.08980176,45.94909614],[-120.0939196,45.95758409],[-120.10886507,45.96546577],[-120.12870148,45.95343777],[-120.1312731,45.95611111],[-120.13621287,45.95136664],[-120.14149445,45.94330594],[-120.15631378,45.92906847],[-120.16116811,45.92401883]]],[[[-119.35499573,46.14761095],[-119.35050354,46.13977403],[-119.33335674,46.13527778],[-119.33241273,46.1364171],[-119.3186961,46.13945665],[-119.30616762,46.13817898],[-119.27993065,46.14139757],[-119.27309472,46.14531196],[-119.27430321,46.15719347],[-119.29214175,46.1673782],[-119.31694643,46.17015734],[-119.33699443,46.16739041],[-119.33580628,46.15575304],[-119.34599508,46.15276232],[-119.35499573,46.14761095]]]]}},{"type":"Feature","properties":{"id":"16227","name":"Simcoe Mountains","ancestry":["12159","12218","12543","12544","16215","16224","16227"]},"geometry":{"type":"MultiPolygon","coordinates":[[[[-121.14793937,46.01236111],[-121.14652336,46.00459337],[-121.13239169,45.99249213],[-121.12470533,45.98906196],[-121.12197503,45.97999213],[-121.10336338,45.97755887],[-121.10247227,45.96647895],[-121.10530837,45.96139676],[-121.10723708,45.9529088],[-121.10947503,45.94889676],[-121.11231113,45.93642117],[-121.12319166,45.94249213],[-121.13223707,45.93902534],[-121.12683749,45.93123318],[-121.11973707,45.92806342],[-121.11252272,45.92403917],[-121.10185378,45.92999213],[-121.09081863,45.92700141],[-121.09026524,45.92012071],[-121.09280837,45.91556342],[-121.09628737,45.90777127],[-121.10515374,45.90082547],[-121.11345045,45.89712267],[-121.11395908,45.89076687],[-121.09890375,45.87389676],[-121.09633213,45.86813504],[-121.09057042,45.86556342],[-121.08655837,45.86332547],[-121.07807042,45.86139676],[-121.07405838,45.8591588],[-121.06685623,45.85594428],[-121.0634342,45.8482742],[-121.06043941,45.84569444],[-121.05691564,45.84505154],[-121.05210608,45.84094184],[-121.04585608,45.84628038],[-121.04104651,45.84217068],[-121.03191565,45.84088487],[-121.03127275,45.83944444],[-121.02197507,45.84231717],[-121.02080319,45.86199897],[-121.04217769,45.89251248],[-121.05112138,45.89054308],[-121.06548498,45.88669786],[-121.0658227,45.89235379],[-121.06098872,45.90397081],[-121.06874832,45.90753526],[-121.06362137,45.91696316],[-121.06559077,45.92804308],[-121.07184077,45.93699083],[-121.06979813,45.94499864],[-121.06367834,45.95046739],[-121.0600203,45.95844265],[-121.02964108,45.95304308],[-121.02159258,45.95581407],[-121.01236,45.96225939],[-121.00320473,45.96554308],[-120.99267413,45.96751248],[-120.98191974,45.97584581],[-120.97661375,45.97311957],[-120.97277261,45.96474962],[-120.93738851,45.9694534],[-120.92675619,45.95755154],[-120.91186769,45.94674832],[-120.8931299,45.93000434],[-120.88886558,45.91168566],[-120.87465253,45.89959256],[-120.86559085,45.89679308],[-120.85945478,45.89459581],[-120.8515487,45.89215034],[-120.83708744,45.88429308],[-120.82809086,45.88626248],[-120.8160588,45.88948107],[-120.79481451,45.8882156],[-120.78856451,45.88858995],[-120.76914313,45.88743028],[-120.74780525,45.89141385],[-120.74267423,45.89876248],[-120.74036303,45.90379584],[-120.73213956,45.91114448],[-120.72420093,45.92002713],[-120.71570484,45.92595974],[-120.70725758,45.92792914],[-120.70112151,45.93012641],[-120.68850758,45.93209581],[-120.68358001,45.93476915],[-120.67918955,45.93319444],[-120.66973725,45.94457547],[-120.66780854,45.94889676],[-120.65514171,45.96333767],[-120.65532075,45.96555122],[-120.63848726,45.9841588],[-120.63076428,45.99491726],[-120.62502291,45.99986111],[-120.62409517,46.00310004],[-120.6190374,46.01481879],[-120.63105318,46.01825304],[-120.62989351,46.02755887],[-120.61345065,46.02995551],[-120.60951185,46.03226671],[-120.59261732,46.03412218],[-120.58664402,46.03763373],[-120.58451185,46.04268338],[-120.5778102,46.05408881],[-120.57201186,46.06976671],[-120.56761733,46.07995551],[-120.56576186,46.09060004],[-120.56345067,46.09453885],[-120.5615952,46.1116531],[-120.56877293,46.12694444],[-120.56989191,46.12598009],[-120.57243911,46.12302192],[-120.57626804,46.11030219],[-120.58030857,46.10306342],[-120.58223728,46.0966588],[-120.59586846,46.07805528],[-120.60947522,46.07598009],[-120.62023368,46.06926622],[-120.62446545,46.05521186],[-120.63935396,46.05306342],[-120.64682059,46.05723009],[-120.66255138,46.06373644],[-120.6712794,46.0630325],[-120.69905852,46.05799506],[-120.71806079,46.0685989],[-120.73276619,46.07302599],[-120.74057055,46.06749213],[-120.76316576,46.06518907],[-120.76765387,46.06726834],[-120.75932054,46.0779088],[-120.75739183,46.08710883],[-120.76732022,46.09566189],[-120.7866358,46.10147651],[-120.80093837,46.10032498],[-120.81348719,46.10306342],[-120.82440027,46.10505317],[-120.82324467,46.11944933],[-120.83031661,46.1255447],[-120.84449711,46.12876329],[-120.86191246,46.12736355],[-120.88535402,46.11357368],[-120.89609214,46.11956326],[-120.91206707,46.12319282],[-120.92951091,46.10789741],[-120.94371582,46.10362088],[-120.94746338,46.09521837],[-120.95637857,46.09123888],[-120.95307047,46.08223009],[-120.95114176,46.07582547],[-120.94666585,46.06780138],[-120.94280843,46.0591588],[-120.94057047,46.05514676],[-120.9379541,46.04079942],[-120.93990723,46.01648302],[-120.94768717,46.01139676],[-120.95773355,46.01700385],[-120.97822508,46.0216588],[-120.98785643,46.02429552],[-120.99956703,46.02335558],[-121.01348711,46.01749213],[-121.03061764,46.0123367],[-121.03640377,46.01556342],[-121.04380937,46.01749213],[-121.05515376,46.01332547],[-121.06435379,46.01139676],[-121.08525222,46.02305854],[-121.09473708,46.01957547],[-121.11531406,46.01520942],[-121.12149895,46.01570584],[-121.10808343,46.03192084],[-121.10213454,46.03457791],[-121.09793939,46.03944444],[-121.11362135,46.03845974],[-121.12440422,46.03615668],[-121.13382805,46.03671821],[-121.13850741,46.03417914],[-121.14681226,46.03036648],[-121.14793937,46.01236111]]],[[[-120.9896061,46.22069444],[-120.98272134,46.21326443],[-120.97652831,46.21350857],[-120.95779459,46.21106717],[-120.94674723,46.21560411],[-120.92876221,46.21489204],[-120.91784913,46.20911811],[-120.90671632,46.20386095],[-120.8968327,46.21144151],[-120.88706301,46.21105496],[-120.85899905,46.21692654],[-120.85110518,46.21969347],[-120.84060713,46.22169542],[-120.83652185,46.22386013],[-120.8256047,46.22646023],[-120.8058578,46.23855333],[-120.80002284,46.2383214],[-120.7931218,46.23859402],[-120.78430426,46.23550157],[-120.76352383,46.23219347],[-120.75735521,46.23002875],[-120.74192146,46.22572781],[-120.73257088,46.22609809],[-120.72702075,46.22316026],[-120.70835621,46.22390082],[-120.70199635,46.22364855],[-120.68760426,46.20811306],[-120.68327484,46.20410916],[-120.67245127,46.19242296],[-120.66736094,46.19262641],[-120.66806895,46.21045681],[-120.68027191,46.21336209],[-120.692483,46.21837918],[-120.68835703,46.22618354],[-120.65816498,46.22498725],[-120.65022635,46.21641791],[-120.63443859,46.23011013],[-120.60807142,46.23221788],[-120.59775241,46.23931424],[-120.59116468,46.24642687],[-120.58177341,46.2533157],[-120.5697739,46.25711209],[-120.55919855,46.26145779],[-120.55947931,46.26861111],[-120.55934504,46.2720128],[-120.53575292,46.27948351],[-120.52083187,46.27557319],[-120.50401872,46.27624051],[-120.48902442,46.28417508],[-120.47818865,46.27586209],[-120.45938983,46.27361192],[-120.45210631,46.27390082],[-120.44545755,46.27364041],[-120.43027201,46.26127875],[-120.42549092,46.2592768],[-120.41360535,46.26344347],[-120.3968573,46.26544542],[-120.39035096,46.26772814],[-120.38165549,46.28118842],[-120.3823635,46.29901883],[-120.39277609,46.30393012],[-120.41305603,46.30780382],[-120.42011169,46.31153917],[-120.43858906,46.31593777],[-120.45259052,46.31538439],[-120.47394061,46.31761013],[-120.52755387,46.31961209],[-120.56352391,46.31544542],[-120.61360527,46.31344347],[-120.63782401,46.31091661],[-120.65844575,46.31173448],[-120.66662852,46.31606798],[-120.69058685,46.31511583],[-120.70112965,46.30703071],[-120.71100106,46.30742133],[-120.72740324,46.31172228],[-120.74135587,46.31116889],[-120.75935717,46.29877875],[-120.76679531,46.2967768],[-120.7707097,46.3132034],[-120.78752284,46.31444444],[-120.78837327,46.31321153],[-120.79292242,46.31151069],[-120.7967066,46.30904487],[-120.80125575,46.30734402],[-120.80503993,46.3048782],[-120.81375574,46.30317735],[-120.81753992,46.30071153],[-120.83458907,46.29901069],[-120.83837325,46.29654487],[-120.84708906,46.29484402],[-120.85087324,46.2923782],[-120.85958906,46.29067735],[-120.86337324,46.28821153],[-120.86792239,46.28651069],[-120.88420656,46.27154487],[-120.89228355,46.26852159],[-120.89298748,46.26539252],[-120.88875572,46.25889838],[-120.89378501,46.25317735],[-120.91583904,46.2548782],[-120.92223552,46.25904487],[-120.94708903,46.25734402],[-120.9508732,46.2548782],[-120.95542236,46.25317735],[-120.96753986,46.2423782],[-120.97208902,46.24067735],[-120.97587319,46.23821153],[-120.98625324,46.23618517],[-120.98882078,46.23224637],[-120.98784015,46.22788032],[-120.9896061,46.22069444]]]]}},{"type":"Feature","properties":{"id":"16228","name":"Eastern Washington Plateau","ancestry":["12159","12218","12543","12544","16215","16228"]},"geometry":{"type":"MultiPolygon","coordinates":[[[[-119.03644116,47.94736681],[-119.0210359,47.92913764],[-119.00102451,47.91969347],[-118.9962068,47.9171422],[-118.98042312,47.91776883],[-118.9736767,47.91312609],[-118.96772374,47.90051215],[-118.96005366,47.89340359],[-118.93905351,47.89706163],[-118.90727455,47.90086209],[-118.90274574,47.90325873],[-118.89068927,47.90278266],[-118.88113116,47.90784044],[-118.87367674,47.90270942],[-118.86304849,47.90312853],[-118.85457274,47.89157254],[-118.84868896,47.88612413],[-118.83335693,47.88673041],[-118.81918864,47.88616889],[-118.81061931,47.88163601],[-118.79306561,47.86268663],[-118.77333091,47.86346788],[-118.75896731,47.86850532],[-118.75114668,47.86436306],[-118.74477461,47.86136013],[-118.73652266,47.85502875],[-118.72935307,47.85094347],[-118.713606,47.8592768],[-118.70102463,47.86127875],[-118.68832525,47.86649523],[-118.67703375,47.88398383],[-118.66977464,47.88627875],[-118.65773851,47.89456326],[-118.64693936,47.88627875],[-118.64130378,47.88362169],[-118.61560799,47.88011013],[-118.5963331,47.8767532],[-118.58404062,47.88617703],[-118.57818939,47.87377875],[-118.5624586,47.85598497],[-118.55310802,47.8530268],[-118.54173921,47.84903917],[-118.52774995,47.85644477],[-118.51749198,47.85284776],[-118.51334973,47.84407091],[-118.50698987,47.83817898],[-118.49060804,47.8342768],[-118.48400811,47.83196153],[-118.47053155,47.83249457],[-118.46718276,47.82192329],[-118.45511001,47.81412706],[-118.42549169,47.81136013],[-118.41006608,47.81676785],[-118.4083571,47.81861111],[-118.41153906,47.81959581],[-118.41691422,47.82251329],[-118.42241145,47.84030707],[-118.43653905,47.84251248],[-118.44059178,47.84470974],[-118.44487238,47.84667914],[-118.44938084,47.84912462],[-118.45309178,47.85720974],[-118.45528904,47.86126248],[-118.45725844,47.87387641],[-118.46178725,47.88036241],[-118.49649997,47.87829129],[-118.50100843,47.87584581],[-118.52042167,47.87387641],[-118.52809175,47.87804308],[-118.53237235,47.88001248],[-118.53909435,47.88470812],[-118.53850434,47.89465278],[-118.5399407,47.91878201],[-118.54522635,47.9263463],[-118.55320567,47.93001248],[-118.55932953,47.93333686],[-118.58023203,47.93209174],[-118.59175139,47.93277534],[-118.59684172,47.93001248],[-118.63292162,47.92804308],[-118.64059171,47.93220974],[-118.65320563,47.93417914],[-118.65725837,47.93637641],[-118.66153896,47.93834581],[-118.6655917,47.94054308],[-118.68127366,47.94152778],[-118.68866298,47.94058377],[-118.69263433,47.93830512],[-118.69699631,47.9364171],[-118.70385666,47.93147732],[-118.70721766,47.92372179],[-118.7094963,47.91975043],[-118.71167322,47.9099197],[-118.71782963,47.90725043],[-118.72180099,47.90497179],[-118.73744226,47.90308377],[-118.74471764,47.90725043],[-118.76574628,47.90913845],[-118.76971763,47.9114171],[-118.78241294,47.91330512],[-118.78641278,47.91560004],[-118.78856528,47.91538032],[-118.79184083,47.91571398],[-118.79888429,47.91975043],[-118.80324627,47.92163845],[-118.80721762,47.9239171],[-118.8115796,47.92580512],[-118.81555095,47.92808377],[-118.81991293,47.92997179],[-118.84055094,47.9489171],[-118.84491292,47.95080512],[-118.84888427,47.95308377],[-118.85741291,47.95497179],[-118.86460692,47.9590937],[-118.87180093,47.95497179],[-118.8886629,47.95308377],[-118.89263425,47.95080512],[-118.90949623,47.9489171],[-118.91346758,47.94663845],[-118.9300081,47.94452257],[-118.93415035,47.94494575],[-118.93846757,47.94247179],[-118.96244217,47.94058377],[-118.96971756,47.94475043],[-118.97407953,47.94663845],[-118.98619297,47.95535834],[-118.99491286,47.95913845],[-119.00096754,47.96350043],[-119.00884921,47.96835883],[-119.01460686,47.97902778],[-119.02085686,47.97902778],[-119.0252107,47.97499539],[-119.02810783,47.971317],[-119.02194735,47.9596715],[-119.03399976,47.95679877],[-119.03644116,47.94736681]]],[[[-118.35614357,47.83950141],[-118.34768817,47.82757514],[-118.33599791,47.82025499],[-118.32212666,47.81406603],[-118.29151144,47.81139676],[-118.27967876,47.81799669],[-118.28039084,47.82683458],[-118.2847813,47.83470405],[-118.28423198,47.84152778],[-118.28452902,47.84522651],[-118.29273214,47.84456733],[-118.29588969,47.84482368],[-118.29439636,47.86340278],[-118.29506775,47.87173611],[-118.29466899,47.87669623],[-118.28015483,47.87999213],[-118.27047466,47.88264106],[-118.26572613,47.87999213],[-118.24353375,47.87795356],[-118.23993268,47.86988064],[-118.23053327,47.86764676],[-118.21809431,47.87738797],[-118.21004174,47.87289578],[-118.20622501,47.8560989],[-118.19383081,47.84111274],[-118.19072616,47.8341588],[-118.18528182,47.82648058],[-118.17283066,47.82365262],[-118.16379746,47.81317084],[-118.15820257,47.80834907],[-118.15275417,47.80202582],[-118.13499701,47.79410346],[-118.12629747,47.78400418],[-118.11994575,47.77853136],[-118.11676378,47.77139431],[-118.10939888,47.77198839],[-118.10482124,47.77161811],[-118.10550077,47.76319933],[-118.09626005,47.75524034],[-118.08432158,47.75306342],[-118.07673694,47.74883165],[-118.06138457,47.74649197],[-118.0562739,47.74690294],[-118.0437739,47.74589789],[-118.03058625,47.74695991],[-118.020666,47.75399116],[-118.01769156,47.76387071],[-118.00347851,47.77611437],[-118.00065462,47.78854926],[-117.98460645,47.80237576],[-117.96828972,47.80499213],[-117.95947625,47.79874213],[-117.94119419,47.79323676],[-117.93841506,47.80848741],[-117.9305578,47.81199083],[-117.92919061,47.81652778],[-117.93547723,47.81762234],[-117.94376173,47.82796577],[-117.95742954,47.82995551],[-117.96136834,47.83226671],[-117.96992953,47.83412218],[-117.97386833,47.83643338],[-117.98553011,47.83828885],[-117.99261832,47.83412218],[-117.99701285,47.83226671],[-118.003979,47.82718045],[-118.00720165,47.81953885],[-118.00951285,47.81560004],[-118.01216584,47.80930935],[-118.02617951,47.80726671],[-118.03011831,47.80495551],[-118.04284617,47.80310004],[-118.04678497,47.80078885],[-118.06356149,47.79868924],[-118.07310739,47.79987739],[-118.09577177,47.82075548],[-118.10046333,47.83189236],[-118.11715848,47.83432563],[-118.11970161,47.84893338],[-118.1220128,47.85287218],[-118.12386827,47.86143338],[-118.1345128,47.87370551],[-118.13788194,47.88169298],[-118.14909613,47.88412218],[-118.15303493,47.88643338],[-118.15742946,47.88828885],[-118.18327987,47.91244656],[-118.18636825,47.91976671],[-118.19701278,47.93203885],[-118.20010115,47.93936713],[-118.20742944,47.94245551],[-118.21136824,47.94476671],[-118.23969668,47.94662218],[-118.24678489,47.94245551],[-118.25534609,47.94060004],[-118.26345155,47.93412218],[-118.27201275,47.93226671],[-118.27595155,47.92995551],[-118.28034608,47.92810004],[-118.28428488,47.92578885],[-118.28867941,47.92393338],[-118.29261821,47.92162218],[-118.29701274,47.91976671],[-118.30251811,47.91653185],[-118.30419047,47.91444444],[-118.30515482,47.91124213],[-118.32405944,47.90723009],[-118.33080992,47.90244493],[-118.33432148,47.89457547],[-118.34126321,47.88570909],[-118.34473814,47.8591588],[-118.3482619,47.84956407],[-118.35614357,47.83950141]]]]}},{"type":"Feature","properties":{"id":"16229","name":"Hoodoo Mountains","ancestry":["12159","12218","12543","12544","16215","16229"]},"geometry":{"type":"MultiPolygon","coordinates":[[[[-117.1347085,47.25135444],[-117.12652979,47.242838],[-117.11979558,47.23842312],[-117.10750717,47.23009386],[-117.10419093,47.23002875],[-117.09350571,47.23024441],[-117.07085761,47.22902778],[-117.06983629,47.23008979],[-117.05744209,47.2382156],[-117.05336901,47.24612169],[-117.06146227,47.25806017],[-117.05938708,47.2698603],[-117.04691963,47.29406277],[-117.06180407,47.30378771],[-117.08414699,47.3074254],[-117.0974201,47.3174962],[-117.10726303,47.3045242],[-117.10742173,47.29673611],[-117.10721014,47.28642524],[-117.11354558,47.28213243],[-117.12709538,47.27948758],[-117.13435449,47.26878201],[-117.1347085,47.25135444]]]]}},{"type":"Feature","properties":{"id":"16230","name":"The Palouse","ancestry":["12159","12218","12543","12544","16215","16230"]},"geometry":{"type":"MultiPolygon","coordinates":[[[[-117.62502406,46.68111111],[-117.62239955,46.67806342],[-117.57182177,46.67999213],[-117.56780973,46.68223009],[-117.51765513,46.6841588],[-117.51364309,46.68639676],[-117.50515513,46.68832547],[-117.50114309,46.69056342],[-117.4968218,46.69249213],[-117.48618134,46.70082547],[-117.46557181,46.69889676],[-117.45739311,46.69249213],[-117.44948702,46.6889643],[-117.44638644,46.6753087],[-117.43239312,46.66332547],[-117.42390516,46.66139676],[-117.41572646,46.65499213],[-117.39890517,46.65306342],[-117.39489313,46.65082547],[-117.38702367,46.64731391],[-117.38005346,46.63748318],[-117.38155085,46.61887153],[-117.36572648,46.60499213],[-117.36140519,46.60306342],[-117.34489315,46.58832547],[-117.34057186,46.58639676],[-117.33239316,46.57999213],[-117.30307188,46.57806342],[-117.29905983,46.57582547],[-117.29473855,46.57389676],[-117.27405984,46.55499213],[-117.26973856,46.55306342],[-117.26572651,46.55082547],[-117.25804016,46.54739529],[-117.24473857,46.53223009],[-117.24280986,46.52374213],[-117.2405719,46.51973009],[-117.23864319,46.5154088],[-117.23640524,46.51139676],[-117.23447653,46.47374213],[-117.21140525,46.44889676],[-117.20915102,46.42438504],[-117.2010252,46.423734],[-117.17598859,46.42582547],[-117.16852196,46.42999213],[-117.12807194,46.42806342],[-117.1240599,46.42582547],[-117.11973861,46.42389676],[-117.11572657,46.4216588],[-117.10755193,46.41801297],[-117.10627426,46.41652778],[-117.08932684,46.41255642],[-117.07962226,46.41562853],[-117.07178941,46.41977078],[-117.06575914,46.41953478],[-117.05856514,46.4233393],[-117.0398123,46.42578608],[-117.03981207,46.42590412],[-117.03979504,46.43472209],[-117.03975726,46.45428792],[-117.03975211,46.45695127],[-117.039741,46.462704],[-117.039763,46.46957],[-117.039771,46.471779],[-117.03976896,46.47302749],[-117.04062894,46.47171577],[-117.05026029,46.45978543],[-117.09771307,46.4651728],[-117.12252589,46.47075548],[-117.12604558,46.47800646],[-117.12940251,46.48452501],[-117.12347803,46.49326118],[-117.12621241,46.50124864],[-117.13272689,46.50750678],[-117.15898014,46.50696967],[-117.16190575,46.52195584],[-117.17412092,46.52591905],[-117.18017153,46.53221381],[-117.18487124,46.53673448],[-117.19870587,46.54580431],[-117.20189597,46.5556269],[-117.21499004,46.56197862],[-117.21778545,46.56774441],[-117.22209453,46.5718826],[-117.23599427,46.57639106],[-117.23854554,46.58425646],[-117.2454303,46.59561306],[-117.25682759,46.59930773],[-117.26979552,46.60717312],[-117.27632221,46.60929308],[-117.28422423,46.61751655],[-117.28999001,46.62031196],[-117.29346902,46.62748969],[-117.30874001,46.63489529],[-117.31146217,46.64050646],[-117.31421282,46.64584907],[-117.33538795,46.64929552],[-117.35085425,46.66539252],[-117.36300838,46.67261095],[-117.36630834,46.67941026],[-117.37849909,46.68532254],[-117.38229548,46.68743435],[-117.37604548,46.69046577],[-117.36952693,46.6938227],[-117.36079077,46.68789822],[-117.35161922,46.69103543],[-117.34900285,46.70737657],[-117.35525285,46.71950629],[-117.38233617,46.72171577],[-117.39127171,46.72777452],[-117.40525283,46.7300491],[-117.41374078,46.73649034],[-117.41771213,46.74467312],[-117.4200803,46.74927517],[-117.44275281,46.75296577],[-117.44908012,46.75513048],[-117.45400769,46.75502875],[-117.46771211,46.74463243],[-117.47191947,46.74258979],[-117.48026907,46.73625841],[-117.48842744,46.73642117],[-117.4927121,46.73421577],[-117.49722463,46.73202664],[-117.51397267,46.714595],[-117.52400278,46.71133979],[-117.53297088,46.70672146],[-117.56252409,46.70732368],[-117.57461311,46.70707547],[-117.59271207,46.70088243],[-117.60496385,46.69690701],[-117.61463588,46.69192247],[-117.62502406,46.68111111]]]]}},{"type":"Feature","properties":{"id":"16243","name":"Craig Mountains","ancestry":["12159","12218","12543","12544","16242","16243"]},"geometry":{"type":"MultiPolygon","coordinates":[[[[-116.98038458,46.09420894],[-116.978823,46.095731],[-116.976957,46.09667],[-116.974058,46.097707],[-116.959548,46.099058],[-116.955263,46.102237],[-116.951265,46.111161],[-116.95098,46.118853],[-116.95072672,46.12051194],[-116.95116365,46.11975043],[-116.95305167,46.11122179],[-116.95533031,46.10725043],[-116.95806469,46.10094347],[-116.97994782,46.09848985],[-116.98038458,46.09420894]]],[[[-116.93431948,46.15427051],[-116.9306,46.156822],[-116.922648,46.160744],[-116.921258,46.164795],[-116.92187,46.167808],[-116.923958,46.17092],[-116.92400871,46.17095129],[-116.9232828,46.16380968],[-116.93425692,46.15469103],[-116.93431948,46.15427051]]],[[[-116.94780368,46.12622001],[-116.942951,46.129274],[-116.940593,46.132426],[-116.935833,46.135684],[-116.933949,46.13892],[-116.935473,46.142448],[-116.93447,46.15325891],[-116.93638501,46.14038845],[-116.94699698,46.12808377],[-116.94780368,46.12622001]]],[[[-117.02907604,46.33946252],[-117.02388497,46.33225043],[-117.02315937,46.32737162],[-117.022706,46.32899],[-117.0231394,46.33463403],[-117.023149,46.334759],[-117.023844,46.335976],[-117.027744,46.338751],[-117.02907604,46.33946252]]],[[[-116.93223852,46.04015571],[-116.93025301,46.02796577],[-116.93009059,46.02777226],[-116.930357,46.032392],[-116.92968,46.034678],[-116.931706,46.039651],[-116.93223852,46.04015571]]],[[[-117.00072346,46.30387952],[-116.99888498,46.30308377],[-116.99491363,46.30080512],[-116.98797924,46.29779817],[-116.989794,46.299395],[-116.99726,46.303151],[-117.00072346,46.30387952]]],[[[-116.91791985,45.99692329],[-116.91605104,45.99541516],[-116.915989,45.995413],[-116.91718,45.996575],[-116.917895,45.998148],[-116.91791985,45.99692329]]],[[[-116.95719207,46.22386919],[-116.956031,46.225976],[-116.955264,46.23088],[-116.95569476,46.23227326],[-116.95719207,46.22386919]]],[[[-116.96555166,46.21319526],[-116.96514464,46.21097602],[-116.959428,46.219812],[-116.95739924,46.22349327],[-116.96555166,46.21319526]]],[[[-116.98655468,46.29640565],[-116.98574256,46.2884349],[-116.98491,46.289738],[-116.98463,46.292705],[-116.98655468,46.29640565]]],[[[-116.94411365,46.06271055],[-116.94300563,46.0581681],[-116.942656,46.061],[-116.94411365,46.06271055]]],[[[-116.94718713,46.1893669],[-116.94052713,46.18325315],[-116.941724,46.185034],[-116.94718713,46.1893669]]],[[[-117.04395766,46.34232953],[-117.03099102,46.34039986],[-117.03445,46.34132],[-117.04395766,46.34232953]]]]}},{"type":"Feature","properties":{"id":"16936","name":"Bonanza Massif","ancestry":["12159","12218","12385","11202","15510","16935","16936"]},"geometry":{"type":"MultiPolygon","coordinates":[[[[-120.93657064,48.22166694],[-120.93432048,48.21973009],[-120.92918946,48.20194444],[-120.92390381,48.20098009],[-120.91601401,48.19808295],[-120.89793947,48.19986111],[-120.89280845,48.20306342],[-120.88015383,48.20499213],[-120.87405846,48.20723009],[-120.86765384,48.2091588],[-120.86364179,48.21139676],[-120.85515384,48.21332547],[-120.84768721,48.21749213],[-120.84057051,48.21556342],[-120.83655847,48.21332547],[-120.81973719,48.21139676],[-120.81572514,48.2091588],[-120.81140386,48.20723009],[-120.80739181,48.20499213],[-120.79057053,48.20306342],[-120.78395025,48.19936876],[-120.77606452,48.198734],[-120.75053148,48.20078885],[-120.74793953,48.19777778],[-120.74229988,48.19975532],[-120.73607837,48.19646349],[-120.72555591,48.19687853],[-120.70727385,48.19469347],[-120.70318857,48.19252875],[-120.68227386,48.1905268],[-120.67774505,48.18813015],[-120.66877289,48.18848416],[-120.66367442,48.18828478],[-120.65928803,48.19060411],[-120.65508474,48.19043728],[-120.60935722,48.19252875],[-120.60527194,48.19469347],[-120.60102389,48.19669542],[-120.58752292,48.20819444],[-120.58950046,48.21140489],[-120.59922946,48.21315457],[-120.60706637,48.21990099],[-120.61172946,48.2214879],[-120.61714531,48.22529243],[-120.61956637,48.23240099],[-120.62214612,48.23607123],[-120.62373303,48.25323432],[-120.62631278,48.25690457],[-120.6278997,48.26156765],[-120.63047945,48.2652379],[-120.63206636,48.26990099],[-120.64297944,48.28190457],[-120.64456636,48.28656765],[-120.68132985,48.32445014],[-120.68439788,48.32349392],[-120.6907903,48.32548774],[-120.69168955,48.32694444],[-120.72396086,48.35717312],[-120.72608488,48.35713243],[-120.73229419,48.36133979],[-120.73650154,48.36338243],[-120.74062752,48.36550646],[-120.74900154,48.3675491],[-120.75729418,48.37383979],[-120.77488857,48.3759923],[-120.78626145,48.37576036],[-120.7906275,48.37800646],[-120.80733485,48.3800491],[-120.81460617,48.38379259],[-120.82601567,48.37791694],[-120.83229415,48.38217312],[-120.83543949,48.38319444],[-120.83801924,48.38019965],[-120.84280847,48.37806342],[-120.85098718,48.3716588],[-120.86364179,48.36973009],[-120.86765384,48.36749213],[-120.87197512,48.36556342],[-120.87598717,48.36332547],[-120.88030845,48.36139676],[-120.8843205,48.3591588],[-120.88864178,48.35723009],[-120.89265383,48.35499213],[-120.89697511,48.35306342],[-120.90098716,48.35082547],[-120.90530844,48.34889676],[-120.90932049,48.3466588],[-120.9176172,48.342956],[-120.91782065,48.34042914],[-120.91552572,48.33631944],[-120.91780844,48.33223009],[-120.91973715,48.32374213],[-120.92242676,48.31892442],[-120.92172283,48.31015978],[-120.92390381,48.3029088],[-120.93223714,48.29226834],[-120.93030843,48.28207547],[-120.92759034,48.27720486],[-120.92586508,48.25572456],[-120.93474365,48.24438422],[-120.93657064,48.22166694]]]]}},{"type":"Feature","properties":{"id":"16937","name":"Buckindy-Snowking Area","ancestry":["12159","12218","12385","11202","15510","16935","16937"]},"geometry":{"type":"MultiPolygon","coordinates":[[[[-121.62085586,48.48319444],[-121.60810765,48.48189236],[-121.60530817,48.46957547],[-121.59890355,48.46139676],[-121.59697484,48.4529088],[-121.59473689,48.44889676],[-121.59201065,48.4427851],[-121.58223689,48.44056342],[-121.57822485,48.43832547],[-121.57390356,48.43639676],[-121.57197485,48.43207547],[-121.55641903,48.41464789],[-121.55514543,48.39881944],[-121.55692766,48.37664741],[-121.55094622,48.3659215],[-121.55159319,48.35788113],[-121.54890357,48.35306342],[-121.54697486,48.33832547],[-121.54585589,48.33736111],[-121.53984596,48.33357286],[-121.53127256,48.3344477],[-121.51220925,48.33250678],[-121.50949522,48.34475043],[-121.50721658,48.34872179],[-121.50490131,48.36936795],[-121.49569314,48.37030789],[-121.49074523,48.36747179],[-121.48638325,48.36558377],[-121.4824119,48.36330512],[-121.47388326,48.3614171],[-121.4699119,48.35913845],[-121.46236796,48.35586697],[-121.44888327,48.34058377],[-121.44699525,48.33622179],[-121.44054994,48.32808377],[-121.43809632,48.31700792],[-121.42614158,48.30703885],[-121.42229229,48.30742947],[-121.41331199,48.29608507],[-121.41421938,48.28719835],[-121.41138328,48.28225043],[-121.40886456,48.27643582],[-121.40304995,48.2739171],[-121.40210594,48.27277778],[-121.39646629,48.27475532],[-121.38752261,48.27002306],[-121.37918928,48.2744298],[-121.37402164,48.27169542],[-121.35310694,48.26969347],[-121.34902165,48.26752875],[-121.34477361,48.2655268],[-121.34068832,48.26336209],[-121.33644028,48.26136013],[-121.33235499,48.25919542],[-121.31560695,48.25719347],[-121.3048607,48.25342556],[-121.29273098,48.25294542],[-121.25572742,48.25441026],[-121.24793933,48.25029243],[-121.24277169,48.2530268],[-121.23852365,48.25502875],[-121.23443836,48.25719347],[-121.22710601,48.26027778],[-121.21557037,48.27374213],[-121.21364166,48.27806342],[-121.18359203,48.30993191],[-121.17598705,48.31332547],[-121.16780834,48.31973009],[-121.16348705,48.3216588],[-121.15114168,48.33223009],[-121.14265373,48.3341588],[-121.13864169,48.33639676],[-121.12598707,48.33832547],[-121.12197503,48.34056342],[-121.11192457,48.34284614],[-121.1085473,48.35406847],[-121.10496657,48.37367703],[-121.106171,48.38865506],[-121.10947503,48.39457547],[-121.11140374,48.39889676],[-121.11368646,48.40298611],[-121.11135084,48.40716905],[-121.12197503,48.41957547],[-121.12390374,48.42389676],[-121.13030836,48.43207547],[-121.13223707,48.43639676],[-121.13463371,48.44068956],[-121.13421867,48.44581651],[-121.14118889,48.45564724],[-121.14905835,48.4591588],[-121.15723706,48.46556342],[-121.16460603,48.46652778],[-121.16782869,48.46558377],[-121.17340323,48.46238959],[-121.18543936,48.46361437],[-121.19039948,48.46310981],[-121.19474518,48.46560004],[-121.19689769,48.46538032],[-121.20314768,48.46601508],[-121.20939768,48.46538032],[-121.21364573,48.46581163],[-121.22388335,48.4739171],[-121.22824533,48.47580512],[-121.25063709,48.49635769],[-121.25363188,48.50985867],[-121.26157865,48.51330512],[-121.28638333,48.5364171],[-121.29785793,48.53830512],[-121.30513332,48.53413845],[-121.32167384,48.53202257],[-121.33328272,48.53320665],[-121.34263331,48.52580512],[-121.34699528,48.5239171],[-121.35096664,48.52163845],[-121.35843327,48.51944933],[-121.37280908,48.52091417],[-121.37804996,48.5239171],[-121.3990786,48.52580512],[-121.40627261,48.52992703],[-121.41721417,48.52366075],[-121.42199526,48.52414903],[-121.43335593,48.53319444],[-121.43850729,48.53001248],[-121.45528789,48.52804308],[-121.46385315,48.52140652],[-121.46348287,48.51514025],[-121.46846334,48.5059687],[-121.47875386,48.50304308],[-121.48771382,48.50791368],[-121.49774799,48.50014187],[-121.50418923,48.50364122],[-121.51252256,48.49911241],[-121.52085589,48.50364122],[-121.52988503,48.49873806],[-121.53799456,48.49921821],[-121.54267392,48.49667914],[-121.54695452,48.49470974],[-121.55100725,48.49251248],[-121.56778784,48.49054308],[-121.57571834,48.48623806],[-121.58023087,48.48650662],[-121.58439754,48.48625841],[-121.6164125,48.48816678],[-121.62085586,48.48319444]]]]}},{"type":"Feature","properties":{"id":"16938","name":"Buckner-Boston Massif","ancestry":["12159","12218","12385","11202","15510","16935","16938"]},"geometry":{"type":"MultiPolygon","coordinates":[[[[-121.11460605,48.49569444],[-121.10723708,48.49473009],[-121.10322503,48.49249213],[-121.09473708,48.49056342],[-121.08655837,48.4841588],[-121.07935623,48.48094428],[-121.07494135,48.47105252],[-121.04627925,48.46585639],[-121.03960608,48.46531928],[-121.02130368,48.46678819],[-121.0115584,48.4591588],[-121.00723712,48.45723009],[-121.00131671,48.45392605],[-120.98856443,48.45290066],[-120.96821125,48.4545364],[-120.96155842,48.45082547],[-120.9489038,48.44889676],[-120.94489176,48.4466588],[-120.9342513,48.44424181],[-120.9219751,48.42999213],[-120.91460613,48.42902778],[-120.91362143,48.43220974],[-120.90588624,48.4421951],[-120.90945476,48.44876248],[-120.91273438,48.45589952],[-120.91987143,48.45917914],[-120.92392416,48.46137641],[-120.92820476,48.46334581],[-120.93225749,48.46554308],[-120.93653809,48.46751248],[-120.94892415,48.47804308],[-120.95906412,48.4804031],[-120.96142414,48.49054308],[-120.96600178,48.50154975],[-120.98707111,48.52037706],[-120.9905908,48.52804308],[-120.99278806,48.53209581],[-120.99606769,48.53923286],[-121.00320473,48.54251248],[-121.00725746,48.54470974],[-121.01513506,48.54714301],[-121.02027422,48.55834093],[-121.02710609,48.56444444],[-121.03447506,48.56139676],[-121.0509871,48.5466588],[-121.05947505,48.54473009],[-121.06765376,48.53832547],[-121.07197505,48.53639676],[-121.08015375,48.52999213],[-121.09280837,48.52806342],[-121.09473708,48.52374213],[-121.10694411,48.50898383],[-121.11460605,48.49569444]]]]}},{"type":"Feature","properties":{"id":"16939","name":"Eldorado Massif","ancestry":["12159","12218","12385","11202","15510","16935","16939"]},"geometry":{"type":"MultiPolygon","coordinates":[[[[-121.43335593,48.53319444],[-121.42199526,48.52414903],[-121.41721417,48.52366075],[-121.40627261,48.52992703],[-121.3990786,48.52580512],[-121.37804996,48.5239171],[-121.37280908,48.52091417],[-121.35843327,48.51944933],[-121.35096664,48.52163845],[-121.34699528,48.5239171],[-121.34263331,48.52580512],[-121.33328272,48.53320665],[-121.32167384,48.53202257],[-121.30513332,48.53413845],[-121.29785793,48.53830512],[-121.28638333,48.5364171],[-121.26157865,48.51330512],[-121.25363188,48.50985867],[-121.25063709,48.49635769],[-121.22824533,48.47580512],[-121.22388335,48.4739171],[-121.21364573,48.46581163],[-121.20939768,48.46538032],[-121.20314768,48.46601508],[-121.19689769,48.46538032],[-121.19474518,48.46560004],[-121.19039948,48.46310981],[-121.18543936,48.46361437],[-121.17340323,48.46238959],[-121.16782869,48.46558377],[-121.16460603,48.46652778],[-121.16406892,48.47021023],[-121.15157707,48.48266547],[-121.14638501,48.48372342],[-121.13907707,48.49099881],[-121.13388502,48.49205675],[-121.13074374,48.49516547],[-121.11460605,48.49569444],[-121.10694411,48.50898383],[-121.09473708,48.52374213],[-121.09280837,48.52806342],[-121.08015375,48.52999213],[-121.07197505,48.53639676],[-121.06765376,48.53832547],[-121.05947505,48.54473009],[-121.0509871,48.5466588],[-121.03447506,48.56139676],[-121.02710609,48.56444444],[-121.02378577,48.56966498],[-121.03127275,48.57902778],[-121.03426347,48.58109077],[-121.03628984,48.58651069],[-121.04708899,48.5986282],[-121.04878983,48.60317735],[-121.05125565,48.60696153],[-121.0529565,48.61567735],[-121.05542232,48.61946153],[-121.0577742,48.62574816],[-121.0529565,48.63196153],[-121.05125565,48.63806505],[-121.05542232,48.64446153],[-121.0577742,48.65074816],[-121.06375565,48.6548782],[-121.06545649,48.66151069],[-121.06792231,48.66529487],[-121.06962316,48.66984402],[-121.08816156,48.68981879],[-121.09690586,48.69309028],[-121.09897699,48.70876411],[-121.10418939,48.71236111],[-121.11572503,48.71332547],[-121.12185296,48.71674344],[-121.13860507,48.71540066],[-121.14732902,48.7177851],[-121.15199617,48.71741075],[-121.15932039,48.71332547],[-121.16364168,48.71139676],[-121.16765372,48.7091588],[-121.17614167,48.70723009],[-121.18015371,48.70499213],[-121.19280833,48.70306342],[-121.19682038,48.70082547],[-121.21364166,48.69889676],[-121.2176537,48.6966588],[-121.22197499,48.69473009],[-121.22598703,48.69249213],[-121.23786854,48.68979031],[-121.24097319,48.67613064],[-121.25446195,48.67367296],[-121.26877266,48.67486111],[-121.27195462,48.67387641],[-121.29267402,48.65501248],[-121.29695461,48.65304308],[-121.30934068,48.64251248],[-121.31362127,48.64054308],[-121.32184067,48.63417914],[-121.32612127,48.63220974],[-121.330174,48.63001248],[-121.34278793,48.62804308],[-121.35928776,48.61400906],[-121.36142399,48.60709581],[-121.37243473,48.59415229],[-121.38028792,48.59054308],[-121.38434065,48.58834581],[-121.39695458,48.58637641],[-121.40348127,48.58181912],[-121.40725731,48.56959581],[-121.4177879,48.55720974],[-121.4197573,48.54876248],[-121.43335593,48.53319444]]]]}},{"type":"Feature","properties":{"id":"16940","name":"Goode-Logan-Black Area","ancestry":["12159","12218","12385","11202","15510","16935","16940"]},"geometry":{"type":"MultiPolygon","coordinates":[[[[-121.03127275,48.57902778],[-121.02378577,48.56966498],[-121.02710609,48.56444444],[-121.02027422,48.55834093],[-121.01513506,48.54714301],[-121.00725746,48.54470974],[-121.00320473,48.54251248],[-120.99606769,48.53923286],[-120.99278806,48.53209581],[-120.9905908,48.52804308],[-120.98707111,48.52037706],[-120.96600178,48.50154975],[-120.96142414,48.49054308],[-120.95906412,48.4804031],[-120.94892415,48.47804308],[-120.93653809,48.46751248],[-120.93225749,48.46554308],[-120.92820476,48.46334581],[-120.92392416,48.46137641],[-120.91987143,48.45917914],[-120.91273438,48.45589952],[-120.90945476,48.44876248],[-120.90588624,48.4421951],[-120.91362143,48.43220974],[-120.91460613,48.42902778],[-120.90932049,48.42780301],[-120.89676352,48.42993517],[-120.89286541,48.43228706],[-120.87293948,48.43319444],[-120.8719385,48.43636013],[-120.86977379,48.44044542],[-120.86643313,48.44752143],[-120.85935713,48.45086209],[-120.85110518,48.45719347],[-120.83435714,48.45919542],[-120.82982833,48.46159207],[-120.82141769,48.46125841],[-120.78852382,48.46336209],[-120.78341721,48.46606798],[-120.76737311,48.46542914],[-120.73019051,48.46752875],[-120.72610522,48.46969347],[-120.71460621,48.47069444],[-120.70755868,48.47574816],[-120.70479176,48.48954617],[-120.70627288,48.49569444],[-120.71973723,48.50723009],[-120.72679289,48.50935411],[-120.74261726,48.52057644],[-120.75110928,48.53240099],[-120.75529223,48.53206326],[-120.76205899,48.53686062],[-120.76557054,48.54473009],[-120.7678085,48.54874213],[-120.76973721,48.55306342],[-120.77197516,48.55707547],[-120.77390387,48.56139676],[-120.78030849,48.5654088],[-120.80383143,48.58710069],[-120.80807541,48.5966059],[-120.8166895,48.60402778],[-120.8292546,48.59280138],[-120.83343754,48.58369086],[-120.84928633,48.57218777],[-120.86778811,48.56970974],[-120.87184085,48.56751248],[-120.87612144,48.56554308],[-120.88017418,48.56334581],[-120.90918621,48.56107123],[-120.91559083,48.56554308],[-120.91987143,48.56751248],[-120.92392416,48.56970974],[-120.93653809,48.57167914],[-120.94059082,48.57387641],[-120.96153808,48.57584581],[-120.9672469,48.5789464],[-120.98439777,48.57792508],[-120.99185219,48.5783686],[-120.99892413,48.58220974],[-121.00320473,48.58417914],[-121.00725746,48.58637641],[-121.01946449,48.58834581],[-121.03127275,48.57902778]]]]}},{"type":"Feature","properties":{"id":"16941","name":"Ptarmigan Crest","ancestry":["12159","12218","12385","11202","15510","16935","16941"]},"geometry":{"type":"MultiPolygon","coordinates":[[[[-121.22710601,48.26027778],[-121.2240217,48.25919542],[-121.21144032,48.25719347],[-121.20735504,48.25502875],[-121.20310699,48.2530268],[-121.19902171,48.25086209],[-121.19477366,48.24886013],[-121.17402172,48.23002875],[-121.16977367,48.2280268],[-121.15896232,48.22058458],[-121.15318839,48.21752875],[-121.13644035,48.2155268],[-121.13191155,48.21313015],[-121.12248365,48.2135045],[-121.08227371,48.21136013],[-121.07402176,48.20502875],[-121.06560705,48.2030268],[-121.06152176,48.20086209],[-121.05310705,48.19886013],[-121.04693437,48.19461209],[-121.04478186,48.19469347],[-121.04068844,48.19252875],[-121.03644039,48.1905268],[-121.03235511,48.18836209],[-121.02710609,48.18736111],[-121.02197507,48.19056342],[-120.94057047,48.19249213],[-120.92918946,48.20194444],[-120.93432048,48.21973009],[-120.93657064,48.22166694],[-120.93474365,48.24438422],[-120.92586508,48.25572456],[-120.92759034,48.27720486],[-120.93030843,48.28207547],[-120.93223714,48.29226834],[-120.92390381,48.3029088],[-120.92172283,48.31015978],[-120.92242676,48.31892442],[-120.91973715,48.32374213],[-120.91780844,48.33223009],[-120.91552572,48.33631944],[-120.91782065,48.34042914],[-120.9176172,48.342956],[-120.90932049,48.3466588],[-120.90530844,48.34889676],[-120.90098716,48.35082547],[-120.89697511,48.35306342],[-120.89265383,48.35499213],[-120.88864178,48.35723009],[-120.8843205,48.3591588],[-120.88030845,48.36139676],[-120.87598717,48.36332547],[-120.87197512,48.36556342],[-120.86765384,48.36749213],[-120.86364179,48.36973009],[-120.85098718,48.3716588],[-120.84280847,48.37806342],[-120.83801924,48.38019965],[-120.83543949,48.38319444],[-120.85373783,48.39954373],[-120.85725752,48.40720974],[-120.86362145,48.41542914],[-120.86559085,48.41970974],[-120.86778811,48.42376248],[-120.86975751,48.42804308],[-120.87293948,48.43319444],[-120.89286541,48.43228706],[-120.89676352,48.42993517],[-120.90932049,48.42780301],[-120.91460613,48.42902778],[-120.9219751,48.42999213],[-120.9342513,48.44424181],[-120.94489176,48.4466588],[-120.9489038,48.44889676],[-120.96155842,48.45082547],[-120.96821125,48.4545364],[-120.98856443,48.45290066],[-121.00131671,48.45392605],[-121.00723712,48.45723009],[-121.0115584,48.4591588],[-121.02130368,48.46678819],[-121.03960608,48.46531928],[-121.04627925,48.46585639],[-121.07494135,48.47105252],[-121.07935623,48.48094428],[-121.08655837,48.4841588],[-121.09473708,48.49056342],[-121.10322503,48.49249213],[-121.10723708,48.49473009],[-121.11460605,48.49569444],[-121.13074374,48.49516547],[-121.13388502,48.49205675],[-121.13907707,48.49099881],[-121.14638501,48.48372342],[-121.15157707,48.48266547],[-121.16406892,48.47021023],[-121.16460603,48.46652778],[-121.15723706,48.46556342],[-121.14905835,48.4591588],[-121.14118889,48.45564724],[-121.13421867,48.44581651],[-121.13463371,48.44068956],[-121.13223707,48.43639676],[-121.13030836,48.43207547],[-121.12390374,48.42389676],[-121.12197503,48.41957547],[-121.11135084,48.40716905],[-121.11368646,48.40298611],[-121.11140374,48.39889676],[-121.10947503,48.39457547],[-121.106171,48.38865506],[-121.10496657,48.37367703],[-121.1085473,48.35406847],[-121.11192457,48.34284614],[-121.12197503,48.34056342],[-121.12598707,48.33832547],[-121.13864169,48.33639676],[-121.14265373,48.3341588],[-121.15114168,48.33223009],[-121.16348705,48.3216588],[-121.16780834,48.31973009],[-121.17598705,48.31332547],[-121.18359203,48.30993191],[-121.21364166,48.27806342],[-121.21557037,48.27374213],[-121.22710601,48.26027778]]]]}},{"type":"Feature","properties":{"id":"16942","name":"Ragged Ridge","ancestry":["12159","12218","12385","11202","15510","16935","16942"]},"geometry":{"type":"MultiPolygon","coordinates":[[[[-121.10418939,48.71236111],[-121.09897699,48.70876411],[-121.09690586,48.69309028],[-121.08816156,48.68981879],[-121.06962316,48.66984402],[-121.06792231,48.66529487],[-121.06545649,48.66151069],[-121.06375565,48.6548782],[-121.0577742,48.65074816],[-121.05542232,48.64446153],[-121.05125565,48.63806505],[-121.0529565,48.63196153],[-121.0577742,48.62574816],[-121.05542232,48.61946153],[-121.0529565,48.61567735],[-121.05125565,48.60696153],[-121.04878983,48.60317735],[-121.04708899,48.5986282],[-121.03628984,48.58651069],[-121.03426347,48.58109077],[-121.03127275,48.57902778],[-121.01946449,48.58834581],[-121.00725746,48.58637641],[-121.00320473,48.58417914],[-120.99892413,48.58220974],[-120.99185219,48.5783686],[-120.98439777,48.57792508],[-120.9672469,48.5789464],[-120.96153808,48.57584581],[-120.94059082,48.57387641],[-120.93653809,48.57167914],[-120.92392416,48.56970974],[-120.91987143,48.56751248],[-120.91559083,48.56554308],[-120.90918621,48.56107123],[-120.88017418,48.56334581],[-120.87612144,48.56554308],[-120.87184085,48.56751248],[-120.86778811,48.56970974],[-120.84928633,48.57218777],[-120.83343754,48.58369086],[-120.8292546,48.59280138],[-120.8166895,48.60402778],[-120.82490076,48.61428168],[-120.83242843,48.61745551],[-120.83723799,48.62027941],[-120.84053389,48.62810004],[-120.85117842,48.64037218],[-120.85303389,48.64476671],[-120.85534508,48.64870551],[-120.85720055,48.65726671],[-120.86228681,48.66423286],[-120.86992841,48.66745551],[-120.87902265,48.67472683],[-120.88220054,48.68226671],[-120.90006756,48.70185086],[-120.9074284,48.70495551],[-120.9125228,48.70819444],[-120.9743229,48.70749457],[-120.97616209,48.70659532],[-120.98197264,48.71166124],[-120.9868229,48.71306098],[-120.99030597,48.71582791],[-120.99515623,48.71722765],[-120.9986393,48.71999457],[-121.00348956,48.72139431],[-121.00697263,48.72416124],[-121.01182289,48.72556098],[-121.01530596,48.72832791],[-121.02015622,48.72972765],[-121.02363929,48.73249457],[-121.03890621,48.73389431],[-121.04447261,48.73666124],[-121.05002274,48.73736111],[-121.06128169,48.73876899],[-121.07068924,48.73124539],[-121.07448156,48.7222366],[-121.080345,48.71976671],[-121.08943109,48.71250353],[-121.09470046,48.71560004],[-121.10011224,48.71745551],[-121.10418939,48.71236111]]]]}},{"type":"Feature","properties":{"id":"16944","name":"North Chelan Mountains","ancestry":["12159","12218","12385","11202","15510","16943","16944"]},"geometry":{"type":"MultiPolygon","coordinates":[[[[-120.74793953,48.19777778],[-120.7469589,48.18073676],[-120.74270271,48.16907091],[-120.73513842,48.15926866],[-120.72551929,48.15659125],[-120.71369882,48.14264676],[-120.71551359,48.1195185],[-120.71786548,48.11562039],[-120.71968026,48.11118517],[-120.72384692,48.10427599],[-120.72203215,48.0945185],[-120.71968026,48.09062039],[-120.71786548,48.0820185],[-120.7030136,48.06562039],[-120.70119882,48.06118517],[-120.69468027,48.05312039],[-120.69151865,48.04539334],[-120.68661549,48.04243517],[-120.68218027,48.04062039],[-120.67235769,48.03268175],[-120.66773122,48.03199816],[-120.6655543,48.03231961],[-120.65569103,48.02434842],[-120.65106456,48.02366482],[-120.64555513,48.02447862],[-120.64078218,48.02160183],[-120.62801363,48.01978706],[-120.61994885,48.0132685],[-120.60879163,48.01091254],[-120.60301364,48.00312039],[-120.60210625,47.99777778],[-120.59468031,47.99478706],[-120.59031833,47.99215441],[-120.58461358,47.99300076],[-120.57411554,47.98410183],[-120.56968032,47.98228706],[-120.56578221,47.97993517],[-120.56134699,47.97812039],[-120.54494888,47.9632685],[-120.53742122,47.96018826],[-120.53218033,47.95312039],[-120.52901871,47.94539334],[-120.52411556,47.94243517],[-120.51968034,47.94062039],[-120.51460628,47.93736111],[-120.51364193,47.94056342],[-120.51140397,47.94457547],[-120.50947526,47.94889676],[-120.50040137,47.95987088],[-120.49265398,47.96332547],[-120.48864194,47.96556342],[-120.48432065,47.96749213],[-120.48030861,47.96973009],[-120.47598732,47.9716588],[-120.46425637,47.98084256],[-120.45312763,47.99861599],[-120.4505845,48.00431261],[-120.45148375,48.01548611],[-120.45095071,48.02212267],[-120.442654,48.02582547],[-120.43864196,48.02806342],[-120.43432067,48.02999213],[-120.42831074,48.033345],[-120.42710632,48.04777778],[-120.43169616,48.05291287],[-120.44070494,48.05501248],[-120.44892434,48.06137641],[-120.45320494,48.06334581],[-120.45725767,48.06554308],[-120.46492368,48.06906277],[-120.48127296,48.08736111],[-120.4867295,48.08815457],[-120.49214535,48.09195909],[-120.49456641,48.09906765],[-120.49714617,48.1027379],[-120.49873308,48.10740099],[-120.50131283,48.11107123],[-120.50289974,48.12823432],[-120.5054795,48.1339879],[-120.50706641,48.14490099],[-120.52297217,48.16195828],[-120.52606461,48.16099392],[-120.52938492,48.16202745],[-120.5320664,48.16990099],[-120.54297948,48.18190457],[-120.54562434,48.18967638],[-120.55339614,48.19232123],[-120.56123306,48.19906765],[-120.5700628,48.20065457],[-120.57373305,48.20323432],[-120.57839613,48.20482123],[-120.58206638,48.20740099],[-120.58752292,48.20819444],[-120.60102389,48.19669542],[-120.60527194,48.19469347],[-120.60935722,48.19252875],[-120.65508474,48.19043728],[-120.65928803,48.19060411],[-120.66367442,48.18828478],[-120.66877289,48.18848416],[-120.67774505,48.18813015],[-120.68227386,48.1905268],[-120.70318857,48.19252875],[-120.70727385,48.19469347],[-120.72555591,48.19687853],[-120.73607837,48.19646349],[-120.74229988,48.19975532],[-120.74793953,48.19777778]]]]}},{"type":"Feature","properties":{"id":"16945","name":"South Chelan Mountains","ancestry":["12159","12218","12385","11202","15510","16943","16945"]},"geometry":{"type":"MultiPolygon","coordinates":[[[[-120.51460628,47.93736111],[-120.51350358,47.9260574],[-120.50742855,47.92162218],[-120.50303402,47.91976671],[-120.49909522,47.91745551],[-120.49470069,47.91560004],[-120.49076189,47.91328885],[-120.48636736,47.91143338],[-120.48242856,47.90912218],[-120.47803403,47.90726671],[-120.47409523,47.90495551],[-120.46553404,47.90310004],[-120.46159524,47.90078885],[-120.45720071,47.89893338],[-120.44909524,47.89245551],[-120.44168964,47.88933458],[-120.42803405,47.87393338],[-120.42617858,47.86953885],[-120.42386739,47.86560004],[-120.42201192,47.85287218],[-120.41970072,47.84893338],[-120.41784525,47.84453885],[-120.41545268,47.84046984],[-120.42271179,47.83139594],[-120.42176778,47.82381944],[-120.42226827,47.8198074],[-120.3988674,47.79476671],[-120.39492859,47.78828885],[-120.39053407,47.78643338],[-120.37409527,47.77162218],[-120.36587587,47.76815538],[-120.36328798,47.752095],[-120.36535504,47.73547309],[-120.35951194,47.73203885],[-120.35511741,47.73018338],[-120.34076195,47.71745551],[-120.33343366,47.71436713],[-120.32973087,47.70556993],[-120.32386742,47.70310004],[-120.32201196,47.69870551],[-120.31970076,47.69476671],[-120.31784529,47.69037218],[-120.31553409,47.68643338],[-120.3123562,47.6788935],[-120.3028632,47.67130073],[-120.2885647,47.66952257],[-120.28296575,47.67021837],[-120.27826197,47.66745551],[-120.22386746,47.66560004],[-120.21668973,47.66027778],[-120.20432401,47.67093045],[-120.20114205,47.67806342],[-120.19890409,47.68207547],[-120.19697538,47.68848009],[-120.18986682,47.69460395],[-120.1699531,47.73937527],[-120.16780873,47.74960883],[-120.17197539,47.75707547],[-120.1739041,47.76210883],[-120.16556264,47.7692947],[-120.15515411,47.7716588],[-120.15114207,47.77389676],[-120.14265412,47.77582547],[-120.13864207,47.77806342],[-120.12735871,47.77999213],[-120.11989208,47.77582547],[-120.11557079,47.77389676],[-120.11155875,47.7716588],[-120.1030708,47.76973009],[-120.09905875,47.76749213],[-120.0752754,47.76556342],[-120.06780877,47.76973009],[-120.05515415,47.7716588],[-120.05114211,47.77389676],[-120.04265415,47.77582547],[-120.03864211,47.77806342],[-120.0009875,47.77999213],[-119.98267696,47.79633735],[-119.98127316,47.80402778],[-119.98430864,47.80683946],[-119.9864408,47.81136013],[-119.98860551,47.81544542],[-119.99060746,47.81969347],[-120.00448685,47.83569689],[-120.01573359,47.83837429],[-120.01140823,47.84466498],[-120.02448603,47.85541124],[-120.07576368,47.87381944],[-120.08860547,47.87586209],[-120.09685742,47.8780268],[-120.11128206,47.88077745],[-120.13339305,47.87990262],[-120.13662791,47.88675076],[-120.16118438,47.8935989],[-120.17328154,47.90192003],[-120.17602406,47.91344347],[-120.19902616,47.93836616],[-120.19847685,47.95214789],[-120.20133736,47.95755561],[-120.20101184,47.96573432],[-120.20527209,47.97377875],[-120.20727404,47.9780268],[-120.21175809,47.98454129],[-120.21985542,47.98836209],[-120.22810737,47.99469347],[-120.23652208,47.99669542],[-120.24060737,47.99886013],[-120.25188666,48.00154568],[-120.24892035,48.00715278],[-120.25123155,48.01151883],[-120.25735134,48.01127875],[-120.26698675,48.01866808],[-120.28137476,48.02169542],[-120.27810735,48.0155268],[-120.2761054,48.01111599],[-120.28727483,48.01155545],[-120.29477401,48.0155268],[-120.30735539,48.01752875],[-120.31144067,48.01969347],[-120.31985538,48.02169542],[-120.32394067,48.02386013],[-120.33235538,48.02586209],[-120.33644066,48.0280268],[-120.34485537,48.03002875],[-120.34894066,48.03219347],[-120.36152203,48.03419542],[-120.36560732,48.03636013],[-120.37818869,48.03836209],[-120.38285991,48.04083605],[-120.39276795,48.04044542],[-120.39894064,48.04469347],[-120.41568868,48.04669542],[-120.42146667,48.04975532],[-120.42710632,48.04777778],[-120.42831074,48.033345],[-120.43432067,48.02999213],[-120.43864196,48.02806342],[-120.442654,48.02582547],[-120.45095071,48.02212267],[-120.45148375,48.01548611],[-120.4505845,48.00431261],[-120.45312763,47.99861599],[-120.46425637,47.98084256],[-120.47598732,47.9716588],[-120.48030861,47.96973009],[-120.48432065,47.96749213],[-120.48864194,47.96556342],[-120.49265398,47.96332547],[-120.50040137,47.95987088],[-120.50947526,47.94889676],[-120.51140397,47.94457547],[-120.51364193,47.94056342],[-120.51460628,47.93736111]]]]}},{"type":"Feature","properties":{"id":"16947","name":"North Entiat Mountains","ancestry":["12159","12218","12385","11202","15510","16946","16947"]},"geometry":{"type":"MultiPolygon","coordinates":[[[[-120.89793947,48.19986111],[-120.895612,48.18710069],[-120.88891848,48.17510525],[-120.88821454,48.16634467],[-120.89073732,48.13834174],[-120.88223716,48.12806342],[-120.88030845,48.12374213],[-120.87718345,48.11813911],[-120.87823733,48.10500434],[-120.8655705,48.09056342],[-120.86364179,48.08624213],[-120.84473718,48.06556342],[-120.84280847,48.06124213],[-120.84057051,48.05723009],[-120.8386418,48.0529088],[-120.83640385,48.04889676],[-120.83447514,48.0404088],[-120.83223718,48.03639676],[-120.83030847,48.0279088],[-120.82807052,48.02389676],[-120.82614181,48.0154088],[-120.81973719,48.00723009],[-120.81780848,47.99874213],[-120.81557052,47.99473009],[-120.81364181,47.98624213],[-120.80723719,47.97806342],[-120.80375819,47.97027127],[-120.79489182,47.96332547],[-120.78351487,47.96074164],[-120.77807054,47.95306342],[-120.77459153,47.94527127],[-120.76572516,47.93832547],[-120.75852302,47.93511095],[-120.75366869,47.92423041],[-120.74877774,47.92150011],[-120.74105476,47.92212267],[-120.73640389,47.91556342],[-120.73283537,47.90756375],[-120.72822518,47.90499213],[-120.72293954,47.90402778],[-120.7220118,47.90726671],[-120.7197006,47.91120551],[-120.71784514,47.91560004],[-120.71305184,47.92216743],[-120.71553394,47.93643338],[-120.72386727,47.94685411],[-120.7220118,47.95310004],[-120.7197006,47.95703885],[-120.71784514,47.96560004],[-120.70303394,47.96745551],[-120.68786468,47.97178494],[-120.64927827,47.97379096],[-120.6386785,47.98226671],[-120.63011731,47.98412218],[-120.62201184,47.99060004],[-120.60928398,47.99245551],[-120.60210625,47.99777778],[-120.60301364,48.00312039],[-120.60879163,48.01091254],[-120.61994885,48.0132685],[-120.62801363,48.01978706],[-120.64078218,48.02160183],[-120.64555513,48.02447862],[-120.65106456,48.02366482],[-120.65569103,48.02434842],[-120.6655543,48.03231961],[-120.66773122,48.03199816],[-120.67235769,48.03268175],[-120.68218027,48.04062039],[-120.68661549,48.04243517],[-120.69151865,48.04539334],[-120.69468027,48.05312039],[-120.70119882,48.06118517],[-120.7030136,48.06562039],[-120.71786548,48.0820185],[-120.71968026,48.09062039],[-120.72203215,48.0945185],[-120.72384692,48.10427599],[-120.71968026,48.11118517],[-120.71786548,48.11562039],[-120.71551359,48.1195185],[-120.71369882,48.14264676],[-120.72551929,48.15659125],[-120.73513842,48.15926866],[-120.74270271,48.16907091],[-120.7469589,48.18073676],[-120.74793953,48.19777778],[-120.75053148,48.20078885],[-120.77606452,48.198734],[-120.78395025,48.19936876],[-120.79057053,48.20306342],[-120.80739181,48.20499213],[-120.81140386,48.20723009],[-120.81572514,48.2091588],[-120.81973719,48.21139676],[-120.83655847,48.21332547],[-120.84057051,48.21556342],[-120.84768721,48.21749213],[-120.85515384,48.21332547],[-120.86364179,48.21139676],[-120.86765384,48.2091588],[-120.87405846,48.20723009],[-120.88015383,48.20499213],[-120.89280845,48.20306342],[-120.89793947,48.19986111]]]]}},{"type":"Feature","properties":{"id":"16948","name":"South Entiat Mountains","ancestry":["12159","12218","12385","11202","15510","16946","16948"]},"geometry":{"type":"MultiPolygon","coordinates":[[[[-120.72805021,47.63311306],[-120.72512052,47.62501573],[-120.71971688,47.61558377],[-120.71782886,47.60705512],[-120.71555022,47.60308377],[-120.70919442,47.58842312],[-120.67805023,47.5864171],[-120.67407888,47.58413845],[-120.66877289,47.58319444],[-120.64473319,47.60502875],[-120.64060721,47.6030268],[-120.63235526,47.59669542],[-120.62810722,47.59469347],[-120.59824069,47.5668004],[-120.5889837,47.57169542],[-120.57885186,47.56371202],[-120.57710626,47.55819444],[-120.57390395,47.55306342],[-120.57110854,47.54679715],[-120.55063736,47.5444534],[-120.54518488,47.53223009],[-120.53432063,47.5341588],[-120.52918961,47.53701931],[-120.520604,47.53223009],[-120.51348731,47.5341588],[-120.50835629,47.53701931],[-120.50322527,47.5341588],[-120.49890398,47.53223009],[-120.49489194,47.52999213],[-120.48640398,47.52806342],[-120.47907977,47.52397814],[-120.47562925,47.52370144],[-120.46640887,47.52884467],[-120.44072529,47.50499213],[-120.43223734,47.50306342],[-120.41779642,47.49039659],[-120.41558695,47.49057563],[-120.40739197,47.4841588],[-120.38640402,47.48223009],[-120.37822531,47.47582547],[-120.37390403,47.47389676],[-120.36989198,47.4716588],[-120.3655707,47.46973009],[-120.36155865,47.46749213],[-120.34473737,47.46556342],[-120.34072533,47.46332547],[-120.33640404,47.46139676],[-120.33028832,47.45706326],[-120.31877303,47.45819444],[-120.31786564,47.46562039],[-120.31331242,47.47316433],[-120.31397973,47.47765652],[-120.31134708,47.4820185],[-120.30953231,47.49062039],[-120.30718042,47.4945185],[-120.30536564,47.50728706],[-120.30301375,47.51118517],[-120.30119898,47.52395372],[-120.29468042,47.5320185],[-120.29286565,47.53645372],[-120.28328313,47.5477615],[-120.27593043,47.5507685],[-120.27203232,47.55312039],[-120.2675971,47.55493517],[-120.25418972,47.56664985],[-120.251199,47.57395372],[-120.24051378,47.58618517],[-120.238699,47.59478706],[-120.23634711,47.59868517],[-120.23453234,47.63228706],[-120.22801378,47.64035183],[-120.226199,47.64478706],[-120.22384712,47.64868517],[-120.22203234,47.65312039],[-120.21668973,47.66027778],[-120.22386746,47.66560004],[-120.27826197,47.66745551],[-120.28296575,47.67021837],[-120.2885647,47.66952257],[-120.3028632,47.67130073],[-120.3123562,47.6788935],[-120.31553409,47.68643338],[-120.31784529,47.69037218],[-120.31970076,47.69476671],[-120.32201196,47.69870551],[-120.32386742,47.70310004],[-120.32973087,47.70556993],[-120.33343366,47.71436713],[-120.34076195,47.71745551],[-120.35511741,47.73018338],[-120.35951194,47.73203885],[-120.36535504,47.73547309],[-120.36328798,47.752095],[-120.36587587,47.76815538],[-120.37409527,47.77162218],[-120.39053407,47.78643338],[-120.39492859,47.78828885],[-120.3988674,47.79476671],[-120.42226827,47.8198074],[-120.42176778,47.82381944],[-120.42271179,47.83139594],[-120.41545268,47.84046984],[-120.41784525,47.84453885],[-120.41970072,47.84893338],[-120.42201192,47.85287218],[-120.42386739,47.86560004],[-120.42617858,47.86953885],[-120.42803405,47.87393338],[-120.44168964,47.88933458],[-120.44909524,47.89245551],[-120.45720071,47.89893338],[-120.46159524,47.90078885],[-120.46553404,47.90310004],[-120.47409523,47.90495551],[-120.47803403,47.90726671],[-120.48242856,47.90912218],[-120.48636736,47.91143338],[-120.49076189,47.91328885],[-120.49470069,47.91560004],[-120.49909522,47.91745551],[-120.50303402,47.91976671],[-120.50742855,47.92162218],[-120.51350358,47.9260574],[-120.51460628,47.93736111],[-120.51968034,47.94062039],[-120.52411556,47.94243517],[-120.52901871,47.94539334],[-120.53218033,47.95312039],[-120.53742122,47.96018826],[-120.54494888,47.9632685],[-120.56134699,47.97812039],[-120.56578221,47.97993517],[-120.56968032,47.98228706],[-120.57411554,47.98410183],[-120.58461358,47.99300076],[-120.59031833,47.99215441],[-120.59468031,47.99478706],[-120.60210625,47.99777778],[-120.60928398,47.99245551],[-120.62201184,47.99060004],[-120.63011731,47.98412218],[-120.6386785,47.98226671],[-120.64927827,47.97379096],[-120.68786468,47.97178494],[-120.70303394,47.96745551],[-120.71784514,47.96560004],[-120.7197006,47.95703885],[-120.7220118,47.95310004],[-120.72386727,47.94685411],[-120.71553394,47.93643338],[-120.71305184,47.92216743],[-120.71784514,47.91560004],[-120.7197006,47.91120551],[-120.7220118,47.90726671],[-120.72293954,47.90402778],[-120.72048185,47.90084581],[-120.70718026,47.89895372],[-120.70328215,47.89660183],[-120.6950831,47.8932449],[-120.69257659,47.87799425],[-120.69314625,47.87414903],[-120.6905136,47.86978706],[-120.68795827,47.86353706],[-120.68395843,47.85836127],[-120.67828216,47.85493517],[-120.67384694,47.85312039],[-120.6616155,47.84243517],[-120.65434418,47.83946072],[-120.63891857,47.82216336],[-120.64468029,47.81260932],[-120.64224702,47.80511827],[-120.63543957,47.79986111],[-120.62954764,47.79886013],[-120.62411552,47.78022814],[-120.63009696,47.7757685],[-120.63869885,47.77395372],[-120.64387869,47.77082872],[-120.65588634,47.77260281],[-120.66551361,47.76516873],[-120.66369884,47.7570185],[-120.66000825,47.75090278],[-120.66551361,47.74177599],[-120.66277924,47.733345],[-120.65210216,47.72897895],[-120.65962576,47.71967312],[-120.65608572,47.71380968],[-120.66994883,47.71145372],[-120.67176361,47.70493517],[-120.67646739,47.69297228],[-120.6812322,47.67586209],[-120.69259694,47.66743517],[-120.71161548,47.65728706],[-120.71968026,47.6507685],[-120.72293954,47.64986111],[-120.72388355,47.64038845],[-120.72805021,47.63311306]]]]}},{"type":"Feature","properties":{"id":"16956","name":"Chiwawa Ridge","ancestry":["12159","12218","12385","11202","15510","16955","16956"]},"geometry":{"type":"MultiPolygon","coordinates":[[[[-121.02710609,48.18736111],[-121.00337969,48.16123806],[-121.00088946,48.13494819],[-121.00310707,48.12794542],[-121.00527178,48.12386013],[-121.00727374,48.11961209],[-121.01252276,48.11236111],[-121.00954017,48.10988308],[-121.00421384,48.09760281],[-120.98241209,48.08830512],[-120.96555012,48.0864171],[-120.96157877,48.08413845],[-120.95721679,48.08225043],[-120.95324544,48.07997179],[-120.94888346,48.07808377],[-120.93241211,48.06330512],[-120.92805013,48.0614171],[-120.92710612,48.06027778],[-120.91968018,48.05728706],[-120.91578207,48.05493517],[-120.90838868,48.05191189],[-120.90536541,48.0445185],[-120.89884686,48.03645372],[-120.89703208,47.99868517],[-120.89468019,47.99478706],[-120.89286541,47.97785183],[-120.8821802,47.96562039],[-120.88036542,47.95285183],[-120.87801353,47.94895372],[-120.87619875,47.9445185],[-120.87203209,47.93760932],[-120.8759302,47.93410183],[-120.88036542,47.93228706],[-120.88426353,47.92993517],[-120.89286541,47.92812039],[-120.89793947,47.92486111],[-120.89449709,47.91965278],[-120.89723553,47.91545356],[-120.88212323,47.89901069],[-120.88042239,47.89446153],[-120.87795657,47.89067735],[-120.87605227,47.87624864],[-120.86583906,47.8673782],[-120.85864912,47.86468859],[-120.85295658,47.85734402],[-120.85017744,47.84991401],[-120.84377282,47.84574327],[-120.83614343,47.85071153],[-120.82902673,47.8476964],[-120.82625574,47.84029487],[-120.82378992,47.83651069],[-120.8229395,47.83319444],[-120.81916346,47.82881212],[-120.80854334,47.83712511],[-120.80322515,47.8341588],[-120.79057053,47.83223009],[-120.78655849,47.82999213],[-120.77390387,47.82806342],[-120.76989183,47.82582547],[-120.76557054,47.82389676],[-120.7615585,47.8216588],[-120.75723721,47.81973009],[-120.75322517,47.81749213],[-120.74057055,47.81556342],[-120.73655851,47.81332547],[-120.71316985,47.81117703],[-120.70530852,47.81556342],[-120.69459075,47.81799669],[-120.67982025,47.81531928],[-120.67549896,47.80563504],[-120.66973725,47.80306342],[-120.6657252,47.80082547],[-120.65307059,47.79889676],[-120.6487493,47.7964879],[-120.64914399,47.7915644],[-120.64236095,47.78639676],[-120.63864188,47.79473009],[-120.63543957,47.79986111],[-120.64224702,47.80511827],[-120.64468029,47.81260932],[-120.63891857,47.82216336],[-120.65434418,47.83946072],[-120.6616155,47.84243517],[-120.67384694,47.85312039],[-120.67828216,47.85493517],[-120.68395843,47.85836127],[-120.68795827,47.86353706],[-120.6905136,47.86978706],[-120.69314625,47.87414903],[-120.69257659,47.87799425],[-120.6950831,47.8932449],[-120.70328215,47.89660183],[-120.70718026,47.89895372],[-120.72048185,47.90084581],[-120.72293954,47.90402778],[-120.72822518,47.90499213],[-120.73283537,47.90756375],[-120.73640389,47.91556342],[-120.74105476,47.92212267],[-120.74877774,47.92150011],[-120.75366869,47.92423041],[-120.75852302,47.93511095],[-120.76572516,47.93832547],[-120.77459153,47.94527127],[-120.77807054,47.95306342],[-120.78351487,47.96074164],[-120.79489182,47.96332547],[-120.80375819,47.97027127],[-120.80723719,47.97806342],[-120.81364181,47.98624213],[-120.81557052,47.99473009],[-120.81780848,47.99874213],[-120.81973719,48.00723009],[-120.82614181,48.0154088],[-120.82807052,48.02389676],[-120.83030847,48.0279088],[-120.83223718,48.03639676],[-120.83447514,48.0404088],[-120.83640385,48.04889676],[-120.8386418,48.0529088],[-120.84057051,48.05723009],[-120.84280847,48.06124213],[-120.84473718,48.06556342],[-120.86364179,48.08624213],[-120.8655705,48.09056342],[-120.87823733,48.10500434],[-120.87718345,48.11813911],[-120.88030845,48.12374213],[-120.88223716,48.12806342],[-120.89073732,48.13834174],[-120.88821454,48.16634467],[-120.88891848,48.17510525],[-120.895612,48.18710069],[-120.89793947,48.19986111],[-120.91601401,48.19808295],[-120.92390381,48.20098009],[-120.92918946,48.20194444],[-120.94057047,48.19249213],[-121.02197507,48.19056342],[-121.02710609,48.18736111]]]]}},{"type":"Feature","properties":{"id":"16957","name":"Dakobed Range","ancestry":["12159","12218","12385","11202","15510","16955","16957"]},"geometry":{"type":"MultiPolygon","coordinates":[[[[-121.21877268,48.04569444],[-121.21634755,48.04255317],[-121.20718007,48.04062039],[-121.20115387,48.03615262],[-121.1988915,48.03648627],[-121.19087148,48.03054145],[-121.18218008,48.02812039],[-121.17828197,48.0257685],[-121.16551342,48.02395372],[-121.16369864,48.01535183],[-121.16023999,48.01268256],[-121.15508048,48.0000727],[-121.15210604,47.99777778],[-121.1404646,48.00508979],[-121.14071281,48.00928901],[-121.13850741,48.01126248],[-121.13329908,48.0170893],[-121.12184075,48.02376248],[-121.11987135,48.02804308],[-121.10934075,48.03001248],[-121.10167067,48.03417914],[-121.04059078,48.03220974],[-121.03351884,48.0283686],[-121.02606442,48.02792508],[-120.99389484,48.02984158],[-120.98653807,48.02584581],[-120.98225747,48.02387641],[-120.97820474,48.02167914],[-120.97022541,48.01801297],[-120.96559081,48.01137641],[-120.96345051,48.00671739],[-120.96043944,48.00402778],[-120.95855956,48.01077827],[-120.94676351,48.0132685],[-120.94111165,48.01667833],[-120.93869873,48.02812039],[-120.92988933,48.05028022],[-120.92710612,48.06027778],[-120.92805013,48.0614171],[-120.93241211,48.06330512],[-120.94888346,48.07808377],[-120.95324544,48.07997179],[-120.95721679,48.08225043],[-120.96157877,48.08413845],[-120.96555012,48.0864171],[-120.98241209,48.08830512],[-121.00421384,48.09760281],[-121.00954017,48.10988308],[-121.01252276,48.11236111],[-121.0176904,48.10919542],[-121.02193844,48.10719347],[-121.02602373,48.10502875],[-121.03281084,48.10288032],[-121.03845455,48.10310411],[-121.04269039,48.10086209],[-121.06777176,48.09886013],[-121.07185704,48.09669542],[-121.07610509,48.09469347],[-121.08019037,48.09252875],[-121.12150302,48.08813422],[-121.12602369,48.0905268],[-121.13065015,48.09252875],[-121.13852369,48.08836209],[-121.15527173,48.08636013],[-121.16043937,48.08362576],[-121.16560701,48.08636013],[-121.17127107,48.08902941],[-121.17394034,48.09469347],[-121.17502269,48.09569444],[-121.17660554,48.09001411],[-121.18989492,48.07975613],[-121.19927806,48.06247097],[-121.20927968,48.04951931],[-121.21877268,48.04569444]]]]}},{"type":"Feature","properties":{"id":"16958","name":"Glacier Peak Massif","ancestry":["12159","12218","12385","11202","15510","16955","16958"]},"geometry":{"type":"MultiPolygon","coordinates":[[[[-121.40210594,48.27277778],[-121.40114159,48.26124213],[-121.39890363,48.25723009],[-121.39697492,48.2529088],[-121.3905703,48.24473009],[-121.38864159,48.2404088],[-121.38519921,48.23423611],[-121.38870669,48.22794949],[-121.37762271,48.22100776],[-121.37081119,48.20483344],[-121.37293929,48.18319444],[-121.36775944,48.18211209],[-121.3617373,48.18234809],[-121.35735498,48.18002875],[-121.35310694,48.1780268],[-121.34902165,48.17586209],[-121.33644028,48.17386013],[-121.32463201,48.16971788],[-121.32189764,48.16961209],[-121.31202622,48.17000271],[-121.307355,48.16752875],[-121.30310696,48.1655268],[-121.29902167,48.16336209],[-121.2864403,48.16136013],[-121.28027168,48.15919542],[-121.26977363,48.15719347],[-121.26193672,48.15304715],[-121.25939766,48.15294542],[-121.24177478,48.15364529],[-121.23652169,48.15086209],[-121.23227365,48.14886013],[-121.2240217,48.14252875],[-121.20906402,48.14014838],[-121.20527171,48.13211209],[-121.19477366,48.11969347],[-121.19277171,48.11544542],[-121.17502269,48.09569444],[-121.17394034,48.09469347],[-121.17127107,48.08902941],[-121.16560701,48.08636013],[-121.16043937,48.08362576],[-121.15527173,48.08636013],[-121.13852369,48.08836209],[-121.13065015,48.09252875],[-121.12602369,48.0905268],[-121.12150302,48.08813422],[-121.08019037,48.09252875],[-121.07610509,48.09469347],[-121.07185704,48.09669542],[-121.06777176,48.09886013],[-121.04269039,48.10086209],[-121.03845455,48.10310411],[-121.03281084,48.10288032],[-121.02602373,48.10502875],[-121.02193844,48.10719347],[-121.0176904,48.10919542],[-121.01252276,48.11236111],[-121.00727374,48.11961209],[-121.00527178,48.12386013],[-121.00310707,48.12794542],[-121.00088946,48.13494819],[-121.00337969,48.16123806],[-121.02710609,48.18736111],[-121.03235511,48.18836209],[-121.03644039,48.1905268],[-121.04068844,48.19252875],[-121.04478186,48.19469347],[-121.04693437,48.19461209],[-121.05310705,48.19886013],[-121.06152176,48.20086209],[-121.06560705,48.2030268],[-121.07402176,48.20502875],[-121.08227371,48.21136013],[-121.12248365,48.2135045],[-121.13191155,48.21313015],[-121.13644035,48.2155268],[-121.15318839,48.21752875],[-121.15896232,48.22058458],[-121.16977367,48.2280268],[-121.17402172,48.23002875],[-121.19477366,48.24886013],[-121.19902171,48.25086209],[-121.20310699,48.2530268],[-121.20735504,48.25502875],[-121.21144032,48.25719347],[-121.2240217,48.25919542],[-121.22710601,48.26027778],[-121.23443836,48.25719347],[-121.23852365,48.25502875],[-121.24277169,48.2530268],[-121.24793933,48.25029243],[-121.25572742,48.25441026],[-121.29273098,48.25294542],[-121.3048607,48.25342556],[-121.31560695,48.25719347],[-121.33235499,48.25919542],[-121.33644028,48.26136013],[-121.34068832,48.26336209],[-121.34477361,48.2655268],[-121.34902165,48.26752875],[-121.35310694,48.26969347],[-121.37402164,48.27169542],[-121.37918928,48.2744298],[-121.38752261,48.27002306],[-121.39646629,48.27475532],[-121.40210594,48.27277778]]]]}},{"type":"Feature","properties":{"id":"16959","name":"Nason Ridge","ancestry":["12159","12218","12385","11202","15510","16955","16959"]},"geometry":{"type":"MultiPolygon","coordinates":[[[[-121.21076487,47.73450467],[-121.20725738,47.72804308],[-121.20627268,47.72069444],[-121.20312327,47.71577501],[-121.1953596,47.72108914],[-121.19377269,47.71861111],[-121.18808014,47.72095079],[-121.18248526,47.71739855],[-121.16964347,47.71565701],[-121.1658186,47.71323188],[-121.1544742,47.7109573],[-121.1470686,47.71565701],[-121.14174227,47.71771186],[-121.13960604,47.72069444],[-121.1384301,47.73390652],[-121.12212151,47.75088243],[-121.11354404,47.74883979],[-121.11008945,47.74524685],[-121.09560378,47.74228054],[-121.08259516,47.74859158],[-121.0759993,47.7549311],[-121.07642247,47.77568712],[-121.07191808,47.77800646],[-121.06771072,47.7800491],[-121.06358475,47.78217312],[-121.0468774,47.78421577],[-121.03878821,47.78838243],[-121.02812741,47.78633979],[-121.01718584,47.77803901],[-121.01356442,47.77796577],[-121.01146075,47.77800646],[-121.00733477,47.77588243],[-120.99896075,47.77383979],[-120.99212075,47.76920112],[-120.98437742,47.77171577],[-120.98025145,47.77383979],[-120.9510441,47.77588243],[-120.94691813,47.77800646],[-120.94271077,47.7800491],[-120.93462158,47.78421577],[-120.92812745,47.78217312],[-120.92039226,47.77818956],[-120.90798585,47.77793728],[-120.88854413,47.7800491],[-120.88441815,47.78217312],[-120.8802108,47.78421577],[-120.87212161,47.78838243],[-120.84896081,47.78633979],[-120.8427515,47.78213243],[-120.84062748,47.78217312],[-120.8365015,47.7800491],[-120.81979415,47.77800646],[-120.81150151,47.77171577],[-120.79479416,47.76967312],[-120.78670497,47.76550646],[-120.78021084,47.7675491],[-120.77224372,47.77165066],[-120.7588404,47.76083523],[-120.73858487,47.7510045],[-120.74062752,47.74046577],[-120.74275154,47.73633979],[-120.74251147,47.72456814],[-120.7452255,47.71398872],[-120.74275154,47.6987991],[-120.73646085,47.69050646],[-120.73441821,47.6862991],[-120.73019458,47.68006944],[-120.73646085,47.67082872],[-120.73441821,47.66546577],[-120.73229419,47.66133979],[-120.73002775,47.65667263],[-120.72293954,47.64986111],[-120.71968026,47.6507685],[-120.71161548,47.65728706],[-120.69259694,47.66743517],[-120.6812322,47.67586209],[-120.67646739,47.69297228],[-120.67176361,47.70493517],[-120.66994883,47.71145372],[-120.65608572,47.71380968],[-120.65962576,47.71967312],[-120.65210216,47.72897895],[-120.66277924,47.733345],[-120.66551361,47.74177599],[-120.66000825,47.75090278],[-120.66369884,47.7570185],[-120.66551361,47.76516873],[-120.65588634,47.77260281],[-120.64387869,47.77082872],[-120.63869885,47.77395372],[-120.63009696,47.7757685],[-120.62411552,47.78022814],[-120.62954764,47.79886013],[-120.63543957,47.79986111],[-120.63864188,47.79473009],[-120.64236095,47.78639676],[-120.64914399,47.7915644],[-120.6487493,47.7964879],[-120.65307059,47.79889676],[-120.6657252,47.80082547],[-120.66973725,47.80306342],[-120.67549896,47.80563504],[-120.67982025,47.81531928],[-120.69459075,47.81799669],[-120.70530852,47.81556342],[-120.71316985,47.81117703],[-120.73655851,47.81332547],[-120.74057055,47.81556342],[-120.75322517,47.81749213],[-120.75723721,47.81973009],[-120.7615585,47.8216588],[-120.76557054,47.82389676],[-120.76989183,47.82582547],[-120.77390387,47.82806342],[-120.78655849,47.82999213],[-120.79057053,47.83223009],[-120.80322515,47.8341588],[-120.80854334,47.83712511],[-120.81916346,47.82881212],[-120.8229395,47.83319444],[-120.82824548,47.83413845],[-120.83543949,47.83826036],[-120.8426335,47.83413845],[-120.85410811,47.83225043],[-120.86138349,47.8364171],[-120.8865788,47.83830512],[-120.89055015,47.84058377],[-120.91991212,47.84247179],[-120.92388347,47.84475043],[-120.92824545,47.84663845],[-120.9322168,47.8489171],[-120.94491211,47.85080512],[-120.94888346,47.85308377],[-120.96403645,47.855338],[-120.96956623,47.85477648],[-120.97388345,47.85725043],[-120.97824543,47.85913845],[-120.98221678,47.8614171],[-120.98657876,47.86330512],[-120.99471677,47.86975043],[-120.99907875,47.87163845],[-121.00307859,47.87393338],[-121.00523109,47.87371365],[-121.01148109,47.87434842],[-121.01780433,47.87370551],[-121.02388343,47.87808377],[-121.03657874,47.87997179],[-121.04168941,47.88111111],[-121.04267411,47.88001248],[-121.05945471,47.87804308],[-121.06350744,47.87584581],[-121.06778804,47.87387641],[-121.07184077,47.87167914],[-121.08028803,47.86970974],[-121.08850743,47.86334581],[-121.10482415,47.86080268],[-121.1078515,47.84663845],[-121.10958489,47.81756944],[-121.10933262,47.81334581],[-121.11362135,47.81137641],[-121.11767408,47.80917914],[-121.14082674,47.80700629],[-121.14019198,47.79637804],[-121.14302808,47.78719835],[-121.14993319,47.77633409],[-121.15888907,47.77222439],[-121.167788,47.76137641],[-121.17041251,47.75566759],[-121.17612133,47.75304308],[-121.18017406,47.75084581],[-121.19278799,47.74887641],[-121.19684072,47.74667914],[-121.20482005,47.74301297],[-121.21076487,47.73450467]]]]}},{"type":"Feature","properties":{"id":"16960","name":"Pugh-Black","ancestry":["12159","12218","12385","11202","15510","16955","16960"]},"geometry":{"type":"MultiPolygon","coordinates":[[[[-121.46877258,48.17069444],[-121.46577372,48.16757351],[-121.45729391,48.16550646],[-121.45316793,48.16338243],[-121.44479391,48.16133979],[-121.4372459,48.14982856],[-121.4284487,48.14067329],[-121.42400128,48.13838243],[-121.41979392,48.13633979],[-121.41775128,48.12796577],[-121.38960595,48.09777778],[-121.38080468,48.10086209],[-121.3572736,48.09886013],[-121.35318832,48.09669542],[-121.33644028,48.09469347],[-121.33235499,48.09252875],[-121.31977362,48.0905268],[-121.30318834,48.07586209],[-121.29611233,48.07252143],[-121.29097317,48.0616409],[-121.28235501,48.05502875],[-121.26560697,48.0530268],[-121.26152168,48.05086209],[-121.25310697,48.04886013],[-121.24560779,48.04488878],[-121.2385562,48.04461209],[-121.21877268,48.04569444],[-121.20927968,48.04951931],[-121.19927806,48.06247097],[-121.18989492,48.07975613],[-121.17660554,48.09001411],[-121.17502269,48.09569444],[-121.19277171,48.11544542],[-121.19477366,48.11969347],[-121.20527171,48.13211209],[-121.20906402,48.14014838],[-121.2240217,48.14252875],[-121.23227365,48.14886013],[-121.23652169,48.15086209],[-121.24177478,48.15364529],[-121.25939766,48.15294542],[-121.26193672,48.15304715],[-121.26977363,48.15719347],[-121.28027168,48.15919542],[-121.2864403,48.16136013],[-121.29902167,48.16336209],[-121.30310696,48.1655268],[-121.307355,48.16752875],[-121.31202622,48.17000271],[-121.32189764,48.16961209],[-121.32463201,48.16971788],[-121.33644028,48.17386013],[-121.34902165,48.17586209],[-121.35310694,48.1780268],[-121.35735498,48.18002875],[-121.3617373,48.18234809],[-121.36775944,48.18211209],[-121.37293929,48.18319444],[-121.37617822,48.18226671],[-121.38185448,48.17893419],[-121.39053368,48.18226671],[-121.43552878,48.18412218],[-121.44261699,48.17995551],[-121.45951152,48.17810004],[-121.46877258,48.17069444]]]]}},{"type":"Feature","properties":{"id":"16961","name":"Wenatchee Ridge","ancestry":["12159","12218","12385","11202","15510","16955","16961"]},"geometry":{"type":"MultiPolygon","coordinates":[[[[-121.1625227,47.97902778],[-121.14388664,47.9667353],[-121.12638583,47.96414741],[-121.12063225,47.97160183],[-121.10718011,47.96978706],[-121.103282,47.96743517],[-121.09575433,47.96435493],[-121.09051345,47.95728706],[-121.08869867,47.94868517],[-121.08453201,47.94177599],[-121.08634679,47.92368517],[-121.09371983,47.91456651],[-121.07411534,47.89660183],[-121.06968012,47.89478706],[-121.06578201,47.89243517],[-121.06134679,47.89062039],[-121.05744868,47.8882685],[-121.0488468,47.88645372],[-121.04168941,47.88111111],[-121.03657874,47.87997179],[-121.02388343,47.87808377],[-121.01780433,47.87370551],[-121.01148109,47.87434842],[-121.00523109,47.87371365],[-121.00307859,47.87393338],[-120.99907875,47.87163845],[-120.99471677,47.86975043],[-120.98657876,47.86330512],[-120.98221678,47.8614171],[-120.97824543,47.85913845],[-120.97388345,47.85725043],[-120.96956623,47.85477648],[-120.96403645,47.855338],[-120.94888346,47.85308377],[-120.94491211,47.85080512],[-120.9322168,47.8489171],[-120.92824545,47.84663845],[-120.92388347,47.84475043],[-120.91991212,47.84247179],[-120.89055015,47.84058377],[-120.8865788,47.83830512],[-120.86138349,47.8364171],[-120.85410811,47.83225043],[-120.8426335,47.83413845],[-120.83543949,47.83826036],[-120.82824548,47.83413845],[-120.8229395,47.83319444],[-120.82378992,47.83651069],[-120.82625574,47.84029487],[-120.82902673,47.8476964],[-120.83614343,47.85071153],[-120.84377282,47.84574327],[-120.85017744,47.84991401],[-120.85295658,47.85734402],[-120.85864912,47.86468859],[-120.86583906,47.8673782],[-120.87605227,47.87624864],[-120.87795657,47.89067735],[-120.88042239,47.89446153],[-120.88212323,47.89901069],[-120.89723553,47.91545356],[-120.89449709,47.91965278],[-120.89793947,47.92486111],[-120.90333904,47.92571153],[-120.91128989,47.93234402],[-120.91583904,47.93404487],[-120.91962322,47.93651069],[-120.92974691,47.93848823],[-120.93212321,47.94484402],[-120.9387557,47.95279487],[-120.94045654,47.95734402],[-120.94292236,47.9611282],[-120.94462321,47.96567735],[-120.95542236,47.97779487],[-120.9571232,47.98234402],[-120.95958902,47.9861282],[-120.96128987,47.99067735],[-120.96524494,47.99675239],[-120.96043944,48.00402778],[-120.96345051,48.00671739],[-120.96559081,48.01137641],[-120.97022541,48.01801297],[-120.97820474,48.02167914],[-120.98225747,48.02387641],[-120.98653807,48.02584581],[-120.99389484,48.02984158],[-121.02606442,48.02792508],[-121.03351884,48.0283686],[-121.04059078,48.03220974],[-121.10167067,48.03417914],[-121.10934075,48.03001248],[-121.11987135,48.02804308],[-121.12184075,48.02376248],[-121.13329908,48.0170893],[-121.13850741,48.01126248],[-121.14071281,48.00928901],[-121.1404646,48.00508979],[-121.15210604,47.99777778],[-121.15723706,47.98832547],[-121.1625227,47.97902778]]]]}},{"type":"Feature","properties":{"id":"16962","name":"Wild Sky","ancestry":["12159","12218","12385","11202","15510","16955","16962"]},"geometry":{"type":"MultiPolygon","coordinates":[[[[-121.56877254,47.81236111],[-121.56441463,47.80691678],[-121.55796526,47.80771837],[-121.55210588,47.80427599],[-121.54386207,47.80912218],[-121.53636696,47.80726671],[-121.53242816,47.80495551],[-121.51712868,47.80272569],[-121.51306374,47.79306993],[-121.50426655,47.78936713],[-121.49985574,47.7788935],[-121.49076151,47.77162218],[-121.48636698,47.76976671],[-121.47826151,47.76328885],[-121.47386698,47.76143338],[-121.46576151,47.75495551],[-121.45720032,47.75310004],[-121.44909485,47.74662218],[-121.44470033,47.74476671],[-121.43034486,47.73203885],[-121.40928367,47.73018338],[-121.40627261,47.72902778],[-121.4030703,47.72806342],[-121.39279605,47.71956326],[-121.38302636,47.72034858],[-121.3737124,47.71305691],[-121.35062891,47.71120144],[-121.33935369,47.71749213],[-121.31495184,47.71551459],[-121.30947495,47.7091588],[-121.30210598,47.70819444],[-121.29693834,47.71136013],[-121.28435696,47.71336209],[-121.28027168,47.7155268],[-121.23852365,47.71752875],[-121.23399484,47.7199254],[-121.2260562,47.71961209],[-121.20627268,47.72069444],[-121.20725738,47.72804308],[-121.21076487,47.73450467],[-121.20482005,47.74301297],[-121.19684072,47.74667914],[-121.19278799,47.74887641],[-121.18017406,47.75084581],[-121.17612133,47.75304308],[-121.17041251,47.75566759],[-121.167788,47.76137641],[-121.15888907,47.77222439],[-121.14993319,47.77633409],[-121.14302808,47.78719835],[-121.14019198,47.79637804],[-121.14082674,47.80700629],[-121.11767408,47.80917914],[-121.11362135,47.81137641],[-121.10933262,47.81334581],[-121.10958489,47.81756944],[-121.1078515,47.84663845],[-121.10482415,47.86080268],[-121.08850743,47.86334581],[-121.08028803,47.86970974],[-121.07184077,47.87167914],[-121.06778804,47.87387641],[-121.06350744,47.87584581],[-121.05945471,47.87804308],[-121.04267411,47.88001248],[-121.04168941,47.88111111],[-121.0488468,47.88645372],[-121.05744868,47.8882685],[-121.06134679,47.89062039],[-121.06578201,47.89243517],[-121.06968012,47.89478706],[-121.07411534,47.89660183],[-121.09371983,47.91456651],[-121.08634679,47.92368517],[-121.08453201,47.94177599],[-121.08869867,47.94868517],[-121.09051345,47.95728706],[-121.09575433,47.96435493],[-121.103282,47.96743517],[-121.10718011,47.96978706],[-121.12063225,47.97160183],[-121.12638583,47.96414741],[-121.14388664,47.9667353],[-121.1625227,47.97902778],[-121.16576163,47.97810004],[-121.1738671,47.97162218],[-121.20117828,47.96976671],[-121.20511708,47.96745551],[-121.20951161,47.96560004],[-121.21647776,47.96051378],[-121.21970041,47.95287218],[-121.22617827,47.94476671],[-121.22879058,47.93857368],[-121.23867827,47.93643338],[-121.24630766,47.93194933],[-121.25765206,47.93336127],[-121.2634504,47.92995551],[-121.28034492,47.92810004],[-121.28428372,47.92578885],[-121.30117825,47.92393338],[-121.30814439,47.91884711],[-121.31136704,47.91120551],[-121.31367824,47.90726671],[-121.31553371,47.90287218],[-121.32359035,47.89279731],[-121.34145329,47.89019721],[-121.34660873,47.89084012],[-121.35210596,47.88760932],[-121.35720036,47.89060004],[-121.37826155,47.89245551],[-121.38220035,47.89476671],[-121.39492821,47.89662218],[-121.39886701,47.89893338],[-121.43219626,47.90078885],[-121.44261699,47.89245551],[-121.45210592,47.89152778],[-121.45530823,47.88639676],[-121.45787984,47.88063504],[-121.46364156,47.87806342],[-121.47182027,47.8716588],[-121.48030822,47.86973009],[-121.48432026,47.86749213],[-121.49290994,47.86553901],[-121.51013406,47.85069933],[-121.50918191,47.83882189],[-121.52027403,47.82594347],[-121.54697486,47.82389676],[-121.55098691,47.8216588],[-121.55947486,47.81973009],[-121.56877254,47.81236111]]]]}},{"type":"Feature","properties":{"id":"16967","name":"South Hozameen Range","ancestry":["12159","12218","12385","11202","15510","16963","16967"]},"geometry":{"type":"MultiPolygon","coordinates":[[[[-121.09709304,48.97380317],[-121.0905338,48.96560004],[-121.08867833,48.96120551],[-121.07386713,48.94476671],[-121.07201167,48.94037218],[-121.0655338,48.93226671],[-121.06367834,48.92787218],[-121.05951167,48.92078396],[-121.06156245,48.91479845],[-121.06460607,48.91236111],[-121.06375565,48.90696153],[-121.06128983,48.90317735],[-121.05958898,48.8986282],[-121.03212317,48.86984402],[-121.03042233,48.86529487],[-121.02762692,48.86100613],[-121.02564938,48.85217231],[-121.03042233,48.84484402],[-121.03212317,48.8361282],[-121.03458899,48.83234402],[-121.03628984,48.82779487],[-121.04292232,48.81984402],[-121.04462317,48.81529487],[-121.04878983,48.80889838],[-121.04708899,48.7861282],[-121.04462317,48.78234402],[-121.04273922,48.76809028],[-121.03364905,48.76468859],[-121.02625566,48.75514676],[-121.03183834,48.74743191],[-121.03875566,48.74484402],[-121.04253984,48.7423782],[-121.04795976,48.74035183],[-121.05002274,48.73736111],[-121.04447261,48.73666124],[-121.03890621,48.73389431],[-121.02363929,48.73249457],[-121.02015622,48.72972765],[-121.01530596,48.72832791],[-121.01182289,48.72556098],[-121.00697263,48.72416124],[-121.00348956,48.72139431],[-120.9986393,48.71999457],[-120.99515623,48.71722765],[-120.99030597,48.71582791],[-120.9868229,48.71306098],[-120.98197264,48.71166124],[-120.97616209,48.70659532],[-120.9743229,48.70749457],[-120.9125228,48.70819444],[-120.91065919,48.71122179],[-120.90498292,48.71315457],[-120.90131268,48.71573432],[-120.87581627,48.71732123],[-120.87214602,48.71990099],[-120.85914961,48.7214879],[-120.8513127,48.72823432],[-120.84248295,48.72982123],[-120.8388127,48.73240099],[-120.83259526,48.73451687],[-120.82973474,48.74291938],[-120.82214604,48.74906765],[-120.81331629,48.75065457],[-120.80964605,48.75323432],[-120.8008163,48.75482123],[-120.79714605,48.75740099],[-120.79377284,48.75819444],[-120.79276373,48.76787462],[-120.78771816,48.77237901],[-120.78017421,48.77584581],[-120.77612148,48.77804308],[-120.77184088,48.78001248],[-120.76362149,48.78637641],[-120.75934089,48.78834581],[-120.75399014,48.79125109],[-120.75112149,48.79525906],[-120.75715176,48.80635525],[-120.75100756,48.80917914],[-120.7323715,48.82387641],[-120.7218409,48.82792914],[-120.71153817,48.83220974],[-120.70517424,48.83417914],[-120.68862152,48.84887641],[-120.68248545,48.85169623],[-120.68023936,48.8637283],[-120.66911062,48.87367296],[-120.65517426,48.87584581],[-120.64223075,48.88685655],[-120.63862153,48.89470974],[-120.6343328,48.90085395],[-120.63446301,48.90303494],[-120.6322576,48.90709581],[-120.6302882,48.91137641],[-120.62809094,48.91542914],[-120.62612154,48.91970974],[-120.61975761,48.92792914],[-120.61778821,48.93637641],[-120.61559094,48.94042914],[-120.61362154,48.94887641],[-120.60829114,48.95651394],[-120.59684095,48.95917914],[-120.58445489,48.96970974],[-120.58017429,48.97167914],[-120.57612156,48.97387641],[-120.57184096,48.97584581],[-120.5669256,48.97851508],[-120.55740412,48.98917182],[-120.5560833,49.00043181],[-120.61528798,49.00034188],[-120.62101093,49.00031743],[-120.63311846,49.00026442],[-120.64522597,49.00021013],[-120.657396,49.00015523],[-120.66956601,49.00009905],[-120.67707594,49.00009758],[-120.68458587,49.00009563],[-120.69223264,49.0001126],[-120.69987942,49.00012907],[-120.71222517,49.00015027],[-120.72457093,49.00017015],[-120.7369167,49.0001887],[-120.74926248,49.00020594],[-120.75641786,49.00021516],[-120.8515609,49.00028008],[-120.90335494,49.00031542],[-120.91055343,49.00031583],[-120.92151137,49.00031575],[-120.93246931,49.00031463],[-120.94342724,49.00031246],[-120.95438518,49.00030926],[-120.9659684,49.00030374],[-120.97755161,49.00029705],[-120.98913483,49.00028921],[-121.00071804,49.0002802],[-121.01009034,49.00027254],[-121.01946264,49.00026411],[-121.02990808,49.00025422],[-121.04035352,49.00024338],[-121.05079895,49.0002316],[-121.06124437,49.00021887],[-121.06262408,49.00021733],[-121.07125762,49.00021844],[-121.07201167,48.99893338],[-121.07448156,48.99306993],[-121.080345,48.99060004],[-121.0842838,48.98828885],[-121.09161208,48.98520047],[-121.09470046,48.97787218],[-121.09709304,48.97380317]]]]}},{"type":"Feature","properties":{"id":"16969","name":"Gardner Range","ancestry":["12159","12218","12385","11202","15510","16968","16969"]},"geometry":{"type":"MultiPolygon","coordinates":[[[[-120.58960625,48.46652778],[-120.58629001,48.46567735],[-120.58250583,48.46321153],[-120.57379002,48.46151069],[-120.57000584,48.45904487],[-120.56129002,48.45734402],[-120.55750584,48.4548782],[-120.55295669,48.45317735],[-120.54500585,48.44654487],[-120.5404567,48.44484402],[-120.53667252,48.4423782],[-120.53212337,48.44067735],[-120.52833919,48.43821153],[-120.52379004,48.43651069],[-120.52000586,48.43404487],[-120.51545671,48.43234402],[-120.50750586,48.42571153],[-120.50295671,48.42401069],[-120.49917253,48.42154487],[-120.49462338,48.41984402],[-120.48667254,48.41321153],[-120.48212339,48.41151069],[-120.47417254,48.4048782],[-120.46962339,48.40317735],[-120.46583921,48.40071153],[-120.46129006,48.39901069],[-120.45750588,48.39654487],[-120.44879006,48.39484402],[-120.44083922,48.38821153],[-120.43629007,48.38651069],[-120.42833923,48.3798782],[-120.41962341,48.37817735],[-120.41583923,48.37571153],[-120.41129008,48.37401069],[-120.40627299,48.37069444],[-120.40305034,48.36975043],[-120.39907898,48.36747179],[-120.39471701,48.36558377],[-120.39074565,48.36330512],[-120.38638368,48.3614171],[-120.37614605,48.35331163],[-120.37135683,48.35282335],[-120.35930035,48.35497179],[-120.355329,48.35725043],[-120.34680036,48.35913845],[-120.33866234,48.36558377],[-120.3301337,48.36747179],[-120.32616235,48.36975043],[-120.30930037,48.37163845],[-120.30532902,48.3739171],[-120.30096704,48.37580512],[-120.29482284,48.37932482],[-120.2854397,48.38028103],[-120.27340358,48.37905626],[-120.26559515,48.3835281],[-120.25106472,48.38204698],[-120.2312283,48.38406928],[-120.22407905,48.37997179],[-120.20721708,48.37808377],[-120.20113798,48.37370551],[-120.19184029,48.37465359],[-120.18657907,48.37163845],[-120.1187731,48.37069444],[-120.11970084,48.37393338],[-120.13188752,48.3879796],[-120.12795279,48.39467312],[-120.13876007,48.40713243],[-120.13594432,48.41192573],[-120.14284536,48.41745551],[-120.14761424,48.42340847],[-120.15326202,48.42578885],[-120.16030141,48.43092801],[-120.15554067,48.43902534],[-120.16367868,48.45287218],[-120.16553415,48.45726671],[-120.16784535,48.46120551],[-120.16970082,48.46560004],[-120.17958037,48.47735135],[-120.18543974,48.47902778],[-120.19922961,48.47982123],[-120.20289986,48.48240099],[-120.20756294,48.4839879],[-120.21123319,48.48656765],[-120.22839627,48.48815457],[-120.23623318,48.49490099],[-120.24089626,48.4964879],[-120.24456651,48.49906765],[-120.24922959,48.50065457],[-120.25289984,48.50323432],[-120.26589626,48.50482123],[-120.2695665,48.50740099],[-120.27839625,48.5089879],[-120.29456649,48.52406765],[-120.30339624,48.52565457],[-120.30706649,48.52823432],[-120.31589624,48.52982123],[-120.31956648,48.53240099],[-120.32697615,48.53492377],[-120.33176944,48.53343045],[-120.33797875,48.53779243],[-120.34039981,48.54490099],[-120.34506289,48.5464879],[-120.35477968,48.55484972],[-120.35706647,48.56156765],[-120.36402447,48.56965278],[-120.37422955,48.5714879],[-120.37789979,48.57406765],[-120.38672954,48.57565457],[-120.39039979,48.57823432],[-120.39506287,48.57982123],[-120.40706645,48.59073432],[-120.4158962,48.59232123],[-120.41956644,48.59490099],[-120.42839619,48.5964879],[-120.43206644,48.59906765],[-120.43672952,48.60065457],[-120.44473733,48.60754747],[-120.44793964,48.60611111],[-120.44967711,48.59987332],[-120.45509703,48.59660183],[-120.45953225,48.59478706],[-120.46343036,48.59243517],[-120.4708563,48.58944444],[-120.47193866,48.58636013],[-120.47405047,48.56429389],[-120.48027199,48.56136013],[-120.48435727,48.55919542],[-120.50110531,48.55719347],[-120.5051906,48.55502875],[-120.51360531,48.5530268],[-120.51769059,48.55086209],[-120.52193864,48.54886013],[-120.53019059,48.54252875],[-120.53733577,48.53915554],[-120.54593765,48.53119249],[-120.55170751,48.51295519],[-120.55689549,48.5073603],[-120.56945245,48.49925076],[-120.57575128,48.49009142],[-120.58960625,48.46652778]]]]}},{"type":"Feature","properties":{"id":"16970","name":"North Methow Mountains","ancestry":["12159","12218","12385","11202","15510","16968","16970"]},"geometry":{"type":"MultiPolygon","coordinates":[[[[-120.87293948,48.43319444],[-120.86975751,48.42804308],[-120.86778811,48.42376248],[-120.86559085,48.41970974],[-120.86362145,48.41542914],[-120.85725752,48.40720974],[-120.85373783,48.39954373],[-120.83543949,48.38319444],[-120.83229415,48.38217312],[-120.82601567,48.37791694],[-120.81460617,48.38379259],[-120.80733485,48.3800491],[-120.7906275,48.37800646],[-120.78626145,48.37576036],[-120.77488857,48.3759923],[-120.75729418,48.37383979],[-120.74900154,48.3675491],[-120.74062752,48.36550646],[-120.73650154,48.36338243],[-120.73229419,48.36133979],[-120.72608488,48.35713243],[-120.72396086,48.35717312],[-120.69168955,48.32694444],[-120.68689219,48.33078559],[-120.68299815,48.34002631],[-120.67178396,48.34245551],[-120.66784516,48.34476671],[-120.66345063,48.34662218],[-120.65534516,48.35310004],[-120.63845064,48.35495551],[-120.63451184,48.35726671],[-120.63011731,48.35912218],[-120.62617851,48.36143338],[-120.61621757,48.36328885],[-120.61159518,48.35078885],[-120.60860446,48.34569851],[-120.58712416,48.33265327],[-120.56826837,48.33018338],[-120.55075129,48.33691759],[-120.55119481,48.34048611],[-120.55072687,48.34422553],[-120.53428401,48.34662218],[-120.52921402,48.34960069],[-120.52003434,48.3484573],[-120.51367855,48.35310004],[-120.49678402,48.35495551],[-120.49284522,48.35726671],[-120.48011736,48.35912218],[-120.47617856,48.36143338],[-120.46868345,48.36328885],[-120.46159524,48.35912218],[-120.44609231,48.35686388],[-120.43749857,48.35793403],[-120.43242858,48.35495551],[-120.42493347,48.35310004],[-120.41784525,48.35726671],[-120.41198181,48.3597366],[-120.40951192,48.36560004],[-120.40627299,48.37069444],[-120.41129008,48.37401069],[-120.41583923,48.37571153],[-120.41962341,48.37817735],[-120.42833923,48.3798782],[-120.43629007,48.38651069],[-120.44083922,48.38821153],[-120.44879006,48.39484402],[-120.45750588,48.39654487],[-120.46129006,48.39901069],[-120.46583921,48.40071153],[-120.46962339,48.40317735],[-120.47417254,48.4048782],[-120.48212339,48.41151069],[-120.48667254,48.41321153],[-120.49462338,48.41984402],[-120.49917253,48.42154487],[-120.50295671,48.42401069],[-120.50750586,48.42571153],[-120.51545671,48.43234402],[-120.52000586,48.43404487],[-120.52379004,48.43651069],[-120.52833919,48.43821153],[-120.53212337,48.44067735],[-120.53667252,48.4423782],[-120.5404567,48.44484402],[-120.54500585,48.44654487],[-120.55295669,48.45317735],[-120.55750584,48.4548782],[-120.56129002,48.45734402],[-120.57000584,48.45904487],[-120.57379002,48.46151069],[-120.58250583,48.46321153],[-120.58629001,48.46567735],[-120.58960625,48.46652778],[-120.60507256,48.46524197],[-120.61140393,48.46973009],[-120.61572522,48.4716588],[-120.62124687,48.47473904],[-120.62539726,48.4699254],[-120.65665131,48.46583605],[-120.66509858,48.46273546],[-120.67807058,48.46556342],[-120.69009043,48.46749213],[-120.70002288,48.46044868],[-120.70723723,48.46556342],[-120.71202645,48.46769965],[-120.71460621,48.47069444],[-120.72610522,48.46969347],[-120.73019051,48.46752875],[-120.76737311,48.46542914],[-120.78341721,48.46606798],[-120.78852382,48.46336209],[-120.82141769,48.46125841],[-120.82982833,48.46159207],[-120.83435714,48.45919542],[-120.85110518,48.45719347],[-120.85935713,48.45086209],[-120.86643313,48.44752143],[-120.86977379,48.44044542],[-120.8719385,48.43636013],[-120.87293948,48.43319444]]]]}},{"type":"Feature","properties":{"id":"16971","name":"Sawtooth Ridge","ancestry":["12159","12218","12385","11202","15510","16968","16971"]},"geometry":{"type":"MultiPolygon","coordinates":[[[[-120.69168955,48.32694444],[-120.6907903,48.32548774],[-120.68439788,48.32349392],[-120.68132985,48.32445014],[-120.64456636,48.28656765],[-120.64297944,48.28190457],[-120.63206636,48.26990099],[-120.63047945,48.2652379],[-120.6278997,48.26156765],[-120.62631278,48.25690457],[-120.62373303,48.25323432],[-120.62214612,48.23607123],[-120.61956637,48.23240099],[-120.61714531,48.22529243],[-120.61172946,48.2214879],[-120.60706637,48.21990099],[-120.59922946,48.21315457],[-120.58950046,48.21140489],[-120.58752292,48.20819444],[-120.58206638,48.20740099],[-120.57839613,48.20482123],[-120.57373305,48.20323432],[-120.5700628,48.20065457],[-120.56123306,48.19906765],[-120.55339614,48.19232123],[-120.54562434,48.18967638],[-120.54297948,48.18190457],[-120.5320664,48.16990099],[-120.52938492,48.16202745],[-120.52606461,48.16099392],[-120.52297217,48.16195828],[-120.50706641,48.14490099],[-120.5054795,48.1339879],[-120.50289974,48.12823432],[-120.50131283,48.11107123],[-120.49873308,48.10740099],[-120.49714617,48.1027379],[-120.49456641,48.09906765],[-120.49214535,48.09195909],[-120.4867295,48.08815457],[-120.48127296,48.08736111],[-120.47197528,48.09473009],[-120.46348732,48.0966588],[-120.44697529,48.11139676],[-120.442654,48.11332547],[-120.43815368,48.11583605],[-120.41765401,48.11957547],[-120.41082621,48.12338406],[-120.39376079,48.12986192],[-120.38640402,48.13207547],[-120.37557232,48.13605496],[-120.35944684,48.13971707],[-120.33223738,48.14249213],[-120.31966007,48.14523465],[-120.30933699,48.15255887],[-120.30530867,48.15723009],[-120.30098739,48.1591588],[-120.29280868,48.16556342],[-120.28848739,48.16749213],[-120.28447535,48.16973009],[-120.28015406,48.1716588],[-120.27614202,48.17389676],[-120.2634874,48.17582547],[-120.25947536,48.17806342],[-120.25515407,48.17999213],[-120.25114203,48.18223009],[-120.24682074,48.1841588],[-120.2428087,48.18639676],[-120.23848741,48.18832547],[-120.23447537,48.19056342],[-120.23015408,48.19249213],[-120.22614204,48.19473009],[-120.22182075,48.1966588],[-120.21780871,48.19889676],[-120.20932076,48.20082547],[-120.20530871,48.20306342],[-120.20098743,48.20499213],[-120.19697538,48.20723009],[-120.18985869,48.2091588],[-120.18239206,48.20499213],[-120.17807077,48.20306342],[-120.17405873,48.20082547],[-120.16973744,48.19889676],[-120.16362579,48.19456326],[-120.16142445,48.1947423],[-120.15739207,48.19249213],[-120.14473745,48.19056342],[-120.14072541,48.18832547],[-120.11786571,48.18622586],[-120.11417512,48.18652289],[-120.10627311,48.19569444],[-120.11973746,48.20723009],[-120.12672801,48.21035102],[-120.12390412,48.2154088],[-120.12197541,48.21973009],[-120.11973746,48.22374213],[-120.11780875,48.22806342],[-120.11557079,48.23207547],[-120.11364208,48.23639676],[-120.1113553,48.24049832],[-120.11787385,48.24882351],[-120.09947786,48.26916043],[-120.0855293,48.27233019],[-120.0886543,48.27792914],[-120.08837761,48.28134304],[-120.07598747,48.2841588],[-120.06579461,48.2921422],[-120.0636421,48.31556342],[-120.06005324,48.32199246],[-120.06701938,48.33181505],[-120.08362907,48.33434597],[-120.08640414,48.34056342],[-120.09184847,48.34824164],[-120.10322542,48.35082547],[-120.11209179,48.35777127],[-120.11557079,48.36556342],[-120.1187731,48.37069444],[-120.18657907,48.37163845],[-120.19184029,48.37465359],[-120.20113798,48.37370551],[-120.20721708,48.37808377],[-120.22407905,48.37997179],[-120.2312283,48.38406928],[-120.25106472,48.38204698],[-120.26559515,48.3835281],[-120.27340358,48.37905626],[-120.2854397,48.38028103],[-120.29482284,48.37932482],[-120.30096704,48.37580512],[-120.30532902,48.3739171],[-120.30930037,48.37163845],[-120.32616235,48.36975043],[-120.3301337,48.36747179],[-120.33866234,48.36558377],[-120.34680036,48.35913845],[-120.355329,48.35725043],[-120.35930035,48.35497179],[-120.37135683,48.35282335],[-120.37614605,48.35331163],[-120.38638368,48.3614171],[-120.39074565,48.36330512],[-120.39471701,48.36558377],[-120.39907898,48.36747179],[-120.40305034,48.36975043],[-120.40627299,48.37069444],[-120.40951192,48.36560004],[-120.41198181,48.3597366],[-120.41784525,48.35726671],[-120.42493347,48.35310004],[-120.43242858,48.35495551],[-120.43749857,48.35793403],[-120.44609231,48.35686388],[-120.46159524,48.35912218],[-120.46868345,48.36328885],[-120.47617856,48.36143338],[-120.48011736,48.35912218],[-120.49284522,48.35726671],[-120.49678402,48.35495551],[-120.51367855,48.35310004],[-120.52003434,48.3484573],[-120.52921402,48.34960069],[-120.53428401,48.34662218],[-120.55072687,48.34422553],[-120.55119481,48.34048611],[-120.55075129,48.33691759],[-120.56826837,48.33018338],[-120.58712416,48.33265327],[-120.60860446,48.34569851],[-120.61159518,48.35078885],[-120.61621757,48.36328885],[-120.62617851,48.36143338],[-120.63011731,48.35912218],[-120.63451184,48.35726671],[-120.63845064,48.35495551],[-120.65534516,48.35310004],[-120.66345063,48.34662218],[-120.66784516,48.34476671],[-120.67178396,48.34245551],[-120.68299815,48.34002631],[-120.68689219,48.33078559],[-120.69168955,48.32694444]]]]}},{"type":"Feature","properties":{"id":"16972","name":"South Methow Mountains","ancestry":["12159","12218","12385","11202","15510","16968","16972"]},"geometry":{"type":"MultiPolygon","coordinates":[[[[-120.48127296,48.08736111],[-120.46492368,48.06906277],[-120.45725767,48.06554308],[-120.45320494,48.06334581],[-120.44892434,48.06137641],[-120.44070494,48.05501248],[-120.43169616,48.05291287],[-120.42710632,48.04777778],[-120.42146667,48.04975532],[-120.41568868,48.04669542],[-120.39894064,48.04469347],[-120.39276795,48.04044542],[-120.38285991,48.04083605],[-120.37818869,48.03836209],[-120.36560732,48.03636013],[-120.36152203,48.03419542],[-120.34894066,48.03219347],[-120.34485537,48.03002875],[-120.33644066,48.0280268],[-120.33235538,48.02586209],[-120.32394067,48.02386013],[-120.31985538,48.02169542],[-120.31144067,48.01969347],[-120.30735539,48.01752875],[-120.29477401,48.0155268],[-120.28727483,48.01155545],[-120.2761054,48.01111599],[-120.27810735,48.0155268],[-120.28137476,48.02169542],[-120.26698675,48.01866808],[-120.25735134,48.01127875],[-120.25123155,48.01151883],[-120.24892035,48.00715278],[-120.25188666,48.00154568],[-120.24060737,47.99886013],[-120.23652208,47.99669542],[-120.22810737,47.99469347],[-120.21985542,47.98836209],[-120.21175809,47.98454129],[-120.20727404,47.9780268],[-120.20527209,47.97377875],[-120.20101184,47.96573432],[-120.20133736,47.95755561],[-120.19847685,47.95214789],[-120.19902616,47.93836616],[-120.17602406,47.91344347],[-120.17328154,47.90192003],[-120.16118438,47.8935989],[-120.13662791,47.88675076],[-120.13339305,47.87990262],[-120.11128206,47.88077745],[-120.09685742,47.8780268],[-120.08860547,47.87586209],[-120.07576368,47.87381944],[-120.02448603,47.85541124],[-120.01140823,47.84466498],[-120.01573359,47.83837429],[-120.00448685,47.83569689],[-119.99060746,47.81969347],[-119.98860551,47.81544542],[-119.9864408,47.81136013],[-119.98430864,47.80683946],[-119.98127316,47.80402778],[-119.97815223,47.80560655],[-119.97640662,47.81166124],[-119.96947303,47.81931098],[-119.96807329,47.82416124],[-119.96530636,47.82764431],[-119.96390663,47.83666124],[-119.9611397,47.84014431],[-119.95943478,47.84605252],[-119.94986041,47.85472765],[-119.94030637,47.85332791],[-119.9396065,47.85194444],[-119.93030882,47.85723009],[-119.92598753,47.8591588],[-119.91194131,47.87118679],[-119.90947549,47.88294217],[-119.91364216,47.8904088],[-119.91557087,47.90034532],[-119.908857,47.90981391],[-119.90098754,47.91332547],[-119.8969755,47.91556342],[-119.89265421,47.91749213],[-119.8844755,47.92389676],[-119.88015422,47.92582547],[-119.87197551,47.93223009],[-119.86765422,47.9341588],[-119.85947551,47.94226834],[-119.86780884,47.9529088],[-119.86973755,47.95723009],[-119.87614217,47.9654088],[-119.87807088,47.96973009],[-119.88030884,47.97374213],[-119.88223755,47.97976834],[-119.87390422,47.9904088],[-119.87197551,47.99473009],[-119.86973755,47.99874213],[-119.86780884,48.01310167],[-119.87614217,48.02374213],[-119.87807088,48.02806342],[-119.89280883,48.04457547],[-119.89377319,48.04986111],[-119.91983519,48.05088243],[-119.92396117,48.05300646],[-119.92816852,48.0550491],[-119.9322945,48.05717312],[-119.94066852,48.05921577],[-119.95182981,48.06822456],[-119.94894895,48.07381944],[-119.95197629,48.0796951],[-119.96043983,48.07533312],[-119.96562782,48.07800646],[-119.98878861,48.0800491],[-120.00077591,48.07387234],[-120.01583532,48.08651476],[-120.01979446,48.09467312],[-120.02191848,48.0987991],[-120.02185338,48.10200548],[-120.00769323,48.10546007],[-120.00525182,48.11570991],[-120.0094307,48.12382351],[-120.00263952,48.13277127],[-120.01378861,48.1425491],[-120.02293981,48.13783312],[-120.02812779,48.14050646],[-120.04597447,48.14268745],[-120.05079624,48.15262804],[-120.06566847,48.1550491],[-120.07415642,48.16149034],[-120.07948682,48.17248074],[-120.08650179,48.17588243],[-120.09079053,48.17809191],[-120.09479443,48.18633979],[-120.09691846,48.19046577],[-120.0989611,48.19467312],[-120.10627311,48.19569444],[-120.11417512,48.18652289],[-120.11786571,48.18622586],[-120.14072541,48.18832547],[-120.14473745,48.19056342],[-120.15739207,48.19249213],[-120.16142445,48.1947423],[-120.16362579,48.19456326],[-120.16973744,48.19889676],[-120.17405873,48.20082547],[-120.17807077,48.20306342],[-120.18239206,48.20499213],[-120.18985869,48.2091588],[-120.19697538,48.20723009],[-120.20098743,48.20499213],[-120.20530871,48.20306342],[-120.20932076,48.20082547],[-120.21780871,48.19889676],[-120.22182075,48.1966588],[-120.22614204,48.19473009],[-120.23015408,48.19249213],[-120.23447537,48.19056342],[-120.23848741,48.18832547],[-120.2428087,48.18639676],[-120.24682074,48.1841588],[-120.25114203,48.18223009],[-120.25515407,48.17999213],[-120.25947536,48.17806342],[-120.2634874,48.17582547],[-120.27614202,48.17389676],[-120.28015406,48.1716588],[-120.28447535,48.16973009],[-120.28848739,48.16749213],[-120.29280868,48.16556342],[-120.30098739,48.1591588],[-120.30530867,48.15723009],[-120.30933699,48.15255887],[-120.31966007,48.14523465],[-120.33223738,48.14249213],[-120.35944684,48.13971707],[-120.37557232,48.13605496],[-120.38640402,48.13207547],[-120.39376079,48.12986192],[-120.41082621,48.12338406],[-120.41765401,48.11957547],[-120.43815368,48.11583605],[-120.442654,48.11332547],[-120.44697529,48.11139676],[-120.46348732,48.0966588],[-120.47197528,48.09473009],[-120.48127296,48.08736111]]]]}},{"type":"Feature","properties":{"id":"16973","name":"South Washington Pass","ancestry":["12159","12218","12385","11202","15510","16968","16973"]},"geometry":{"type":"MultiPolygon","coordinates":[[[[-120.71460621,48.47069444],[-120.71202645,48.46769965],[-120.70723723,48.46556342],[-120.70002288,48.46044868],[-120.69009043,48.46749213],[-120.67807058,48.46556342],[-120.66509858,48.46273546],[-120.65665131,48.46583605],[-120.62539726,48.4699254],[-120.62124687,48.47473904],[-120.61572522,48.4716588],[-120.61140393,48.46973009],[-120.60507256,48.46524197],[-120.58960625,48.46652778],[-120.57575128,48.49009142],[-120.56945245,48.49925076],[-120.55689549,48.5073603],[-120.55170751,48.51295519],[-120.54593765,48.53119249],[-120.53733577,48.53915554],[-120.53019059,48.54252875],[-120.52193864,48.54886013],[-120.51769059,48.55086209],[-120.51360531,48.5530268],[-120.5051906,48.55502875],[-120.50110531,48.55719347],[-120.48435727,48.55919542],[-120.48027199,48.56136013],[-120.47405047,48.56429389],[-120.47193866,48.58636013],[-120.4708563,48.58944444],[-120.47193866,48.59044542],[-120.49695899,48.59143826],[-120.50310726,48.59469347],[-120.51152197,48.59669542],[-120.51560726,48.59886013],[-120.52818863,48.60086209],[-120.53227392,48.6030268],[-120.57231704,48.60502875],[-120.58414971,48.59876655],[-120.59620619,48.59924669],[-120.60102389,48.59669542],[-120.60527194,48.59469347],[-120.61352389,48.58836209],[-120.61777193,48.58636013],[-120.62428642,48.58187609],[-120.62810722,48.57377875],[-120.63043469,48.56938015],[-120.63860526,48.5655268],[-120.64474539,48.56227566],[-120.64706473,48.5428909],[-120.67270355,48.51913601],[-120.69068857,48.51344347],[-120.70429534,48.50194444],[-120.70627288,48.49569444],[-120.70479176,48.48954617],[-120.70755868,48.47574816],[-120.71460621,48.47069444]]]]}},{"type":"Feature","properties":{"id":"16975","name":"Cultus Mountains","ancestry":["12159","12218","12385","11202","15510","16974","16975"]},"geometry":{"type":"MultiPolygon","coordinates":[[[[-122.31925647,48.35298611],[-122.31348661,48.34264676],[-122.31060575,48.33619331],[-122.30322457,48.33207547],[-122.28821807,48.32933702],[-122.28226104,48.324206],[-122.28014515,48.29889676],[-122.27570586,48.30095567],[-122.26854848,48.31699164],[-122.26042267,48.32152452],[-122.23661083,48.32439317],[-122.23631379,48.32069444],[-122.23672476,48.31558784],[-122.22947379,48.31500597],[-122.21863801,48.31984402],[-122.19645785,48.33818712],[-122.19047234,48.33866726],[-122.18211052,48.33400011],[-122.16860548,48.33508653],[-122.15947463,48.32999213],[-122.14697463,48.32715196],[-122.14890334,48.3216588],[-122.15488885,48.30744575],[-122.15724074,48.29456326],[-122.16344598,48.29506375],[-122.16394647,48.28885851],[-122.15248407,48.27937771],[-122.14280797,48.27582547],[-122.13432001,48.27389676],[-122.12614131,48.26749213],[-122.11557002,48.26348009],[-122.11155798,48.26124213],[-122.10098669,48.25931342],[-122.09489132,48.25499213],[-122.08015337,48.25306342],[-122.07261756,48.24886013],[-122.06668902,48.24777778],[-122.06571652,48.24918566],[-122.0595886,48.25317735],[-122.05503945,48.2548782],[-122.0470886,48.26151069],[-122.03674111,48.26352892],[-122.03383584,48.27486111],[-122.02636921,48.27653347],[-122.01962279,48.27401069],[-122.01322631,48.26984402],[-122.00503946,48.27154487],[-122.00002238,48.27481228],[-121.99500529,48.27154487],[-121.98212281,48.26984402],[-121.97833863,48.2673782],[-121.96962281,48.26567735],[-121.96322633,48.26151069],[-121.95087282,48.26321153],[-121.94292198,48.26984402],[-121.9312724,48.27069444],[-121.93025108,48.28217312],[-121.92811485,48.28632351],[-121.93441775,48.29463243],[-121.93646039,48.29883979],[-121.94079388,48.3052322],[-121.95110475,48.31023709],[-121.95729371,48.31967312],[-121.9635844,48.32796577],[-121.96562704,48.34467312],[-121.96776327,48.34881944],[-121.96562704,48.35296577],[-121.96222535,48.35998074],[-121.95521038,48.36338243],[-121.95108441,48.36550646],[-121.94280397,48.368192],[-121.94900107,48.3862991],[-121.95306601,48.39882758],[-121.96150107,48.40088243],[-121.96562704,48.40300646],[-121.9698344,48.4050491],[-121.97396037,48.40717312],[-121.97816773,48.40921577],[-121.98245647,48.41142524],[-121.98646037,48.41967312],[-122.00525105,48.44046577],[-122.0072937,48.44467312],[-122.01775105,48.45713243],[-122.01979369,48.46550646],[-122.03025104,48.47796577],[-122.03229369,48.48633979],[-122.03441771,48.49046577],[-122.03543903,48.49569444],[-122.04057005,48.49249213],[-122.10322465,48.49056342],[-122.1212585,48.48776394],[-122.13856399,48.48915554],[-122.15206089,48.48807319],[-122.16408888,48.49069363],[-122.16981398,48.49023383],[-122.17753289,48.49085639],[-122.18989047,48.48565213],[-122.19953809,48.49249213],[-122.20956819,48.48551785],[-122.22276399,48.4669062],[-122.22164501,48.45298611],[-122.22228792,48.4449783],[-122.21556998,48.43639676],[-122.21155794,48.42582547],[-122.20931998,48.42181342],[-122.20639437,48.41209256],[-122.20301709,48.4045242],[-122.19690137,48.39925483],[-122.19489128,48.3904088],[-122.19080599,48.38308458],[-122.18994743,48.37237901],[-122.20284212,48.37134142],[-122.21348665,48.38014676],[-122.2220275,48.38271837],[-122.24154247,48.39655707],[-122.24689728,48.39698839],[-122.25314728,48.39648383],[-122.25939728,48.39698839],[-122.27293894,48.39589789],[-122.2993997,48.39802599],[-122.31391793,48.38551785],[-122.3123066,48.36544135],[-122.31925647,48.35298611]]]]}},{"type":"Feature","properties":{"id":"16976","name":"Inner Mountain Loop","ancestry":["12159","12218","12385","11202","15510","16974","16976"]},"geometry":{"type":"MultiPolygon","coordinates":[[[[-121.61539932,48.12491401],[-121.59905818,48.11332547],[-121.58337622,48.10350288],[-121.57791561,48.08863471],[-121.57502254,48.07902778],[-121.57185685,48.08002875],[-121.56777157,48.08219347],[-121.55847795,48.08440701],[-121.55117408,48.08411811],[-121.54693824,48.08636013],[-121.53861305,48.08836209],[-121.51152159,48.06336209],[-121.49858214,48.06130317],[-121.4927716,48.05502875],[-121.48147196,48.04456326],[-121.46388977,48.04525906],[-121.45943828,48.03836209],[-121.45426656,48.03357286],[-121.43536195,48.03432156],[-121.43862529,48.04048611],[-121.43644024,48.04461209],[-121.43443828,48.04886013],[-121.42909568,48.05661974],[-121.41560691,48.05919542],[-121.39518863,48.08123318],[-121.39277163,48.08636013],[-121.39060692,48.09044542],[-121.38960595,48.09777778],[-121.41775128,48.12796577],[-121.41979392,48.13633979],[-121.42400128,48.13838243],[-121.4284487,48.14067329],[-121.4372459,48.14982856],[-121.44479391,48.16133979],[-121.45316793,48.16338243],[-121.45729391,48.16550646],[-121.46577372,48.16757351],[-121.46877258,48.17069444],[-121.48223693,48.18223009],[-121.48655822,48.1841588],[-121.49057026,48.18639676],[-121.49905821,48.18832547],[-121.50307026,48.19056342],[-121.51155821,48.19249213],[-121.5155906,48.1947423],[-121.51779193,48.19456326],[-121.52390358,48.19889676],[-121.52822487,48.20082547],[-121.54057024,48.21139676],[-121.54489153,48.21332547],[-121.55307024,48.21973009],[-121.56155819,48.2216588],[-121.56563127,48.22392931],[-121.56877254,48.22277778],[-121.5697369,48.19457547],[-121.57614152,48.18639676],[-121.57807023,48.18207547],[-121.58030818,48.17806342],[-121.5838767,48.17006375],[-121.58848689,48.16749213],[-121.59280818,48.16556342],[-121.59682022,48.16332547],[-121.60402237,48.16011095],[-121.60723688,48.1529088],[-121.61504938,48.14293159],[-121.61019912,48.13423611],[-121.61539932,48.12491401]]]]}},{"type":"Feature","properties":{"id":"16977","name":"Monte Cristo Area","ancestry":["12159","12218","12385","11202","15510","16974","16977"]},"geometry":{"type":"MultiPolygon","coordinates":[[[[-121.60210586,47.98319444],[-121.58640356,47.98223009],[-121.58004777,47.97772569],[-121.57169409,47.98238878],[-121.56564754,47.9819005],[-121.56211564,47.98982286],[-121.54880999,48.00082547],[-121.54057024,47.99889676],[-121.5365582,47.9966588],[-121.52390358,47.99473009],[-121.51989154,47.99249213],[-121.51140359,47.99056342],[-121.50739154,47.98832547],[-121.49959939,47.98484646],[-121.49265359,47.97598009],[-121.49072488,47.9716588],[-121.47970194,47.95878445],[-121.47805806,47.93834174],[-121.48472717,47.92893826],[-121.48416157,47.92193956],[-121.48731912,47.91627957],[-121.47822489,47.9091588],[-121.46973694,47.90723009],[-121.46572489,47.90499213],[-121.45785543,47.90148058],[-121.45307028,47.89473009],[-121.45210592,47.89152778],[-121.44261699,47.89245551],[-121.43219626,47.90078885],[-121.39886701,47.89893338],[-121.39492821,47.89662218],[-121.38220035,47.89476671],[-121.37826155,47.89245551],[-121.35720036,47.89060004],[-121.35210596,47.88760932],[-121.34660873,47.89084012],[-121.34145329,47.89019721],[-121.32359035,47.89279731],[-121.31553371,47.90287218],[-121.31367824,47.90726671],[-121.31136704,47.91120551],[-121.30814439,47.91884711],[-121.30117825,47.92393338],[-121.28428372,47.92578885],[-121.28034492,47.92810004],[-121.2634504,47.92995551],[-121.25765206,47.93336127],[-121.24630766,47.93194933],[-121.23867827,47.93643338],[-121.22879058,47.93857368],[-121.22617827,47.94476671],[-121.21970041,47.95287218],[-121.21647776,47.96051378],[-121.20951161,47.96560004],[-121.20511708,47.96745551],[-121.20117828,47.96976671],[-121.1738671,47.97162218],[-121.16576163,47.97810004],[-121.1625227,47.97902778],[-121.15723706,47.98832547],[-121.15210604,47.99777778],[-121.15508048,48.0000727],[-121.16023999,48.01268256],[-121.16369864,48.01535183],[-121.16551342,48.02395372],[-121.17828197,48.0257685],[-121.18218008,48.02812039],[-121.19087148,48.03054145],[-121.1988915,48.03648627],[-121.20115387,48.03615262],[-121.20718007,48.04062039],[-121.21634755,48.04255317],[-121.21877268,48.04569444],[-121.2385562,48.04461209],[-121.24560779,48.04488878],[-121.25310697,48.04886013],[-121.26152168,48.05086209],[-121.26560697,48.0530268],[-121.28235501,48.05502875],[-121.29097317,48.0616409],[-121.29611233,48.07252143],[-121.30318834,48.07586209],[-121.31977362,48.0905268],[-121.33235499,48.09252875],[-121.33644028,48.09469347],[-121.35318832,48.09669542],[-121.3572736,48.09886013],[-121.38080468,48.10086209],[-121.38960595,48.09777778],[-121.39060692,48.09044542],[-121.39277163,48.08636013],[-121.39518863,48.08123318],[-121.41560691,48.05919542],[-121.42909568,48.05661974],[-121.43443828,48.04886013],[-121.43644024,48.04461209],[-121.43862529,48.04048611],[-121.43536195,48.03432156],[-121.45426656,48.03357286],[-121.45943828,48.03836209],[-121.46388977,48.04525906],[-121.48147196,48.04456326],[-121.4927716,48.05502875],[-121.49858214,48.06130317],[-121.51152159,48.06336209],[-121.53861305,48.08836209],[-121.54693824,48.08636013],[-121.55117408,48.08411811],[-121.55847795,48.08440701],[-121.56777157,48.08219347],[-121.57185685,48.08002875],[-121.57502254,48.07902778],[-121.58003963,48.07571153],[-121.58667211,48.07401069],[-121.58960587,48.07277778],[-121.58864151,48.0716588],[-121.58485733,48.06839545],[-121.57606828,48.04753364],[-121.57405819,48.02999213],[-121.57162899,48.02563829],[-121.58223689,48.01332547],[-121.58822241,48.00816596],[-121.59057022,48.0029088],[-121.59280818,47.99889676],[-121.59473689,47.99457547],[-121.60114151,47.98639676],[-121.60210586,47.98319444]]]]}},{"type":"Feature","properties":{"id":"16978","name":"Pilchuck Area","ancestry":["12159","12218","12385","11202","15510","16974","16978"]},"geometry":{"type":"MultiPolygon","coordinates":[[[[-121.94890342,48.08969672],[-121.94443158,48.08168484],[-121.94498089,48.07486111],[-121.9446513,48.07075955],[-121.9327169,48.06716661],[-121.93030805,48.0591588],[-121.92695112,48.05314073],[-121.92378136,48.04604031],[-121.90730594,48.03268175],[-121.90446984,48.0140823],[-121.89136763,48.01110379],[-121.8886414,48.00499213],[-121.87945764,47.99326525],[-121.87193812,47.98678738],[-121.86941126,47.97840115],[-121.85932012,47.97389676],[-121.85739141,47.97123562],[-121.8604391,47.96861111],[-121.85906377,47.96050564],[-121.85020961,47.9551671],[-121.84051316,47.95312039],[-121.82946987,47.94877875],[-121.80509651,47.94687039],[-121.80210579,47.94569444],[-121.80112109,47.95304308],[-121.79892382,47.95709581],[-121.7953024,47.96497748],[-121.78066618,47.9769892],[-121.76767383,47.98001248],[-121.76043914,47.98394314],[-121.75320444,47.98001248],[-121.74892384,47.97804308],[-121.74487111,47.97584581],[-121.73225718,47.97387641],[-121.7245871,47.96970974],[-121.70934052,47.97167914],[-121.70528779,47.97387641],[-121.6885072,47.97584581],[-121.68300183,47.97883247],[-121.66753553,47.97791287],[-121.63850722,47.98001248],[-121.63445448,47.98220974],[-121.60210586,47.98319444],[-121.60114151,47.98639676],[-121.59473689,47.99457547],[-121.59280818,47.99889676],[-121.59057022,48.0029088],[-121.58822241,48.00816596],[-121.58223689,48.01332547],[-121.57162899,48.02563829],[-121.57405819,48.02999213],[-121.57606828,48.04753364],[-121.58485733,48.06839545],[-121.58864151,48.0716588],[-121.58960587,48.07277778],[-121.59060684,48.07386013],[-121.60148331,48.07586209],[-121.60935684,48.07169542],[-121.62193821,48.06969347],[-121.62998264,48.06543321],[-121.63811252,48.06575873],[-121.64697482,48.07185818],[-121.65303765,48.07161811],[-121.65727349,48.07386013],[-121.67231661,48.07586209],[-121.6812725,48.07112576],[-121.68644014,48.07386013],[-121.69068819,48.07586209],[-121.69477347,48.0780268],[-121.70682588,48.08002875],[-121.7185731,48.07101997],[-121.72394013,48.07386013],[-121.72818817,48.07586209],[-121.73902394,48.08417508],[-121.74946909,48.07864936],[-121.75318409,48.08652289],[-121.75939747,48.08627875],[-121.76644092,48.08655545],[-121.77423714,48.09068142],[-121.78026742,48.09044542],[-121.78862923,48.09685818],[-121.80633349,48.09615424],[-121.81144009,48.09886013],[-121.8198548,48.10086209],[-121.82394009,48.1030268],[-121.85318812,48.10502875],[-121.85742396,48.10727078],[-121.86168014,48.10710395],[-121.86650192,48.0968826],[-121.88049524,48.09469347],[-121.88335575,48.09777778],[-121.88787642,48.09611762],[-121.89517623,48.1012934],[-121.90443322,48.10054877],[-121.92227989,48.09059191],[-121.92728477,48.1018061],[-121.93851931,48.098734],[-121.94890342,48.08969672]]]]}},{"type":"Feature","properties":{"id":"16979","name":"Ragged Ridge","ancestry":["12159","12218","12385","11202","15510","16974","16979"]},"geometry":{"type":"MultiPolygon","coordinates":[[[[-121.80210579,47.94569444],[-121.79063932,47.93660834],[-121.77807015,47.93431342],[-121.7711569,47.930456],[-121.75947478,47.9279088],[-121.7489035,47.92598009],[-121.74077768,47.92021837],[-121.72831024,47.91646267],[-121.72776499,47.90970405],[-121.73030813,47.90514676],[-121.73349823,47.89799344],[-121.74859425,47.899206],[-121.73995168,47.88917589],[-121.7252178,47.87763618],[-121.71489065,47.87846625],[-121.70932018,47.87598009],[-121.69241345,47.86399278],[-121.66899223,47.85867052],[-121.65530815,47.8529088],[-121.64581923,47.85005235],[-121.63945936,47.84108019],[-121.64377251,47.83736111],[-121.6428285,47.83136746],[-121.62344375,47.82231798],[-121.61426406,47.82025906],[-121.6115541,47.82418159],[-121.60750544,47.82154487],[-121.60295629,47.81984402],[-121.5979392,47.81657661],[-121.5916892,47.82064562],[-121.58667211,47.8173782],[-121.57378963,47.81567735],[-121.56877254,47.81236111],[-121.55947486,47.81973009],[-121.55098691,47.8216588],[-121.54697486,47.82389676],[-121.52027403,47.82594347],[-121.50918191,47.83882189],[-121.51013406,47.85069933],[-121.49290994,47.86553901],[-121.48432026,47.86749213],[-121.48030822,47.86973009],[-121.47182027,47.8716588],[-121.46364156,47.87806342],[-121.45787984,47.88063504],[-121.45530823,47.88639676],[-121.45210592,47.89152778],[-121.45307028,47.89473009],[-121.45785543,47.90148058],[-121.46572489,47.90499213],[-121.46973694,47.90723009],[-121.47822489,47.9091588],[-121.48731912,47.91627957],[-121.48416157,47.92193956],[-121.48472717,47.92893826],[-121.47805806,47.93834174],[-121.47970194,47.95878445],[-121.49072488,47.9716588],[-121.49265359,47.97598009],[-121.49959939,47.98484646],[-121.50739154,47.98832547],[-121.51140359,47.99056342],[-121.51989154,47.99249213],[-121.52390358,47.99473009],[-121.5365582,47.9966588],[-121.54057024,47.99889676],[-121.54880999,48.00082547],[-121.56211564,47.98982286],[-121.56564754,47.9819005],[-121.57169409,47.98238878],[-121.58004777,47.97772569],[-121.58640356,47.98223009],[-121.60210586,47.98319444],[-121.63445448,47.98220974],[-121.63850722,47.98001248],[-121.66753553,47.97791287],[-121.68300183,47.97883247],[-121.6885072,47.97584581],[-121.70528779,47.97387641],[-121.70934052,47.97167914],[-121.7245871,47.96970974],[-121.73225718,47.97387641],[-121.74487111,47.97584581],[-121.74892384,47.97804308],[-121.75320444,47.98001248],[-121.76043914,47.98394314],[-121.76767383,47.98001248],[-121.78066618,47.9769892],[-121.7953024,47.96497748],[-121.79892382,47.95709581],[-121.80112109,47.95304308],[-121.80210579,47.94569444]]]]}},{"type":"Feature","properties":{"id":"16980","name":"Round-Gee-Deer","ancestry":["12159","12218","12385","11202","15510","16974","16980"]},"geometry":{"type":"MultiPolygon","coordinates":[[[[-122.03543903,48.49569444],[-122.03441771,48.49046577],[-122.03229369,48.48633979],[-122.03025104,48.47796577],[-122.01979369,48.46550646],[-122.01775105,48.45713243],[-122.0072937,48.44467312],[-122.00525105,48.44046577],[-121.98646037,48.41967312],[-121.98245647,48.41142524],[-121.97816773,48.40921577],[-121.97396037,48.40717312],[-121.9698344,48.4050491],[-121.96562704,48.40300646],[-121.96150107,48.40088243],[-121.95306601,48.39882758],[-121.94900107,48.3862991],[-121.94280397,48.368192],[-121.95108441,48.36550646],[-121.95521038,48.36338243],[-121.96222535,48.35998074],[-121.96562704,48.35296577],[-121.96776327,48.34881944],[-121.96562704,48.34467312],[-121.9635844,48.32796577],[-121.95729371,48.31967312],[-121.95110475,48.31023709],[-121.94079388,48.3052322],[-121.93646039,48.29883979],[-121.93441775,48.29463243],[-121.92811485,48.28632351],[-121.93025108,48.28217312],[-121.9312724,48.27069444],[-121.91226199,48.27170356],[-121.90779422,48.28199816],[-121.89631962,48.28316596],[-121.89074507,48.27997179],[-121.88221643,48.27808377],[-121.87607223,48.27456407],[-121.86718958,48.27365668],[-121.85513311,48.27580512],[-121.84674281,48.28244575],[-121.82598273,48.28456163],[-121.81554979,48.28225043],[-121.8082744,48.27808377],[-121.7967998,48.27997179],[-121.79248258,48.28244575],[-121.78666797,48.28185167],[-121.77769987,48.28830512],[-121.76554981,48.2864171],[-121.7583558,48.28229519],[-121.75002247,48.28706814],[-121.7449118,48.28413845],[-121.73638316,48.28225043],[-121.7324118,48.27997179],[-121.72804983,48.27808377],[-121.72293915,48.27515408],[-121.71748261,48.27827908],[-121.71356415,48.27788032],[-121.70787568,48.27845812],[-121.69994111,48.2739171],[-121.68638317,48.27580512],[-121.67946179,48.28413845],[-121.65721652,48.28225043],[-121.65324517,48.27997179],[-121.64054986,48.27808377],[-121.63657851,48.27580512],[-121.62804986,48.2739171],[-121.62292291,48.26774441],[-121.59653539,48.27043403],[-121.5916892,48.26861111],[-121.5905336,48.26953885],[-121.58181372,48.2706212],[-121.57617814,48.27393338],[-121.57178361,48.27578885],[-121.56367814,48.28226671],[-121.55928361,48.28412218],[-121.54812232,48.29350532],[-121.55125953,48.29883572],[-121.54242164,48.30988308],[-121.54468401,48.3280797],[-121.54754859,48.33295437],[-121.54585589,48.33736111],[-121.54697486,48.33832547],[-121.54890357,48.35306342],[-121.55159319,48.35788113],[-121.55094622,48.3659215],[-121.55692766,48.37664741],[-121.55514543,48.39881944],[-121.55641903,48.41464789],[-121.57197485,48.43207547],[-121.57390356,48.43639676],[-121.57822485,48.43832547],[-121.58223689,48.44056342],[-121.59201065,48.4427851],[-121.59473689,48.44889676],[-121.59697484,48.4529088],[-121.59890355,48.46139676],[-121.60530817,48.46957547],[-121.60810765,48.48189236],[-121.62085586,48.48319444],[-121.63859267,48.48208767],[-121.65231743,48.48452908],[-121.65517388,48.49679308],[-121.66618461,48.5097366],[-121.67474581,48.51366726],[-121.6812725,48.51327664],[-121.68543916,48.51352892],[-121.68925183,48.51330105],[-121.69684053,48.50917914],[-121.70528779,48.50720974],[-121.71043915,48.50441433],[-121.71559052,48.50720974],[-121.72139293,48.50987495],[-121.72392385,48.51609239],[-121.71972056,48.52382758],[-121.72531952,48.53183946],[-121.74278778,48.53417914],[-121.74475718,48.54109239],[-121.74059051,48.54876248],[-121.73862111,48.55720974],[-121.72918915,48.56861111],[-121.74280812,48.56764676],[-121.74682016,48.5654088],[-121.75838022,48.56024929],[-121.78521533,48.53727159],[-121.79566861,48.54545844],[-121.80098681,48.54249213],[-121.8053081,48.54056342],[-121.80932014,48.53832547],[-121.81780809,48.53639676],[-121.82182013,48.5341588],[-121.82502244,48.53319444],[-121.82319953,48.52822618],[-121.82934373,48.5229324],[-121.83265184,48.51909532],[-121.84672247,48.52022651],[-121.86364141,48.51764676],[-121.87280075,48.51514025],[-121.88231409,48.51590522],[-121.89203088,48.51512397],[-121.91780805,48.51749213],[-121.93276166,48.52020209],[-121.9500224,48.51881456],[-121.96460572,48.51998644],[-121.97398072,48.51923367],[-121.98231405,48.51990506],[-121.98960571,48.51931912],[-121.99754842,48.51995795],[-122.00739135,48.51556342],[-122.01340942,48.51220649],[-122.03025104,48.50469103],[-122.03543903,48.49569444]]]]}},{"type":"Feature","properties":{"id":"16981","name":"Three Fingers-Whitehorse","ancestry":["12159","12218","12385","11202","15510","16974","16981"]},"geometry":{"type":"MultiPolygon","coordinates":[[[[-122.06668902,48.24777778],[-122.06436968,48.24488471],[-122.05939735,48.24426215],[-122.05243935,48.24512885],[-122.05390419,48.23336127],[-122.04470009,48.22185004],[-122.04192096,48.21212918],[-122.02949421,48.20857693],[-122.02146605,48.19854275],[-122.03119505,48.1907506],[-122.03467406,48.17858426],[-122.04461464,48.17439724],[-122.04553831,48.16695502],[-122.04220172,48.15827582],[-122.04319456,48.15030463],[-122.03952431,48.14160102],[-122.03034463,48.13620551],[-122.02407022,48.13356066],[-122.01524861,48.12254178],[-122.00742797,48.11953885],[-121.99957885,48.11729275],[-121.99558716,48.1078201],[-121.98636678,48.10518338],[-121.98184611,48.10253038],[-121.9632304,48.10021512],[-121.95095013,48.10287218],[-121.93690391,48.11505887],[-121.92808637,48.10987495],[-121.91825564,48.10865424],[-121.91550906,48.11332954],[-121.91647342,48.12107286],[-121.89985559,48.1138992],[-121.89377242,48.11314236],[-121.88762008,48.11390734],[-121.8764303,48.10711209],[-121.88335575,48.09777778],[-121.88049524,48.09469347],[-121.86650192,48.0968826],[-121.86168014,48.10710395],[-121.85742396,48.10727078],[-121.85318812,48.10502875],[-121.82394009,48.1030268],[-121.8198548,48.10086209],[-121.81144009,48.09886013],[-121.80633349,48.09615424],[-121.78862923,48.09685818],[-121.78026742,48.09044542],[-121.77423714,48.09068142],[-121.76644092,48.08655545],[-121.75939747,48.08627875],[-121.75318409,48.08652289],[-121.74946909,48.07864936],[-121.73902394,48.08417508],[-121.72818817,48.07586209],[-121.72394013,48.07386013],[-121.7185731,48.07101997],[-121.70682588,48.08002875],[-121.69477347,48.0780268],[-121.69068819,48.07586209],[-121.68644014,48.07386013],[-121.6812725,48.07112576],[-121.67231661,48.07586209],[-121.65727349,48.07386013],[-121.65303765,48.07161811],[-121.64697482,48.07185818],[-121.63811252,48.06575873],[-121.62998264,48.06543321],[-121.62193821,48.06969347],[-121.60935684,48.07169542],[-121.60148331,48.07586209],[-121.59060684,48.07386013],[-121.58960587,48.07277778],[-121.58667211,48.07401069],[-121.58003963,48.07571153],[-121.57502254,48.07902778],[-121.57791561,48.08863471],[-121.58337622,48.10350288],[-121.59905818,48.11332547],[-121.61539932,48.12491401],[-121.61019912,48.13423611],[-121.61504938,48.14293159],[-121.60723688,48.1529088],[-121.60402237,48.16011095],[-121.59682022,48.16332547],[-121.59280818,48.16556342],[-121.58848689,48.16749213],[-121.5838767,48.17006375],[-121.58030818,48.17806342],[-121.57807023,48.18207547],[-121.57614152,48.18639676],[-121.5697369,48.19457547],[-121.56877254,48.22277778],[-121.56962297,48.22401069],[-121.57985245,48.22600857],[-121.59045629,48.23806505],[-121.58615128,48.24467719],[-121.59306046,48.2529617],[-121.59033422,48.25715278],[-121.59408178,48.26291043],[-121.5916892,48.26861111],[-121.59653539,48.27043403],[-121.62292291,48.26774441],[-121.62804986,48.2739171],[-121.63657851,48.27580512],[-121.64054986,48.27808377],[-121.65324517,48.27997179],[-121.65721652,48.28225043],[-121.67946179,48.28413845],[-121.68638317,48.27580512],[-121.69994111,48.2739171],[-121.70787568,48.27845812],[-121.71356415,48.27788032],[-121.71748261,48.27827908],[-121.72293915,48.27515408],[-121.72804983,48.27808377],[-121.7324118,48.27997179],[-121.73638316,48.28225043],[-121.7449118,48.28413845],[-121.75002247,48.28706814],[-121.7583558,48.28229519],[-121.76554981,48.2864171],[-121.77769987,48.28830512],[-121.78666797,48.28185167],[-121.79248258,48.28244575],[-121.7967998,48.27997179],[-121.8082744,48.27808377],[-121.81554979,48.28225043],[-121.82598273,48.28456163],[-121.84674281,48.28244575],[-121.85513311,48.27580512],[-121.86718958,48.27365668],[-121.87607223,48.27456407],[-121.88221643,48.27808377],[-121.89074507,48.27997179],[-121.89631962,48.28316596],[-121.90779422,48.28199816],[-121.91226199,48.27170356],[-121.9312724,48.27069444],[-121.94292198,48.26984402],[-121.95087282,48.26321153],[-121.96322633,48.26151069],[-121.96962281,48.26567735],[-121.97833863,48.2673782],[-121.98212281,48.26984402],[-121.99500529,48.27154487],[-122.00002238,48.27481228],[-122.00503946,48.27154487],[-122.01322631,48.26984402],[-122.01962279,48.27401069],[-122.02636921,48.27653347],[-122.03383584,48.27486111],[-122.03674111,48.26352892],[-122.0470886,48.26151069],[-122.05503945,48.2548782],[-122.0595886,48.25317735],[-122.06571652,48.24918566],[-122.06668902,48.24777778]]]]}},{"type":"Feature","properties":{"id":"16982","name":"White Chuck Area","ancestry":["12159","12218","12385","11202","15510","16974","16982"]},"geometry":{"type":"MultiPolygon","coordinates":[[[[-121.59408178,48.26291043],[-121.59033422,48.25715278],[-121.59306046,48.2529617],[-121.58615128,48.24467719],[-121.59045629,48.23806505],[-121.57985245,48.22600857],[-121.56962297,48.22401069],[-121.56877254,48.22277778],[-121.56563127,48.22392931],[-121.56155819,48.2216588],[-121.55307024,48.21973009],[-121.54489153,48.21332547],[-121.54057024,48.21139676],[-121.52822487,48.20082547],[-121.52390358,48.19889676],[-121.51779193,48.19456326],[-121.5155906,48.1947423],[-121.51155821,48.19249213],[-121.50307026,48.19056342],[-121.49905821,48.18832547],[-121.49057026,48.18639676],[-121.48655822,48.1841588],[-121.48223693,48.18223009],[-121.46877258,48.17069444],[-121.45951152,48.17810004],[-121.44261699,48.17995551],[-121.43552878,48.18412218],[-121.39053368,48.18226671],[-121.38185448,48.17893419],[-121.37617822,48.18226671],[-121.37293929,48.18319444],[-121.37081119,48.20483344],[-121.37762271,48.22100776],[-121.38870669,48.22794949],[-121.38519921,48.23423611],[-121.38864159,48.2404088],[-121.3905703,48.24473009],[-121.39697492,48.2529088],[-121.39890363,48.25723009],[-121.40114159,48.26124213],[-121.40210594,48.27277778],[-121.40304995,48.2739171],[-121.40886456,48.27643582],[-121.41138328,48.28225043],[-121.41421938,48.28719835],[-121.41331199,48.29608507],[-121.42229229,48.30742947],[-121.42614158,48.30703885],[-121.43809632,48.31700792],[-121.44054994,48.32808377],[-121.44699525,48.33622179],[-121.44888327,48.34058377],[-121.46236796,48.35586697],[-121.4699119,48.35913845],[-121.47388326,48.3614171],[-121.4824119,48.36330512],[-121.48638325,48.36558377],[-121.49074523,48.36747179],[-121.49569314,48.37030789],[-121.50490131,48.36936795],[-121.50721658,48.34872179],[-121.50949522,48.34475043],[-121.51220925,48.33250678],[-121.53127256,48.3344477],[-121.53984596,48.33357286],[-121.54585589,48.33736111],[-121.54754859,48.33295437],[-121.54468401,48.3280797],[-121.54242164,48.30988308],[-121.55125953,48.29883572],[-121.54812232,48.29350532],[-121.55928361,48.28412218],[-121.56367814,48.28226671],[-121.57178361,48.27578885],[-121.57617814,48.27393338],[-121.58181372,48.2706212],[-121.5905336,48.26953885],[-121.5916892,48.26861111],[-121.59408178,48.26291043]]]]}},{"type":"Feature","properties":{"id":"16984","name":"Aeneas-Palmer Area","ancestry":["12159","12218","12385","11202","15510","16983","16984"]},"geometry":{"type":"MultiPolygon","coordinates":[[[[-119.75210658,48.54152778],[-119.72808315,48.51549832],[-119.73227423,48.50757189],[-119.6740223,48.45086209],[-119.66560759,48.44886013],[-119.64485564,48.43002875],[-119.6406076,48.4280268],[-119.63235565,48.42169542],[-119.62527964,48.41835476],[-119.62193898,48.41127875],[-119.5905832,48.37799832],[-119.59477428,48.37007189],[-119.59254853,48.36493679],[-119.58752331,48.36027778],[-119.58009737,48.3632685],[-119.5595326,48.38228706],[-119.55509738,48.38410183],[-119.54286594,48.39478706],[-119.53843072,48.39660183],[-119.53453261,48.39895372],[-119.53009739,48.4007685],[-119.51786594,48.41145372],[-119.51227513,48.4132685],[-119.50536595,48.40910183],[-119.48310847,48.40728706],[-119.47519425,48.41206],[-119.47203263,48.41978706],[-119.46747941,48.427331],[-119.46880997,48.43631944],[-119.46757706,48.44465278],[-119.46936743,48.45677029],[-119.47203263,48.46118517],[-119.47384741,48.46562039],[-119.48036596,48.47368517],[-119.48218074,48.47812039],[-119.48453262,48.4820185],[-119.4863474,48.49062039],[-119.49158829,48.49768826],[-119.49911595,48.5007685],[-119.50883275,48.50862169],[-119.51134739,48.51782579],[-119.49051407,48.54035183],[-119.48869929,48.55728706],[-119.48414607,48.564831],[-119.48481339,48.56932319],[-119.48208715,48.57383979],[-119.48869929,48.5820185],[-119.49051407,48.58760932],[-119.4863474,48.5945185],[-119.48453262,48.59895372],[-119.46968074,48.61535183],[-119.46786596,48.62395372],[-119.45981746,48.63391466],[-119.4636993,48.64035183],[-119.46551408,48.64478706],[-119.47203263,48.65285183],[-119.47384741,48.67094265],[-119.46968074,48.67785183],[-119.46786596,48.68228706],[-119.44884742,48.70285183],[-119.44397274,48.71099799],[-119.43843075,48.7132685],[-119.4327789,48.71667833],[-119.43036598,48.72812039],[-119.42801409,48.7320185],[-119.42619931,48.74062039],[-119.41968076,48.74868517],[-119.41786598,48.75728706],[-119.40718077,48.7695185],[-119.40536599,48.78228706],[-119.40293272,48.78631944],[-119.40670469,48.79256944],[-119.40293272,48.79881944],[-119.40536599,48.80285183],[-119.40718077,48.81562039],[-119.41795957,48.8279617],[-119.41393125,48.83464301],[-119.42623187,48.84872586],[-119.42581276,48.85157416],[-119.41592914,48.85561876],[-119.41369932,48.86317084],[-119.42129209,48.87341254],[-119.435851,48.87648872],[-119.42798154,48.88622586],[-119.42840065,48.88907416],[-119.43966366,48.89368435],[-119.42801409,48.9070185],[-119.4271067,48.91236111],[-119.43836972,48.92279812],[-119.44060767,48.93219347],[-119.44933163,48.94291124],[-119.45735571,48.94669542],[-119.461441,48.94886013],[-119.46568904,48.95086209],[-119.46977433,48.9530268],[-119.4823557,48.95502875],[-119.49060765,48.96136013],[-119.4948557,48.96336209],[-119.50766494,48.97418972],[-119.51248672,48.98440294],[-119.55458875,48.98273465],[-119.56144096,48.98636013],[-119.56985567,48.98836209],[-119.57394096,48.9905268],[-119.59315075,48.99252875],[-119.60102428,48.98836209],[-119.61777232,48.98636013],[-119.6218576,48.98419542],[-119.63027231,48.98219347],[-119.63543996,48.97902778],[-119.63860564,48.97386013],[-119.6406076,48.96961209],[-119.64277231,48.9655268],[-119.64477426,48.96127875],[-119.6552723,48.94886013],[-119.65727426,48.94461209],[-119.66144092,48.93673855],[-119.65943897,48.93211209],[-119.65727426,48.9280268],[-119.65475961,48.9122309],[-119.64902231,48.90919542],[-119.63227427,48.90719347],[-119.62818898,48.90502875],[-119.61986379,48.90110216],[-119.61924123,48.8854324],[-119.62988169,48.88041124],[-119.63860564,48.86969347],[-119.64090463,48.86004178],[-119.65097543,48.8552851],[-119.65210662,48.83527778],[-119.64912403,48.83279975],[-119.64699594,48.82788845],[-119.6447173,48.8239171],[-119.64282928,48.81955512],[-119.63910206,48.81305284],[-119.64699594,48.80308377],[-119.64888396,48.77788845],[-119.65116261,48.7739171],[-119.65305063,48.76538845],[-119.65532927,48.7614171],[-119.65721729,48.75705512],[-119.6636626,48.7489171],[-119.66555062,48.74455512],[-119.66782927,48.74058377],[-119.66971729,48.73205512],[-119.68449593,48.71558377],[-119.68638395,48.70288845],[-119.68866259,48.6989171],[-119.69055061,48.66955512],[-119.69282926,48.66558377],[-119.69471728,48.65705512],[-119.69699592,48.6489171],[-119.69951464,48.63754829],[-119.70639533,48.62141873],[-119.70177294,48.61334988],[-119.70325406,48.59881944],[-119.70129686,48.57962185],[-119.71605923,48.56793972],[-119.73449591,48.56558377],[-119.73846726,48.56330512],[-119.74668666,48.56089627],[-119.75116257,48.55308377],[-119.75210658,48.54152778]]]]}},{"type":"Feature","properties":{"id":"16985","name":"Cathedral Range","ancestry":["12159","12218","12385","11202","15510","16983","16985"]},"geometry":{"type":"MultiPolygon","coordinates":[[[[-120.33035749,48.99049832],[-120.32807071,48.98639676],[-120.326142,48.9779088],[-120.32390405,48.97389676],[-120.32197534,48.9654088],[-120.31140405,48.95306342],[-120.30932886,48.92598416],[-120.30322534,48.9216588],[-120.29890405,48.91973009],[-120.29489201,48.91749213],[-120.29057072,48.91556342],[-120.27325709,48.88787788],[-120.26557073,48.87806342],[-120.25825466,48.86787869],[-120.25018988,48.86427762],[-120.24533555,48.85339708],[-120.24072537,48.85082547],[-120.23640408,48.84889676],[-120.22822537,48.84249213],[-120.22390408,48.84056342],[-120.21572538,48.8341588],[-120.20723742,48.83223009],[-120.18655872,48.81332547],[-120.18223743,48.81139676],[-120.17822539,48.8091588],[-120.17035593,48.80564724],[-120.16557077,48.79889676],[-120.16345489,48.78500515],[-120.15368927,48.78064724],[-120.14890411,48.77389676],[-120.14668243,48.76412299],[-120.14057078,48.76139676],[-120.13335643,48.75611111],[-120.13206655,48.75690457],[-120.13047964,48.76156765],[-120.11148144,48.78177436],[-120.10498323,48.7839879],[-120.10131299,48.78656765],[-120.08414991,48.78815457],[-120.08047966,48.79073432],[-120.06748325,48.79232123],[-120.063813,48.79490099],[-120.05498325,48.7964879],[-120.051313,48.79906765],[-120.04248326,48.80065457],[-120.03464634,48.80740099],[-120.02998326,48.8089879],[-120.02631301,48.81156765],[-120.0199206,48.81374457],[-120.01797968,48.82198432],[-120.01668981,48.82486111],[-120.01777216,48.82586209],[-120.01977412,48.83219347],[-120.02193883,48.83627875],[-120.02416458,48.85949653],[-120.03235549,48.86336209],[-120.0378039,48.86624702],[-120.04119745,48.88050483],[-120.05155715,48.88539171],[-120.05096714,48.90023546],[-120.05946323,48.91131131],[-120.05565871,48.91850125],[-120.06368686,48.9259394],[-120.06351596,48.93026883],[-120.05519077,48.93419542],[-120.03428013,48.95316922],[-120.03480097,48.96623074],[-120.03035354,48.98319444],[-120.03443882,48.99877875],[-120.03454546,48.99944892],[-120.03728724,48.99944721],[-120.04812103,48.99949347],[-120.05895484,48.99953871],[-120.0717595,48.99959314],[-120.08456419,48.99964615],[-120.09610225,48.99969104],[-120.10764034,48.99973477],[-120.11917844,48.99977735],[-120.13071656,48.99981878],[-120.1422547,48.99985905],[-120.15544981,48.99990383],[-120.16864494,48.9999471],[-120.1818401,48.99998886],[-120.1925483,49.00002258],[-120.20325653,49.00005531],[-120.21396476,49.00008705],[-120.22467301,49.00011779],[-120.23643756,49.00015001],[-120.24820213,49.00018104],[-120.25996671,49.00021087],[-120.2717313,49.00023949],[-120.28349591,49.00026692],[-120.29399818,49.00029039],[-120.30450047,49.0003129],[-120.31500277,49.00033446],[-120.32504482,49.00035415],[-120.32384301,48.99881944],[-120.33035749,48.99049832]]]]}},{"type":"Feature","properties":{"id":"16986","name":"Central Pasayten Area","ancestry":["12159","12218","12385","11202","15510","16983","16986"]},"geometry":{"type":"MultiPolygon","coordinates":[[[[-120.79377284,48.75819444],[-120.79060715,48.75719347],[-120.7823552,48.75086209],[-120.77810716,48.74886013],[-120.77402187,48.74669542],[-120.76977383,48.74469347],[-120.74972582,48.72670844],[-120.7426905,48.73002875],[-120.73860522,48.73219347],[-120.73435717,48.73419542],[-120.72610522,48.7405268],[-120.72185718,48.74252875],[-120.71460621,48.74636583],[-120.70735523,48.74252875],[-120.70310719,48.7405268],[-120.69068857,48.73002875],[-120.66332042,48.71711372],[-120.64804943,48.70296577],[-120.64279227,48.69302924],[-120.6520574,48.68094835],[-120.64068859,48.67169542],[-120.63644055,48.66969347],[-120.61985527,48.65502875],[-120.61065524,48.65283963],[-120.59924574,48.6405268],[-120.58019057,48.64252875],[-120.57610528,48.64469347],[-120.57185724,48.64669542],[-120.56777195,48.64886013],[-120.56352391,48.65086209],[-120.55943862,48.6530268],[-120.55102391,48.65502875],[-120.54018814,48.66334174],[-120.5323553,48.65919542],[-120.52810725,48.65719347],[-120.52402197,48.65502875],[-120.51977392,48.6530268],[-120.51568864,48.65086209],[-120.51144059,48.64886013],[-120.50735531,48.64669542],[-120.4989406,48.64469347],[-120.49485531,48.64252875],[-120.49060727,48.6405268],[-120.48652198,48.63836209],[-120.48227394,48.63636013],[-120.4780381,48.63411811],[-120.47004657,48.63443142],[-120.46144061,48.62386013],[-120.45877134,48.61819607],[-120.45310728,48.6155268],[-120.45110533,48.61127875],[-120.44793964,48.60611111],[-120.44473733,48.60754747],[-120.43672952,48.60065457],[-120.43206644,48.59906765],[-120.42839619,48.5964879],[-120.41956644,48.59490099],[-120.4158962,48.59232123],[-120.40706645,48.59073432],[-120.39506287,48.57982123],[-120.39039979,48.57823432],[-120.38672954,48.57565457],[-120.37789979,48.57406765],[-120.37422955,48.5714879],[-120.36402447,48.56965278],[-120.35706647,48.56156765],[-120.35477968,48.55484972],[-120.34506289,48.5464879],[-120.34039981,48.54490099],[-120.33797875,48.53779243],[-120.33176944,48.53343045],[-120.32697615,48.53492377],[-120.31956648,48.53240099],[-120.31589624,48.52982123],[-120.30706649,48.52823432],[-120.30339624,48.52565457],[-120.29456649,48.52406765],[-120.27839625,48.5089879],[-120.2695665,48.50740099],[-120.26589626,48.50482123],[-120.25289984,48.50323432],[-120.24922959,48.50065457],[-120.24456651,48.49906765],[-120.24089626,48.4964879],[-120.23623318,48.49490099],[-120.22839627,48.48815457],[-120.21123319,48.48656765],[-120.20756294,48.4839879],[-120.20289986,48.48240099],[-120.19922961,48.47982123],[-120.18543974,48.47902778],[-120.18462594,48.48238064],[-120.18192819,48.48631944],[-120.18620879,48.49256944],[-120.18208688,48.49859158],[-120.18045928,48.50547228],[-120.18896757,48.5154617],[-120.1846707,48.52173611],[-120.1889513,48.52798611],[-120.18625355,48.53192491],[-120.18462594,48.54904731],[-120.18208688,48.55275825],[-120.18045928,48.55738064],[-120.17792021,48.56109158],[-120.17629261,48.56571398],[-120.17375355,48.56942491],[-120.17212595,48.58029731],[-120.17085642,48.58319444],[-120.16551381,48.59035183],[-120.16369903,48.60728706],[-120.16000844,48.61340278],[-120.16379262,48.61967312],[-120.15718048,48.62785183],[-120.1553657,48.63645372],[-120.15301381,48.64035183],[-120.15119903,48.64895372],[-120.14468048,48.6570185],[-120.1428657,48.66145372],[-120.13634715,48.6695185],[-120.13453237,48.67395372],[-120.13218049,48.67785183],[-120.13036571,48.69478706],[-120.12384716,48.70285183],[-120.12203238,48.71337429],[-120.13036571,48.72368517],[-120.13218049,48.72812039],[-120.13453237,48.7320185],[-120.13634715,48.74850206],[-120.13335643,48.75611111],[-120.14057078,48.76139676],[-120.14668243,48.76412299],[-120.14890411,48.77389676],[-120.15368927,48.78064724],[-120.16345489,48.78500515],[-120.16557077,48.79889676],[-120.17035593,48.80564724],[-120.17822539,48.8091588],[-120.18223743,48.81139676],[-120.18655872,48.81332547],[-120.20723742,48.83223009],[-120.21572538,48.8341588],[-120.22390408,48.84056342],[-120.22822537,48.84249213],[-120.23640408,48.84889676],[-120.24072537,48.85082547],[-120.24533555,48.85339708],[-120.25018988,48.86427762],[-120.25825466,48.86787869],[-120.26557073,48.87806342],[-120.27325709,48.88787788],[-120.29057072,48.91556342],[-120.29489201,48.91749213],[-120.29890405,48.91973009],[-120.30322534,48.9216588],[-120.30932886,48.92598416],[-120.31140405,48.95306342],[-120.32197534,48.9654088],[-120.32390405,48.97389676],[-120.326142,48.9779088],[-120.32807071,48.98639676],[-120.33035749,48.99049832],[-120.32384301,48.99881944],[-120.32504482,49.00035415],[-120.32550508,49.00035506],[-120.33654798,49.00037478],[-120.34759088,49.00039344],[-120.35865327,49.00041287],[-120.36971568,49.00043124],[-120.38077809,49.00044854],[-120.3918405,49.00046479],[-120.40290293,49.00047997],[-120.41618221,49.00049423],[-120.4294615,49.00050697],[-120.44262216,49.00051904],[-120.45578282,49.00052961],[-120.46894349,49.00053868],[-120.48111327,49.00054568],[-120.5560833,49.00043181],[-120.55740412,48.98917182],[-120.5669256,48.97851508],[-120.57184096,48.97584581],[-120.57612156,48.97387641],[-120.58017429,48.97167914],[-120.58445489,48.96970974],[-120.59684095,48.95917914],[-120.60829114,48.95651394],[-120.61362154,48.94887641],[-120.61559094,48.94042914],[-120.61778821,48.93637641],[-120.61975761,48.92792914],[-120.62612154,48.91970974],[-120.62809094,48.91542914],[-120.6302882,48.91137641],[-120.6322576,48.90709581],[-120.63446301,48.90303494],[-120.6343328,48.90085395],[-120.63862153,48.89470974],[-120.64223075,48.88685655],[-120.65517426,48.87584581],[-120.66911062,48.87367296],[-120.68023936,48.8637283],[-120.68248545,48.85169623],[-120.68862152,48.84887641],[-120.70517424,48.83417914],[-120.71153817,48.83220974],[-120.7218409,48.82792914],[-120.7323715,48.82387641],[-120.75100756,48.80917914],[-120.75715176,48.80635525],[-120.75112149,48.79525906],[-120.75399014,48.79125109],[-120.75934089,48.78834581],[-120.76362149,48.78637641],[-120.77184088,48.78001248],[-120.77612148,48.77804308],[-120.78017421,48.77584581],[-120.78771816,48.77237901],[-120.79276373,48.76787462],[-120.79377284,48.75819444]]]]}},{"type":"Feature","properties":{"id":"16987","name":"Loup Loup Area","ancestry":["12159","12218","12385","11202","15510","16983","16987"]},"geometry":{"type":"MultiPolygon","coordinates":[[[[-120.18896757,48.5154617],[-120.18045928,48.50547228],[-120.18208688,48.49859158],[-120.18620879,48.49256944],[-120.18192819,48.48631944],[-120.18462594,48.48238064],[-120.18543974,48.47902778],[-120.17958037,48.47735135],[-120.16970082,48.46560004],[-120.16784535,48.46120551],[-120.16553415,48.45726671],[-120.16367868,48.45287218],[-120.15554067,48.43902534],[-120.16030141,48.43092801],[-120.15326202,48.42578885],[-120.14761424,48.42340847],[-120.14284536,48.41745551],[-120.13594432,48.41192573],[-120.13876007,48.40713243],[-120.12795279,48.39467312],[-120.13188752,48.3879796],[-120.11970084,48.37393338],[-120.1187731,48.37069444],[-120.11557079,48.36556342],[-120.11209179,48.35777127],[-120.10322542,48.35082547],[-120.09184847,48.34824164],[-120.08640414,48.34056342],[-120.08362907,48.33434597],[-120.06701938,48.33181505],[-120.06005324,48.32199246],[-120.0636421,48.31556342],[-120.06579461,48.2921422],[-120.07598747,48.2841588],[-120.08837761,48.28134304],[-120.0886543,48.27792914],[-120.0855293,48.27233019],[-120.09947786,48.26916043],[-120.11787385,48.24882351],[-120.1113553,48.24049832],[-120.11364208,48.23639676],[-120.11557079,48.23207547],[-120.11780875,48.22806342],[-120.11973746,48.22374213],[-120.12197541,48.21973009],[-120.12390412,48.2154088],[-120.12672801,48.21035102],[-120.11973746,48.20723009],[-120.10627311,48.19569444],[-120.0989611,48.19467312],[-120.09691846,48.19046577],[-120.09479443,48.18633979],[-120.09079053,48.17809191],[-120.08650179,48.17588243],[-120.07948682,48.17248074],[-120.07415642,48.16149034],[-120.06566847,48.1550491],[-120.05079624,48.15262804],[-120.04597447,48.14268745],[-120.02812779,48.14050646],[-120.02293981,48.13783312],[-120.01378861,48.1425491],[-120.00263952,48.13277127],[-120.0094307,48.12382351],[-120.00525182,48.11570991],[-120.00769323,48.10546007],[-120.02185338,48.10200548],[-120.02191848,48.0987991],[-120.01979446,48.09467312],[-120.01583532,48.08651476],[-120.00077591,48.07387234],[-119.98878861,48.0800491],[-119.96562782,48.07800646],[-119.96043983,48.07533312],[-119.95197629,48.0796951],[-119.94894895,48.07381944],[-119.95182981,48.06822456],[-119.94066852,48.05921577],[-119.9322945,48.05717312],[-119.92816852,48.0550491],[-119.92396117,48.05300646],[-119.91983519,48.05088243],[-119.89377319,48.04986111],[-119.89323608,48.05354763],[-119.88491089,48.06183214],[-119.87555217,48.06289008],[-119.87241089,48.06599881],[-119.86721884,48.06705675],[-119.86407756,48.07016547],[-119.85888551,48.07122342],[-119.85574423,48.07433214],[-119.85055218,48.07539008],[-119.8474109,48.07849881],[-119.83388552,48.07955675],[-119.83074424,48.08266547],[-119.81721886,48.08372342],[-119.81407758,48.08683214],[-119.80835656,48.08736111],[-119.8073922,48.08848009],[-119.7909534,48.09581651],[-119.77807092,48.09874213],[-119.76355677,48.11074978],[-119.76155888,48.12504015],[-119.77007939,48.14031114],[-119.76948124,48.14777778],[-119.7703276,48.15831651],[-119.77815637,48.16506293],[-119.78015426,48.17518256],[-119.75869023,48.19367622],[-119.74892054,48.18674669],[-119.73849981,48.17465766],[-119.72385138,48.17132921],[-119.71734503,48.17185004],[-119.71203498,48.18374376],[-119.70206184,48.17818142],[-119.69905891,48.18907416],[-119.70744921,48.20090278],[-119.70444221,48.20499213],[-119.69744351,48.19686632],[-119.69121386,48.19408719],[-119.68864225,48.18832547],[-119.68569221,48.18431342],[-119.68127327,48.18944444],[-119.68773486,48.1978144],[-119.69494921,48.2007685],[-119.70301399,48.20728706],[-119.70744921,48.20910183],[-119.71134732,48.21145372],[-119.71578254,48.2132685],[-119.7352446,48.23110297],[-119.73209926,48.23631944],[-119.73453253,48.24035183],[-119.73634731,48.24478706],[-119.7400379,48.25090278],[-119.73634731,48.2570185],[-119.73453253,48.26145372],[-119.71543667,48.28209988],[-119.69676399,48.28410183],[-119.69286588,48.28645372],[-119.68843066,48.2882685],[-119.68036588,48.29478706],[-119.67593066,48.29660183],[-119.67203255,48.29895372],[-119.65509734,48.3007685],[-119.65119923,48.30312039],[-119.64676401,48.30493517],[-119.6428659,48.30728706],[-119.63426401,48.30910183],[-119.6303659,48.31145372],[-119.62593068,48.3132685],[-119.62203257,48.31562039],[-119.61759735,48.31743517],[-119.61369924,48.31978706],[-119.60756724,48.32229763],[-119.60498749,48.33155463],[-119.60613902,48.33933865],[-119.60301402,48.3445185],[-119.60119925,48.34895372],[-119.59595836,48.35602159],[-119.5884307,48.35910183],[-119.58752331,48.36027778],[-119.59254853,48.36493679],[-119.59477428,48.37007189],[-119.5905832,48.37799832],[-119.62193898,48.41127875],[-119.62527964,48.41835476],[-119.63235565,48.42169542],[-119.6406076,48.4280268],[-119.64485564,48.43002875],[-119.66560759,48.44886013],[-119.6740223,48.45086209],[-119.73227423,48.50757189],[-119.72808315,48.51549832],[-119.75210658,48.54152778],[-119.75548792,48.54274034],[-119.76043991,48.54244331],[-119.76508672,48.54272407],[-119.78020715,48.54042101],[-119.78768599,48.5408686],[-119.79475793,48.54470974],[-119.80906863,48.54694363],[-119.81924522,48.54633735],[-119.82392458,48.54887641],[-119.83237185,48.55084581],[-119.83642458,48.55304308],[-119.84070518,48.55501248],[-119.84585654,48.55780789],[-119.85100791,48.55501248],[-119.86208782,48.55304308],[-119.8697579,48.55720974],[-119.88237183,48.55917914],[-119.89059122,48.56554308],[-119.89487182,48.56751248],[-119.89900187,48.5697545],[-119.9027128,48.56560004],[-119.90831583,48.56302843],[-119.94433876,48.56517687],[-119.98297807,48.56890408],[-119.99814734,48.57434842],[-120.00517451,48.58220974],[-120.01238887,48.58865913],[-120.02358678,48.58799181],[-120.03225784,48.59470974],[-120.03653843,48.59667914],[-120.0410469,48.59912462],[-120.04606805,48.61006619],[-120.0539131,48.61366726],[-120.07042107,48.61268256],[-120.08434115,48.60084581],[-120.08862175,48.59887641],[-120.09684114,48.59251248],[-120.10528841,48.59054308],[-120.10934114,48.58834581],[-120.12042105,48.58637641],[-120.12809113,48.59054308],[-120.13500438,48.59251248],[-120.14267446,48.58834581],[-120.14695506,48.58637641],[-120.15100779,48.58417914],[-120.15528839,48.58220974],[-120.16272654,48.57816922],[-120.17085642,48.58319444],[-120.17212595,48.58029731],[-120.17375355,48.56942491],[-120.17629261,48.56571398],[-120.17792021,48.56109158],[-120.18045928,48.55738064],[-120.18208688,48.55275825],[-120.18462594,48.54904731],[-120.18625355,48.53192491],[-120.1889513,48.52798611],[-120.1846707,48.52173611],[-120.18896757,48.5154617]]]]}},{"type":"Feature","properties":{"id":"16989","name":"North Washington Pass","ancestry":["12159","12218","12385","11202","15510","16983","16989"]},"geometry":{"type":"MultiPolygon","coordinates":[[[[-120.9125228,48.70819444],[-120.9074284,48.70495551],[-120.90006756,48.70185086],[-120.88220054,48.68226671],[-120.87902265,48.67472683],[-120.86992841,48.66745551],[-120.86228681,48.66423286],[-120.85720055,48.65726671],[-120.85534508,48.64870551],[-120.85303389,48.64476671],[-120.85117842,48.64037218],[-120.84053389,48.62810004],[-120.83723799,48.62027941],[-120.83242843,48.61745551],[-120.82490076,48.61428168],[-120.8166895,48.60402778],[-120.80807541,48.5966059],[-120.80383143,48.58710069],[-120.78030849,48.5654088],[-120.77390387,48.56139676],[-120.77197516,48.55707547],[-120.76973721,48.55306342],[-120.7678085,48.54874213],[-120.76557054,48.54473009],[-120.76205899,48.53686062],[-120.75529223,48.53206326],[-120.75110928,48.53240099],[-120.74261726,48.52057644],[-120.72679289,48.50935411],[-120.71973723,48.50723009],[-120.70627288,48.49569444],[-120.70429534,48.50194444],[-120.69068857,48.51344347],[-120.67270355,48.51913601],[-120.64706473,48.5428909],[-120.64474539,48.56227566],[-120.63860526,48.5655268],[-120.63043469,48.56938015],[-120.62810722,48.57377875],[-120.62428642,48.58187609],[-120.61777193,48.58636013],[-120.61352389,48.58836209],[-120.60527194,48.59469347],[-120.60102389,48.59669542],[-120.59620619,48.59924669],[-120.58414971,48.59876655],[-120.57231704,48.60502875],[-120.53227392,48.6030268],[-120.52818863,48.60086209],[-120.51560726,48.59886013],[-120.51152197,48.59669542],[-120.50310726,48.59469347],[-120.49695899,48.59143826],[-120.47193866,48.59044542],[-120.4708563,48.58944444],[-120.46343036,48.59243517],[-120.45953225,48.59478706],[-120.45509703,48.59660183],[-120.44967711,48.59987332],[-120.44793964,48.60611111],[-120.45110533,48.61127875],[-120.45310728,48.6155268],[-120.45877134,48.61819607],[-120.46144061,48.62386013],[-120.47004657,48.63443142],[-120.4780381,48.63411811],[-120.48227394,48.63636013],[-120.48652198,48.63836209],[-120.49060727,48.6405268],[-120.49485531,48.64252875],[-120.4989406,48.64469347],[-120.50735531,48.64669542],[-120.51144059,48.64886013],[-120.51568864,48.65086209],[-120.51977392,48.6530268],[-120.52402197,48.65502875],[-120.52810725,48.65719347],[-120.5323553,48.65919542],[-120.54018814,48.66334174],[-120.55102391,48.65502875],[-120.55943862,48.6530268],[-120.56352391,48.65086209],[-120.56777195,48.64886013],[-120.57185724,48.64669542],[-120.57610528,48.64469347],[-120.58019057,48.64252875],[-120.59924574,48.6405268],[-120.61065524,48.65283963],[-120.61985527,48.65502875],[-120.63644055,48.66969347],[-120.64068859,48.67169542],[-120.6520574,48.68094835],[-120.64279227,48.69302924],[-120.64804943,48.70296577],[-120.66332042,48.71711372],[-120.69068857,48.73002875],[-120.70310719,48.7405268],[-120.70735523,48.74252875],[-120.71460621,48.74636583],[-120.72185718,48.74252875],[-120.72610522,48.7405268],[-120.73435717,48.73419542],[-120.73860522,48.73219347],[-120.7426905,48.73002875],[-120.74972582,48.72670844],[-120.76977383,48.74469347],[-120.77402187,48.74669542],[-120.77810716,48.74886013],[-120.7823552,48.75086209],[-120.79060715,48.75719347],[-120.79377284,48.75819444],[-120.79714605,48.75740099],[-120.8008163,48.75482123],[-120.80964605,48.75323432],[-120.81331629,48.75065457],[-120.82214604,48.74906765],[-120.82973474,48.74291938],[-120.83259526,48.73451687],[-120.8388127,48.73240099],[-120.84248295,48.72982123],[-120.8513127,48.72823432],[-120.85914961,48.7214879],[-120.87214602,48.71990099],[-120.87581627,48.71732123],[-120.90131268,48.71573432],[-120.90498292,48.71315457],[-120.91065919,48.71122179],[-120.9125228,48.70819444]]]]}},{"type":"Feature","properties":{"id":"16990","name":"Snowy-Windy-Chopaka","ancestry":["12159","12218","12385","11202","15510","16983","16990"]},"geometry":{"type":"MultiPolygon","coordinates":[[[[-120.06368686,48.9259394],[-120.05565871,48.91850125],[-120.05946323,48.91131131],[-120.05096714,48.90023546],[-120.05155715,48.88539171],[-120.04119745,48.88050483],[-120.0378039,48.86624702],[-120.03235549,48.86336209],[-120.02416458,48.85949653],[-120.02193883,48.83627875],[-120.01977412,48.83219347],[-120.01777216,48.82586209],[-120.01668981,48.82486111],[-120.01352412,48.82586209],[-119.99693884,48.8405268],[-119.98435746,48.84252875],[-119.97982866,48.8449254],[-119.95960975,48.84412381],[-119.94498573,48.8471837],[-119.89894083,48.85086209],[-119.89277221,48.8530268],[-119.88089885,48.85585476],[-119.87007935,48.86752875],[-119.85727418,48.8655268],[-119.85318889,48.86336209],[-119.84060752,48.86136013],[-119.83235557,48.85502875],[-119.81977419,48.8530268],[-119.81568891,48.85086209],[-119.80310753,48.84886013],[-119.79902225,48.84669542],[-119.79060754,48.84469347],[-119.77977177,48.83638048],[-119.77193893,48.8405268],[-119.76769088,48.84252875],[-119.7636056,48.84469347],[-119.75519089,48.84669542],[-119.74731735,48.85086209],[-119.7239409,48.84886013],[-119.71970506,48.84661811],[-119.71199836,48.84692329],[-119.70727424,48.84469347],[-119.69902229,48.83836209],[-119.69477424,48.83636013],[-119.68879687,48.83319444],[-119.66043995,48.83431749],[-119.65541065,48.83411811],[-119.65210662,48.83527778],[-119.65097543,48.8552851],[-119.64090463,48.86004178],[-119.63860564,48.86969347],[-119.62988169,48.88041124],[-119.61924123,48.8854324],[-119.61986379,48.90110216],[-119.62818898,48.90502875],[-119.63227427,48.90719347],[-119.64902231,48.90919542],[-119.65475961,48.9122309],[-119.65727426,48.9280268],[-119.65943897,48.93211209],[-119.66144092,48.93673855],[-119.65727426,48.94461209],[-119.6552723,48.94886013],[-119.64477426,48.96127875],[-119.64277231,48.9655268],[-119.6406076,48.96961209],[-119.63860564,48.97386013],[-119.63543996,48.97902778],[-119.65310759,48.99469347],[-119.65943897,48.99669542],[-119.65989291,49.00010643],[-119.66631897,49.00010762],[-119.67845509,49.0001086],[-119.6905912,49.0001083],[-119.70103587,49.00010957],[-119.71105082,49.00011033],[-119.72106577,49.00011022],[-119.73108072,49.00010924],[-119.74417933,49.00009457],[-119.75727792,49.00007842],[-119.76793903,49.00006379],[-119.77860013,49.00004818],[-119.78926122,49.00003158],[-119.80266286,49.00000867],[-119.81606449,48.99998421],[-119.8294661,48.99995819],[-119.8428677,48.99993062],[-119.85500844,48.99990463],[-119.86714916,48.99987737],[-119.87928987,48.99984884],[-119.89089579,48.99982052],[-119.9025017,48.99979104],[-119.91410759,48.9997604],[-119.92571347,48.99972858],[-119.93731933,48.9996956],[-119.94532109,48.99967296],[-119.95702398,48.99963708],[-119.96872685,48.99960001],[-119.9804297,48.99956176],[-119.99146731,48.99952601],[-120.0025049,48.9994892],[-120.0134409,48.99947275],[-120.0243769,48.99945526],[-120.03454546,48.99944892],[-120.03443882,48.99877875],[-120.03035354,48.98319444],[-120.03480097,48.96623074],[-120.03428013,48.95316922],[-120.05519077,48.93419542],[-120.06351596,48.93026883],[-120.06368686,48.9259394]]]]}},{"type":"Feature","properties":{"id":"16991","name":"Tiffany Range","ancestry":["12159","12218","12385","11202","15510","16983","16991"]},"geometry":{"type":"MultiPolygon","coordinates":[[[[-120.17085642,48.58319444],[-120.16272654,48.57816922],[-120.15528839,48.58220974],[-120.15100779,48.58417914],[-120.14695506,48.58637641],[-120.14267446,48.58834581],[-120.13500438,48.59251248],[-120.12809113,48.59054308],[-120.12042105,48.58637641],[-120.10934114,48.58834581],[-120.10528841,48.59054308],[-120.09684114,48.59251248],[-120.08862175,48.59887641],[-120.08434115,48.60084581],[-120.07042107,48.61268256],[-120.0539131,48.61366726],[-120.04606805,48.61006619],[-120.0410469,48.59912462],[-120.03653843,48.59667914],[-120.03225784,48.59470974],[-120.02358678,48.58799181],[-120.01238887,48.58865913],[-120.00517451,48.58220974],[-119.99814734,48.57434842],[-119.98297807,48.56890408],[-119.94433876,48.56517687],[-119.90831583,48.56302843],[-119.9027128,48.56560004],[-119.89900187,48.5697545],[-119.89487182,48.56751248],[-119.89059122,48.56554308],[-119.88237183,48.55917914],[-119.8697579,48.55720974],[-119.86208782,48.55304308],[-119.85100791,48.55501248],[-119.84585654,48.55780789],[-119.84070518,48.55501248],[-119.83642458,48.55304308],[-119.83237185,48.55084581],[-119.82392458,48.54887641],[-119.81924522,48.54633735],[-119.80906863,48.54694363],[-119.79475793,48.54470974],[-119.78768599,48.5408686],[-119.78020715,48.54042101],[-119.76508672,48.54272407],[-119.76043991,48.54244331],[-119.75548792,48.54274034],[-119.75210658,48.54152778],[-119.75116257,48.55308377],[-119.74668666,48.56089627],[-119.73846726,48.56330512],[-119.73449591,48.56558377],[-119.71605923,48.56793972],[-119.70129686,48.57962185],[-119.70325406,48.59881944],[-119.70177294,48.61334988],[-119.70639533,48.62141873],[-119.69951464,48.63754829],[-119.69699592,48.6489171],[-119.69471728,48.65705512],[-119.69282926,48.66558377],[-119.69055061,48.66955512],[-119.68866259,48.6989171],[-119.68638395,48.70288845],[-119.68449593,48.71558377],[-119.66971729,48.73205512],[-119.66782927,48.74058377],[-119.66555062,48.74455512],[-119.6636626,48.7489171],[-119.65721729,48.75705512],[-119.65532927,48.7614171],[-119.65305063,48.76538845],[-119.65116261,48.7739171],[-119.64888396,48.77788845],[-119.64699594,48.80308377],[-119.63910206,48.81305284],[-119.64282928,48.81955512],[-119.6447173,48.8239171],[-119.64699594,48.82788845],[-119.64912403,48.83279975],[-119.65210662,48.83527778],[-119.65541065,48.83411811],[-119.66043995,48.83431749],[-119.68879687,48.83319444],[-119.69477424,48.83636013],[-119.69902229,48.83836209],[-119.70727424,48.84469347],[-119.71199836,48.84692329],[-119.71970506,48.84661811],[-119.7239409,48.84886013],[-119.74731735,48.85086209],[-119.75519089,48.84669542],[-119.7636056,48.84469347],[-119.76769088,48.84252875],[-119.77193893,48.8405268],[-119.77977177,48.83638048],[-119.79060754,48.84469347],[-119.79902225,48.84669542],[-119.80310753,48.84886013],[-119.81568891,48.85086209],[-119.81977419,48.8530268],[-119.83235557,48.85502875],[-119.84060752,48.86136013],[-119.85318889,48.86336209],[-119.85727418,48.8655268],[-119.87007935,48.86752875],[-119.88089885,48.85585476],[-119.89277221,48.8530268],[-119.89894083,48.85086209],[-119.94498573,48.8471837],[-119.95960975,48.84412381],[-119.97982866,48.8449254],[-119.98435746,48.84252875],[-119.99693884,48.8405268],[-120.01352412,48.82586209],[-120.01668981,48.82486111],[-120.01797968,48.82198432],[-120.0199206,48.81374457],[-120.02631301,48.81156765],[-120.02998326,48.8089879],[-120.03464634,48.80740099],[-120.04248326,48.80065457],[-120.051313,48.79906765],[-120.05498325,48.7964879],[-120.063813,48.79490099],[-120.06748325,48.79232123],[-120.08047966,48.79073432],[-120.08414991,48.78815457],[-120.10131299,48.78656765],[-120.10498323,48.7839879],[-120.11148144,48.78177436],[-120.13047964,48.76156765],[-120.13206655,48.75690457],[-120.13335643,48.75611111],[-120.13634715,48.74850206],[-120.13453237,48.7320185],[-120.13218049,48.72812039],[-120.13036571,48.72368517],[-120.12203238,48.71337429],[-120.12384716,48.70285183],[-120.13036571,48.69478706],[-120.13218049,48.67785183],[-120.13453237,48.67395372],[-120.13634715,48.6695185],[-120.1428657,48.66145372],[-120.14468048,48.6570185],[-120.15119903,48.64895372],[-120.15301381,48.64035183],[-120.1553657,48.63645372],[-120.15718048,48.62785183],[-120.16379262,48.61967312],[-120.16000844,48.61340278],[-120.16369903,48.60728706],[-120.16551381,48.59035183],[-120.17085642,48.58319444]]]]}},{"type":"Feature","properties":{"id":"16993","name":"Bacon-Blum-Triumph Area","ancestry":["12159","12218","12385","11202","15510","16992","16993"]},"geometry":{"type":"MultiPolygon","coordinates":[[[[-121.74475718,48.54109239],[-121.74278778,48.53417914],[-121.72531952,48.53183946],[-121.71972056,48.52382758],[-121.72392385,48.51609239],[-121.72139293,48.50987495],[-121.71559052,48.50720974],[-121.71043915,48.50441433],[-121.70528779,48.50720974],[-121.69684053,48.50917914],[-121.68925183,48.51330105],[-121.68543916,48.51352892],[-121.6812725,48.51327664],[-121.67474581,48.51366726],[-121.66618461,48.5097366],[-121.65517388,48.49679308],[-121.65231743,48.48452908],[-121.63859267,48.48208767],[-121.62085586,48.48319444],[-121.6164125,48.48816678],[-121.58439754,48.48625841],[-121.58023087,48.48650662],[-121.57571834,48.48623806],[-121.56778784,48.49054308],[-121.55100725,48.49251248],[-121.54695452,48.49470974],[-121.54267392,48.49667914],[-121.53799456,48.49921821],[-121.52988503,48.49873806],[-121.52085589,48.50364122],[-121.51252256,48.49911241],[-121.50418923,48.50364122],[-121.49774799,48.50014187],[-121.48771382,48.50791368],[-121.47875386,48.50304308],[-121.46846334,48.5059687],[-121.46348287,48.51514025],[-121.46385315,48.52140652],[-121.45528789,48.52804308],[-121.43850729,48.53001248],[-121.43335593,48.53319444],[-121.4197573,48.54876248],[-121.4177879,48.55720974],[-121.40725731,48.56959581],[-121.40348127,48.58181912],[-121.39695458,48.58637641],[-121.38434065,48.58834581],[-121.38028792,48.59054308],[-121.37243473,48.59415229],[-121.36142399,48.60709581],[-121.35928776,48.61400906],[-121.34278793,48.62804308],[-121.330174,48.63001248],[-121.32612127,48.63220974],[-121.32184067,48.63417914],[-121.31362127,48.64054308],[-121.30934068,48.64251248],[-121.29695461,48.65304308],[-121.29267402,48.65501248],[-121.27195462,48.67387641],[-121.26877266,48.67486111],[-121.26968005,48.67812039],[-121.27203193,48.6820185],[-121.27384671,48.69478706],[-121.30119859,48.72368517],[-121.30301337,48.72812039],[-121.30744859,48.72993517],[-121.3113467,48.73228706],[-121.33244858,48.73410183],[-121.34164454,48.74153185],[-121.34468002,48.74895372],[-121.35536524,48.76118517],[-121.35718001,48.76978706],[-121.36354801,48.77470242],[-121.36551334,48.78853706],[-121.36904117,48.79438422],[-121.37390771,48.80627794],[-121.37631656,48.81492459],[-121.38244856,48.81743517],[-121.38634667,48.81978706],[-121.40328188,48.82160183],[-121.40717999,48.82395372],[-121.4187726,48.82486111],[-121.4220685,48.82399034],[-121.42589337,48.82156521],[-121.43456849,48.81982368],[-121.43839336,48.81739855],[-121.45123515,48.81565701],[-121.45830709,48.81116889],[-121.46511047,48.80167589],[-121.47206848,48.79899034],[-121.47589335,48.79656521],[-121.48873514,48.79482368],[-121.49256001,48.79239855],[-121.49706847,48.79065701],[-121.50089334,48.78823188],[-121.5054018,48.78649034],[-121.50922667,48.78406521],[-121.53040179,48.78232368],[-121.54248268,48.77191922],[-121.54464332,48.76114855],[-121.55540178,48.74899034],[-121.55790422,48.74250434],[-121.58040177,48.74065701],[-121.58422664,48.73823188],[-121.5887351,48.73649034],[-121.59613256,48.7317947],[-121.60701716,48.73394721],[-121.61339329,48.72989855],[-121.64290175,48.72815701],[-121.64672661,48.72573188],[-121.65123508,48.72399034],[-121.65849419,48.71844835],[-121.66130994,48.71114855],[-121.66373507,48.70732368],[-121.66547661,48.69864855],[-121.66790174,48.69482368],[-121.66964327,48.67364855],[-121.6720684,48.66982368],[-121.67380994,48.66531521],[-121.67623507,48.66149034],[-121.6779766,48.65698188],[-121.68257865,48.65095567],[-121.69706839,48.64899034],[-121.70002249,48.64777778],[-121.70119844,48.64478706],[-121.70301321,48.6320185],[-121.70953177,48.62395372],[-121.71134654,48.6195185],[-121.71369843,48.61562039],[-121.71551321,48.61118517],[-121.7178651,48.60728706],[-121.71967987,48.60285183],[-121.72379364,48.59603217],[-121.72164521,48.58149767],[-121.72619843,48.57395372],[-121.7280132,48.5695185],[-121.72918915,48.56861111],[-121.73862111,48.55720974],[-121.74059051,48.54876248],[-121.74475718,48.54109239]]]]}},{"type":"Feature","properties":{"id":"16994","name":"Baker-Shuksan Massif","ancestry":["12159","12218","12385","11202","15510","16992","16994"]},"geometry":{"type":"MultiPolygon","coordinates":[[[[-122.15418898,48.83736111],[-122.14903762,48.83417914],[-122.14105829,48.83051297],[-122.13642369,48.82387641],[-122.13445429,48.81959581],[-122.13225703,48.81554308],[-122.12980341,48.79980821],[-122.12403763,48.79667914],[-122.11690059,48.79339952],[-122.11296586,48.78483426],[-122.10725704,48.78220974],[-122.09888302,48.77572374],[-122.09358923,48.77603706],[-122.06142372,48.77387641],[-122.05674436,48.77133735],[-122.045579,48.7720006],[-122.04059039,48.76970974],[-122.03653766,48.76751248],[-122.03225706,48.76554308],[-122.02466836,48.76142117],[-122.02189737,48.76125841],[-122.01976521,48.76138455],[-122.01252237,48.75744575],[-122.00418904,48.76197456],[-121.99903768,48.75917914],[-121.98225708,48.75720974],[-121.97466838,48.75308784],[-121.97189739,48.75292508],[-121.9660136,48.75327501],[-121.96153769,48.75084581],[-121.95309043,48.74887641],[-121.9490377,48.74667914],[-121.9447571,48.74470974],[-121.93444623,48.73625434],[-121.92475792,48.73683214],[-121.91987104,48.73417914],[-121.91142378,48.73220974],[-121.90737105,48.73001248],[-121.89475712,48.72804308],[-121.89070438,48.72584581],[-121.88642379,48.72387641],[-121.88237105,48.72167914],[-121.87809046,48.71970974],[-121.87088017,48.70732775],[-121.85056768,48.70260362],[-121.83161424,48.69425808],[-121.82392788,48.69471788],[-121.82061978,48.69101508],[-121.81570441,48.68834581],[-121.80309049,48.68637641],[-121.79903775,48.68417914],[-121.79059049,48.68220974],[-121.78653776,48.68001248],[-121.74892384,48.67804308],[-121.74465545,48.67572781],[-121.73656219,48.67620795],[-121.73552053,48.6587519],[-121.73916229,48.65205024],[-121.73225718,48.64887641],[-121.7245871,48.64470974],[-121.70934052,48.64667914],[-121.70240693,48.65044705],[-121.70002249,48.64777778],[-121.69706839,48.64899034],[-121.68257865,48.65095567],[-121.6779766,48.65698188],[-121.67623507,48.66149034],[-121.67380994,48.66531521],[-121.6720684,48.66982368],[-121.66964327,48.67364855],[-121.66790174,48.69482368],[-121.66547661,48.69864855],[-121.66373507,48.70732368],[-121.66130994,48.71114855],[-121.65849419,48.71844835],[-121.65123508,48.72399034],[-121.64672661,48.72573188],[-121.64290175,48.72815701],[-121.61339329,48.72989855],[-121.60701716,48.73394721],[-121.59613256,48.7317947],[-121.5887351,48.73649034],[-121.58422664,48.73823188],[-121.58040177,48.74065701],[-121.55790422,48.74250434],[-121.55540178,48.74899034],[-121.54464332,48.76114855],[-121.54248268,48.77191922],[-121.53040179,48.78232368],[-121.50922667,48.78406521],[-121.5054018,48.78649034],[-121.50089334,48.78823188],[-121.49706847,48.79065701],[-121.49256001,48.79239855],[-121.48873514,48.79482368],[-121.47589335,48.79656521],[-121.47206848,48.79899034],[-121.46511047,48.80167589],[-121.45830709,48.81116889],[-121.45123515,48.81565701],[-121.43839336,48.81739855],[-121.43456849,48.81982368],[-121.42589337,48.82156521],[-121.4220685,48.82399034],[-121.4187726,48.82486111],[-121.41766176,48.83428087],[-121.42523012,48.8440465],[-121.43791322,48.84699653],[-121.45495423,48.87047472],[-121.45627259,48.89152778],[-121.45945455,48.89054308],[-121.46350728,48.88834581],[-121.46778788,48.88637641],[-121.47184061,48.88417914],[-121.48028788,48.88220974],[-121.48434061,48.88001248],[-121.49233621,48.87804308],[-121.50339578,48.88661648],[-121.52136452,48.88554226],[-121.53225726,48.88845974],[-121.55112118,48.89042914],[-121.55725725,48.89470974],[-121.56570451,48.89667914],[-121.57809057,48.90720974],[-121.58237117,48.90917914],[-121.5864239,48.91137641],[-121.61000381,48.91334581],[-121.61767389,48.90917914],[-121.63028782,48.90720974],[-121.63850722,48.90084581],[-121.64695448,48.89887641],[-121.65100721,48.89667914],[-121.65893364,48.8942296],[-121.66559054,48.89887641],[-121.66987114,48.90084581],[-121.67392387,48.90304308],[-121.68237113,48.90501248],[-121.68642386,48.90720974],[-121.70583711,48.90917914],[-121.71350719,48.90501248],[-121.74125376,48.90304308],[-121.74892384,48.90720974],[-121.75320444,48.90917914],[-121.75725717,48.91137641],[-121.79333707,48.91334581],[-121.80100715,48.90917914],[-121.80599576,48.90688829],[-121.84344285,48.90911811],[-121.85100713,48.90501248],[-121.87042038,48.90304308],[-121.87918909,48.90780789],[-121.88537805,48.90444689],[-121.89793908,48.90519558],[-121.90210575,48.90494331],[-121.90627241,48.90519558],[-121.91944786,48.90441026],[-121.92600711,48.90084581],[-121.93445437,48.89887641],[-121.94168907,48.89494575],[-121.95016888,48.89955594],[-121.96356406,48.89875841],[-121.97101848,48.89920193],[-121.97809042,48.90304308],[-121.98445435,48.90501248],[-121.98850708,48.90720974],[-121.99903768,48.90917914],[-122.01142374,48.91970974],[-122.01570434,48.92167914],[-122.01975707,48.92387641],[-122.02820433,48.92584581],[-122.03225706,48.92804308],[-122.03917031,48.93001248],[-122.04684039,48.92584581],[-122.05112099,48.92387641],[-122.05517372,48.92167914],[-122.07195431,48.91970974],[-122.08017371,48.91334581],[-122.08862098,48.91137641],[-122.09267371,48.90917914],[-122.1094543,48.90720974],[-122.11350703,48.90501248],[-122.13445429,48.90304308],[-122.15054722,48.88900906],[-122.15309035,48.87737983],[-122.14892369,48.86970974],[-122.14677118,48.85819851],[-122.14714146,48.8520421],[-122.15112095,48.84470974],[-122.15418898,48.83736111]]]]}},{"type":"Feature","properties":{"id":"16995","name":"Border Ranges","ancestry":["12159","12218","12385","11202","15510","16992","16995"]},"geometry":{"type":"MultiPolygon","coordinates":[[[[-122.29666126,48.8688878],[-122.28685495,48.85484972],[-122.27362253,48.84302517],[-122.26559031,48.84054308],[-122.26081736,48.83795112],[-122.26252228,48.83319444],[-122.25723663,48.83223009],[-122.25322459,48.82999213],[-122.24056997,48.82806342],[-122.23324576,48.82397814],[-122.23023062,48.823734],[-122.22444856,48.82420193],[-122.21989127,48.8216588],[-122.21140332,48.81973009],[-122.20072217,48.81089627],[-122.19265332,48.81332547],[-122.18447462,48.81973009],[-122.18015333,48.8216588],[-122.17614129,48.82389676],[-122.16765333,48.82582547],[-122.15418898,48.83736111],[-122.15112095,48.84470974],[-122.14714146,48.8520421],[-122.14677118,48.85819851],[-122.14892369,48.86970974],[-122.15309035,48.87737983],[-122.15054722,48.88900906],[-122.13445429,48.90304308],[-122.11350703,48.90501248],[-122.1094543,48.90720974],[-122.09267371,48.90917914],[-122.08862098,48.91137641],[-122.08017371,48.91334581],[-122.07195431,48.91970974],[-122.05517372,48.92167914],[-122.05112099,48.92387641],[-122.04684039,48.92584581],[-122.03917031,48.93001248],[-122.03225706,48.92804308],[-122.02820433,48.92584581],[-122.01975707,48.92387641],[-122.01570434,48.92167914],[-122.01142374,48.91970974],[-121.99903768,48.90917914],[-121.98850708,48.90720974],[-121.98445435,48.90501248],[-121.97809042,48.90304308],[-121.97101848,48.89920193],[-121.96356406,48.89875841],[-121.95016888,48.89955594],[-121.94168907,48.89494575],[-121.93445437,48.89887641],[-121.92600711,48.90084581],[-121.91944786,48.90441026],[-121.90627241,48.90519558],[-121.90210575,48.90494331],[-121.89793908,48.90519558],[-121.88537805,48.90444689],[-121.87918909,48.90780789],[-121.87042038,48.90304308],[-121.85100713,48.90501248],[-121.84344285,48.90911811],[-121.80599576,48.90688829],[-121.80100715,48.90917914],[-121.79333707,48.91334581],[-121.75725717,48.91137641],[-121.75320444,48.90917914],[-121.74892384,48.90720974],[-121.74125376,48.90304308],[-121.71350719,48.90501248],[-121.70583711,48.90917914],[-121.68642386,48.90720974],[-121.68237113,48.90501248],[-121.67392387,48.90304308],[-121.66987114,48.90084581],[-121.66559054,48.89887641],[-121.65893364,48.8942296],[-121.65100721,48.89667914],[-121.64695448,48.89887641],[-121.63850722,48.90084581],[-121.63028782,48.90720974],[-121.61767389,48.90917914],[-121.61000381,48.91334581],[-121.5864239,48.91137641],[-121.58237117,48.90917914],[-121.57809057,48.90720974],[-121.56570451,48.89667914],[-121.55725725,48.89470974],[-121.55112118,48.89042914],[-121.53225726,48.88845974],[-121.52136452,48.88554226],[-121.50339578,48.88661648],[-121.49233621,48.87804308],[-121.48434061,48.88001248],[-121.48028788,48.88220974],[-121.47184061,48.88417914],[-121.46778788,48.88637641],[-121.46350728,48.88834581],[-121.45945455,48.89054308],[-121.45627259,48.89152778],[-121.43862123,48.90720974],[-121.43434063,48.90917914],[-121.42612123,48.91554308],[-121.42293927,48.91652778],[-121.42114483,48.92233832],[-121.4135073,48.92584581],[-121.40528791,48.93220974],[-121.39915184,48.93502957],[-121.39695458,48.94679308],[-121.39475731,48.95292914],[-121.39278791,48.96137641],[-121.39059065,48.96542914],[-121.38862125,48.97582954],[-121.40528791,48.99459581],[-121.4064955,48.9997755],[-121.409,48.99975824],[-121.409,48.99994859],[-121.41576435,48.999945],[-121.42551917,48.99991116],[-121.43527399,48.99987649],[-121.44502879,48.999841],[-121.45497791,48.99980326],[-121.46492702,48.99976466],[-121.47487612,48.99972521],[-121.48608294,48.99967986],[-121.49728973,48.99963343],[-121.51038587,48.99957699],[-121.52348199,48.99951907],[-121.52699238,48.99951246],[-121.54030538,48.99943357],[-121.55361834,48.99935314],[-121.56693125,48.99927118],[-121.57844282,48.99920018],[-121.58995436,48.99912803],[-121.60146586,48.99905473],[-121.61297733,48.99898029],[-121.62156396,48.99887842],[-121.63015055,48.99877592],[-121.642693,48.99860911],[-121.65523536,48.99844093],[-121.66777764,48.9982714],[-121.67999055,48.99811332],[-121.69220339,48.99795395],[-121.695,48.99791716],[-121.695,48.99778676],[-121.7156331,48.99764453],[-121.71662882,48.99763133],[-121.72884141,48.99746808],[-121.74105393,48.99730354],[-121.75071264,48.99730214],[-121.75956015,48.9973035],[-121.77220214,48.99751247],[-121.78484423,48.99772006],[-121.79748642,48.99792627],[-121.81012872,48.99813109],[-121.82362884,48.99834855],[-121.83712908,48.99856442],[-121.85062943,48.99877872],[-121.86274646,48.99896956],[-121.87486359,48.99915912],[-121.8869808,48.99934742],[-121.89909811,48.99953443],[-121.9112155,48.99972018],[-121.92333299,48.99990466],[-121.92963942,49.0],[-121.94143953,49.0],[-121.9494742,49.00010988],[-121.97153467,49.00041158],[-121.98862352,49.00064529],[-122.07043114,49.00176409],[-122.098357,49.002146],[-122.13663743,49.00223324],[-122.13693968,49.00223393],[-122.14493769,49.00225215],[-122.15649747,49.0022785],[-122.15720819,49.00182644],[-122.1723978,48.99829047],[-122.19892367,48.98626248],[-122.20737093,48.98429308],[-122.23023876,48.97423041],[-122.24098501,48.97172797],[-122.2464619,48.96560004],[-122.25454295,48.96189317],[-122.2674824,48.95888211],[-122.27695098,48.9522659],[-122.27562855,48.93006944],[-122.27626739,48.91937202],[-122.28908477,48.89162543],[-122.29267363,48.88001248],[-122.29666126,48.8688878]]]]}},{"type":"Feature","properties":{"id":"16997","name":"Custer-Chilliwack Group","ancestry":["12159","12218","12385","11202","15510","16992","16997"]},"geometry":{"type":"MultiPolygon","coordinates":[[[[-121.42293927,48.91652778],[-121.42195457,48.90709581],[-121.4197573,48.90304308],[-121.4177879,48.89459581],[-121.41559064,48.89054308],[-121.41332827,48.88083035],[-121.40725731,48.87804308],[-121.40044578,48.87434435],[-121.38596418,48.88036648],[-121.34892399,48.87804308],[-121.33255844,48.8745478],[-121.32612127,48.87804308],[-121.31767401,48.88001248],[-121.31362127,48.88220974],[-121.30934068,48.88417914],[-121.30112128,48.89054308],[-121.27600736,48.89251248],[-121.27195462,48.89470974],[-121.25517403,48.89667914],[-121.2511213,48.89887641],[-121.2468407,48.90084581],[-121.2386213,48.90720974],[-121.21350738,48.90917914],[-121.20841705,48.911942],[-121.19612051,48.91120958],[-121.18017406,48.91334581],[-121.17612133,48.91554308],[-121.16767406,48.91751248],[-121.16000398,48.92167914],[-121.11142409,48.91970974],[-121.10418939,48.91577908],[-121.09333734,48.92167914],[-121.0864241,48.91970974],[-121.08237136,48.91751248],[-121.0739241,48.91554308],[-121.06987137,48.91334581],[-121.06460607,48.91236111],[-121.06156245,48.91479845],[-121.05951167,48.92078396],[-121.06367834,48.92787218],[-121.0655338,48.93226671],[-121.07201167,48.94037218],[-121.07386713,48.94476671],[-121.08867833,48.96120551],[-121.0905338,48.96560004],[-121.09709304,48.97380317],[-121.09470046,48.97787218],[-121.09161208,48.98520047],[-121.0842838,48.98828885],[-121.080345,48.99060004],[-121.07448156,48.99306993],[-121.07201167,48.99893338],[-121.07125762,49.00021844],[-121.0732529,49.00021869],[-121.08388171,49.00021908],[-121.09451053,49.00021849],[-121.09495096,49.0002189],[-121.10695583,49.00026622],[-121.11896071,49.00031229],[-121.13096562,49.00035712],[-121.14297055,49.00040069],[-121.1549755,49.00044301],[-121.16806773,49.00048932],[-121.18116,49.00053414],[-121.19425228,49.00057747],[-121.20564284,49.00061983],[-121.21703342,49.00066107],[-121.22842402,49.00070118],[-121.23981464,49.00074016],[-121.24941204,49.00077206],[-121.251244,49.000167],[-121.256933,49.000088],[-121.34225003,49.00081698],[-121.34587276,49.00076862],[-121.35587283,49.00063417],[-121.38799568,49.0],[-121.40163508,49.0],[-121.40510871,48.99995066],[-121.406,48.99995019],[-121.406,48.99977892],[-121.4064955,48.9997755],[-121.40528791,48.99459581],[-121.38862125,48.97582954],[-121.39059065,48.96542914],[-121.39278791,48.96137641],[-121.39475731,48.95292914],[-121.39695458,48.94679308],[-121.39915184,48.93502957],[-121.40528791,48.93220974],[-121.4135073,48.92584581],[-121.42114483,48.92233832],[-121.42293927,48.91652778]]]]}},{"type":"Feature","properties":{"id":"16999","name":"Picket Range","ancestry":["12159","12218","12385","11202","15510","16992","16999"]},"geometry":{"type":"MultiPolygon","coordinates":[[[[-121.45627259,48.89152778],[-121.45495423,48.87047472],[-121.43791322,48.84699653],[-121.42523012,48.8440465],[-121.41766176,48.83428087],[-121.4187726,48.82486111],[-121.40717999,48.82395372],[-121.40328188,48.82160183],[-121.38634667,48.81978706],[-121.38244856,48.81743517],[-121.37631656,48.81492459],[-121.37390771,48.80627794],[-121.36904117,48.79438422],[-121.36551334,48.78853706],[-121.36354801,48.77470242],[-121.35718001,48.76978706],[-121.35536524,48.76118517],[-121.34468002,48.74895372],[-121.34164454,48.74153185],[-121.33244858,48.73410183],[-121.3113467,48.73228706],[-121.30744859,48.72993517],[-121.30301337,48.72812039],[-121.30119859,48.72368517],[-121.27384671,48.69478706],[-121.27203193,48.6820185],[-121.26968005,48.67812039],[-121.26877266,48.67486111],[-121.25446195,48.67367296],[-121.24097319,48.67613064],[-121.23786854,48.68979031],[-121.22598703,48.69249213],[-121.22197499,48.69473009],[-121.2176537,48.6966588],[-121.21364166,48.69889676],[-121.19682038,48.70082547],[-121.19280833,48.70306342],[-121.18015371,48.70499213],[-121.17614167,48.70723009],[-121.16765372,48.7091588],[-121.16364168,48.71139676],[-121.15932039,48.71332547],[-121.15199617,48.71741075],[-121.14732902,48.7177851],[-121.13860507,48.71540066],[-121.12185296,48.71674344],[-121.11572503,48.71332547],[-121.10418939,48.71236111],[-121.10011224,48.71745551],[-121.09470046,48.71560004],[-121.08943109,48.71250353],[-121.080345,48.71976671],[-121.07448156,48.7222366],[-121.07068924,48.73124539],[-121.06128169,48.73876899],[-121.05002274,48.73736111],[-121.04795976,48.74035183],[-121.04253984,48.7423782],[-121.03875566,48.74484402],[-121.03183834,48.74743191],[-121.02625566,48.75514676],[-121.03364905,48.76468859],[-121.04273922,48.76809028],[-121.04462317,48.78234402],[-121.04708899,48.7861282],[-121.04878983,48.80889838],[-121.04462317,48.81529487],[-121.04292232,48.81984402],[-121.03628984,48.82779487],[-121.03458899,48.83234402],[-121.03212317,48.8361282],[-121.03042233,48.84484402],[-121.02564938,48.85217231],[-121.02762692,48.86100613],[-121.03042233,48.86529487],[-121.03212317,48.86984402],[-121.05958898,48.8986282],[-121.06128983,48.90317735],[-121.06375565,48.90696153],[-121.06460607,48.91236111],[-121.06987137,48.91334581],[-121.0739241,48.91554308],[-121.08237136,48.91751248],[-121.0864241,48.91970974],[-121.09333734,48.92167914],[-121.10418939,48.91577908],[-121.11142409,48.91970974],[-121.16000398,48.92167914],[-121.16767406,48.91751248],[-121.17612133,48.91554308],[-121.18017406,48.91334581],[-121.19612051,48.91120958],[-121.20841705,48.911942],[-121.21350738,48.90917914],[-121.2386213,48.90720974],[-121.2468407,48.90084581],[-121.2511213,48.89887641],[-121.25517403,48.89667914],[-121.27195462,48.89470974],[-121.27600736,48.89251248],[-121.30112128,48.89054308],[-121.30934068,48.88417914],[-121.31362127,48.88220974],[-121.31767401,48.88001248],[-121.32612127,48.87804308],[-121.33255844,48.8745478],[-121.34892399,48.87804308],[-121.38596418,48.88036648],[-121.40044578,48.87434435],[-121.40725731,48.87804308],[-121.41332827,48.88083035],[-121.41559064,48.89054308],[-121.4177879,48.89459581],[-121.4197573,48.90304308],[-121.42195457,48.90709581],[-121.42293927,48.91652778],[-121.42612123,48.91554308],[-121.43434063,48.90917914],[-121.43862123,48.90720974],[-121.45627259,48.89152778]]]]}},{"type":"Feature","properties":{"id":"17001","name":"Twin Sisters-Foothills","ancestry":["12159","12218","12385","11202","15510","16992","17001"]},"geometry":{"type":"MultiPolygon","coordinates":[[[[-122.50727316,48.66189317],[-122.50667811,48.66047398],[-122.503494,48.656666],[-122.500308,48.656163],[-122.49399,48.651596],[-122.48879395,48.64540487],[-122.486878,48.643122],[-122.47741,48.637365],[-122.46425,48.625717],[-122.448702,48.622624],[-122.44424,48.618225],[-122.444787,48.615126],[-122.442581,48.614634],[-122.438198,48.613084],[-122.433901,48.608576],[-122.432374,48.60454],[-122.425271,48.599522],[-122.42633432,48.59802158],[-122.42036727,48.59520616],[-122.40063664,48.57809191],[-122.388983,48.57763211],[-122.38235459,48.58219347],[-122.37227972,48.58538357],[-122.36977321,48.59252875],[-122.36777126,48.59886013],[-122.35879909,48.60987901],[-122.35195095,48.62439317],[-122.32851753,48.62346137],[-122.32393989,48.63211209],[-122.32130318,48.64044542],[-122.31671334,48.63789822],[-122.32193794,48.6280268],[-122.32393989,48.62377875],[-122.32810656,48.61590522],[-122.3232034,48.6003616],[-122.31560656,48.5967768],[-122.31152128,48.59461209],[-122.30310657,48.59261013],[-122.28969105,48.58231961],[-122.28127227,48.58198595],[-122.26877227,48.58248237],[-122.25556427,48.58196153],[-122.24485464,48.58636013],[-122.23852326,48.58836209],[-122.23064973,48.59252875],[-122.2281066,48.58844347],[-122.22608023,48.57360379],[-122.21990348,48.56788276],[-122.21764111,48.56308946],[-122.21056103,48.55653022],[-122.19383334,48.53677924],[-122.18852328,48.5342768],[-122.17420037,48.52669623],[-122.14689732,48.52561388],[-122.1370788,48.5260045],[-122.10718379,48.52317247],[-122.0886047,48.52594347],[-122.05935666,48.52794542],[-122.04126585,48.5358393],[-122.02606403,48.53644151],[-122.01411742,48.53596951],[-121.99037883,48.53872016],[-121.9731303,48.53614855],[-121.95731406,48.53677517],[-121.94273073,48.53619737],[-121.93104454,48.53665717],[-121.91891075,48.53240506],[-121.90939741,48.53203071],[-121.90002242,48.53240099],[-121.8888774,48.53195747],[-121.86942754,48.54044542],[-121.84269008,48.53844347],[-121.8323548,48.53419542],[-121.82502244,48.53319444],[-121.82182013,48.5341588],[-121.81780809,48.53639676],[-121.80932014,48.53832547],[-121.8053081,48.54056342],[-121.80098681,48.54249213],[-121.79566861,48.54545844],[-121.78521533,48.53727159],[-121.75838022,48.56024929],[-121.74682016,48.5654088],[-121.74280812,48.56764676],[-121.72918915,48.56861111],[-121.7280132,48.5695185],[-121.72619843,48.57395372],[-121.72164521,48.58149767],[-121.72379364,48.59603217],[-121.71967987,48.60285183],[-121.7178651,48.60728706],[-121.71551321,48.61118517],[-121.71369843,48.61562039],[-121.71134654,48.6195185],[-121.70953177,48.62395372],[-121.70301321,48.6320185],[-121.70119844,48.64478706],[-121.70002249,48.64777778],[-121.70240693,48.65044705],[-121.70934052,48.64667914],[-121.7245871,48.64470974],[-121.73225718,48.64887641],[-121.73916229,48.65205024],[-121.73552053,48.6587519],[-121.73656219,48.67620795],[-121.74465545,48.67572781],[-121.74892384,48.67804308],[-121.78653776,48.68001248],[-121.79059049,48.68220974],[-121.79903775,48.68417914],[-121.80309049,48.68637641],[-121.81570441,48.68834581],[-121.82061978,48.69101508],[-121.82392788,48.69471788],[-121.83161424,48.69425808],[-121.85056768,48.70260362],[-121.87088017,48.70732775],[-121.87809046,48.71970974],[-121.88237105,48.72167914],[-121.88642379,48.72387641],[-121.89070438,48.72584581],[-121.89475712,48.72804308],[-121.90737105,48.73001248],[-121.91142378,48.73220974],[-121.91987104,48.73417914],[-121.92475792,48.73683214],[-121.93444623,48.73625434],[-121.9447571,48.74470974],[-121.9490377,48.74667914],[-121.95309043,48.74887641],[-121.96153769,48.75084581],[-121.9660136,48.75327501],[-121.97189739,48.75292508],[-121.97466838,48.75308784],[-121.98225708,48.75720974],[-121.99903768,48.75917914],[-122.00418904,48.76197456],[-122.01252237,48.75744575],[-122.01976521,48.76138455],[-122.02189737,48.76125841],[-122.02466836,48.76142117],[-122.03225706,48.76554308],[-122.03653766,48.76751248],[-122.04059039,48.76970974],[-122.045579,48.7720006],[-122.05674436,48.77133735],[-122.06142372,48.77387641],[-122.09358923,48.77603706],[-122.09888302,48.77572374],[-122.10725704,48.78220974],[-122.11296586,48.78483426],[-122.11690059,48.79339952],[-122.12403763,48.79667914],[-122.12980341,48.79980821],[-122.13225703,48.81554308],[-122.13445429,48.81959581],[-122.13642369,48.82387641],[-122.14105829,48.83051297],[-122.14903762,48.83417914],[-122.15418898,48.83736111],[-122.16765333,48.82582547],[-122.17614129,48.82389676],[-122.18015333,48.8216588],[-122.18447462,48.81973009],[-122.19265332,48.81332547],[-122.20072217,48.81089627],[-122.21140332,48.81973009],[-122.21989127,48.8216588],[-122.22444856,48.82420193],[-122.23023062,48.823734],[-122.23324576,48.82397814],[-122.24056997,48.82806342],[-122.25322459,48.82999213],[-122.25723663,48.83223009],[-122.26252228,48.83319444],[-122.27193796,48.83419542],[-122.29185169,48.83836209],[-122.31143583,48.83613227],[-122.31893094,48.82918647],[-122.3257506,48.82182563],[-122.3341938,48.81784207],[-122.33683051,48.81285753],[-122.33602892,48.79261013],[-122.34068794,48.79461209],[-122.35766384,48.80895942],[-122.36877223,48.80940294],[-122.3791889,48.8089879],[-122.39104599,48.80945991],[-122.40718775,48.80688829],[-122.42393986,48.79136502],[-122.42174259,48.7766352],[-122.3964537,48.75526883],[-122.36833685,48.75260362],[-122.35819688,48.75797065],[-122.34454129,48.74643094],[-122.33106066,48.74007107],[-122.31360461,48.72586209],[-122.30536894,48.72197618],[-122.30310657,48.7155268],[-122.3000955,48.69349718],[-122.29068795,48.68627875],[-122.27818796,48.67711127],[-122.28443796,48.67794542],[-122.29115589,48.68150174],[-122.30832304,48.68478136],[-122.30711454,48.71528266],[-122.31375517,48.71985216],[-122.32178739,48.71953478],[-122.32602323,48.7217768],[-122.33877143,48.72421007],[-122.3511046,48.73002875],[-122.3656513,48.74003852],[-122.38830348,48.7454381],[-122.39835393,48.75075222],[-122.40418889,48.75098416],[-122.41084579,48.75071967],[-122.4292906,48.75458116],[-122.44643334,48.74200385],[-122.45422549,48.73068387],[-122.44277123,48.72007189],[-122.4465432,48.71136013],[-122.45943789,48.71336209],[-122.47124615,48.71750434],[-122.47797629,48.71776883],[-122.48643983,48.71127875],[-122.49859803,48.70742947],[-122.50727316,48.69939317],[-122.50720837,48.69923859],[-122.504273,48.700692],[-122.499995,48.702731],[-122.49738,48.700692],[-122.49879003,48.69859846],[-122.499282,48.697868],[-122.49787695,48.69578112],[-122.49643,48.693632],[-122.491201,48.683591],[-122.490725,48.676215],[-122.49025,48.671192],[-122.494053,48.670251],[-122.497856,48.667425],[-122.50308563,48.66577268],[-122.50727316,48.66189317]]]]}},{"type":"Feature","properties":{"id":"17012","name":"Chikamin-Keechelus","ancestry":["12159","12218","12385","11202","17010","17011","17012"]},"geometry":{"type":"MultiPolygon","coordinates":[[[[-121.39168928,47.48736111],[-121.38631005,47.48649034],[-121.38020247,47.48182726],[-121.37172672,47.48406521],[-121.36516341,47.48823188],[-121.3446434,47.48649034],[-121.34081853,47.47989855],[-121.33211085,47.46978706],[-121.32973048,47.45775092],[-121.33422673,47.45489855],[-121.34133122,47.45215603],[-121.35136133,47.44051053],[-121.34867985,47.43628689],[-121.36373519,47.41982368],[-121.36547672,47.41531521],[-121.38040185,47.39899034],[-121.38127262,47.39152778],[-121.38215966,47.38616482],[-121.38464582,47.38215278],[-121.37992984,47.37453152],[-121.38215966,47.36156359],[-121.36163558,47.34241482],[-121.35715967,47.34064073],[-121.34080225,47.32574816],[-121.33215968,47.32397407],[-121.32830226,47.32158149],[-121.32123846,47.31877794],[-121.29882636,47.2948074],[-121.29793931,47.28944444],[-121.28823066,47.28174995],[-121.27052233,47.27641954],[-121.26510648,47.27339627],[-121.24497709,47.26788683],[-121.22405832,47.26332547],[-121.21668935,47.26236111],[-121.21524485,47.26360623],[-121.21606679,47.27381944],[-121.21511871,47.28558702],[-121.22739491,47.29327745],[-121.23609445,47.30337267],[-121.24672677,47.31253608],[-121.24987211,47.34449816],[-121.242849,47.34506375],[-121.24256417,47.34152778],[-121.24310128,47.33483426],[-121.24072498,47.33207547],[-121.239606,47.33111111],[-121.23849923,47.33209988],[-121.23963449,47.35117947],[-121.23491851,47.35985867],[-121.23433257,47.36970567],[-121.23642404,47.40304308],[-121.23978504,47.40923611],[-121.23639149,47.41548611],[-121.23938628,47.42099555],[-121.2299828,47.42828315],[-121.21858143,47.42760362],[-121.21153798,47.43012641],[-121.19911123,47.43396756],[-121.19623851,47.43718207],[-121.18716869,47.4322545],[-121.18439769,47.43209174],[-121.1783959,47.43244982],[-121.16748282,47.42399034],[-121.16356437,47.42375841],[-121.15768058,47.42410834],[-121.15320467,47.42167914],[-121.13225741,47.41970974],[-121.12820468,47.41751248],[-121.12392408,47.41554308],[-121.11987135,47.41334581],[-121.10725742,47.41137641],[-121.09793939,47.40402778],[-121.09697504,47.40723009],[-121.0854394,47.42069444],[-121.09475743,47.42804308],[-121.09903802,47.43001248],[-121.10725742,47.43637641],[-121.11153802,47.43834581],[-121.12392408,47.44887641],[-121.13001539,47.45167589],[-121.13225741,47.46192573],[-121.12805819,47.46965278],[-121.13028801,47.47376248],[-121.13356763,47.48089952],[-121.14070467,47.48417914],[-121.15309074,47.49470974],[-121.161538,47.49667914],[-121.17392813,47.50721788],[-121.17606436,47.50709174],[-121.18819815,47.50781196],[-121.19475739,47.51137641],[-121.19903799,47.51334581],[-121.20725738,47.51970974],[-121.21362131,47.52167914],[-121.21559071,47.52387641],[-121.21987131,47.52584581],[-121.22392404,47.52804308],[-121.22820464,47.53001248],[-121.24881824,47.54440864],[-121.28083727,47.54667914],[-121.28850735,47.54251248],[-121.29278795,47.54054308],[-121.29684068,47.53834581],[-121.30210598,47.53736111],[-121.30547919,47.53656765],[-121.30914943,47.5339879],[-121.31381252,47.53240099],[-121.32140122,47.52625271],[-121.32482326,47.51621039],[-121.33127263,47.51821642],[-121.33846257,47.51597846],[-121.34248275,47.51315457],[-121.35547917,47.51156765],[-121.35914941,47.5089879],[-121.3638125,47.50740099],[-121.36748274,47.50482123],[-121.37214583,47.50323432],[-121.3841494,47.49232123],[-121.38982567,47.49038845],[-121.39168928,47.48736111]]]]}},{"type":"Feature","properties":{"id":"17013","name":"Index-Tolt Area","ancestry":["12159","12218","12385","11202","17010","17011","17013"]},"geometry":{"type":"MultiPolygon","coordinates":[[[[-121.98049113,47.79536079],[-121.97107545,47.78078152],[-121.95278525,47.76589301],[-121.93110964,47.76136013],[-121.9094381,47.76383002],[-121.9120911,47.77159776],[-121.93852338,47.77664334],[-121.93652142,47.78011013],[-121.92400515,47.79643094],[-121.92115278,47.80839789],[-121.88862512,47.80968777],[-121.88821415,47.79936469],[-121.89261275,47.7910517],[-121.88235478,47.78836209],[-121.87185674,47.78636013],[-121.86777145,47.78419542],[-121.85897425,47.78141222],[-121.85971074,47.76283312],[-121.85662237,47.74987739],[-121.84610805,47.75711209],[-121.83596808,47.74627224],[-121.83027147,47.73419542],[-121.82315477,47.72491808],[-121.83016974,47.71472521],[-121.80735481,47.69539741],[-121.80935676,47.69044542],[-121.81175341,47.68591661],[-121.81120816,47.67211453],[-121.81352749,47.66960802],[-121.81952114,47.66984809],[-121.82498989,47.6647781],[-121.82115689,47.64469347],[-121.81560676,47.64669542],[-121.7999248,47.65994819],[-121.7926901,47.66336209],[-121.78738004,47.66617377],[-121.77913216,47.66049344],[-121.76724252,47.66961209],[-121.76560678,47.6655268],[-121.7615988,47.65286811],[-121.75619109,47.64785916],[-121.74749155,47.63846788],[-121.73896698,47.63813015],[-121.73064992,47.64252875],[-121.72559621,47.6357864],[-121.73644012,47.59560086],[-121.73401499,47.5767532],[-121.71777151,47.57288357],[-121.72029023,47.55305528],[-121.7291037,47.55771837],[-121.7472881,47.5542475],[-121.75999968,47.54424995],[-121.76252247,47.54152778],[-121.76155811,47.5404088],[-121.75446176,47.53596137],[-121.74561167,47.53667345],[-121.73864146,47.54056342],[-121.72598684,47.54249213],[-121.7219748,47.54473009],[-121.71765351,47.5466588],[-121.71061412,47.55165148],[-121.71438609,47.55840603],[-121.7134787,47.56965278],[-121.71391816,47.57510525],[-121.71901256,47.58423611],[-121.71552542,47.59048611],[-121.71785289,47.59465278],[-121.71557018,47.59874213],[-121.71338919,47.60599311],[-121.71409312,47.61475776],[-121.71140351,47.61957547],[-121.7094748,47.62389676],[-121.69536755,47.63998155],[-121.68432019,47.64249213],[-121.68030814,47.64473009],[-121.67598686,47.6466588],[-121.67197481,47.64889676],[-121.66765353,47.65082547],[-121.66364148,47.65306342],[-121.65838839,47.65540717],[-121.64747124,47.65452827],[-121.64049696,47.65947618],[-121.63452773,47.65899604],[-121.62477024,47.66663764],[-121.60939753,47.66540066],[-121.58904434,47.6670364],[-121.58127254,47.66270291],[-121.57614152,47.66556342],[-121.56765357,47.66749213],[-121.56364152,47.66973009],[-121.55932024,47.6716588],[-121.55530819,47.67389676],[-121.54682024,47.67582547],[-121.5428082,47.67806342],[-121.53848691,47.67999213],[-121.53335589,47.68285265],[-121.52822487,47.67999213],[-121.5112571,47.67740831],[-121.4977602,47.693074],[-121.49279601,47.70100043],[-121.47608459,47.698734],[-121.47061177,47.69917345],[-121.46364156,47.70306342],[-121.45932027,47.70499213],[-121.45530823,47.70723009],[-121.43848695,47.7091588],[-121.43419414,47.71155545],[-121.42918926,47.71115262],[-121.42513246,47.71147814],[-121.41780825,47.71556342],[-121.40636212,47.71816352],[-121.40951967,47.72382351],[-121.40627261,47.72902778],[-121.40928367,47.73018338],[-121.43034486,47.73203885],[-121.44470033,47.74476671],[-121.44909485,47.74662218],[-121.45720032,47.75310004],[-121.46576151,47.75495551],[-121.47386698,47.76143338],[-121.47826151,47.76328885],[-121.48636698,47.76976671],[-121.49076151,47.77162218],[-121.49985574,47.7788935],[-121.50426655,47.78936713],[-121.51306374,47.79306993],[-121.51712868,47.80272569],[-121.53242816,47.80495551],[-121.53636696,47.80726671],[-121.54386207,47.80912218],[-121.55210588,47.80427599],[-121.55796526,47.80771837],[-121.56441463,47.80691678],[-121.56877254,47.81236111],[-121.57378963,47.81567735],[-121.58667211,47.8173782],[-121.5916892,47.82064562],[-121.5979392,47.81657661],[-121.60295629,47.81984402],[-121.60750544,47.82154487],[-121.6115541,47.82418159],[-121.61426406,47.82025906],[-121.62344375,47.82231798],[-121.6428285,47.83136746],[-121.64377251,47.83736111],[-121.65427056,47.83936306],[-121.6639548,47.84276069],[-121.6718975,47.84244737],[-121.6875225,47.84306586],[-121.7105775,47.84215034],[-121.74720672,47.85287625],[-121.75413217,47.85314887],[-121.76761687,47.85057319],[-121.77810677,47.84252875],[-121.78652148,47.8405268],[-121.7926901,47.83836209],[-121.81152147,47.83636013],[-121.81560676,47.83419542],[-121.82308153,47.83183133],[-121.83757941,47.82415717],[-121.84177048,47.8320714],[-121.84604294,47.84112901],[-121.86059372,47.85114285],[-121.87357793,47.85063015],[-121.88189498,47.85502875],[-121.89277144,47.8530268],[-121.89939986,47.84846544],[-121.91460574,47.84906765],[-121.92502241,47.84865262],[-121.94107871,47.84929145],[-121.94902142,47.8467768],[-121.95519004,47.84252875],[-121.96478883,47.83633165],[-121.97973023,47.81461941],[-121.98049113,47.79536079]]]]}},{"type":"Feature","properties":{"id":"17014","name":"Kachess Ridge","ancestry":["12159","12218","12385","11202","17010","17011","17014"]},"geometry":{"type":"MultiPolygon","coordinates":[[[[-121.23978504,47.40923611],[-121.23642404,47.40304308],[-121.23433257,47.36970567],[-121.23491851,47.35985867],[-121.23963449,47.35117947],[-121.23849923,47.33209988],[-121.239606,47.33111111],[-121.23793771,47.32583767],[-121.22802967,47.31143745],[-121.22368804,47.30223741],[-121.21017079,47.29160916],[-121.19477366,47.27386013],[-121.19251536,47.26907091],[-121.18236726,47.25966743],[-121.17993806,47.24947049],[-121.1687727,47.24178413],[-121.15727368,47.23636013],[-121.14902173,47.23002875],[-121.1369327,47.22620388],[-121.13220451,47.22370144],[-121.123094,47.22405952],[-121.11360508,47.21752875],[-121.10198399,47.21476183],[-121.0947737,47.21136013],[-121.07508784,47.20094347],[-121.06199784,47.20448758],[-121.04902177,47.22141059],[-121.05402665,47.22440945],[-121.06537104,47.22976427],[-121.06985509,47.23627875],[-121.07219884,47.24369249],[-121.10202875,47.26557156],[-121.11785719,47.28621365],[-121.11753981,47.29426215],[-121.12164544,47.30597276],[-121.12220289,47.32002306],[-121.11453281,47.3319005],[-121.11043939,47.33319444],[-121.10951165,47.34893338],[-121.10720046,47.35287218],[-121.10534499,47.35726671],[-121.10303379,47.36120551],[-121.10117832,47.36976671],[-121.09669427,47.3773961],[-121.09767491,47.38527778],[-121.09663731,47.39361518],[-121.09793939,47.40402778],[-121.10725742,47.41137641],[-121.11987135,47.41334581],[-121.12392408,47.41554308],[-121.12820468,47.41751248],[-121.13225741,47.41970974],[-121.15320467,47.42167914],[-121.15768058,47.42410834],[-121.16356437,47.42375841],[-121.16748282,47.42399034],[-121.1783959,47.43244982],[-121.18439769,47.43209174],[-121.18716869,47.4322545],[-121.19623851,47.43718207],[-121.19911123,47.43396756],[-121.21153798,47.43012641],[-121.21858143,47.42760362],[-121.2299828,47.42828315],[-121.23938628,47.42099555],[-121.23639149,47.41548611],[-121.23978504,47.40923611]]]]}},{"type":"Feature","properties":{"id":"17015","name":"Mount Daniel Area","ancestry":["12159","12218","12385","11202","17010","17011","17015"]},"geometry":{"type":"MultiPolygon","coordinates":[[[[-121.31553371,47.62078396],[-121.31367824,47.59870551],[-121.30582912,47.58888699],[-121.30826239,47.56933133],[-121.30303371,47.55101671],[-121.30210598,47.53736111],[-121.29684068,47.53834581],[-121.29278795,47.54054308],[-121.28850735,47.54251248],[-121.28083727,47.54667914],[-121.24881824,47.54440864],[-121.22820464,47.53001248],[-121.22392404,47.52804308],[-121.21987131,47.52584581],[-121.21559071,47.52387641],[-121.21362131,47.52167914],[-121.20725738,47.51970974],[-121.19903799,47.51334581],[-121.19475739,47.51137641],[-121.18819815,47.50781196],[-121.17606436,47.50709174],[-121.17392813,47.50721788],[-121.161538,47.49667914],[-121.15309074,47.49470974],[-121.14070467,47.48417914],[-121.13356763,47.48089952],[-121.13028801,47.47376248],[-121.12805819,47.46965278],[-121.13225741,47.46192573],[-121.13001539,47.45167589],[-121.12392408,47.44887641],[-121.11153802,47.43834581],[-121.10725742,47.43637641],[-121.09903802,47.43001248],[-121.09475743,47.42804308],[-121.0854394,47.42069444],[-121.07988927,47.42139431],[-121.07223953,47.42832791],[-121.06738927,47.42972765],[-121.06144852,47.43490343],[-121.05973954,47.44082791],[-121.05280595,47.44847765],[-121.05140621,47.45749457],[-121.04863928,47.46097765],[-121.04723954,47.46582791],[-121.04447261,47.46931098],[-121.04307288,47.47624457],[-121.04168941,47.47902778],[-121.04277177,47.48002875],[-121.04973384,47.48754829],[-121.05310705,47.49469347],[-121.05943843,47.50294542],[-121.06144038,47.50719347],[-121.06777176,47.51544542],[-121.06977371,47.51969347],[-121.07849767,47.53041124],[-121.08652175,47.53419542],[-121.09894037,47.54469347],[-121.10318841,47.54669542],[-121.10758701,47.54902289],[-121.11144036,47.55719347],[-121.12819247,47.57586616],[-121.12774488,47.58714138],[-121.1406884,47.60502875],[-121.14269035,47.61136013],[-121.16725496,47.63411811],[-121.16977367,47.64469347],[-121.17610505,47.65294542],[-121.178107,47.66969347],[-121.18027172,47.67377875],[-121.18227367,47.6905268],[-121.18860505,47.69877875],[-121.190607,47.70719347],[-121.19277171,47.71127875],[-121.19377269,47.71861111],[-121.1953596,47.72108914],[-121.20312327,47.71577501],[-121.20627268,47.72069444],[-121.2260562,47.71961209],[-121.23399484,47.7199254],[-121.23852365,47.71752875],[-121.28027168,47.7155268],[-121.28435696,47.71336209],[-121.29693834,47.71136013],[-121.30210598,47.70819444],[-121.30117825,47.70287218],[-121.29753648,47.69667508],[-121.29676744,47.69048611],[-121.29725165,47.68660834],[-121.29470038,47.68226671],[-121.29284491,47.67370551],[-121.29046454,47.66965278],[-121.29372382,47.66410672],[-121.29219794,47.65182644],[-121.29615709,47.64688666],[-121.304112,47.6435338],[-121.30720038,47.63620551],[-121.30951158,47.63226671],[-121.31136704,47.62787218],[-121.31553371,47.62078396]]]]}},{"type":"Feature","properties":{"id":"17016","name":"North-Middle Forks Snoqualmie","ancestry":["12159","12218","12385","11202","17010","17011","17016"]},"geometry":{"type":"MultiPolygon","coordinates":[[[[-121.78021045,47.52711534],[-121.77567757,47.5197545],[-121.75974334,47.52796577],[-121.75906788,47.524206],[-121.76979379,47.51007026],[-121.76761687,47.4869298],[-121.75937712,47.48425646],[-121.75316782,47.4800491],[-121.74880584,47.47793321],[-121.74087127,47.46967312],[-121.73218801,47.47174018],[-121.72420868,47.48004503],[-121.71991181,47.48013048],[-121.71668915,47.47902778],[-121.70089326,47.47989855],[-121.69569714,47.48319444],[-121.68665173,47.47573188],[-121.68214327,47.47399034],[-121.67710583,47.4707921],[-121.6720684,47.47399034],[-121.66547661,47.47573188],[-121.66120008,47.48169705],[-121.65505994,47.48406521],[-121.65123508,47.48649034],[-121.64672661,47.48823188],[-121.63456842,47.49899034],[-121.63005995,47.50073188],[-121.61790176,47.51149034],[-121.60922663,47.51323188],[-121.59290177,47.52815701],[-121.58422664,47.52989855],[-121.57623511,47.53649034],[-121.56755998,47.53823188],[-121.56373511,47.54065701],[-121.55089332,47.54239855],[-121.54706845,47.54482368],[-121.54255999,47.54656521],[-121.53599668,47.55073188],[-121.52797666,47.54899034],[-121.51998513,47.54239855],[-121.51547667,47.54065701],[-121.5116518,47.53823188],[-121.49881,47.53649034],[-121.49498514,47.53406521],[-121.48631001,47.53232368],[-121.47831848,47.52573188],[-121.47381001,47.52399034],[-121.46998515,47.52156521],[-121.45783915,47.51912788],[-121.45512513,47.50559435],[-121.44881002,47.50315701],[-121.43867005,47.49442491],[-121.43639141,47.49487657],[-121.43248516,47.49239855],[-121.4154767,47.49065701],[-121.41165184,47.48823188],[-121.39168928,47.48736111],[-121.38982567,47.49038845],[-121.3841494,47.49232123],[-121.37214583,47.50323432],[-121.36748274,47.50482123],[-121.3638125,47.50740099],[-121.35914941,47.5089879],[-121.35547917,47.51156765],[-121.34248275,47.51315457],[-121.33846257,47.51597846],[-121.33127263,47.51821642],[-121.32482326,47.51621039],[-121.32140122,47.52625271],[-121.31381252,47.53240099],[-121.30914943,47.5339879],[-121.30547919,47.53656765],[-121.30210598,47.53736111],[-121.30303371,47.55101671],[-121.30826239,47.56933133],[-121.30582912,47.58888699],[-121.31367824,47.59870551],[-121.31553371,47.62078396],[-121.31136704,47.62787218],[-121.30951158,47.63226671],[-121.30720038,47.63620551],[-121.304112,47.6435338],[-121.29615709,47.64688666],[-121.29219794,47.65182644],[-121.29372382,47.66410672],[-121.29046454,47.66965278],[-121.29284491,47.67370551],[-121.29470038,47.68226671],[-121.29725165,47.68660834],[-121.29676744,47.69048611],[-121.29753648,47.69667508],[-121.30117825,47.70287218],[-121.30210598,47.70819444],[-121.30947495,47.7091588],[-121.31495184,47.71551459],[-121.33935369,47.71749213],[-121.35062891,47.71120144],[-121.3737124,47.71305691],[-121.38302636,47.72034858],[-121.39279605,47.71956326],[-121.4030703,47.72806342],[-121.40627261,47.72902778],[-121.40951967,47.72382351],[-121.40636212,47.71816352],[-121.41780825,47.71556342],[-121.42513246,47.71147814],[-121.42918926,47.71115262],[-121.43419414,47.71155545],[-121.43848695,47.7091588],[-121.45530823,47.70723009],[-121.45932027,47.70499213],[-121.46364156,47.70306342],[-121.47061177,47.69917345],[-121.47608459,47.698734],[-121.49279601,47.70100043],[-121.4977602,47.693074],[-121.5112571,47.67740831],[-121.52822487,47.67999213],[-121.53335589,47.68285265],[-121.53848691,47.67999213],[-121.5428082,47.67806342],[-121.54682024,47.67582547],[-121.55530819,47.67389676],[-121.55932024,47.6716588],[-121.56364152,47.66973009],[-121.56765357,47.66749213],[-121.57614152,47.66556342],[-121.58127254,47.66270291],[-121.58904434,47.6670364],[-121.60939753,47.66540066],[-121.62477024,47.66663764],[-121.63452773,47.65899604],[-121.64049696,47.65947618],[-121.64747124,47.65452827],[-121.65838839,47.65540717],[-121.66364148,47.65306342],[-121.66765353,47.65082547],[-121.67197481,47.64889676],[-121.67598686,47.6466588],[-121.68030814,47.64473009],[-121.68432019,47.64249213],[-121.69536755,47.63998155],[-121.7094748,47.62389676],[-121.71140351,47.61957547],[-121.71409312,47.61475776],[-121.71338919,47.60599311],[-121.71557018,47.59874213],[-121.71785289,47.59465278],[-121.71552542,47.59048611],[-121.71901256,47.58423611],[-121.71391816,47.57510525],[-121.7134787,47.56965278],[-121.71438609,47.55840603],[-121.71061412,47.55165148],[-121.71765351,47.5466588],[-121.7219748,47.54473009],[-121.72598684,47.54249213],[-121.73864146,47.54056342],[-121.74561167,47.53667345],[-121.75446176,47.53596137],[-121.76155811,47.5404088],[-121.76252247,47.54152778],[-121.78021045,47.52711534]]]]}},{"type":"Feature","properties":{"id":"17017","name":"Seattle-Everett Area","ancestry":["12159","12218","12385","11202","17010","17011","17017"]},"geometry":{"type":"MultiPolygon","coordinates":[[[[-122.02502237,47.54361111],[-122.02011107,47.54234972],[-122.01375528,47.53821153],[-121.99878947,47.53651069],[-121.99239298,47.53234402],[-121.97587281,47.53404487],[-121.96947633,47.53821153],[-121.96128948,47.53651069],[-121.95488079,47.53154243],[-121.93667198,47.52571153],[-121.92795616,47.52401069],[-121.91187951,47.50942735],[-121.9050395,47.5111282],[-121.89917199,47.51359402],[-121.89585575,47.51444444],[-121.90180057,47.52261095],[-121.8943787,47.52601671],[-121.89024866,47.53064317],[-121.89100956,47.54344835],[-121.89897261,47.55056505],[-121.90100712,47.55929308],[-121.90392459,47.56466824],[-121.91987104,47.56959581],[-121.92698367,47.57214708],[-121.93632204,47.5825963],[-121.9696635,47.58061062],[-121.97668254,47.57275336],[-121.98653768,47.56970974],[-121.99684041,47.56126248],[-122.00945434,47.55929308],[-122.01552937,47.55599311],[-122.02387898,47.55216417],[-122.02502237,47.54361111]]],[[[-121.88127242,47.51444444],[-121.87182011,47.51348009],[-121.83979295,47.51081896],[-121.82197476,47.5029088],[-121.81514696,47.50098009],[-121.81252245,47.50402778],[-121.81345018,47.50518338],[-121.81461799,47.51459907],[-121.82617804,47.52162218],[-121.83519904,47.52820991],[-121.8400615,47.53428494],[-121.85768438,47.53684842],[-121.8683818,47.54313504],[-121.8753805,47.54226427],[-121.87803349,47.53673448],[-121.86970016,47.53435004],[-121.86367803,47.53060655],[-121.87664189,47.52023058],[-121.88127242,47.51444444]]]]}},{"type":"Feature","properties":{"id":"17018","name":"Snoqualmie Pass North","ancestry":["12159","12218","12385","11202","17010","17011","17018"]},"geometry":{"type":"MultiPolygon","coordinates":[[[[-121.71668915,47.47902778],[-121.71516734,47.47283474],[-121.7162497,47.4680089],[-121.71274221,47.4626256],[-121.71460582,47.45819444],[-121.71142386,47.45720974],[-121.70320446,47.45084581],[-121.69892386,47.44887641],[-121.69487113,47.44667914],[-121.6697572,47.44470974],[-121.66570447,47.44251248],[-121.66142387,47.44054308],[-121.65737114,47.43834581],[-121.64475721,47.43637641],[-121.64070448,47.43417914],[-121.63225722,47.43220974],[-121.62820449,47.43001248],[-121.61142389,47.42804308],[-121.60737116,47.42584581],[-121.5989239,47.42387641],[-121.5927797,47.41958767],[-121.59059871,47.41971788],[-121.5802797,47.41125434],[-121.57809871,47.41138455],[-121.57403784,47.40917914],[-121.56975724,47.40720974],[-121.56570451,47.40501248],[-121.55725725,47.40304308],[-121.54966855,47.39892117],[-121.54689755,47.39875841],[-121.54476539,47.39888455],[-121.53871071,47.39559272],[-121.52189756,47.39459174],[-121.48491027,47.3968948],[-121.47161682,47.39453478],[-121.46362122,47.39887641],[-121.44788636,47.40133002],[-121.44475729,47.40709581],[-121.44150615,47.41417182],[-121.41624982,47.41120958],[-121.40594708,47.40401557],[-121.39475731,47.39887641],[-121.38653791,47.39251248],[-121.38127262,47.39152778],[-121.38040185,47.39899034],[-121.36547672,47.41531521],[-121.36373519,47.41982368],[-121.34867985,47.43628689],[-121.35136133,47.44051053],[-121.34133122,47.45215603],[-121.33422673,47.45489855],[-121.32973048,47.45775092],[-121.33211085,47.46978706],[-121.34081853,47.47989855],[-121.3446434,47.48649034],[-121.36516341,47.48823188],[-121.37172672,47.48406521],[-121.38020247,47.48182726],[-121.38631005,47.48649034],[-121.39168928,47.48736111],[-121.41165184,47.48823188],[-121.4154767,47.49065701],[-121.43248516,47.49239855],[-121.43639141,47.49487657],[-121.43867005,47.49442491],[-121.44881002,47.50315701],[-121.45512513,47.50559435],[-121.45783915,47.51912788],[-121.46998515,47.52156521],[-121.47381001,47.52399034],[-121.47831848,47.52573188],[-121.48631001,47.53232368],[-121.49498514,47.53406521],[-121.49881,47.53649034],[-121.5116518,47.53823188],[-121.51547667,47.54065701],[-121.51998513,47.54239855],[-121.52797666,47.54899034],[-121.53599668,47.55073188],[-121.54255999,47.54656521],[-121.54706845,47.54482368],[-121.55089332,47.54239855],[-121.56373511,47.54065701],[-121.56755998,47.53823188],[-121.57623511,47.53649034],[-121.58422664,47.52989855],[-121.59290177,47.52815701],[-121.60922663,47.51323188],[-121.61790176,47.51149034],[-121.63005995,47.50073188],[-121.63456842,47.49899034],[-121.64672661,47.48823188],[-121.65123508,47.48649034],[-121.65505994,47.48406521],[-121.66120008,47.48169705],[-121.66547661,47.47573188],[-121.6720684,47.47399034],[-121.67710583,47.4707921],[-121.68214327,47.47399034],[-121.68665173,47.47573188],[-121.69569714,47.48319444],[-121.70089326,47.47989855],[-121.71668915,47.47902778]]]]}},{"type":"Feature","properties":{"id":"17019","name":"Columbia Gorge North","ancestry":["12159","12218","12385","11202","17010","17019"]},"geometry":{"type":"MultiPolygon","coordinates":[[[[-122.62604346,45.91999864],[-122.62021257,45.91299995],[-122.60104347,45.90925646],[-122.59185971,45.90303087],[-122.58342466,45.90285997],[-122.55903502,45.90512641],[-122.54949319,45.9049311],[-122.53864522,45.90845079],[-122.53847839,45.91652778],[-122.53875508,45.93004503],[-122.53058451,45.93021186],[-122.5260435,45.92800646],[-122.51750671,45.92222032],[-122.48866558,45.92163032],[-122.48127626,45.92663927],[-122.46979352,45.92383979],[-122.46358421,45.92171577],[-122.45521019,45.91967312],[-122.45092552,45.91746772],[-122.43960554,45.91769558],[-122.42823673,45.91746365],[-122.41171655,45.93000027],[-122.38443385,45.93502143],[-122.38431178,45.92901964],[-122.40508814,45.91361844],[-122.41341333,45.89745633],[-122.40330184,45.88253526],[-122.40108423,45.87796577],[-122.38646022,45.85925646],[-122.38441757,45.8487991],[-122.38025091,45.84070991],[-122.38559352,45.83769477],[-122.39479355,45.84467312],[-122.40108423,45.84671577],[-122.40521021,45.84883979],[-122.41508976,45.85204617],[-122.4261656,45.87186225],[-122.42591739,45.88407742],[-122.44345889,45.8987991],[-122.46602968,45.89624376],[-122.47409039,45.8885045],[-122.47386253,45.87731472],[-122.48390891,45.870727],[-122.48646018,45.86546577],[-122.48879172,45.86094103],[-122.48846213,45.84479112],[-122.49140809,45.8390701],[-122.4784483,45.83591254],[-122.4760842,45.8237991],[-122.47187685,45.81758979],[-122.46896751,45.81159614],[-122.45852236,45.80904894],[-122.45316755,45.80088243],[-122.44687686,45.79258979],[-122.44275088,45.7862991],[-122.43229353,45.77383979],[-122.43025089,45.76963243],[-122.42400089,45.76041206],[-122.42836694,45.75473579],[-122.43820987,45.74527941],[-122.44271019,45.73654324],[-122.43823835,45.71319119],[-122.43248884,45.70720567],[-122.42007023,45.70117947],[-122.42820825,45.69044949],[-122.4280048,45.6804031],[-122.43229353,45.66787462],[-122.42610864,45.66057482],[-122.41562687,45.65717312],[-122.40398544,45.64928331],[-122.3990009,45.64671577],[-122.38854355,45.64467312],[-122.38055201,45.64055528],[-122.35986517,45.64013618],[-122.35019314,45.64669135],[-122.34470812,45.64680122],[-122.3450784,45.62847439],[-122.33477973,45.61775255],[-122.3238992,45.61334174],[-122.31773059,45.61346788],[-122.30568225,45.61321967],[-122.29900094,45.61550646],[-122.29271025,45.6175491],[-122.28650094,45.62175646],[-122.28229359,45.6237991],[-122.27808623,45.62596381],[-122.26995229,45.62580105],[-122.26566762,45.62800646],[-122.2510436,45.6300491],[-122.2369038,45.63488715],[-122.22674755,45.62431586],[-122.2198343,45.61963243],[-122.20937695,45.61758979],[-122.20525098,45.61546577],[-122.19281608,45.61243435],[-122.19262484,45.60301053],[-122.19884229,45.60288439],[-122.20709017,45.60713243],[-122.21720165,45.60395454],[-122.22038362,45.59777778],[-122.21358431,45.58458198],[-122.22739452,45.57355903],[-122.2427062,45.56352078],[-122.24283641,45.55717719],[-122.22296232,45.55676957],[-122.2017,45.564141],[-122.19752755,45.56728222],[-122.183695,45.577696],[-122.16683,45.58037115],[-122.16354943,45.58089152],[-122.155251,45.58425646],[-122.14062698,45.5862991],[-122.13441767,45.58842312],[-122.12812698,45.59046577],[-122.12191767,45.59258979],[-122.11354365,45.59463243],[-122.09384151,45.60033312],[-122.07793983,45.60304715],[-122.06587115,45.60279894],[-122.0594177,45.60717312],[-122.05627235,45.60819444],[-122.04684039,45.60917914],[-122.042572,45.61149441],[-122.03821816,45.61123806],[-122.02925007,45.61610867],[-122.01738484,45.61540473],[-122.00841674,45.62027534],[-121.99655151,45.6195714],[-121.98862101,45.62387641],[-121.97816366,45.6271072],[-121.97184042,45.63001248],[-121.96778769,45.63220974],[-121.96350709,45.63417914],[-121.9607781,45.63660262],[-121.955734,45.643559],[-121.951838,45.644951],[-121.95140037,45.64493049],[-121.94577028,45.64993028],[-121.92571821,45.64873806],[-121.91778771,45.65304308],[-121.91350711,45.65501248],[-121.90945438,45.65720974],[-121.90374556,45.65983426],[-121.90123505,45.66530185],[-121.901855,45.670716],[-121.88763414,45.67996522],[-121.87612106,45.69054308],[-121.87184046,45.69251248],[-121.86778773,45.69470974],[-121.85934046,45.69667914],[-121.85528773,45.69887641],[-121.84684047,45.70084581],[-121.83917039,45.70501248],[-121.82097809,45.7044259],[-121.811304,45.706761],[-121.79165458,45.70348042],[-121.7780905,45.70304308],[-121.77464972,45.70064137],[-121.76342212,45.69876686],[-121.75392465,45.69933214],[-121.74821135,45.69622734],[-121.74757117,45.69612046],[-121.7211203,45.69454291],[-121.70517386,45.69667914],[-121.70008353,45.699442],[-121.69166677,45.69894265],[-121.68423467,45.70090055],[-121.6802878,45.70304308],[-121.67001107,45.70464757],[-121.668362,45.705082],[-121.66756249,45.70507286],[-121.66362114,45.70720974],[-121.63434055,45.70917914],[-121.63028782,45.71137641],[-121.59684057,45.71334581],[-121.59278783,45.71554308],[-121.57481568,45.71723277],[-121.57063609,45.71816552],[-121.56778784,45.71970974],[-121.55920043,45.72071758],[-121.54829883,45.72315046],[-121.54333717,45.72584581],[-121.5377626,45.7255018],[-121.53425243,45.72628515],[-121.533106,45.726541],[-121.53198302,45.72634563],[-121.52368585,45.7249021],[-121.522392,45.724677],[-121.5211923,45.72447923],[-121.51142393,45.72387641],[-121.50953422,45.72255737],[-121.499153,45.720846],[-121.4946878,45.71845018],[-121.4946868,45.71844965],[-121.49145633,45.71671633],[-121.48642394,45.71554308],[-121.48237121,45.71334581],[-121.47809061,45.71137641],[-121.47403788,45.70917914],[-121.46975728,45.70720974],[-121.46570455,45.70501248],[-121.45725729,45.70304308],[-121.45320455,45.70084581],[-121.44059063,45.69887641],[-121.43653789,45.69667914],[-121.42392397,45.69470974],[-121.42249734,45.69393475],[-121.40424947,45.69301371],[-121.40112124,45.69470974],[-121.39267398,45.69667914],[-121.38862125,45.69887641],[-121.38434065,45.70084581],[-121.38028792,45.70304308],[-121.36767399,45.70501248],[-121.36000391,45.70917914],[-121.35309066,45.70720974],[-121.34903793,45.70501248],[-121.34355329,45.70464358],[-121.33777,45.704949],[-121.33239562,45.70389312],[-121.31975734,45.70304308],[-121.31650156,45.7007705],[-121.312198,45.699925],[-121.31031931,45.69895027],[-121.30383124,45.69933621],[-121.29793931,45.69569444],[-121.29280829,45.69889676],[-121.28848701,45.70082547],[-121.2803083,45.70723009],[-121.27598701,45.7091588],[-121.27197497,45.71139676],[-121.26765368,45.71332547],[-121.26364164,45.71556342],[-121.25932035,45.71749213],[-121.25114164,45.72389676],[-121.24682036,45.72582547],[-121.24280831,45.72806342],[-121.23303455,45.7302851],[-121.23030832,45.73639676],[-121.2207136,45.74864855],[-121.21175771,45.7513463],[-121.20947499,45.76139676],[-121.20718821,45.76549832],[-121.21369049,45.77380724],[-121.2114037,45.7779088],[-121.20947499,45.78639676],[-121.20403066,45.79407498],[-121.19265371,45.7966588],[-121.184475,45.80306342],[-121.18015371,45.80499213],[-121.17197501,45.81139676],[-121.16765372,45.81332547],[-121.16364168,45.81556342],[-121.15098706,45.81749213],[-121.14466382,45.82197618],[-121.11887851,45.81990506],[-121.11170485,45.82823025],[-121.10418939,45.82403917],[-121.09697504,45.82806342],[-121.09265375,45.82999213],[-121.08864171,45.83223009],[-121.08015375,45.8341588],[-121.07197505,45.84056342],[-121.06312902,45.84257351],[-121.06043941,45.84569444],[-121.0634342,45.8482742],[-121.06685623,45.85594428],[-121.07405838,45.8591588],[-121.07807042,45.86139676],[-121.08655837,45.86332547],[-121.09057042,45.86556342],[-121.09633213,45.86813504],[-121.09890375,45.87389676],[-121.11395908,45.89076687],[-121.11345045,45.89712267],[-121.10515374,45.90082547],[-121.09628737,45.90777127],[-121.09280837,45.91556342],[-121.09026524,45.92012071],[-121.09081863,45.92700141],[-121.10185378,45.92999213],[-121.11252272,45.92403917],[-121.11973707,45.92806342],[-121.12683749,45.93123318],[-121.13223707,45.93902534],[-121.12319166,45.94249213],[-121.11231113,45.93642117],[-121.10947503,45.94889676],[-121.10723708,45.9529088],[-121.10530837,45.96139676],[-121.10247227,45.96647895],[-121.10336338,45.97755887],[-121.12197503,45.97999213],[-121.12470533,45.98906196],[-121.13239169,45.99249213],[-121.14652336,46.00459337],[-121.14793937,46.01236111],[-121.15955639,46.02200873],[-121.17293936,46.02069444],[-121.18296133,46.01344347],[-121.20176015,46.01660916],[-121.21793853,46.02084907],[-121.23852365,45.9964879],[-121.23443836,45.99252875],[-121.22193837,45.98662869],[-121.22500233,45.98290554],[-121.23776681,45.971081],[-121.23427967,45.96114041],[-121.23493071,45.94471381],[-121.23029611,45.94453071],[-121.21660797,45.95502875],[-121.21352366,45.9509394],[-121.2137149,45.94603217],[-121.20339996,45.9393712],[-121.20025869,45.92943875],[-121.18334789,45.93238064],[-121.17911205,45.92340847],[-121.17074617,45.91898546],[-121.15935701,45.92169542],[-121.14492017,45.9254796],[-121.1446923,45.91973009],[-121.15102368,45.91053006],[-121.14902173,45.90502875],[-121.14299146,45.89626817],[-121.13976473,45.87936551],[-121.13552076,45.87477973],[-121.12936842,45.86908312],[-121.13235507,45.86344347],[-121.13592359,45.85587511],[-121.16096427,45.85488227],[-121.16568839,45.85711209],[-121.1705061,45.85966336],[-121.18335602,45.85915473],[-121.19689769,45.85969184],[-121.2114037,45.85911404],[-121.22060373,45.86544542],[-121.23220448,45.85682726],[-121.23251372,45.84901069],[-121.22810698,45.84261013],[-121.2212385,45.83197374],[-121.20945058,45.83244168],[-121.20920644,45.82628933],[-121.22230865,45.82378689],[-121.23934966,45.80539903],[-121.25295642,45.79541368],[-121.25630928,45.78482612],[-121.26479317,45.780338],[-121.27602363,45.7842768],[-121.28257067,45.78634793],[-121.29409003,45.79877875],[-121.30818915,45.79362739],[-121.32011541,45.78391873],[-121.32818833,45.78011013],[-121.34635238,45.76761013],[-121.35310694,45.77268419],[-121.34607162,45.78413032],[-121.32408676,45.7867589],[-121.3238589,45.79249213],[-121.32818833,45.79877875],[-121.33198878,45.80683133],[-121.34753239,45.81874946],[-121.35980046,45.80934597],[-121.36668929,45.80906928],[-121.37746809,45.80949653],[-121.38289615,45.80693712],[-121.39231184,45.7967768],[-121.39894025,45.80200141],[-121.39669416,45.80548855],[-121.38803124,45.81351264],[-121.38884504,45.83402859],[-121.38154931,45.83788601],[-121.37215804,45.84117784],[-121.36380029,45.83216092],[-121.35519027,45.83011013],[-121.34731674,45.82594347],[-121.33898748,45.82954861],[-121.33370997,45.8372187],[-121.33652166,45.84252875],[-121.33852361,45.84886013],[-121.34269027,45.85673367],[-121.33860499,45.8592768],[-121.33027166,45.86320747],[-121.33227361,45.86761013],[-121.33660304,45.87389676],[-121.3363589,45.87999213],[-121.34180323,45.88789822],[-121.32193833,45.90422309],[-121.32611313,45.91040799],[-121.34438705,45.91423286],[-121.36210351,45.91085151],[-121.36985498,45.90719347],[-121.37394026,45.90502875],[-121.38249332,45.90232286],[-121.38211083,45.89265896],[-121.40111717,45.88868354],[-121.4081769,45.89522244],[-121.40362775,45.90381619],[-121.40835594,45.90819444],[-121.40835594,45.90611111],[-121.41043927,45.90611111],[-121.41183494,45.90449164],[-121.42182029,45.90082547],[-121.43154115,45.89789985],[-121.43864157,45.89473009],[-121.45932027,45.87582547],[-121.46780823,45.87389676],[-121.47182027,45.8716588],[-121.48864155,45.86973009],[-121.49928201,45.86139676],[-121.50532449,45.86332954],[-121.51973692,45.88015896],[-121.51751524,45.88494412],[-121.5022117,45.8973546],[-121.50589415,45.9039586],[-121.49851704,45.91423692],[-121.49361795,45.91845649],[-121.49168924,45.92902778],[-121.49478169,45.92794542],[-121.49825255,45.9280797],[-121.4807314,45.96119737],[-121.48749816,45.97103624],[-121.49902159,45.97377875],[-121.50519021,45.9780268],[-121.51545225,45.98127387],[-121.572573,45.9790115],[-121.57627986,45.97115424],[-121.58668025,45.96151883],[-121.5946962,45.95286811],[-121.60051488,45.9474726],[-121.61724258,45.94469347],[-121.62810683,45.9530268],[-121.63898329,45.95919542],[-121.64668186,45.9508865],[-121.66152153,45.94886013],[-121.68200085,45.93155056],[-121.69247855,45.92478787],[-121.69518444,45.91623481],[-121.70110485,45.91344347],[-121.7093568,45.90711209],[-121.72402151,45.9030268],[-121.73130096,45.89801378],[-121.73458872,45.88764187],[-121.74939991,45.87677355],[-121.75727345,45.88219347],[-121.76782032,45.88716987],[-121.76766976,45.89101915],[-121.74975392,45.89031114],[-121.73860483,45.89886013],[-121.73064992,45.90261176],[-121.72610484,45.91438748],[-121.73064992,45.92169542],[-121.74213266,45.91562039],[-121.74496469,45.93338162],[-121.75110483,45.93627875],[-121.75519011,45.93882189],[-121.74981902,45.94897407],[-121.75801401,45.96235297],[-121.75488087,45.96752875],[-121.74064748,45.95773465],[-121.73188283,45.96376492],[-121.72328095,45.97708686],[-121.70387584,45.99506375],[-121.70047008,46.00229031],[-121.69682425,46.01380154],[-121.6850404,46.03092394],[-121.67643445,46.03498481],[-121.6732891,46.04491319],[-121.66448784,46.04456733],[-121.66095594,46.02974799],[-121.6487245,46.02587429],[-121.64461887,46.02144314],[-121.64488742,46.01464789],[-121.65527153,46.01136013],[-121.66144015,46.00711209],[-121.67268282,46.00050401],[-121.68019014,45.9912755],[-121.67296358,45.98076931],[-121.66144015,45.9780268],[-121.65735487,45.97586209],[-121.65102349,45.97386013],[-121.64485487,45.96961209],[-121.63114638,45.96699571],[-121.6093487,45.96786241],[-121.59465551,45.98027696],[-121.58227351,45.98419542],[-121.5761049,45.98636013],[-121.56769019,45.98836209],[-121.55560523,45.99820095],[-121.55210588,46.01652778],[-121.56263241,46.01767117],[-121.5656272,46.02383979],[-121.56783667,46.02812853],[-121.57608455,46.03213243],[-121.58229386,46.03633979],[-121.59066788,46.03838243],[-121.59495661,46.04059191],[-121.60069392,46.05241238],[-121.6115012,46.0550491],[-121.62812717,46.06967312],[-121.63172825,46.07171577],[-121.64356906,46.06273139],[-121.6489605,46.06550646],[-121.65941785,46.0675491],[-121.66917941,46.07770942],[-121.67400118,46.0800491],[-121.6812725,46.08379259],[-121.68854382,46.0800491],[-121.69691784,46.07800646],[-121.70210582,46.07533312],[-121.70729381,46.07800646],[-121.71566783,46.0800491],[-121.72293915,46.08497667],[-121.73292857,46.07820584],[-121.74494435,46.08439887],[-121.77736214,46.09230089],[-121.79062711,46.10300646],[-121.8094178,46.1050491],[-121.81771044,46.11133979],[-121.82548631,46.11643826],[-121.8403504,46.12006375],[-121.91785688,46.1184809],[-121.9177104,46.11131944],[-121.91791385,46.10127306],[-121.92609662,46.09049018],[-121.92394819,46.08631944],[-121.92616987,46.08201036],[-121.93441775,46.07800646],[-121.93854372,46.07588243],[-121.94691774,46.07383979],[-121.95521038,46.0675491],[-121.9635844,46.06550646],[-121.96771038,46.06338243],[-121.97424521,46.06126248],[-121.97994589,46.06137641],[-121.9947937,46.07383979],[-122.00418904,46.07486111],[-122.00953165,46.07155707],[-122.01554971,46.07191515],[-122.02445271,46.06501817],[-122.02874551,46.05566759],[-122.03445433,46.05304308],[-122.03850706,46.05084581],[-122.0704203,46.04887641],[-122.07851356,46.05327501],[-122.08439734,46.05292508],[-122.11056921,46.05448351],[-122.11559037,46.05720974],[-122.13237096,46.05917914],[-122.13642369,46.06137641],[-122.15320428,46.06334581],[-122.15768019,46.06577501],[-122.16356398,46.06542508],[-122.17132765,46.06588487],[-122.17988477,46.06123806],[-122.1968973,46.06225125],[-122.21356396,46.06125841],[-122.22508332,46.061942],[-122.23017365,46.05917914],[-122.2371927,46.05701036],[-122.24273062,46.05733995],[-122.24689728,46.05709174],[-122.25435171,46.05753526],[-122.26142364,46.06137641],[-122.26833689,46.06334581],[-122.27600697,46.05917914],[-122.28028757,46.05720974],[-122.3036803,46.03571723],[-122.30725696,46.02792914],[-122.31778755,46.01554308],[-122.31975695,46.00709581],[-122.32195422,46.00304308],[-122.32392362,45.97792914],[-122.32612088,45.97387641],[-122.32874539,45.96816759],[-122.33445421,45.96554308],[-122.33850695,45.96334581],[-122.34695421,45.96137641],[-122.35418891,45.95744575],[-122.3614236,45.96137641],[-122.3782042,45.96334581],[-122.38225693,45.96554308],[-122.38653753,45.96751248],[-122.39059026,45.96970974],[-122.39903752,45.97167914],[-122.40309025,45.97387641],[-122.43653751,45.97584581],[-122.44059024,45.97804308],[-122.4490375,45.98001248],[-122.45309024,45.98220974],[-122.4615375,45.98417914],[-122.46559023,45.98637641],[-122.5058368,45.98834581],[-122.51350688,45.98417914],[-122.52612081,45.98220974],[-122.53017354,45.98001248],[-122.53445414,45.97804308],[-122.55934019,45.95501248],[-122.57042011,45.95304308],[-122.57938006,45.95791368],[-122.58850685,45.95084581],[-122.59695411,45.94887641],[-122.60627214,45.94152778],[-122.60525082,45.94046577],[-122.6022072,45.93754015],[-122.61913428,45.9334101],[-122.62604346,45.91999864]]]]}},{"type":"Feature","properties":{"id":"17020","name":"Goat Rocks","ancestry":["12159","12218","12385","11202","17010","17020"]},"geometry":{"type":"MultiPolygon","coordinates":[[[[-122.09585567,46.47902778],[-122.08880815,46.47458849],[-122.08023068,46.47371365],[-122.07189735,46.47456407],[-122.06356402,46.47371365],[-122.05771685,46.47430773],[-122.04907835,46.46747179],[-122.04471637,46.46558377],[-122.03631794,46.458935],[-122.02859903,46.45972032],[-122.02616169,46.44872179],[-122.01554971,46.4364171],[-122.01366169,46.43205512],[-122.00993448,46.42555284],[-122.01795043,46.41542508],[-122.01138305,46.41350043],[-122.00509643,46.40989936],[-121.98206991,46.40008084],[-121.97710572,46.40194444],[-121.97812704,46.40717312],[-121.9822937,46.41526232],[-121.97945354,46.42718452],[-121.96771038,46.4300491],[-121.9635844,46.43217312],[-121.95937705,46.43421577],[-121.95525107,46.43633979],[-121.92604373,46.43838243],[-121.91758833,46.44479926],[-121.90757856,46.44459581],[-121.90104374,46.44671577],[-121.89585575,46.44938911],[-121.88670455,46.44467312],[-121.87604375,46.44671577],[-121.86795456,46.45088243],[-121.85729375,46.44883979],[-121.84938767,46.44476671],[-121.84273077,46.44463243],[-121.78382373,46.44583279],[-121.77400114,46.43838243],[-121.76579395,46.43439887],[-121.76146046,46.42800646],[-121.75941781,46.4237991],[-121.73506887,46.39733019],[-121.7385967,46.39048611],[-121.73644826,46.38631944],[-121.7385967,46.38215278],[-121.73646047,46.37800646],[-121.73250132,46.36984809],[-121.7198345,46.35921577],[-121.71562714,46.35717312],[-121.70525117,46.3487991],[-121.6951112,46.34900662],[-121.69066784,46.34671577],[-121.67812716,46.34467312],[-121.66983452,46.33838243],[-121.66562716,46.33633979],[-121.66043917,46.33366645],[-121.65147108,46.33828885],[-121.64279188,46.33846381],[-121.63850315,46.33625434],[-121.6302512,46.34050646],[-121.61771051,46.3425491],[-121.61358454,46.34467312],[-121.60264704,46.34733832],[-121.59708471,46.352685],[-121.59479385,46.35713243],[-121.59081029,46.36533963],[-121.58441788,46.36967312],[-121.57604386,46.37171577],[-121.57183651,46.37388048],[-121.56632707,46.37377062],[-121.55256161,46.38421577],[-121.54641334,46.38072862],[-121.55215878,46.37225694],[-121.53858457,46.3612991],[-121.52396055,46.35925646],[-121.48731912,46.35300646],[-121.48021057,46.3550491],[-121.47600321,46.35721381],[-121.46981425,46.35708767],[-121.46575338,46.3654617],[-121.44551006,46.36587674],[-121.44066794,46.36338243],[-121.43615541,46.36119331],[-121.4284487,46.35317329],[-121.42400128,46.35088243],[-121.41146059,46.34883979],[-121.40316795,46.3425491],[-121.36979394,46.34050646],[-121.35733464,46.3300491],[-121.33672511,46.32781114],[-121.30861232,46.31967312],[-121.29271064,46.32171577],[-121.28870673,46.32588243],[-121.27812731,46.32383979],[-121.2633975,46.31147407],[-121.25805896,46.32248074],[-121.25104399,46.32588243],[-121.24691801,46.32800646],[-121.23854399,46.3300491],[-121.23441802,46.33217312],[-121.23021066,46.33421577],[-121.22608469,46.33633979],[-121.21771067,46.33838243],[-121.21358469,46.34050646],[-121.2054426,46.34445747],[-121.1885847,46.36361844],[-121.19062734,46.36967312],[-121.19410635,46.37642768],[-121.18662344,46.38421577],[-121.15937736,46.38217312],[-121.14827303,46.37932888],[-121.14275139,46.38217312],[-121.1302107,46.38421577],[-121.12466464,46.38707221],[-121.11852451,46.38068387],[-121.10108067,46.37711127],[-121.07159663,46.37376248],[-121.06181473,46.37396186],[-121.04998205,46.36990913],[-121.0219181,46.36338243],[-120.99271075,46.35717312],[-120.97666665,46.35306342],[-120.97015217,46.35292914],[-120.95852701,46.35576525],[-120.95316813,46.36133979],[-120.94271077,46.36338243],[-120.93543945,46.36712592],[-120.92816814,46.36338243],[-120.92396078,46.36133979],[-120.91983481,46.35921577],[-120.91562745,46.35717312],[-120.91150147,46.3550491],[-120.89896079,46.35300646],[-120.88853192,46.34458767],[-120.88437746,46.34467312],[-120.87837567,46.32618354],[-120.87335452,46.32095486],[-120.86775149,46.32383979],[-120.86354414,46.32588243],[-120.85941816,46.32800646],[-120.85002282,46.32902778],[-120.85197594,46.3347366],[-120.83864994,46.35124864],[-120.8427515,46.35921577],[-120.84479414,46.36342312],[-120.84968509,46.37064155],[-120.85941816,46.3737991],[-120.86383304,46.37607368],[-120.87608482,46.3800491],[-120.8802108,46.38237657],[-120.87391604,46.39459581],[-120.87437177,46.41686957],[-120.87816815,46.42796577],[-120.8802108,46.43633979],[-120.88309572,46.44194282],[-120.87611737,46.44864448],[-120.87385501,46.45331163],[-120.86753583,46.4593826],[-120.85521081,46.46338243],[-120.8490015,46.46550646],[-120.84271081,46.4675491],[-120.83850346,46.46971381],[-120.82398116,46.46942084],[-120.80934494,46.46971788],[-120.7880274,46.46535183],[-120.75186205,46.46798855],[-120.72107593,46.46736192],[-120.70230152,46.47010444],[-120.69413095,46.46730903],[-120.67502289,46.46769558],[-120.6480535,46.46714627],[-120.64066825,46.46967312],[-120.62604423,46.47171577],[-120.61951347,46.47508084],[-120.59642184,46.48014676],[-120.58441827,46.48425646],[-120.5730047,46.48703966],[-120.56464695,46.49573513],[-120.55628514,46.50377143],[-120.52768001,46.49959256],[-120.51984717,46.51573432],[-120.52448991,46.52474311],[-120.5362412,46.52855577],[-120.54271093,46.53842312],[-120.55200861,46.54994249],[-120.56186782,46.55296577],[-120.58217624,46.5477615],[-120.60312757,46.53838243],[-120.6296982,46.53254747],[-120.6374049,46.52732286],[-120.65525157,46.52383979],[-120.66169688,46.52163439],[-120.67175954,46.52183784],[-120.67752126,46.51887153],[-120.68428802,46.52591905],[-120.71498869,46.52806342],[-120.72502287,46.52785997],[-120.73439786,46.52805122],[-120.77293952,46.52726183],[-120.81460617,46.52811225],[-120.82398116,46.52792101],[-120.82918949,46.5280268],[-120.83752283,46.52785997],[-120.85523115,46.52821804],[-120.86877281,46.52794542],[-120.87781415,46.52812853],[-120.88829185,46.52453966],[-120.89479412,46.52820991],[-120.88453615,46.53806505],[-120.86979413,46.54046577],[-120.85941816,46.54467312],[-120.85155277,46.54722439],[-120.83579757,46.5567825],[-120.81649826,46.5630447],[-120.80941818,46.57383979],[-120.79885503,46.58642117],[-120.79068853,46.58625841],[-120.78423509,46.5906326],[-120.77199958,46.59038032],[-120.7656682,46.59467312],[-120.75935717,46.59773709],[-120.7513168,46.60187527],[-120.73025154,46.5987991],[-120.71377206,46.59649604],[-120.69630787,46.59685411],[-120.67708588,46.6034337],[-120.67191823,46.61987657],[-120.68017832,46.62781114],[-120.68229421,46.63217312],[-120.68880869,46.64075873],[-120.70177255,46.64704942],[-120.71358488,46.65088243],[-120.72336271,46.65422716],[-120.75345303,46.65713243],[-120.76562751,46.65296577],[-120.78279059,46.65092312],[-120.789065,46.66683295],[-120.79623866,46.67031196],[-120.79903407,46.67607775],[-120.80423019,46.68107042],[-120.80988205,46.68695014],[-120.8267725,46.68116808],[-120.83646081,46.69030707],[-120.81354416,46.6925491],[-120.80733485,46.69467312],[-120.80104416,46.69671577],[-120.79424078,46.70132595],[-120.78858486,46.71041206],[-120.79606776,46.72144721],[-120.7917302,46.72987006],[-120.75937751,46.73213243],[-120.75123949,46.73632351],[-120.74168953,46.73736111],[-120.74335375,46.74065294],[-120.75348965,46.74222765],[-120.76113939,46.74916124],[-120.77984056,46.75056098],[-120.78543951,46.74777778],[-120.78646083,46.74463243],[-120.78858486,46.74050646],[-120.7914942,46.7345128],[-120.80108485,46.73217312],[-120.80521083,46.7300491],[-120.80941818,46.72800646],[-120.82040044,46.71967312],[-120.8365015,46.72171577],[-120.84189294,46.72449083],[-120.85104414,46.7175491],[-120.86775149,46.71550646],[-120.87211754,46.71326036],[-120.88228599,46.71346788],[-120.90136964,46.6964228],[-120.91977377,46.69679715],[-120.92604411,46.6925491],[-120.93025147,46.69050646],[-120.93437744,46.68838243],[-120.95108479,46.68633979],[-120.95937743,46.6800491],[-120.96358479,46.67800646],[-120.96771076,46.67588243],[-120.97608478,46.67383979],[-120.98417397,46.66967312],[-120.99066811,46.67171577],[-120.99717853,46.67506863],[-121.05941808,46.6737991],[-121.06834549,46.67984972],[-121.07604405,46.67588243],[-121.08025141,46.67383979],[-121.08916661,46.66779731],[-121.12413974,46.66535183],[-121.13003573,46.6531977],[-121.14766268,46.6376907],[-121.15709057,46.6425491],[-121.25108468,46.64050646],[-121.25937732,46.63421577],[-121.26775134,46.63217312],[-121.27469307,46.62859646],[-121.28016995,46.63429715],[-121.284418,46.63838243],[-121.28646064,46.64050646],[-121.290668,46.6425491],[-121.30109686,46.65096788],[-121.30725328,46.65084174],[-121.31542385,46.6550491],[-121.34275131,46.65300646],[-121.34687728,46.65088243],[-121.37608463,46.64883979],[-121.38276187,46.64431505],[-121.40733462,46.63633979],[-121.41771059,46.6300491],[-121.43025127,46.62800646],[-121.43834046,46.62383979],[-121.45211813,46.62604926],[-121.45525127,46.63213243],[-121.45729391,46.63633979],[-121.4635846,46.64463243],[-121.46562724,46.64883979],[-121.46983459,46.65088243],[-121.48646056,46.66550646],[-121.49066792,46.6675491],[-121.49526997,46.66992133],[-121.51114317,46.66959581],[-121.51983457,46.67171577],[-121.52812721,46.67800646],[-121.5406679,46.6800491],[-121.54479387,46.68217312],[-121.54900123,46.68421577],[-121.55998348,46.6925491],[-121.56358456,46.69050646],[-121.5718772,46.68421577],[-121.58127254,46.68319444],[-121.5935406,46.66895698],[-121.60114151,46.66556342],[-121.60627253,46.66236111],[-121.60741999,46.65526883],[-121.61360081,46.65272976],[-121.61895563,46.65612739],[-121.63005995,46.64656521],[-121.63456842,46.64482368],[-121.63839328,46.64239855],[-121.64984348,46.64010362],[-121.65414035,46.6289586],[-121.65922661,46.62573188],[-121.66373507,46.62399034],[-121.6717266,46.61739855],[-121.67710583,46.61652778],[-121.69277152,46.59886013],[-121.69477347,46.59461209],[-121.69693818,46.5905268],[-121.69894014,46.58627875],[-121.70318818,46.58011013],[-121.70519013,46.57586209],[-121.70943818,46.57386013],[-121.71769013,46.56752875],[-121.72193817,46.5655268],[-121.7299826,46.56126655],[-121.73829152,46.56159614],[-121.74685678,46.55502875],[-121.75527149,46.5530268],[-121.75935678,46.55086209],[-121.76777149,46.54886013],[-121.77602344,46.54252875],[-121.78443815,46.5405268],[-121.78852343,46.53836209],[-121.79277148,46.53636013],[-121.80519009,46.52586209],[-121.80943814,46.52386013],[-121.81668911,46.52002306],[-121.82394009,46.52386013],[-121.8323548,46.52586209],[-121.83644822,46.5280268],[-121.83860073,46.52794542],[-121.84752406,46.53408556],[-121.85519008,46.53002875],[-121.86360479,46.5280268],[-121.87143763,46.52388048],[-121.8848857,46.53419542],[-121.89277144,46.53219347],[-121.89685673,46.53002875],[-121.91360477,46.5280268],[-121.92085574,46.52418972],[-121.9312724,46.52969916],[-121.94231162,46.52386013],[-121.94660443,46.52724555],[-121.95086468,46.53627062],[-121.96122845,46.53668159],[-121.96360475,46.53219347],[-121.96579794,46.51842394],[-121.97193808,46.5155268],[-121.98435669,46.50502875],[-122.00943806,46.5030268],[-122.01352335,46.50086209],[-122.05335894,46.49873806],[-122.05920204,46.48636013],[-122.06568804,46.48836209],[-122.07085568,46.49109646],[-122.07602332,46.48836209],[-122.08443803,46.48636013],[-122.08852332,46.48419542],[-122.09304399,46.48206326],[-122.09585567,46.47902778]]]]}},{"type":"Feature","properties":{"id":"17021","name":"Mount Adams Area","ancestry":["12159","12218","12385","11202","17010","17021"]},"geometry":{"type":"MultiPolygon","coordinates":[[[[-122.03225706,46.17025906],[-122.03028766,46.16542914],[-122.0280904,46.16137641],[-122.026121,46.14876248],[-122.01838581,46.13877713],[-122.02199502,46.13214057],[-122.00721638,46.11549832],[-122.00949503,46.11130724],[-122.00304158,46.10298611],[-122.00949503,46.09466498],[-122.00725707,46.09054308],[-122.00528767,46.08626248],[-122.00216268,46.0805089],[-122.00418904,46.07486111],[-121.9947937,46.07383979],[-121.97994589,46.06137641],[-121.97424521,46.06126248],[-121.96771038,46.06338243],[-121.9635844,46.06550646],[-121.95521038,46.0675491],[-121.94691774,46.07383979],[-121.93854372,46.07588243],[-121.93441775,46.07800646],[-121.92616987,46.08201036],[-121.92394819,46.08631944],[-121.92609662,46.09049018],[-121.91791385,46.10127306],[-121.9177104,46.11131944],[-121.91785688,46.1184809],[-121.8403504,46.12006375],[-121.82548631,46.11643826],[-121.81771044,46.11133979],[-121.8094178,46.1050491],[-121.79062711,46.10300646],[-121.77736214,46.09230089],[-121.74494435,46.08439887],[-121.73292857,46.07820584],[-121.72293915,46.08497667],[-121.71566783,46.0800491],[-121.70729381,46.07800646],[-121.70210582,46.07533312],[-121.69691784,46.07800646],[-121.68854382,46.0800491],[-121.6812725,46.08379259],[-121.67400118,46.0800491],[-121.66917941,46.07770942],[-121.65941785,46.0675491],[-121.6489605,46.06550646],[-121.64356906,46.06273139],[-121.63172825,46.07171577],[-121.62812717,46.06967312],[-121.6115012,46.0550491],[-121.60069392,46.05241238],[-121.59495661,46.04059191],[-121.59066788,46.03838243],[-121.58229386,46.03633979],[-121.57608455,46.03213243],[-121.56783667,46.02812853],[-121.5656272,46.02383979],[-121.56263241,46.01767117],[-121.55210588,46.01652778],[-121.55361548,46.03187609],[-121.54536354,46.03490343],[-121.53606992,46.02971951],[-121.51557025,46.02598009],[-121.50530821,46.0216588],[-121.49673074,46.01907498],[-121.48890604,46.01233263],[-121.48360005,46.00044705],[-121.47807027,45.99264676],[-121.47608052,45.98173367],[-121.46618469,45.97320909],[-121.46526103,45.96172635],[-121.47182027,45.95707547],[-121.47981994,45.95350694],[-121.48239155,45.94889676],[-121.4864036,45.93832547],[-121.49168924,45.92902778],[-121.49361795,45.91845649],[-121.49851704,45.91423692],[-121.50589415,45.9039586],[-121.5022117,45.8973546],[-121.51751524,45.88494412],[-121.51973692,45.88015896],[-121.50532449,45.86332954],[-121.49928201,45.86139676],[-121.48864155,45.86973009],[-121.47182027,45.8716588],[-121.46780823,45.87389676],[-121.45932027,45.87582547],[-121.43864157,45.89473009],[-121.43154115,45.89789985],[-121.42182029,45.90082547],[-121.41183494,45.90449164],[-121.41043927,45.90611111],[-121.4283185,45.90763699],[-121.43550437,45.91405789],[-121.44347555,45.92695258],[-121.44232402,45.94629259],[-121.44761374,45.95386909],[-121.44021221,45.95726671],[-121.4343569,45.96382189],[-121.4135073,45.96137641],[-121.39794741,45.95720974],[-121.38641584,45.96029405],[-121.36571679,45.97878771],[-121.36362125,45.99887641],[-121.342674,46.02167914],[-121.33862126,46.02804308],[-121.32809067,46.04042914],[-121.32559637,46.05643256],[-121.31950913,46.06763455],[-121.32073797,46.08828478],[-121.30981675,46.08893582],[-121.30661851,46.07179308],[-121.29892401,46.07376248],[-121.29358141,46.07666368],[-121.28256253,46.0681269],[-121.27229642,46.07729438],[-121.26408109,46.08861844],[-121.25230538,46.08791857],[-121.23899565,46.09402615],[-121.23642404,46.09876248],[-121.23366118,46.10477648],[-121.22207264,46.11774441],[-121.21327138,46.12560981],[-121.20038076,46.14003852],[-121.19070465,46.14679308],[-121.18356761,46.14899848],[-121.17379792,46.15430854],[-121.16140372,46.15875597],[-121.13793775,46.16189317],[-121.12195468,46.16762641],[-121.11024,46.17035265],[-121.10713942,46.17606147],[-121.10761956,46.18415473],[-121.10418939,46.18436225],[-121.09761794,46.18396756],[-121.08746576,46.18668972],[-121.074213,46.18590034],[-121.0702742,46.19687853],[-121.07562902,46.20287218],[-121.08171625,46.20566759],[-121.08434076,46.21137641],[-121.09487136,46.22584581],[-121.09684076,46.23220974],[-121.10100742,46.23987983],[-121.09814691,46.24993028],[-121.08538243,46.25884549],[-121.07027013,46.25004829],[-121.04004146,46.21558377],[-121.01060219,46.21035509],[-121.00294024,46.21719916],[-121.00345294,46.22584581],[-120.99892413,46.22387641],[-120.9948714,46.22167914],[-120.9896061,46.22069444],[-120.98784015,46.22788032],[-120.98882078,46.23224637],[-120.98625324,46.23618517],[-120.97587319,46.23821153],[-120.97208902,46.24067735],[-120.96753986,46.2423782],[-120.95542236,46.25317735],[-120.9508732,46.2548782],[-120.94708903,46.25734402],[-120.92223552,46.25904487],[-120.91583904,46.2548782],[-120.89378501,46.25317735],[-120.88875572,46.25889838],[-120.89298748,46.26539252],[-120.89228355,46.26852159],[-120.88420656,46.27154487],[-120.86792239,46.28651069],[-120.86337324,46.28821153],[-120.85958906,46.29067735],[-120.85087324,46.2923782],[-120.84708906,46.29484402],[-120.83837325,46.29654487],[-120.83458907,46.29901069],[-120.81753992,46.30071153],[-120.81375574,46.30317735],[-120.80503993,46.3048782],[-120.80125575,46.30734402],[-120.7967066,46.30904487],[-120.79292242,46.31151069],[-120.78837327,46.31321153],[-120.78752284,46.31444444],[-120.78941493,46.31671902],[-120.79907883,46.31955512],[-120.80818934,46.32676948],[-120.81894373,46.32567491],[-120.81494796,46.31869249],[-120.81752365,46.31350043],[-120.82805017,46.32183377],[-120.84238936,46.32805122],[-120.85002282,46.32902778],[-120.85941816,46.32800646],[-120.86354414,46.32588243],[-120.86775149,46.32383979],[-120.87335452,46.32095486],[-120.87837567,46.32618354],[-120.88437746,46.34467312],[-120.88853192,46.34458767],[-120.89896079,46.35300646],[-120.91150147,46.3550491],[-120.91562745,46.35717312],[-120.91983481,46.35921577],[-120.92396078,46.36133979],[-120.92816814,46.36338243],[-120.93543945,46.36712592],[-120.94271077,46.36338243],[-120.95316813,46.36133979],[-120.95852701,46.35576525],[-120.97015217,46.35292914],[-120.97666665,46.35306342],[-120.99271075,46.35717312],[-121.0219181,46.36338243],[-121.04998205,46.36990913],[-121.06181473,46.37396186],[-121.07159663,46.37376248],[-121.10108067,46.37711127],[-121.11852451,46.38068387],[-121.12466464,46.38707221],[-121.1302107,46.38421577],[-121.14275139,46.38217312],[-121.14827303,46.37932888],[-121.15937736,46.38217312],[-121.18662344,46.38421577],[-121.19410635,46.37642768],[-121.19062734,46.36967312],[-121.1885847,46.36361844],[-121.2054426,46.34445747],[-121.21358469,46.34050646],[-121.21771067,46.33838243],[-121.22608469,46.33633979],[-121.23021066,46.33421577],[-121.23441802,46.33217312],[-121.23854399,46.3300491],[-121.24691801,46.32800646],[-121.25104399,46.32588243],[-121.25805896,46.32248074],[-121.2633975,46.31147407],[-121.27812731,46.32383979],[-121.28870673,46.32588243],[-121.29271064,46.32171577],[-121.30861232,46.31967312],[-121.33672511,46.32781114],[-121.35733464,46.3300491],[-121.36979394,46.34050646],[-121.40316795,46.3425491],[-121.41146059,46.34883979],[-121.42400128,46.35088243],[-121.4284487,46.35317329],[-121.43615541,46.36119331],[-121.44066794,46.36338243],[-121.44551006,46.36587674],[-121.46575338,46.3654617],[-121.46981425,46.35708767],[-121.47600321,46.35721381],[-121.48021057,46.3550491],[-121.48731912,46.35300646],[-121.52396055,46.35925646],[-121.53858457,46.3612991],[-121.55215878,46.37225694],[-121.54641334,46.38072862],[-121.55256161,46.38421577],[-121.56632707,46.37377062],[-121.57183651,46.37388048],[-121.57604386,46.37171577],[-121.58441788,46.36967312],[-121.59081029,46.36533963],[-121.59479385,46.35713243],[-121.59708471,46.352685],[-121.60264704,46.34733832],[-121.61358454,46.34467312],[-121.61771051,46.3425491],[-121.6302512,46.34050646],[-121.63850315,46.33625434],[-121.64279188,46.33846381],[-121.65147108,46.33828885],[-121.66043917,46.33366645],[-121.66562716,46.33633979],[-121.66983452,46.33838243],[-121.67812716,46.34467312],[-121.69066784,46.34671577],[-121.6951112,46.34900662],[-121.70525117,46.3487991],[-121.71562714,46.35717312],[-121.7198345,46.35921577],[-121.73250132,46.36984809],[-121.73646047,46.37800646],[-121.7385967,46.38215278],[-121.73644826,46.38631944],[-121.7385967,46.39048611],[-121.73506887,46.39733019],[-121.75941781,46.4237991],[-121.76146046,46.42800646],[-121.76579395,46.43439887],[-121.77400114,46.43838243],[-121.78382373,46.44583279],[-121.84273077,46.44463243],[-121.84938767,46.44476671],[-121.85729375,46.44883979],[-121.86795456,46.45088243],[-121.87604375,46.44671577],[-121.88670455,46.44467312],[-121.89585575,46.44938911],[-121.90104374,46.44671577],[-121.90757856,46.44459581],[-121.91758833,46.44479926],[-121.92604373,46.43838243],[-121.95525107,46.43633979],[-121.95937705,46.43421577],[-121.9635844,46.43217312],[-121.96771038,46.4300491],[-121.97945354,46.42718452],[-121.9822937,46.41526232],[-121.97812704,46.40717312],[-121.97710572,46.40194444],[-121.97396037,46.39913683],[-121.97195435,46.38626248],[-121.96975709,46.38220974],[-121.96778769,46.37376248],[-121.96362102,46.36609239],[-121.96559042,46.34876248],[-121.96778769,46.34470974],[-121.96994426,46.33087918],[-121.97612102,46.32804308],[-121.98017375,46.32584581],[-121.99070435,46.32387641],[-121.99298706,46.30923611],[-122.0002299,46.29345649],[-122.00945434,46.28220974],[-122.01142374,46.27792914],[-122.01574503,46.27173611],[-122.01142374,46.26554308],[-122.00945434,46.26126248],[-122.00136922,46.25082547],[-122.00077921,46.24093777],[-122.02392373,46.22025906],[-122.02195433,46.21542914],[-122.01975707,46.21137641],[-122.01778767,46.20709581],[-122.01555785,46.20298611],[-122.01778767,46.19887641],[-122.01975707,46.19459581],[-122.02195433,46.19054308],[-122.02392373,46.18626248],[-122.026121,46.18220974],[-122.0280904,46.17792914],[-122.03225706,46.17025906]]],[[[-121.19527822,46.03485053],[-121.19171784,46.02847032],[-121.17738679,46.02585395],[-121.17293936,46.02069444],[-121.15955639,46.02200873],[-121.14793937,46.01236111],[-121.14681226,46.03036648],[-121.13850741,46.03417914],[-121.13382805,46.03671821],[-121.12440422,46.03615668],[-121.11362135,46.03845974],[-121.09793939,46.03944444],[-121.09423252,46.04263862],[-121.09491205,46.05106554],[-121.11353997,46.06711372],[-121.12268303,46.06062771],[-121.13543938,46.0616531],[-121.14481437,46.06090034],[-121.15210604,46.06148627],[-121.1562727,46.06115262],[-121.18294912,46.06329698],[-121.18640371,46.05428006],[-121.18066641,46.04400174],[-121.19527822,46.03485053]]]]}},{"type":"Feature","properties":{"id":"17023","name":"Mount Rainier East Foothills","ancestry":["12159","12218","12385","11202","17010","17022","17023"]},"geometry":{"type":"MultiPolygon","coordinates":[[[[-121.66159884,46.8299311],[-121.66115125,46.81861111],[-121.66152153,46.80919949],[-121.65727349,46.8030268],[-121.65527153,46.79877875],[-121.65310682,46.79469347],[-121.65110487,46.78211209],[-121.63227349,46.76136013],[-121.63027154,46.75465034],[-121.63543918,46.74986111],[-121.63223687,46.74473009],[-121.63030816,46.7404088],[-121.62807021,46.73639676],[-121.6261415,46.73207547],[-121.618329,46.72209825],[-121.62201959,46.71548611],[-121.61780817,46.70794217],[-121.61973688,46.6904088],[-121.62390354,46.68294217],[-121.62081924,46.67489366],[-121.60627253,46.66236111],[-121.60114151,46.66556342],[-121.5935406,46.66895698],[-121.58127254,46.68319444],[-121.58019832,46.69421332],[-121.57041235,46.6970128],[-121.56784481,46.70310004],[-121.56218075,46.71085558],[-121.54875302,46.71376492],[-121.53249733,46.71174262],[-121.53672503,46.74556831],[-121.53969541,46.75495551],[-121.54678362,46.75078885],[-121.56136695,46.74995063],[-121.55720028,46.75703885],[-121.55534481,46.76560004],[-121.55303362,46.76953885],[-121.55117815,46.7791173],[-121.55534481,46.78620551],[-121.55720028,46.79893338],[-121.55958065,46.80298611],[-121.55720028,46.80703885],[-121.55534481,46.81560004],[-121.54053362,46.83203885],[-121.53867815,46.84060004],[-121.53636696,46.84453885],[-121.53291644,46.85272569],[-121.51761696,46.85495551],[-121.51009337,46.86044868],[-121.5083559,46.86652778],[-121.51969216,46.86977078],[-121.53196022,46.8850906],[-121.53428362,46.89060004],[-121.54022845,46.89874213],[-121.54470029,46.90935004],[-121.54793922,46.91027778],[-121.55536516,46.90728706],[-121.55926327,46.90493517],[-121.57203182,46.90312039],[-121.57957576,46.89856717],[-121.58741674,46.89972683],[-121.59259659,46.89660183],[-121.59703181,46.89478706],[-121.60092992,46.89243517],[-121.6041892,46.89152778],[-121.6260235,46.87169542],[-121.6469382,46.86969347],[-121.65000624,46.86638129],[-121.65519015,46.84461209],[-121.66159884,46.8299311]]]]}},{"type":"Feature","properties":{"id":"17024","name":"Mount Rainier Massif","ancestry":["12159","12218","12385","11202","17010","17022","17024"]},"geometry":{"type":"MultiPolygon","coordinates":[[[[-121.89477339,46.91354519],[-121.87810673,46.89469347],[-121.87610478,46.89044542],[-121.87394007,46.88636013],[-121.87193812,46.86961209],[-121.86406865,46.85473985],[-121.86152145,46.84669542],[-121.85727341,46.8405268],[-121.85527146,46.82586209],[-121.84894008,46.8217768],[-121.8346253,46.81012316],[-121.84964402,46.8065465],[-121.84477341,46.79469347],[-121.84277146,46.78002875],[-121.84060675,46.77386013],[-121.8386048,46.76544542],[-121.83641974,46.76131944],[-121.8386048,46.75719347],[-121.84127407,46.75152941],[-121.84693813,46.74886013],[-121.85844528,46.73949327],[-121.8604391,46.73319444],[-121.8530335,46.73226671],[-121.84594529,46.72810004],[-121.83845017,46.72995551],[-121.83451137,46.73226671],[-121.83011684,46.73412218],[-121.81367805,46.74893338],[-121.80781461,46.75140327],[-121.80411181,46.76020047],[-121.79678352,46.76328885],[-121.79284472,46.76560004],[-121.78845019,46.76745551],[-121.78335579,46.77044623],[-121.77511198,46.76560004],[-121.7634502,46.76745551],[-121.7595114,46.76976671],[-121.74886687,46.77370551],[-121.74138804,46.77916612],[-121.73751841,46.77434028],[-121.71365774,46.77135769],[-121.71011363,46.77578885],[-121.69886689,46.77393338],[-121.69492809,46.77162218],[-121.68220023,46.76976671],[-121.67826143,46.76745551],[-121.6738669,46.76560004],[-121.6699281,46.76328885],[-121.65720024,46.76143338],[-121.65326144,46.75912218],[-121.64470025,46.75726671],[-121.63543918,46.74986111],[-121.63027154,46.75465034],[-121.63227349,46.76136013],[-121.65110487,46.78211209],[-121.65310682,46.79469347],[-121.65527153,46.79877875],[-121.65727349,46.8030268],[-121.66152153,46.80919949],[-121.66115125,46.81861111],[-121.66159884,46.8299311],[-121.65519015,46.84461209],[-121.65000624,46.86638129],[-121.6469382,46.86969347],[-121.6260235,46.87169542],[-121.6041892,46.89152778],[-121.60576797,46.89464871],[-121.61182266,46.89639431],[-121.61530573,46.89916124],[-121.62015599,46.90056098],[-121.62363906,46.90332791],[-121.64547743,46.90472765],[-121.65072238,46.90056098],[-121.65627251,46.89986111],[-121.65923882,46.8965408],[-121.66548881,46.89691108],[-121.67099418,46.89392036],[-121.68087374,46.90082547],[-121.69204317,46.8947545],[-121.69842744,46.89437609],[-121.70696829,46.89744005],[-121.72000946,46.89666287],[-121.75066945,46.89888048],[-121.76142384,46.90720974],[-121.77281299,46.90933784],[-121.7761211,46.91542914],[-121.7780905,46.92387641],[-121.78445443,46.93209581],[-121.78902392,46.94398139],[-121.79793912,46.95194444],[-121.80527148,46.94886013],[-121.80935676,46.94669542],[-121.81360481,46.94469347],[-121.81769009,46.94252875],[-121.82402147,46.9405268],[-121.83806769,46.93475694],[-121.86331589,46.91210883],[-121.8697734,46.9155268],[-121.88562219,46.91804959],[-121.89477339,46.91354519]]]]}},{"type":"Feature","properties":{"id":"17025","name":"Mount Rainier North Foothills","ancestry":["12159","12218","12385","11202","17010","17022","17025"]},"geometry":{"type":"MultiPolygon","coordinates":[[[[-122.07293902,47.08736111],[-122.06650184,47.08041531],[-122.06144,47.0780268],[-122.05735471,47.07586209],[-122.04489948,47.07289578],[-122.04461871,47.06574246],[-122.04695839,47.06131944],[-122.04477334,47.05719347],[-122.04277138,47.04877875],[-122.04060667,47.04469347],[-122.03860472,47.04044542],[-122.03644001,47.03636013],[-122.03443805,47.03211209],[-122.03227334,47.0280268],[-122.02841999,47.01985623],[-122.02402139,47.01752875],[-122.01560668,47.0155268],[-122.00776977,47.01138048],[-122.00523071,47.01127875],[-122.00311075,47.01136013],[-121.99068807,47.00086209],[-121.97394003,46.99886013],[-121.96644085,46.99488878],[-121.95939739,46.99461209],[-121.94939984,46.99500678],[-121.94240928,46.99019721],[-121.93019005,46.99252875],[-121.92610476,46.99469347],[-121.92185672,46.99669542],[-121.91500451,47.00032091],[-121.87606409,46.99877875],[-121.85818487,46.99948676],[-121.85110072,46.99461209],[-121.84433396,46.99487657],[-121.83368536,46.98338569],[-121.8198548,46.97169542],[-121.80727343,46.96969347],[-121.80318814,46.96752875],[-121.79486295,46.96360216],[-121.79477343,46.96128689],[-121.79693814,46.95719347],[-121.79793912,46.95194444],[-121.78902392,46.94398139],[-121.78445443,46.93209581],[-121.7780905,46.92387641],[-121.7761211,46.91542914],[-121.77281299,46.90933784],[-121.76142384,46.90720974],[-121.75066945,46.89888048],[-121.72000946,46.89666287],[-121.70696829,46.89744005],[-121.69842744,46.89437609],[-121.69204317,46.8947545],[-121.68087374,46.90082547],[-121.67099418,46.89392036],[-121.66548881,46.89691108],[-121.65923882,46.8965408],[-121.65627251,46.89986111],[-121.65741183,46.90080512],[-121.65929985,46.90489855],[-121.65114556,46.92402696],[-121.6490785,46.94475043],[-121.64607557,46.94999132],[-121.65287082,46.95943142],[-121.64054986,46.97372179],[-121.63866184,46.97808377],[-121.63372206,46.98494412],[-121.62596653,46.98830512],[-121.62024957,46.99158067],[-121.61743382,47.00736844],[-121.61847549,47.01757758],[-121.62199518,47.02372179],[-121.6238832,47.0364171],[-121.62623102,47.04051053],[-121.59054988,47.07788845],[-121.58960587,47.08111111],[-121.59390274,47.08767849],[-121.59237279,47.09541775],[-121.59706843,47.10281521],[-121.59880997,47.10732368],[-121.61790176,47.12781521],[-121.62103489,47.13593696],[-121.63248508,47.13823188],[-121.64464328,47.14899034],[-121.64996961,47.15104519],[-121.65210584,47.15402778],[-121.66232719,47.16212918],[-121.66765353,47.1591588],[-121.67197481,47.15723009],[-121.67979545,47.15286811],[-121.6906475,47.15373888],[-121.70106416,47.15290066],[-121.72371226,47.15472358],[-121.73223684,47.16139676],[-121.73655812,47.16332547],[-121.74216115,47.16645047],[-121.75529184,47.16539659],[-121.76238819,47.17042996],[-121.76895964,47.16676378],[-121.77807015,47.17389676],[-121.79451302,47.17582547],[-121.80515347,47.16749213],[-121.80947476,47.16556342],[-121.8134868,47.16332547],[-121.81780809,47.16139676],[-121.83015346,47.15082547],[-121.83447475,47.14889676],[-121.8416891,47.1448725],[-121.84890346,47.14889676],[-121.86155807,47.15082547],[-121.86557012,47.15306342],[-121.88127649,47.155456],[-121.88335575,47.16236111],[-121.89280806,47.16139676],[-121.89890344,47.1591588],[-121.92622276,47.15558214],[-121.94255576,47.14647163],[-121.95335085,47.14733832],[-121.96638795,47.13220567],[-121.99042765,47.12975206],[-121.99955444,47.12327827],[-122.00924682,47.12405952],[-122.0195292,47.11676785],[-122.02318724,47.10461778],[-122.01765339,47.09681342],[-122.01572468,47.0916173],[-122.02614134,47.08848009],[-122.03122354,47.08564399],[-122.04273069,47.08657172],[-122.04918414,47.08605089],[-122.05582476,47.09376166],[-122.06557004,47.08832547],[-122.07293902,47.08736111]]]]}},{"type":"Feature","properties":{"id":"17026","name":"Mount Rainier West Foothills","ancestry":["12159","12218","12385","11202","17010","17022","17026"]},"geometry":{"type":"MultiPolygon","coordinates":[[[[-122.33335558,46.84777778],[-122.3219176,46.83421577],[-122.30320016,46.83160346],[-122.30279326,46.81173448],[-122.31032906,46.8018061],[-122.28233428,46.77588243],[-122.27812692,46.77383979],[-122.27039174,46.76985623],[-122.25799347,46.76960395],[-122.24422801,46.7800491],[-122.24062694,46.77800646],[-122.2323343,46.77171577],[-122.22812694,46.76967312],[-122.22400097,46.7675491],[-122.21562695,46.76550646],[-122.20789176,46.76152289],[-122.1968973,46.7612991],[-122.18677768,46.76150662],[-122.18233432,46.75921577],[-122.1614603,46.75717312],[-122.15677687,46.7547602],[-122.13960566,46.75511013],[-122.13543899,46.75502875],[-122.13034866,46.75513048],[-122.07396034,46.75300646],[-122.06588335,46.74884386],[-122.06356402,46.7487991],[-122.04943642,46.749088],[-122.04157103,46.7450312],[-122.02175902,46.74462836],[-122.01358438,46.74883979],[-122.00937703,46.75088243],[-122.00128784,46.7550491],[-121.9947937,46.75300646],[-121.99066773,46.75088243],[-121.98646037,46.74883979],[-121.97918905,46.7450963],[-121.97085572,46.74938911],[-121.96170452,46.74467312],[-121.95521038,46.74671577],[-121.9500224,46.74938911],[-121.94483441,46.74671577],[-121.94062705,46.74467312],[-121.93650108,46.7425491],[-121.9114604,46.74050646],[-121.90525109,46.7362991],[-121.88709517,46.73666938],[-121.87838343,46.73217719],[-121.87605188,46.73213243],[-121.8604391,46.73319444],[-121.85844528,46.73949327],[-121.84693813,46.74886013],[-121.84127407,46.75152941],[-121.8386048,46.75719347],[-121.83641974,46.76131944],[-121.8386048,46.76544542],[-121.84060675,46.77386013],[-121.84277146,46.78002875],[-121.84477341,46.79469347],[-121.84964402,46.8065465],[-121.8346253,46.81012316],[-121.84894008,46.8217768],[-121.85527146,46.82586209],[-121.85727341,46.8405268],[-121.86152145,46.84669542],[-121.86406865,46.85473985],[-121.87193812,46.86961209],[-121.87394007,46.88636013],[-121.87610478,46.89044542],[-121.87810673,46.89469347],[-121.89477339,46.91354519],[-121.88562219,46.91804959],[-121.8697734,46.9155268],[-121.86331589,46.91210883],[-121.83806769,46.93475694],[-121.82402147,46.9405268],[-121.81769009,46.94252875],[-121.81360481,46.94469347],[-121.80935676,46.94669542],[-121.80527148,46.94886013],[-121.79793912,46.95194444],[-121.79693814,46.95719347],[-121.79477343,46.96128689],[-121.79486295,46.96360216],[-121.80318814,46.96752875],[-121.80727343,46.96969347],[-121.8198548,46.97169542],[-121.83368536,46.98338569],[-121.84433396,46.99487657],[-121.85110072,46.99461209],[-121.85818487,46.99948676],[-121.87606409,46.99877875],[-121.91500451,47.00032091],[-121.92185672,46.99669542],[-121.92610476,46.99469347],[-121.93019005,46.99252875],[-121.94240928,46.99019721],[-121.94939984,46.99500678],[-121.95939739,46.99461209],[-121.96644085,46.99488878],[-121.97394003,46.99886013],[-121.99068807,47.00086209],[-122.00311075,47.01136013],[-122.00523071,47.01127875],[-122.00776977,47.01138048],[-122.01560668,47.0155268],[-122.02402139,47.01752875],[-122.02841999,47.01985623],[-122.03227334,47.0280268],[-122.03443805,47.03211209],[-122.03644001,47.03636013],[-122.03860472,47.04044542],[-122.04060667,47.04469347],[-122.04277138,47.04877875],[-122.04477334,47.05719347],[-122.04695839,47.06131944],[-122.04461871,47.06574246],[-122.04489948,47.07289578],[-122.05735471,47.07586209],[-122.06144,47.0780268],[-122.06650184,47.08041531],[-122.07293902,47.08736111],[-122.08030799,47.08639676],[-122.10410355,47.08188015],[-122.11358434,47.07087348],[-122.12182002,47.07389676],[-122.1323913,47.07582547],[-122.14060256,47.08164415],[-122.15839227,47.0841588],[-122.16973667,47.07999213],[-122.1818908,47.07722928],[-122.18945101,47.06845649],[-122.19485873,47.06379747],[-122.19681999,47.04551541],[-122.19056999,47.03431342],[-122.18568311,47.02336372],[-122.17904249,47.01399685],[-122.18671257,47.00738471],[-122.19346306,46.99955187],[-122.20241488,46.99183702],[-122.21015006,46.98286079],[-122.21780794,46.97806342],[-122.22944123,46.96844021],[-122.23223664,46.9591588],[-122.23655793,46.95306342],[-122.23848664,46.94457547],[-122.24810985,46.93294217],[-122.26005646,46.92934516],[-122.2664448,46.91503038],[-122.27197458,46.90723009],[-122.27390329,46.89565782],[-122.26861765,46.88126573],[-122.26572459,46.8716588],[-122.26158233,46.86423286],[-122.27405792,46.86139676],[-122.28216745,46.85841824],[-122.28442168,46.86590115],[-122.301776,46.86450955],[-122.31404,46.85581407],[-122.32614123,46.85306342],[-122.33335558,46.84777778]]]]}},{"type":"Feature","properties":{"id":"17027","name":"Sourdough Mountains","ancestry":["12159","12218","12385","11202","17010","17022","17027"]},"geometry":{"type":"MultiPolygon","coordinates":[[[[-121.65929985,46.90489855],[-121.65741183,46.90080512],[-121.65627251,46.89986111],[-121.65072238,46.90056098],[-121.64547743,46.90472765],[-121.62363906,46.90332791],[-121.62015599,46.90056098],[-121.61530573,46.89916124],[-121.61182266,46.89639431],[-121.60576797,46.89464871],[-121.6041892,46.89152778],[-121.60092992,46.89243517],[-121.59703181,46.89478706],[-121.59259659,46.89660183],[-121.58741674,46.89972683],[-121.57957576,46.89856717],[-121.57203182,46.90312039],[-121.55926327,46.90493517],[-121.55536516,46.90728706],[-121.54793922,46.91027778],[-121.54703183,46.91562039],[-121.54467994,46.9195185],[-121.54286516,46.92395372],[-121.53634661,46.9320185],[-121.53453183,46.94478706],[-121.53217995,46.94868517],[-121.53036517,46.95312039],[-121.52643044,46.95964301],[-121.5386985,46.97368517],[-121.54051328,46.98344265],[-121.53634661,46.99035183],[-121.53453183,46.99478706],[-121.53217995,46.99868517],[-121.53004779,47.01124213],[-121.53264381,47.02243598],[-121.54078183,47.0257685],[-121.54467994,47.02812039],[-121.55328183,47.02993517],[-121.55717994,47.03228706],[-121.56161516,47.03410183],[-121.56651831,47.03706],[-121.56967993,47.04478706],[-121.57203182,47.04868517],[-121.5738466,47.05728706],[-121.57619848,47.06118517],[-121.57801326,47.06978706],[-121.58036515,47.07368517],[-121.58217993,47.07812039],[-121.58506079,47.08289741],[-121.58960587,47.08111111],[-121.59054988,47.07788845],[-121.62623102,47.04051053],[-121.6238832,47.0364171],[-121.62199518,47.02372179],[-121.61847549,47.01757758],[-121.61743382,47.00736844],[-121.62024957,46.99158067],[-121.62596653,46.98830512],[-121.63372206,46.98494412],[-121.63866184,46.97808377],[-121.64054986,46.97372179],[-121.65287082,46.95943142],[-121.64607557,46.94999132],[-121.6490785,46.94475043],[-121.65114556,46.92402696],[-121.65929985,46.90489855]]]]}},{"type":"Feature","properties":{"id":"17028","name":"Southwest Mount Rainier Area","ancestry":["12159","12218","12385","11202","17010","17022","17028"]},"geometry":{"type":"MultiPolygon","coordinates":[[[[-122.77602305,46.71083116],[-122.77174246,46.70911811],[-122.76153331,46.70952501],[-122.76139904,46.70611111],[-122.76181814,46.69549506],[-122.7576881,46.68674262],[-122.74450451,46.6842239],[-122.72672294,46.67198839],[-122.71809664,46.66791938],[-122.71352308,46.6592768],[-122.71036146,46.65257514],[-122.69959079,46.64687853],[-122.69268975,46.64469347],[-122.68652114,46.64252875],[-122.68018976,46.6405268],[-122.67159601,46.63461046],[-122.66143976,46.63219347],[-122.65527115,46.62794542],[-122.64685644,46.62594347],[-122.63952815,46.62206163],[-122.62814713,46.62161404],[-122.6229388,46.62181749],[-122.61058529,46.62132921],[-122.59893979,46.62586209],[-122.59273048,46.62914985],[-122.58602882,46.62560167],[-122.57165302,46.62105252],[-122.55365986,46.60803168],[-122.52406189,46.60398709],[-122.52385844,46.59881944],[-122.52410258,46.59264676],[-122.51872335,46.58483019],[-122.51560649,46.57594347],[-122.51231466,46.56554308],[-122.50601583,46.55220079],[-122.49893983,46.54886013],[-122.48676535,46.54047797],[-122.46914248,46.53807319],[-122.46143984,46.5280268],[-122.45814394,46.51761013],[-122.44893985,46.51961209],[-122.44277123,46.52386013],[-122.42393986,46.52586209],[-122.41493107,46.53277127],[-122.39396347,46.52415717],[-122.37874944,46.52355496],[-122.36896755,46.52698107],[-122.3573546,46.51752875],[-122.34052924,46.50518745],[-122.33463325,46.49882758],[-122.32518908,46.49657742],[-122.31360461,46.49044542],[-122.2850361,46.48424425],[-122.27185658,46.4780268],[-122.2617573,46.47107286],[-122.24113556,46.47436062],[-122.21430859,46.4885574],[-122.20190625,46.48806505],[-122.19685661,46.49044542],[-122.18405958,46.50086209],[-122.18114617,46.4975906],[-122.18950798,46.48983914],[-122.18543897,46.48319444],[-122.17962843,46.48140001],[-122.17612094,46.47376248],[-122.17367547,46.46925401],[-122.16559035,46.46554308],[-122.16153761,46.46334581],[-122.15678908,46.46116482],[-122.13139847,46.46267849],[-122.12612096,46.46554308],[-122.12184036,46.46751248],[-122.1142069,46.4716588],[-122.1052795,46.46542101],[-122.10011593,46.46573025],[-122.09695431,46.47595974],[-122.09585567,46.47902778],[-122.09304399,46.48206326],[-122.08852332,46.48419542],[-122.08443803,46.48636013],[-122.07602332,46.48836209],[-122.07085568,46.49109646],[-122.06568804,46.48836209],[-122.05920204,46.48636013],[-122.05335894,46.49873806],[-122.01352335,46.50086209],[-122.00943806,46.5030268],[-121.98435669,46.50502875],[-121.97193808,46.5155268],[-121.96579794,46.51842394],[-121.96360475,46.53219347],[-121.96122845,46.53668159],[-121.95086468,46.53627062],[-121.94660443,46.52724555],[-121.94231162,46.52386013],[-121.9312724,46.52969916],[-121.92085574,46.52418972],[-121.91360477,46.5280268],[-121.89685673,46.53002875],[-121.89277144,46.53219347],[-121.8848857,46.53419542],[-121.87143763,46.52388048],[-121.86360479,46.5280268],[-121.85519008,46.53002875],[-121.84752406,46.53408556],[-121.83860073,46.52794542],[-121.83644822,46.5280268],[-121.8323548,46.52586209],[-121.82394009,46.52386013],[-121.81668911,46.52002306],[-121.80943814,46.52386013],[-121.80519009,46.52586209],[-121.79277148,46.53636013],[-121.78852343,46.53836209],[-121.78443815,46.5405268],[-121.77602344,46.54252875],[-121.76777149,46.54886013],[-121.75935678,46.55086209],[-121.75527149,46.5530268],[-121.74685678,46.55502875],[-121.73829152,46.56159614],[-121.7299826,46.56126655],[-121.72193817,46.5655268],[-121.71769013,46.56752875],[-121.70943818,46.57386013],[-121.70519013,46.57586209],[-121.70318818,46.58011013],[-121.69894014,46.58627875],[-121.69693818,46.5905268],[-121.69477347,46.59461209],[-121.69277152,46.59886013],[-121.67710583,46.61652778],[-121.68646049,46.62383979],[-121.69483451,46.62588243],[-121.70312715,46.63217312],[-121.70941783,46.63421577],[-121.71170869,46.63660021],[-121.71562714,46.64467312],[-121.71775116,46.6487991],[-121.71979381,46.65300646],[-121.72191783,46.65713243],[-121.72569387,46.66491238],[-121.73650116,46.6675491],[-121.74062713,46.66967312],[-121.74483449,46.67171577],[-121.74896046,46.67383979],[-121.75316782,46.67588243],[-121.75729379,46.67800646],[-121.76150115,46.6800491],[-121.76562712,46.68217312],[-121.77400114,46.68421577],[-121.77812712,46.68633979],[-121.78023079,46.6862991],[-121.79122526,46.68652289],[-121.80002245,46.69105577],[-121.80716763,46.68737332],[-121.82841193,46.69688666],[-121.85898239,46.72870226],[-121.8604391,46.73319444],[-121.87605188,46.73213243],[-121.87838343,46.73217719],[-121.88709517,46.73666938],[-121.90525109,46.7362991],[-121.9114604,46.74050646],[-121.93650108,46.7425491],[-121.94062705,46.74467312],[-121.94483441,46.74671577],[-121.9500224,46.74938911],[-121.95521038,46.74671577],[-121.96170452,46.74467312],[-121.97085572,46.74938911],[-121.97918905,46.7450963],[-121.98646037,46.74883979],[-121.99066773,46.75088243],[-121.9947937,46.75300646],[-122.00128784,46.7550491],[-122.00937703,46.75088243],[-122.01358438,46.74883979],[-122.02175902,46.74462836],[-122.04157103,46.7450312],[-122.04943642,46.749088],[-122.06356402,46.7487991],[-122.06588335,46.74884386],[-122.07396034,46.75300646],[-122.13034866,46.75513048],[-122.13543899,46.75502875],[-122.13960566,46.75511013],[-122.15677687,46.7547602],[-122.1614603,46.75717312],[-122.18233432,46.75921577],[-122.18677768,46.76150662],[-122.1968973,46.7612991],[-122.20789176,46.76152289],[-122.21562695,46.76550646],[-122.22400097,46.7675491],[-122.22812694,46.76967312],[-122.2323343,46.77171577],[-122.24062694,46.77800646],[-122.24422801,46.7800491],[-122.25799347,46.76960395],[-122.27039174,46.76985623],[-122.27812692,46.77383979],[-122.28233428,46.77588243],[-122.31032906,46.8018061],[-122.30279326,46.81173448],[-122.30320016,46.83160346],[-122.3219176,46.83421577],[-122.33335558,46.84777778],[-122.36038194,46.8521072],[-122.37402126,46.84886013],[-122.38099961,46.84405463],[-122.40106389,46.83879747],[-122.42325626,46.84461209],[-122.44083031,46.83993273],[-122.45054711,46.83093207],[-122.45383486,46.8247187],[-122.44893985,46.81761013],[-122.44556664,46.81046495],[-122.43659854,46.80078478],[-122.42610457,46.79105984],[-122.43115421,46.78772732],[-122.4365904,46.79060411],[-122.4525694,46.78997342],[-122.46143984,46.7967768],[-122.47881451,46.79954373],[-122.50210552,46.81053413],[-122.50935649,46.8155268],[-122.51985453,46.81752875],[-122.52987243,46.82521512],[-122.54198587,46.82838894],[-122.57695493,46.82700141],[-122.58652117,46.83002875],[-122.59552996,46.83622993],[-122.60727312,46.83211209],[-122.6136045,46.83011013],[-122.61902442,46.82724148],[-122.63227311,46.83636013],[-122.64693782,46.83836209],[-122.66266861,46.84918972],[-122.68271254,46.85301459],[-122.6982765,46.86125027],[-122.70663425,46.86157986],[-122.719415,46.85554959],[-122.72663342,46.84506375],[-122.72393974,46.83219347],[-122.72056653,46.80397895],[-122.71171237,46.79111274],[-122.71122002,46.77868191],[-122.71969576,46.76953478],[-122.72779716,46.76202745],[-122.71152113,46.74877875],[-122.70319593,46.74485216],[-122.70304131,46.74091336],[-122.72402112,46.73636013],[-122.73208183,46.73081407],[-122.74277111,46.73419542],[-122.75064465,46.73836209],[-122.76142752,46.72986192],[-122.77602305,46.71083116]]]]}},{"type":"Feature","properties":{"id":"17029","name":"Tatoosh Range","ancestry":["12159","12218","12385","11202","17010","17022","17029"]},"geometry":{"type":"MultiPolygon","coordinates":[[[[-121.8604391,46.73319444],[-121.85898239,46.72870226],[-121.82841193,46.69688666],[-121.80716763,46.68737332],[-121.80002245,46.69105577],[-121.79122526,46.68652289],[-121.78023079,46.6862991],[-121.77812712,46.68633979],[-121.77400114,46.68421577],[-121.76562712,46.68217312],[-121.76150115,46.6800491],[-121.75729379,46.67800646],[-121.75316782,46.67588243],[-121.74896046,46.67383979],[-121.74483449,46.67171577],[-121.74062713,46.66967312],[-121.73650116,46.6675491],[-121.72569387,46.66491238],[-121.72191783,46.65713243],[-121.71979381,46.65300646],[-121.71775116,46.6487991],[-121.71562714,46.64467312],[-121.71170869,46.63660021],[-121.70941783,46.63421577],[-121.70312715,46.63217312],[-121.69483451,46.62588243],[-121.68646049,46.62383979],[-121.67710583,46.61652778],[-121.6717266,46.61739855],[-121.66373507,46.62399034],[-121.65922661,46.62573188],[-121.65414035,46.6289586],[-121.64984348,46.64010362],[-121.63839328,46.64239855],[-121.63456842,46.64482368],[-121.63005995,46.64656521],[-121.61895563,46.65612739],[-121.61360081,46.65272976],[-121.60741999,46.65526883],[-121.60627253,46.66236111],[-121.62081924,46.67489366],[-121.62390354,46.68294217],[-121.61973688,46.6904088],[-121.61780817,46.70794217],[-121.62201959,46.71548611],[-121.618329,46.72209825],[-121.6261415,46.73207547],[-121.62807021,46.73639676],[-121.63030816,46.7404088],[-121.63223687,46.74473009],[-121.63543918,46.74986111],[-121.64470025,46.75726671],[-121.65326144,46.75912218],[-121.65720024,46.76143338],[-121.6699281,46.76328885],[-121.6738669,46.76560004],[-121.67826143,46.76745551],[-121.68220023,46.76976671],[-121.69492809,46.77162218],[-121.69886689,46.77393338],[-121.71011363,46.77578885],[-121.71365774,46.77135769],[-121.73751841,46.77434028],[-121.74138804,46.77916612],[-121.74886687,46.77370551],[-121.7595114,46.76976671],[-121.7634502,46.76745551],[-121.77511198,46.76560004],[-121.78335579,46.77044623],[-121.78845019,46.76745551],[-121.79284472,46.76560004],[-121.79678352,46.76328885],[-121.80411181,46.76020047],[-121.80781461,46.75140327],[-121.81367805,46.74893338],[-121.83011684,46.73412218],[-121.83451137,46.73226671],[-121.83845017,46.72995551],[-121.84594529,46.72810004],[-121.8530335,46.73226671],[-121.8604391,46.73319444]]]]}},{"type":"Feature","properties":{"id":"17030","name":"Mount Saint Helens Area","ancestry":["12159","12218","12385","11202","17010","17030"]},"geometry":{"type":"MultiPolygon","coordinates":[[[[-122.87525397,46.19980414],[-122.86822273,46.18246609],[-122.87319505,46.14842068],[-122.8525367,46.12236274],[-122.84026863,46.11738634],[-122.81988697,46.11780138],[-122.81711191,46.10426378],[-122.83169116,46.09719184],[-122.83854337,46.0925491],[-122.84627449,46.08879747],[-122.86031664,46.07530463],[-122.86925625,46.06352078],[-122.86354337,46.05508979],[-122.86142748,46.05072781],[-122.85327319,46.04289497],[-122.85108406,46.03838243],[-122.84479337,46.03008979],[-122.84239673,46.00068305],[-122.82778898,45.98547716],[-122.81603362,45.97676541],[-122.81290455,45.97031196],[-122.7959734,45.95688829],[-122.78666758,45.94269558],[-122.77965668,45.93908637],[-122.74441906,45.92383979],[-122.73197196,45.92593533],[-122.71983411,45.93008979],[-122.71354342,45.93213243],[-122.70727308,45.93638048],[-122.70106377,45.93625434],[-122.68901544,45.93650255],[-122.68053155,45.93359728],[-122.66257095,45.9382034],[-122.64273046,45.93141222],[-122.63441748,45.93425646],[-122.62812679,45.9362991],[-122.62191748,45.94050646],[-122.60627214,45.94152778],[-122.59695411,45.94887641],[-122.58850685,45.95084581],[-122.57938006,45.95791368],[-122.57042011,45.95304308],[-122.55934019,45.95501248],[-122.53445414,45.97804308],[-122.53017354,45.98001248],[-122.52612081,45.98220974],[-122.51350688,45.98417914],[-122.5058368,45.98834581],[-122.46559023,45.98637641],[-122.4615375,45.98417914],[-122.45309024,45.98220974],[-122.4490375,45.98001248],[-122.44059024,45.97804308],[-122.43653751,45.97584581],[-122.40309025,45.97387641],[-122.39903752,45.97167914],[-122.39059026,45.96970974],[-122.38653753,45.96751248],[-122.38225693,45.96554308],[-122.3782042,45.96334581],[-122.3614236,45.96137641],[-122.35418891,45.95744575],[-122.34695421,45.96137641],[-122.33850695,45.96334581],[-122.33445421,45.96554308],[-122.32874539,45.96816759],[-122.32612088,45.97387641],[-122.32392362,45.97792914],[-122.32195422,46.00304308],[-122.31975695,46.00709581],[-122.31778755,46.01554308],[-122.30725696,46.02792914],[-122.3036803,46.03571723],[-122.28028757,46.05720974],[-122.27600697,46.05917914],[-122.26833689,46.06334581],[-122.26142364,46.06137641],[-122.25435171,46.05753526],[-122.24689728,46.05709174],[-122.24273062,46.05733995],[-122.2371927,46.05701036],[-122.23017365,46.05917914],[-122.22508332,46.061942],[-122.21356396,46.06125841],[-122.1968973,46.06225125],[-122.17988477,46.06123806],[-122.17132765,46.06588487],[-122.16356398,46.06542508],[-122.15768019,46.06577501],[-122.15320428,46.06334581],[-122.13642369,46.06137641],[-122.13237096,46.05917914],[-122.11559037,46.05720974],[-122.11056921,46.05448351],[-122.08439734,46.05292508],[-122.07851356,46.05327501],[-122.0704203,46.04887641],[-122.03850706,46.05084581],[-122.03445433,46.05304308],[-122.02874551,46.05566759],[-122.02445271,46.06501817],[-122.01554971,46.07191515],[-122.00953165,46.07155707],[-122.00418904,46.07486111],[-122.00216268,46.0805089],[-122.00528767,46.08626248],[-122.00725707,46.09054308],[-122.00949503,46.09466498],[-122.00304158,46.10298611],[-122.00949503,46.11130724],[-122.00721638,46.11549832],[-122.02199502,46.13214057],[-122.01838581,46.13877713],[-122.026121,46.14876248],[-122.0280904,46.16137641],[-122.03028766,46.16542914],[-122.03225706,46.17025906],[-122.0280904,46.17792914],[-122.026121,46.18220974],[-122.02392373,46.18626248],[-122.02195433,46.19054308],[-122.01975707,46.19459581],[-122.01778767,46.19887641],[-122.01555785,46.20298611],[-122.01778767,46.20709581],[-122.01975707,46.21137641],[-122.02195433,46.21542914],[-122.02392373,46.22025906],[-122.00077921,46.24093777],[-122.00136922,46.25082547],[-122.00945434,46.26126248],[-122.01142374,46.26554308],[-122.01574503,46.27173611],[-122.01142374,46.27792914],[-122.00945434,46.28220974],[-122.0002299,46.29345649],[-121.99298706,46.30923611],[-121.99070435,46.32387641],[-121.98017375,46.32584581],[-121.97612102,46.32804308],[-121.96994426,46.33087918],[-121.96778769,46.34470974],[-121.96559042,46.34876248],[-121.96362102,46.36609239],[-121.96778769,46.37376248],[-121.96975709,46.38220974],[-121.97195435,46.38626248],[-121.97396037,46.39913683],[-121.97710572,46.40194444],[-121.98206991,46.40008084],[-122.00509643,46.40989936],[-122.01138305,46.41350043],[-122.01795043,46.41542508],[-122.00993448,46.42555284],[-122.01366169,46.43205512],[-122.01554971,46.4364171],[-122.02616169,46.44872179],[-122.02859903,46.45972032],[-122.03631794,46.458935],[-122.04471637,46.46558377],[-122.04907835,46.46747179],[-122.05771685,46.47430773],[-122.06356402,46.47371365],[-122.07189735,46.47456407],[-122.08023068,46.47371365],[-122.08880815,46.47458849],[-122.09585567,46.47902778],[-122.09695431,46.47595974],[-122.10011593,46.46573025],[-122.1052795,46.46542101],[-122.1142069,46.4716588],[-122.12184036,46.46751248],[-122.12612096,46.46554308],[-122.13139847,46.46267849],[-122.15678908,46.46116482],[-122.16153761,46.46334581],[-122.16559035,46.46554308],[-122.17367547,46.46925401],[-122.17612094,46.47376248],[-122.17962843,46.48140001],[-122.18543897,46.48319444],[-122.18812859,46.48007351],[-122.19697461,46.47806342],[-122.20098665,46.47582547],[-122.20947461,46.47389676],[-122.21973665,46.46957547],[-122.23239126,46.46764676],[-122.23848664,46.4654088],[-122.24697459,46.46348009],[-122.26220082,46.45931342],[-122.26989125,46.46124213],[-122.27598663,46.46348009],[-122.28628122,46.46581977],[-122.29976184,46.47537788],[-122.31992785,46.47905626],[-122.33565457,46.48812202],[-122.34520047,46.49634956],[-122.35969834,46.51317491],[-122.3680154,46.51384223],[-122.37614121,46.51139676],[-122.38187037,46.50820258],[-122.39273056,46.51219021],[-122.40325708,46.50832465],[-122.42630395,46.51017605],[-122.44719017,46.49813585],[-122.45619082,46.49038032],[-122.4611428,46.47392931],[-122.48397808,46.47209418],[-122.48761171,46.4841588],[-122.50947449,46.48223009],[-122.51671326,46.47818956],[-122.52405782,46.47598009],[-122.53152445,46.47181342],[-122.53624043,46.47489773],[-122.53047058,46.48524116],[-122.55053079,46.48158312],[-122.56348651,46.47346951],[-122.55812763,46.47105252],[-122.54349954,46.46664578],[-122.53895039,46.45849555],[-122.56140318,46.44249213],[-122.57181171,46.44012804],[-122.58223651,46.43114773],[-122.57771177,46.41340278],[-122.56923602,46.40356391],[-122.55832294,46.39415636],[-122.55322447,46.3850255],[-122.55986103,46.38014676],[-122.57228371,46.38253526],[-122.57144956,46.39290717],[-122.57710549,46.39777778],[-122.57893247,46.38842312],[-122.59066749,46.39046577],[-122.5968768,46.39467312],[-122.60471778,46.39847765],[-122.59900082,46.41518094],[-122.6027728,46.41963243],[-122.60525082,46.41758979],[-122.60829851,46.40508979],[-122.62083919,46.40731147],[-122.61617611,46.41635688],[-122.62784196,46.42520291],[-122.64591243,46.414477],[-122.66354344,46.39443712],[-122.66063817,46.38582303],[-122.65213394,46.37461697],[-122.65533218,46.36527045],[-122.6551328,46.35556993],[-122.65733413,46.34655301],[-122.66751073,46.33153836],[-122.66354344,46.32383979],[-122.6615008,46.31963243],[-122.65729344,46.31342312],[-122.65316747,46.30713243],[-122.64491145,46.29624783],[-122.64458186,46.28009386],[-122.64891942,46.28000841],[-122.65320816,46.28221381],[-122.6606341,46.28206326],[-122.69629083,46.28486681],[-122.71289645,46.28081814],[-122.7262428,46.26492052],[-122.72595797,46.25092719],[-122.73406343,46.25076036],[-122.74062675,46.25300646],[-122.7510841,46.2550491],[-122.75917329,46.25921577],[-122.77049734,46.25565538],[-122.78411631,46.24904731],[-122.79201019,46.24146267],[-122.79481781,46.22994331],[-122.80481536,46.22033637],[-122.81067066,46.21140896],[-122.82522551,46.22127224],[-122.83335539,46.22545926],[-122.84458992,46.21967312],[-122.84691739,46.2237991],[-122.84917976,46.24463243],[-122.86142341,46.24051459],[-122.8718767,46.22673692],[-122.86983405,46.22171577],[-122.86358406,46.21249539],[-122.86587898,46.20880887],[-122.87525397,46.19980414]]],[[[-122.61802344,46.48662462],[-122.60598731,46.47821804],[-122.59898048,46.47779894],[-122.59254738,46.47818142],[-122.57502215,46.47694444],[-122.56987079,46.48637641],[-122.56371845,46.49518989],[-122.56301451,46.50700222],[-122.59101336,46.51126248],[-122.60088477,46.50884142],[-122.61758806,46.49391629],[-122.61802344,46.48662462]]]]}},{"type":"Feature","properties":{"id":"17032","name":"Cedar River-South Snoqualmie Pass","ancestry":["12159","12218","12385","11202","17010","17031","17032"]},"geometry":{"type":"MultiPolygon","coordinates":[[[[-121.91765343,47.33323107],[-121.90874637,47.32970323],[-121.89909875,47.33048041],[-121.8988953,47.3279617],[-121.90002242,47.32069444],[-121.89060673,47.31969347],[-121.88652144,47.31752875],[-121.86144007,47.3155268],[-121.85735479,47.31336209],[-121.85310674,47.31136013],[-121.84485479,47.30502875],[-121.84060675,47.3030268],[-121.83652146,47.30086209],[-121.83227342,47.29886013],[-121.82818813,47.29669542],[-121.81560676,47.29469347],[-121.81152147,47.29252875],[-121.80727343,47.2905268],[-121.79693408,47.28211209],[-121.79081836,47.28235216],[-121.78235482,47.27586209],[-121.77394011,47.27386013],[-121.76152149,47.26336209],[-121.74894012,47.26136013],[-121.74485483,47.25919542],[-121.74060679,47.25719347],[-121.7365215,47.25502875],[-121.7294455,47.2516881],[-121.72430634,47.24080756],[-121.71568818,47.23419542],[-121.68644014,47.23219347],[-121.67969372,47.22755073],[-121.67185681,47.23002875],[-121.66398328,47.23419542],[-121.64894016,47.23219347],[-121.64279188,47.22893826],[-121.61773086,47.22794542],[-121.61561497,47.2280268],[-121.61152155,47.22586209],[-121.59477351,47.22386013],[-121.59068822,47.22169542],[-121.57806616,47.21869249],[-121.56384497,47.20778347],[-121.54689755,47.20711209],[-121.54273089,47.20727485],[-121.53831601,47.20709988],[-121.49685688,47.20919542],[-121.4927716,47.21136013],[-121.48019022,47.21336209],[-121.47502258,47.21609646],[-121.46877258,47.21279243],[-121.46360494,47.2155268],[-121.44585592,47.21652778],[-121.44053366,47.22370551],[-121.43744528,47.2310338],[-121.430117,47.23412218],[-121.4261782,47.23643338],[-121.42178367,47.23828885],[-121.4136782,47.24476671],[-121.40928367,47.24662218],[-121.40117821,47.25310004],[-121.38428368,47.25495551],[-121.38034488,47.25726671],[-121.36761702,47.25912218],[-121.36367822,47.26143338],[-121.35303369,47.26537218],[-121.33283106,47.27471463],[-121.30720038,47.28203885],[-121.29793931,47.28944444],[-121.29882636,47.2948074],[-121.32123846,47.31877794],[-121.32830226,47.32158149],[-121.33215968,47.32397407],[-121.34080225,47.32574816],[-121.35715967,47.34064073],[-121.36163558,47.34241482],[-121.38215966,47.36156359],[-121.37992984,47.37453152],[-121.38464582,47.38215278],[-121.38215966,47.38616482],[-121.38127262,47.39152778],[-121.38653791,47.39251248],[-121.39475731,47.39887641],[-121.40594708,47.40401557],[-121.41624982,47.41120958],[-121.44150615,47.41417182],[-121.44475729,47.40709581],[-121.44788636,47.40133002],[-121.46362122,47.39887641],[-121.47161682,47.39453478],[-121.48491027,47.3968948],[-121.52189756,47.39459174],[-121.53871071,47.39559272],[-121.54476539,47.39888455],[-121.54689755,47.39875841],[-121.54966855,47.39892117],[-121.55725725,47.40304308],[-121.56570451,47.40501248],[-121.56975724,47.40720974],[-121.57403784,47.40917914],[-121.57809871,47.41138455],[-121.5802797,47.41125434],[-121.59059871,47.41971788],[-121.5927797,47.41958767],[-121.5989239,47.42387641],[-121.60737116,47.42584581],[-121.61142389,47.42804308],[-121.62820449,47.43001248],[-121.63225722,47.43220974],[-121.64070448,47.43417914],[-121.64475721,47.43637641],[-121.65737114,47.43834581],[-121.66142387,47.44054308],[-121.66570447,47.44251248],[-121.6697572,47.44470974],[-121.69487113,47.44667914],[-121.69892386,47.44887641],[-121.70320446,47.45084581],[-121.71142386,47.45720974],[-121.71460582,47.45819444],[-121.72557587,47.4569005],[-121.73288788,47.45952094],[-121.75418914,47.45819444],[-121.75517384,47.44589383],[-121.76762907,47.42817329],[-121.78705452,47.42534532],[-121.80095019,47.41328885],[-121.82201138,47.41143338],[-121.82595018,47.40912218],[-121.83034471,47.40726671],[-121.83428351,47.40495551],[-121.84118455,47.40204617],[-121.8497905,47.39129584],[-121.85210577,47.38944444],[-121.85114141,47.38832547],[-121.84072475,47.38518826],[-121.84535528,47.38159532],[-121.876825,47.37585395],[-121.89260868,47.35753933],[-121.90370487,47.3654088],[-121.90947472,47.35931342],[-121.91348677,47.34457547],[-121.91765343,47.33323107]]]]}},{"type":"Feature","properties":{"id":"17033","name":"Central South Cascade Crest","ancestry":["12159","12218","12385","11202","17010","17031","17033"]},"geometry":{"type":"MultiPolygon","coordinates":[[[[-121.65210584,47.15402778],[-121.64996961,47.15104519],[-121.64464328,47.14899034],[-121.63248508,47.13823188],[-121.62103489,47.13593696],[-121.61790176,47.12781521],[-121.59880997,47.10732368],[-121.59706843,47.10281521],[-121.59237279,47.09541775],[-121.59390274,47.08767849],[-121.58960587,47.08111111],[-121.58506079,47.08289741],[-121.58217993,47.07812039],[-121.58036515,47.07368517],[-121.57801326,47.06978706],[-121.57619848,47.06118517],[-121.5738466,47.05728706],[-121.57203182,47.04868517],[-121.56967993,47.04478706],[-121.56651831,47.03706],[-121.56161516,47.03410183],[-121.55717994,47.03228706],[-121.55328183,47.02993517],[-121.54467994,47.02812039],[-121.54078183,47.0257685],[-121.53264381,47.02243598],[-121.53004779,47.01124213],[-121.53217995,46.99868517],[-121.53453183,46.99478706],[-121.53634661,46.99035183],[-121.54051328,46.98344265],[-121.5386985,46.97368517],[-121.52643044,46.95964301],[-121.53036517,46.95312039],[-121.53217995,46.94868517],[-121.53453183,46.94478706],[-121.53634661,46.9320185],[-121.54286516,46.92395372],[-121.54467994,46.9195185],[-121.54703183,46.91562039],[-121.54793922,46.91027778],[-121.54470029,46.90935004],[-121.54022845,46.89874213],[-121.53428362,46.89060004],[-121.53196022,46.8850906],[-121.51969216,46.86977078],[-121.5083559,46.86652778],[-121.50388406,46.86784207],[-121.49111144,46.87844998],[-121.48108947,46.89051459],[-121.45929993,46.89247179],[-121.45202454,46.89663845],[-121.43638327,46.89475043],[-121.43104473,46.89169054],[-121.41782859,46.90308377],[-121.41346661,46.90497179],[-121.4053286,46.9114171],[-121.39679995,46.91330512],[-121.3928286,46.91558377],[-121.38013329,46.91747179],[-121.37616194,46.91975043],[-121.37179996,46.92163845],[-121.35949528,46.93225043],[-121.3551333,46.93413845],[-121.35116195,46.9364171],[-121.33846664,46.93830512],[-121.33449529,46.94058377],[-121.33013331,46.94247179],[-121.32616196,46.94475043],[-121.31346665,46.94663845],[-121.3094953,46.9489171],[-121.30096666,46.95080512],[-121.29282864,46.95725043],[-121.2843,46.95913845],[-121.28032864,46.9614171],[-121.2718,46.96330512],[-121.26655912,46.96630805],[-121.252106,46.96778103],[-121.24360991,46.96691433],[-121.23866199,46.96975043],[-121.20513336,46.97163845],[-121.20116201,46.9739171],[-121.18430004,46.97580512],[-121.1774641,46.97972358],[-121.15723299,46.97766059],[-121.14680005,46.97997179],[-121.1428287,46.98225043],[-121.12180006,46.98413845],[-121.1174625,46.98662462],[-121.09907871,46.98850043],[-121.09793939,46.98944444],[-121.10235427,46.99456733],[-121.11155836,46.9966588],[-121.11557041,46.99889676],[-121.11989169,47.00082547],[-121.14890373,47.02806342],[-121.15739168,47.02999213],[-121.16557039,47.03639676],[-121.16989167,47.03832547],[-121.17390372,47.04056342],[-121.178225,47.04249213],[-121.18454824,47.04697618],[-121.19429759,47.04619086],[-121.20307037,47.05306342],[-121.20739166,47.05499213],[-121.21472808,47.0601964],[-121.19650299,47.08034614],[-121.19794749,47.09833523],[-121.19473704,47.10707547],[-121.19087962,47.12405138],[-121.1854475,47.1388463],[-121.18864167,47.14457547],[-121.19057038,47.15306342],[-121.19785797,47.16236925],[-121.18223705,47.17582547],[-121.1720279,47.18767442],[-121.16572501,47.1841588],[-121.15344881,47.18223009],[-121.14280835,47.19056342],[-121.13848706,47.19249213],[-121.13447502,47.19473009],[-121.12598707,47.1966588],[-121.12085605,47.19986111],[-121.1244734,47.20406033],[-121.13447502,47.21124213],[-121.14265373,47.21764676],[-121.14905835,47.21957547],[-121.15751375,47.22556912],[-121.16909415,47.22820177],[-121.17182038,47.23431342],[-121.17660554,47.24106391],[-121.184475,47.24457547],[-121.19513987,47.25213976],[-121.2140689,47.25932156],[-121.21668935,47.26236111],[-121.22405832,47.26332547],[-121.24497709,47.26788683],[-121.26510648,47.27339627],[-121.27052233,47.27641954],[-121.28823066,47.28174995],[-121.29793931,47.28944444],[-121.30720038,47.28203885],[-121.33283106,47.27471463],[-121.35303369,47.26537218],[-121.36367822,47.26143338],[-121.36761702,47.25912218],[-121.38034488,47.25726671],[-121.38428368,47.25495551],[-121.40117821,47.25310004],[-121.40928367,47.24662218],[-121.4136782,47.24476671],[-121.42178367,47.23828885],[-121.4261782,47.23643338],[-121.430117,47.23412218],[-121.43744528,47.2310338],[-121.44053366,47.22370551],[-121.44585592,47.21652778],[-121.42392397,47.21554308],[-121.41570457,47.20917914],[-121.40856753,47.20589952],[-121.40364809,47.19518989],[-121.39070458,47.18417914],[-121.38239566,47.18036241],[-121.38167138,47.16824083],[-121.39684064,47.15501248],[-121.40528791,47.15304308],[-121.40934064,47.15084581],[-121.42176332,47.14795275],[-121.42195863,47.14465278],[-121.42175112,47.14116157],[-121.44163229,47.1295893],[-121.45313131,47.11671495],[-121.45934062,47.11334581],[-121.47195455,47.11137641],[-121.47710591,47.108581],[-121.48225728,47.11137641],[-121.48653787,47.11334581],[-121.49059061,47.11554308],[-121.49903787,47.11751248],[-121.5030906,47.11970974],[-121.5073712,47.12167914],[-121.514317,47.12545112],[-121.54273089,47.12375841],[-121.55425025,47.124442],[-121.56295793,47.11970974],[-121.58653784,47.12167914],[-121.59059057,47.12387641],[-121.59629939,47.12650092],[-121.60023412,47.13506619],[-121.60737116,47.13834581],[-121.62392389,47.15304308],[-121.63653782,47.15501248],[-121.64397596,47.15905301],[-121.65210584,47.15402778]]]]}},{"type":"Feature","properties":{"id":"17035","name":"Huckleberry-Grass","ancestry":["12159","12218","12385","11202","17010","17031","17035"]},"geometry":{"type":"MultiPolygon","coordinates":[[[[-121.94057009,47.18919217],[-121.93490196,47.17619575],[-121.92788699,47.17362006],[-121.92065636,47.18201443],[-121.9042257,47.17598009],[-121.89682011,47.1779088],[-121.88800663,47.1841588],[-121.88223678,47.17806342],[-121.88030807,47.17374213],[-121.8761414,47.1662755],[-121.88015344,47.16332547],[-121.88335575,47.16236111],[-121.88127649,47.155456],[-121.86557012,47.15306342],[-121.86155807,47.15082547],[-121.84890346,47.14889676],[-121.8416891,47.1448725],[-121.83447475,47.14889676],[-121.83015346,47.15082547],[-121.81780809,47.16139676],[-121.8134868,47.16332547],[-121.80947476,47.16556342],[-121.80515347,47.16749213],[-121.79451302,47.17582547],[-121.77807015,47.17389676],[-121.76895964,47.16676378],[-121.76238819,47.17042996],[-121.75529184,47.16539659],[-121.74216115,47.16645047],[-121.73655812,47.16332547],[-121.73223684,47.16139676],[-121.72371226,47.15472358],[-121.70106416,47.15290066],[-121.6906475,47.15373888],[-121.67979545,47.15286811],[-121.67197481,47.15723009],[-121.66765353,47.1591588],[-121.66232719,47.16212918],[-121.65210584,47.15402778],[-121.64397596,47.15905301],[-121.63653782,47.15501248],[-121.62392389,47.15304308],[-121.60737116,47.13834581],[-121.60023412,47.13506619],[-121.59629939,47.12650092],[-121.59059057,47.12387641],[-121.58653784,47.12167914],[-121.56295793,47.11970974],[-121.55425025,47.124442],[-121.54273089,47.12375841],[-121.514317,47.12545112],[-121.5073712,47.12167914],[-121.5030906,47.11970974],[-121.49903787,47.11751248],[-121.49059061,47.11554308],[-121.48653787,47.11334581],[-121.48225728,47.11137641],[-121.47710591,47.108581],[-121.47195455,47.11137641],[-121.45934062,47.11334581],[-121.45313131,47.11671495],[-121.44163229,47.1295893],[-121.42175112,47.14116157],[-121.42195863,47.14465278],[-121.42176332,47.14795275],[-121.40934064,47.15084581],[-121.40528791,47.15304308],[-121.39684064,47.15501248],[-121.38167138,47.16824083],[-121.38239566,47.18036241],[-121.39070458,47.18417914],[-121.40364809,47.19518989],[-121.40856753,47.20589952],[-121.41570457,47.20917914],[-121.42392397,47.21554308],[-121.44585592,47.21652778],[-121.46360494,47.2155268],[-121.46877258,47.21279243],[-121.47502258,47.21609646],[-121.48019022,47.21336209],[-121.4927716,47.21136013],[-121.49685688,47.20919542],[-121.53831601,47.20709988],[-121.54273089,47.20727485],[-121.54689755,47.20711209],[-121.56384497,47.20778347],[-121.57806616,47.21869249],[-121.59068822,47.22169542],[-121.59477351,47.22386013],[-121.61152155,47.22586209],[-121.61561497,47.2280268],[-121.61773086,47.22794542],[-121.64279188,47.22893826],[-121.64894016,47.23219347],[-121.66398328,47.23419542],[-121.67185681,47.23002875],[-121.67969372,47.22755073],[-121.68644014,47.23219347],[-121.71568818,47.23419542],[-121.72430634,47.24080756],[-121.7294455,47.2516881],[-121.7365215,47.25502875],[-121.74060679,47.25719347],[-121.74485483,47.25919542],[-121.74894012,47.26136013],[-121.76152149,47.26336209],[-121.77394011,47.27386013],[-121.78235482,47.27586209],[-121.79081836,47.28235216],[-121.79693408,47.28211209],[-121.80727343,47.2905268],[-121.81152147,47.29252875],[-121.81560676,47.29469347],[-121.82818813,47.29669542],[-121.83227342,47.29886013],[-121.83652146,47.30086209],[-121.84060675,47.3030268],[-121.84485479,47.30502875],[-121.85310674,47.31136013],[-121.85735479,47.31336209],[-121.86144007,47.3155268],[-121.88652144,47.31752875],[-121.89060673,47.31969347],[-121.90002242,47.32069444],[-121.89866744,47.30944363],[-121.90739139,47.29889676],[-121.9094381,47.29210151],[-121.9155172,47.28686469],[-121.91869917,47.27972765],[-121.92991742,47.28063097],[-121.93318484,47.27173611],[-121.92954714,47.26183621],[-121.93223676,47.2529088],[-121.93638715,47.24546658],[-121.93396202,47.21530301],[-121.93640342,47.1966588],[-121.94057009,47.18919217]]]]}},{"type":"Feature","properties":{"id":"17036","name":"Issaquah Alps","ancestry":["12159","12218","12385","11202","17010","17031","17036"]},"geometry":{"type":"MultiPolygon","coordinates":[[[[-122.16047153,47.54065701],[-122.15523065,47.54023383],[-122.1471496,47.54088487],[-122.1443135,47.53316189],[-122.14534296,47.52034044],[-122.13614293,47.51756944],[-122.13077591,47.50553331],[-122.11989131,47.49874213],[-122.11557002,47.49681342],[-122.10947465,47.49249213],[-122.09259233,47.48941189],[-122.08141883,47.47644396],[-122.07405799,47.47374213],[-122.06557004,47.47181342],[-122.05458372,47.46778103],[-122.02140095,47.47044623],[-122.00746459,47.46240994],[-122.00181274,47.44974718],[-121.98768921,47.44344428],[-121.98366903,47.43443142],[-121.96874797,47.42610623],[-121.96140341,47.42389676],[-121.95560101,47.42066189],[-121.94697471,47.41749213],[-121.93510541,47.41391954],[-121.93030805,47.41124213],[-121.92390343,47.40931342],[-121.91636762,47.40511013],[-121.90515344,47.40306342],[-121.90086063,47.40066678],[-121.87824915,47.40248562],[-121.86458135,47.39485623],[-121.85723679,47.39264676],[-121.85210577,47.38944444],[-121.8497905,47.39129584],[-121.84118455,47.40204617],[-121.83428351,47.40495551],[-121.83034471,47.40726671],[-121.82595018,47.40912218],[-121.82201138,47.41143338],[-121.80095019,47.41328885],[-121.78705452,47.42534532],[-121.76762907,47.42817329],[-121.75517384,47.44589383],[-121.75418914,47.45819444],[-121.76495574,47.47150418],[-121.77191374,47.47469835],[-121.78237109,47.47792914],[-121.80214648,47.49549506],[-121.80872606,47.5028559],[-121.81252245,47.50402778],[-121.81514696,47.50098009],[-121.82197476,47.5029088],[-121.83979295,47.51081896],[-121.87182011,47.51348009],[-121.88127242,47.51444444],[-121.89227909,47.51306912],[-121.89585575,47.51444444],[-121.89917199,47.51359402],[-121.9050395,47.5111282],[-121.91187951,47.50942735],[-121.92795616,47.52401069],[-121.93667198,47.52571153],[-121.95488079,47.53154243],[-121.96128948,47.53651069],[-121.96947633,47.53821153],[-121.97587281,47.53404487],[-121.99239298,47.53234402],[-121.99878947,47.53651069],[-122.01375528,47.53821153],[-122.02011107,47.54234972],[-122.02502237,47.54361111],[-122.02651162,47.53223009],[-122.04072467,47.53624213],[-122.04682005,47.54056342],[-122.05406695,47.54274441],[-122.06364133,47.54874213],[-122.08223263,47.56533556],[-122.10502722,47.57574002],[-122.12365514,47.5813227],[-122.13447464,47.57806342],[-122.1404927,47.57470649],[-122.15052281,47.57023058],[-122.15906366,47.55818224],[-122.16047153,47.54065701]]]]}},{"type":"Feature","properties":{"id":"17037","name":"Mount Aix Area","ancestry":["12159","12218","12385","11202","17010","17031","17037"]},"geometry":{"type":"MultiPolygon","coordinates":[[[[-121.58127254,46.68319444],[-121.5718772,46.68421577],[-121.56358456,46.69050646],[-121.55998348,46.6925491],[-121.54900123,46.68421577],[-121.54479387,46.68217312],[-121.5406679,46.6800491],[-121.52812721,46.67800646],[-121.51983457,46.67171577],[-121.51114317,46.66959581],[-121.49526997,46.66992133],[-121.49066792,46.6675491],[-121.48646056,46.66550646],[-121.46983459,46.65088243],[-121.46562724,46.64883979],[-121.4635846,46.64463243],[-121.45729391,46.63633979],[-121.45525127,46.63213243],[-121.45211813,46.62604926],[-121.43834046,46.62383979],[-121.43025127,46.62800646],[-121.41771059,46.6300491],[-121.40733462,46.63633979],[-121.38276187,46.64431505],[-121.37608463,46.64883979],[-121.34687728,46.65088243],[-121.34275131,46.65300646],[-121.31542385,46.6550491],[-121.30725328,46.65084174],[-121.30109686,46.65096788],[-121.290668,46.6425491],[-121.28646064,46.64050646],[-121.284418,46.63838243],[-121.28016995,46.63429715],[-121.27469307,46.62859646],[-121.26775134,46.63217312],[-121.25937732,46.63421577],[-121.25108468,46.64050646],[-121.15709057,46.6425491],[-121.14766268,46.6376907],[-121.13003573,46.6531977],[-121.12413974,46.66535183],[-121.08916661,46.66779731],[-121.08025141,46.67383979],[-121.07604405,46.67588243],[-121.06834549,46.67984972],[-121.05941808,46.6737991],[-120.99717853,46.67506863],[-120.99066811,46.67171577],[-120.98417397,46.66967312],[-120.97608478,46.67383979],[-120.96771076,46.67588243],[-120.96358479,46.67800646],[-120.95937743,46.6800491],[-120.95108479,46.68633979],[-120.93437744,46.68838243],[-120.93025147,46.69050646],[-120.92604411,46.6925491],[-120.91977377,46.69679715],[-120.90136964,46.6964228],[-120.88228599,46.71346788],[-120.87211754,46.71326036],[-120.86775149,46.71550646],[-120.85104414,46.7175491],[-120.84189294,46.72449083],[-120.8365015,46.72171577],[-120.82040044,46.71967312],[-120.80941818,46.72800646],[-120.80521083,46.7300491],[-120.80108485,46.73217312],[-120.7914942,46.7345128],[-120.78858486,46.74050646],[-120.78646083,46.74463243],[-120.78543951,46.74777778],[-120.78638352,46.7489171],[-120.81574549,46.75080512],[-120.82388351,46.75725043],[-120.82969812,46.75976915],[-120.83377527,46.76916857],[-120.84491215,46.77163845],[-120.8488835,46.7739171],[-120.85324548,46.77580512],[-120.85721683,46.77808377],[-120.86157881,46.77997179],[-120.87805015,46.79475043],[-120.88241213,46.79663845],[-120.88638348,46.7989171],[-120.90741212,46.80080512],[-120.91138347,46.80308377],[-120.91574545,46.80497179],[-120.92472575,46.81208035],[-120.92931153,46.82265571],[-120.93803141,46.82643582],[-120.94055013,46.83225043],[-120.9511621,46.84455512],[-120.95305012,46.85308377],[-120.95532877,46.85705512],[-120.95721679,46.8614171],[-120.96215657,46.86827745],[-120.9699121,46.87163845],[-120.97388345,46.8739171],[-120.97969806,46.87643582],[-120.98221678,46.88225043],[-120.98777098,46.88996528],[-120.99907875,46.89247179],[-121.00721677,46.8989171],[-121.01157875,46.90080512],[-121.0155501,46.90308377],[-121.01991208,46.90497179],[-121.02388343,46.90725043],[-121.03241207,46.90913845],[-121.04055009,46.91558377],[-121.04491207,46.91747179],[-121.05195145,46.92253771],[-121.04882239,46.92799832],[-121.0538232,46.93494412],[-121.06157873,46.93830512],[-121.06628657,46.94100288],[-121.06971675,46.9489171],[-121.08320144,46.9642003],[-121.09219802,46.96810248],[-121.09471674,46.9739171],[-121.09704828,46.97798611],[-121.09288975,46.98524929],[-121.09793939,46.98944444],[-121.09907871,46.98850043],[-121.1174625,46.98662462],[-121.12180006,46.98413845],[-121.1428287,46.98225043],[-121.14680005,46.97997179],[-121.15723299,46.97766059],[-121.1774641,46.97972358],[-121.18430004,46.97580512],[-121.20116201,46.9739171],[-121.20513336,46.97163845],[-121.23866199,46.96975043],[-121.24360991,46.96691433],[-121.252106,46.96778103],[-121.26655912,46.96630805],[-121.2718,46.96330512],[-121.28032864,46.9614171],[-121.2843,46.95913845],[-121.29282864,46.95725043],[-121.30096666,46.95080512],[-121.3094953,46.9489171],[-121.31346665,46.94663845],[-121.32616196,46.94475043],[-121.33013331,46.94247179],[-121.33449529,46.94058377],[-121.33846664,46.93830512],[-121.35116195,46.9364171],[-121.3551333,46.93413845],[-121.35949528,46.93225043],[-121.37179996,46.92163845],[-121.37616194,46.91975043],[-121.38013329,46.91747179],[-121.3928286,46.91558377],[-121.39679995,46.91330512],[-121.4053286,46.9114171],[-121.41346661,46.90497179],[-121.41782859,46.90308377],[-121.43104473,46.89169054],[-121.43638327,46.89475043],[-121.45202454,46.89663845],[-121.45929993,46.89247179],[-121.48108947,46.89051459],[-121.49111144,46.87844998],[-121.50388406,46.86784207],[-121.5083559,46.86652778],[-121.51009337,46.86044868],[-121.51761696,46.85495551],[-121.53291644,46.85272569],[-121.53636696,46.84453885],[-121.53867815,46.84060004],[-121.54053362,46.83203885],[-121.55534481,46.81560004],[-121.55720028,46.80703885],[-121.55958065,46.80298611],[-121.55720028,46.79893338],[-121.55534481,46.78620551],[-121.55117815,46.7791173],[-121.55303362,46.76953885],[-121.55534481,46.76560004],[-121.55720028,46.75703885],[-121.56136695,46.74995063],[-121.54678362,46.75078885],[-121.53969541,46.75495551],[-121.53672503,46.74556831],[-121.53249733,46.71174262],[-121.54875302,46.71376492],[-121.56218075,46.71085558],[-121.56784481,46.70310004],[-121.57041235,46.6970128],[-121.58019832,46.69421332],[-121.58127254,46.68319444]]]]}},{"type":"Feature","properties":{"id":"17038","name":"West Manastash-Umtanum Ridges","ancestry":["12159","12218","12385","11202","17010","17031","17038"]},"geometry":{"type":"MultiPolygon","coordinates":[[[[-121.21472808,47.0601964],[-121.20739166,47.05499213],[-121.20307037,47.05306342],[-121.19429759,47.04619086],[-121.18454824,47.04697618],[-121.178225,47.04249213],[-121.17390372,47.04056342],[-121.16989167,47.03832547],[-121.16557039,47.03639676],[-121.15739168,47.02999213],[-121.14890373,47.02806342],[-121.11989169,47.00082547],[-121.11557041,46.99889676],[-121.11155836,46.9966588],[-121.10235427,46.99456733],[-121.09793939,46.98944444],[-121.09288975,46.98524929],[-121.09704828,46.97798611],[-121.09471674,46.9739171],[-121.09219802,46.96810248],[-121.08320144,46.9642003],[-121.06971675,46.9489171],[-121.06628657,46.94100288],[-121.06157873,46.93830512],[-121.0538232,46.93494412],[-121.04882239,46.92799832],[-121.05195145,46.92253771],[-121.04491207,46.91747179],[-121.04055009,46.91558377],[-121.03241207,46.90913845],[-121.02388343,46.90725043],[-121.01991208,46.90497179],[-121.0155501,46.90308377],[-121.01157875,46.90080512],[-121.00721677,46.8989171],[-120.99907875,46.89247179],[-120.98777098,46.88996528],[-120.98221678,46.88225043],[-120.97969806,46.87643582],[-120.97388345,46.8739171],[-120.9699121,46.87163845],[-120.96215657,46.86827745],[-120.95721679,46.8614171],[-120.95532877,46.85705512],[-120.95305012,46.85308377],[-120.9511621,46.84455512],[-120.94055013,46.83225043],[-120.93803141,46.82643582],[-120.92931153,46.82265571],[-120.92472575,46.81208035],[-120.91574545,46.80497179],[-120.91138347,46.80308377],[-120.90741212,46.80080512],[-120.88638348,46.7989171],[-120.88241213,46.79663845],[-120.87805015,46.79475043],[-120.86157881,46.77997179],[-120.85721683,46.77808377],[-120.85324548,46.77580512],[-120.8488835,46.7739171],[-120.84491215,46.77163845],[-120.83377527,46.76916857],[-120.82969812,46.75976915],[-120.82388351,46.75725043],[-120.81574549,46.75080512],[-120.78638352,46.7489171],[-120.78543951,46.74777778],[-120.77984056,46.75056098],[-120.76113939,46.74916124],[-120.75348965,46.74222765],[-120.74335375,46.74065294],[-120.74168953,46.73736111],[-120.73333992,46.73443549],[-120.71600594,46.7318476],[-120.70523121,46.73227485],[-120.68780771,46.73158719],[-120.67714691,46.73661648],[-120.65120291,46.7606562],[-120.64564464,46.77243598],[-120.63845064,46.78357286],[-120.63027193,46.77794542],[-120.62394055,46.77386013],[-120.61485852,46.76761013],[-120.60707044,46.76966498],[-120.60062513,46.77662706],[-120.58981377,46.78041531],[-120.57394057,46.78419542],[-120.56985529,46.78636013],[-120.55789647,46.78920844],[-120.5519842,46.80359646],[-120.56352391,46.8090408],[-120.55637059,46.8173131],[-120.53652196,46.80294542],[-120.5261053,46.79964952],[-120.53005631,46.7938227],[-120.53659114,46.79036811],[-120.5506577,46.79092556],[-120.55928807,46.77966661],[-120.55967869,46.76988064],[-120.54269058,46.75094347],[-120.53891454,46.74293972],[-120.52174739,46.72842963],[-120.51144059,46.7217768],[-120.49491635,46.71040392],[-120.48235532,46.70711209],[-120.4771063,46.70611111],[-120.47370054,46.71086372],[-120.4675604,46.71323188],[-120.45338398,46.72577664],[-120.45123554,46.73649034],[-120.44875751,46.74039659],[-120.44935566,46.74342801],[-120.45748554,46.74656521],[-120.4646592,46.7520421],[-120.45714374,46.76114855],[-120.4554022,46.76565701],[-120.45154478,46.77173611],[-120.4568345,46.78006944],[-120.45135761,46.78869575],[-120.45962584,46.79871365],[-120.45888528,46.80246121],[-120.44331318,46.80558214],[-120.45018573,46.81458279],[-120.4585801,46.81782172],[-120.46131041,46.82815701],[-120.46386167,46.83217719],[-120.45699726,46.84049018],[-120.4675482,46.8527379],[-120.48017026,46.85526883],[-120.48214373,46.86982368],[-120.48523618,46.87469428],[-120.47691505,46.88065538],[-120.48047951,46.88626655],[-120.49511166,46.88824816],[-120.50297706,46.8962519],[-120.49868425,46.90301459],[-120.50956885,46.91531521],[-120.51043962,46.92486111],[-120.51144059,46.92594347],[-120.514118,46.9284215],[-120.52193864,46.93211209],[-120.52810725,46.93636013],[-120.54277196,46.94252875],[-120.54685725,46.94469347],[-120.55340428,46.94676459],[-120.55908462,46.95289659],[-120.56572931,46.95602973],[-120.57185724,46.9592768],[-120.57610528,46.96127875],[-120.5822739,46.9655268],[-120.59751234,46.97145942],[-120.64200695,46.97397],[-120.66089122,46.97322537],[-120.66352387,46.9842768],[-120.66679535,46.99045763],[-120.66225027,47.00780789],[-120.67402191,47.01336209],[-120.68165537,47.01740262],[-120.68445485,47.02625271],[-120.70066578,47.04738715],[-120.70310719,47.05511013],[-120.70574797,47.06009874],[-120.71584725,47.0694534],[-120.72586515,47.08026883],[-120.73286792,47.08675483],[-120.74068855,47.09044542],[-120.74685717,47.09469347],[-120.75318855,47.09669542],[-120.76067959,47.10185086],[-120.78004808,47.10646512],[-120.78852382,47.11173855],[-120.77936855,47.12022244],[-120.78303473,47.12715196],[-120.77710618,47.12902778],[-120.77842861,47.1306798],[-120.78659511,47.13412218],[-120.79271897,47.13859402],[-120.79678391,47.13620551],[-120.80550786,47.13435004],[-120.82917322,47.14529568],[-120.85349368,47.15055691],[-120.86724693,47.15864204],[-120.87825767,47.16744737],[-120.87918948,47.16861111],[-120.89697511,47.16764676],[-120.90205731,47.16481066],[-120.92354981,47.16653998],[-120.93263998,47.16987657],[-120.94402913,47.16896105],[-120.95117431,47.17402696],[-120.96323078,47.1779088],[-120.98084552,47.17049099],[-120.99272703,47.16118517],[-120.99890378,47.16556342],[-121.01889889,47.16920926],[-121.02598711,47.17181342],[-121.03239173,47.17374213],[-121.0384871,47.17598009],[-121.06852046,47.18207547],[-121.07935623,47.17602892],[-121.09110753,47.18034207],[-121.09591302,47.19112088],[-121.1073917,47.19457547],[-121.11765374,47.19889676],[-121.12085605,47.19986111],[-121.12598707,47.1966588],[-121.13447502,47.19473009],[-121.13848706,47.19249213],[-121.14280835,47.19056342],[-121.15344881,47.18223009],[-121.16572501,47.1841588],[-121.1720279,47.18767442],[-121.18223705,47.17582547],[-121.19785797,47.16236925],[-121.19057038,47.15306342],[-121.18864167,47.14457547],[-121.1854475,47.1388463],[-121.19087962,47.12405138],[-121.19473704,47.10707547],[-121.19794749,47.09833523],[-121.19650299,47.08034614],[-121.21472808,47.0601964]]]]}},{"type":"Feature","properties":{"id":"17040","name":"Chiwaukum Mountains","ancestry":["12159","12218","12385","11202","17010","17039","17040"]},"geometry":{"type":"MultiPolygon","coordinates":[[[[-121.13960604,47.72069444],[-121.11765374,47.7216588],[-121.11043939,47.72568305],[-121.10322503,47.7216588],[-121.09682041,47.71973009],[-121.09197829,47.71411079],[-121.08056065,47.70695747],[-121.06699865,47.69121853],[-121.05015702,47.67670844],[-121.04558752,47.66646267],[-121.03223711,47.66139676],[-121.02612545,47.65706326],[-121.00571124,47.65870307],[-120.99905841,47.65499213],[-120.99473712,47.65306342],[-120.99072508,47.65082547],[-120.98640379,47.64889676],[-120.98239175,47.6466588],[-120.96611978,47.64418077],[-120.96326334,47.62543484],[-120.95112955,47.61539659],[-120.94528239,47.6158686],[-120.9407251,47.61332547],[-120.91973715,47.61139676],[-120.9125228,47.6073725],[-120.90210613,47.61318305],[-120.89356121,47.60841417],[-120.88127281,47.60940294],[-120.86877281,47.60839789],[-120.85606937,47.60941922],[-120.83223718,47.60723009],[-120.82612553,47.60289659],[-120.82391606,47.60307563],[-120.79905848,47.57999213],[-120.79185634,47.57677762],[-120.78799892,47.56813504],[-120.78082932,47.56493679],[-120.77502285,47.55819444],[-120.76985521,47.55502875],[-120.76560716,47.5530268],[-120.75943448,47.54877875],[-120.75340421,47.54901476],[-120.74902188,47.54669542],[-120.70969898,47.54459988],[-120.70460458,47.54480333],[-120.69693857,47.54886013],[-120.68435719,47.55086209],[-120.68027191,47.5530268],[-120.6701767,47.55543159],[-120.66777191,47.5655268],[-120.66558686,47.56965278],[-120.66777191,47.57377875],[-120.66877289,47.58319444],[-120.67407888,47.58413845],[-120.67805023,47.5864171],[-120.70919442,47.58842312],[-120.71555022,47.60308377],[-120.71782886,47.60705512],[-120.71971688,47.61558377],[-120.72512052,47.62501573],[-120.72805021,47.63311306],[-120.72388355,47.64038845],[-120.72293954,47.64986111],[-120.73002775,47.65667263],[-120.73229419,47.66133979],[-120.73441821,47.66546577],[-120.73646085,47.67082872],[-120.73019458,47.68006944],[-120.73441821,47.6862991],[-120.73646085,47.69050646],[-120.74275154,47.6987991],[-120.7452255,47.71398872],[-120.74251147,47.72456814],[-120.74275154,47.73633979],[-120.74062752,47.74046577],[-120.73858487,47.7510045],[-120.7588404,47.76083523],[-120.77224372,47.77165066],[-120.78021084,47.7675491],[-120.78670497,47.76550646],[-120.79479416,47.76967312],[-120.81150151,47.77171577],[-120.81979415,47.77800646],[-120.8365015,47.7800491],[-120.84062748,47.78217312],[-120.8427515,47.78213243],[-120.84896081,47.78633979],[-120.87212161,47.78838243],[-120.8802108,47.78421577],[-120.88441815,47.78217312],[-120.88854413,47.7800491],[-120.90798585,47.77793728],[-120.92039226,47.77818956],[-120.92812745,47.78217312],[-120.93462158,47.78421577],[-120.94271077,47.7800491],[-120.94691813,47.77800646],[-120.9510441,47.77588243],[-120.98025145,47.77383979],[-120.98437742,47.77171577],[-120.99212075,47.76920112],[-120.99896075,47.77383979],[-121.00733477,47.77588243],[-121.01146075,47.77800646],[-121.01356442,47.77796577],[-121.01718584,47.77803901],[-121.02812741,47.78633979],[-121.03878821,47.78838243],[-121.0468774,47.78421577],[-121.06358475,47.78217312],[-121.06771072,47.7800491],[-121.07191808,47.77800646],[-121.07642247,47.77568712],[-121.0759993,47.7549311],[-121.08259516,47.74859158],[-121.09560378,47.74228054],[-121.11008945,47.74524685],[-121.11354404,47.74883979],[-121.12212151,47.75088243],[-121.1384301,47.73390652],[-121.13960604,47.72069444]]]]}},{"type":"Feature","properties":{"id":"17041","name":"Mission-Naneum Ridges","ancestry":["12159","12218","12385","11202","17010","17039","17041"]},"geometry":{"type":"MultiPolygon","coordinates":[[[[-120.74793953,47.13319444],[-120.72807056,47.13223009],[-120.72197518,47.12999213],[-120.71090341,47.12806342],[-120.71202239,47.14199571],[-120.70723723,47.14874213],[-120.70353443,47.15703478],[-120.65774181,47.15253445],[-120.64759777,47.15334825],[-120.64072521,47.15082547],[-120.62174329,47.1479324],[-120.60970716,47.14121853],[-120.59308933,47.13380073],[-120.58030857,47.12582547],[-120.56765395,47.12389676],[-120.56364191,47.1216588],[-120.55932062,47.11973009],[-120.55530858,47.11749213],[-120.53916275,47.11503038],[-120.53366959,47.11809842],[-120.51399593,47.11651557],[-120.50191504,47.11208035],[-120.47761899,47.11402941],[-120.46544859,47.1054031],[-120.45515399,47.10306342],[-120.44188089,47.09208523],[-120.43698587,47.08640489],[-120.42598734,47.08223009],[-120.41989196,47.0779088],[-120.40623637,47.07598009],[-120.39489197,47.08014676],[-120.38223736,47.08207547],[-120.37614198,47.08431342],[-120.36178245,47.08832547],[-120.34979515,47.07893419],[-120.34697533,47.06957547],[-120.34430606,47.06479031],[-120.328913,47.05514676],[-120.31443546,47.051859],[-120.31155867,47.04287055],[-120.319892,47.03223009],[-120.32182071,47.02719672],[-120.31765405,47.01973009],[-120.31564396,47.01088406],[-120.31032576,47.00630235],[-120.30307072,47.00306342],[-120.29218612,46.99698839],[-120.28223739,46.99473009],[-120.26742213,46.99067735],[-120.25947536,46.98624213],[-120.25178493,46.98392687],[-120.24343126,46.98459825],[-120.23503689,46.98151394],[-120.21981473,46.98273872],[-120.19107532,46.98043159],[-120.18655872,46.9779088],[-120.1739041,46.97598009],[-120.16989206,46.97374213],[-120.16557077,46.97181342],[-120.1594754,46.96749213],[-120.1523587,46.96556342],[-120.14434682,46.97003526],[-120.1336494,46.96917263],[-120.11389029,46.96376492],[-120.10739208,46.9591588],[-120.10133333,46.95645698],[-120.08604606,46.95298204],[-120.08069939,46.9467768],[-120.07218295,46.94421332],[-120.06012648,46.94518175],[-120.05396193,46.94173937],[-120.02938918,46.95076443],[-120.02156041,46.94167426],[-120.00761592,46.94279731],[-119.99527868,46.95711616],[-119.98864213,46.9728144],[-119.99337846,46.98570909],[-120.00114213,46.9966588],[-120.00307084,47.00514676],[-120.00580928,47.01260118],[-120.03711216,47.01619005],[-120.04981561,47.01516873],[-120.06609571,47.01811876],[-120.07821729,47.01714627],[-120.08821078,47.02874702],[-120.09265413,47.0415644],[-120.07663038,47.05536648],[-120.07151156,47.05495551],[-120.06780877,47.0466588],[-120.06557081,47.04264676],[-120.06322706,47.03233588],[-120.03722203,47.05077664],[-120.03447545,47.05794217],[-120.03864211,47.0654088],[-120.04265415,47.07742866],[-120.03640416,47.08624213],[-120.02914911,47.09782254],[-120.02398554,47.12216743],[-120.01749954,47.12775418],[-120.00640742,47.14062853],[-120.00766882,47.15635525],[-120.01215693,47.16439562],[-120.01106237,47.17798611],[-120.01270218,47.19837185],[-120.028258,47.20121202],[-120.04782993,47.21740262],[-120.04585646,47.22277778],[-120.04682082,47.22389676],[-120.0698921,47.22582547],[-120.07390414,47.22806342],[-120.07822543,47.22999213],[-120.0870918,47.23693793],[-120.0905708,47.24473009],[-120.09280876,47.24874213],[-120.09473747,47.2580032],[-120.08752311,47.27069444],[-120.08862175,47.27167914],[-120.09059115,47.29109239],[-120.08642448,47.29876248],[-120.08445508,47.31378933],[-120.09894889,47.32673692],[-120.11220165,47.33516385],[-120.13189972,47.34420519],[-120.14267446,47.35304308],[-120.14921336,47.35604601],[-120.16142445,47.36970974],[-120.16987172,47.37167914],[-120.17392445,47.37387641],[-120.19070504,47.37584581],[-120.19559192,47.37849881],[-120.2052314,47.37792508],[-120.23140327,47.37948351],[-120.23766954,47.38288927],[-120.25111355,47.38208767],[-120.25725775,47.38637641],[-120.26987168,47.38834581],[-120.27392441,47.39054308],[-120.28237167,47.39251248],[-120.29212509,47.40006863],[-120.29475773,47.41137641],[-120.296955,47.41542914],[-120.2989244,47.41970974],[-120.30112166,47.42376248],[-120.30309107,47.42804308],[-120.30945499,47.43626248],[-120.3114244,47.44054308],[-120.31362166,47.44459581],[-120.31559106,47.44887641],[-120.31778833,47.45292914],[-120.31877303,47.45819444],[-120.33028832,47.45706326],[-120.33640404,47.46139676],[-120.34072533,47.46332547],[-120.34473737,47.46556342],[-120.36155865,47.46749213],[-120.3655707,47.46973009],[-120.36989198,47.4716588],[-120.37390403,47.47389676],[-120.37822531,47.47582547],[-120.38640402,47.48223009],[-120.40739197,47.4841588],[-120.41558695,47.49057563],[-120.41779642,47.49039659],[-120.43223734,47.50306342],[-120.44072529,47.50499213],[-120.46640887,47.52884467],[-120.47562925,47.52370144],[-120.47907977,47.52397814],[-120.48640398,47.52806342],[-120.49489194,47.52999213],[-120.49890398,47.53223009],[-120.50322527,47.5341588],[-120.50835629,47.53701931],[-120.51348731,47.5341588],[-120.520604,47.53223009],[-120.52918961,47.53701931],[-120.53432063,47.5341588],[-120.54518488,47.53223009],[-120.55063736,47.5444534],[-120.57110854,47.54679715],[-120.57390395,47.55306342],[-120.57710626,47.55819444],[-120.59710951,47.55736437],[-120.60085299,47.55485786],[-120.60544284,47.5531977],[-120.61711275,47.54297635],[-120.61960299,47.53610786],[-120.62370862,47.52996365],[-120.62160494,47.52161811],[-120.63476818,47.50718533],[-120.6304469,47.5007156],[-120.63678641,47.49265896],[-120.64710949,47.4906977],[-120.65525157,47.48383328],[-120.6572047,47.46868028],[-120.66043956,47.46652778],[-120.65951183,47.46120551],[-120.65294038,47.45298611],[-120.66100108,47.44290717],[-120.65534516,47.43328396],[-120.65720063,47.42787218],[-120.66080577,47.42173611],[-120.65720063,47.41560004],[-120.65515799,47.40158637],[-120.64665783,47.39800564],[-120.64260916,47.39476264],[-120.63428397,47.38435004],[-120.6324285,47.37995551],[-120.63011731,47.37601671],[-120.62826184,47.36953885],[-120.62478284,47.36048937],[-120.62206067,47.33860216],[-120.63451184,47.33643338],[-120.63845064,47.33412218],[-120.6511785,47.33226671],[-120.6551173,47.32995551],[-120.67201182,47.32810004],[-120.67595062,47.32578885],[-120.68985036,47.32277778],[-120.69284515,47.31768338],[-120.69470061,47.30703885],[-120.69886728,47.29995063],[-120.69701181,47.26120551],[-120.69045257,47.25300239],[-120.69308522,47.24853054],[-120.69250335,47.24387967],[-120.69470061,47.23620551],[-120.69708098,47.23215278],[-120.69463144,47.22798611],[-120.69701181,47.22393338],[-120.69886728,47.21953885],[-120.70124765,47.21548611],[-120.69807789,47.21009467],[-120.70511728,47.20495551],[-120.71252287,47.20183458],[-120.72617847,47.18643338],[-120.72803393,47.18203885],[-120.7345118,47.17393338],[-120.73636727,47.16120551],[-120.73867846,47.15726671],[-120.74053393,47.14453885],[-120.74701179,47.13643338],[-120.74793953,47.13319444]]]]}},{"type":"Feature","properties":{"id":"17042","name":"North Wenatchee Mountains","ancestry":["12159","12218","12385","11202","17010","17039","17042"]},"geometry":{"type":"MultiPolygon","coordinates":[[[[-121.19377269,47.71861111],[-121.19277171,47.71127875],[-121.190607,47.70719347],[-121.18860505,47.69877875],[-121.18227367,47.6905268],[-121.18027172,47.67377875],[-121.178107,47.66969347],[-121.17610505,47.65294542],[-121.16977367,47.64469347],[-121.16725496,47.63411811],[-121.14269035,47.61136013],[-121.1406884,47.60502875],[-121.12774488,47.58714138],[-121.12819247,47.57586616],[-121.11144036,47.55719347],[-121.10758701,47.54902289],[-121.10318841,47.54669542],[-121.09894037,47.54469347],[-121.08652175,47.53419542],[-121.07849767,47.53041124],[-121.06977371,47.51969347],[-121.06777176,47.51544542],[-121.06144038,47.50719347],[-121.05943843,47.50294542],[-121.05310705,47.49469347],[-121.04973384,47.48754829],[-121.04277177,47.48002875],[-121.04168941,47.47902778],[-121.03430009,47.47997179],[-121.02702471,47.48413845],[-121.00721677,47.48225043],[-121.00002276,47.47812853],[-120.98952472,47.48413845],[-120.98221678,47.48225043],[-120.97882323,47.47816108],[-120.97548664,47.47781928],[-120.95152425,47.48803657],[-120.94506266,47.48869575],[-120.93458089,47.48269396],[-120.92918946,47.48111111],[-120.9282251,47.48223009],[-120.92390381,47.4841588],[-120.91580242,47.48990424],[-120.89809409,47.49376573],[-120.87598717,47.4966588],[-120.87064456,47.49964138],[-120.85746504,47.49857937],[-120.8511418,47.50306342],[-120.83483728,47.50676622],[-120.82807052,47.5154088],[-120.82614181,47.51973009],[-120.82390385,47.52374213],[-120.8203923,47.5316116],[-120.81364181,47.53639676],[-120.80932052,47.53832547],[-120.80530848,47.54056342],[-120.80098719,47.54249213],[-120.79697515,47.54473009],[-120.7884872,47.5466588],[-120.77502285,47.55819444],[-120.78082932,47.56493679],[-120.78799892,47.56813504],[-120.79185634,47.57677762],[-120.79905848,47.57999213],[-120.82391606,47.60307563],[-120.82612553,47.60289659],[-120.83223718,47.60723009],[-120.85606937,47.60941922],[-120.86877281,47.60839789],[-120.88127281,47.60940294],[-120.89356121,47.60841417],[-120.90210613,47.61318305],[-120.9125228,47.6073725],[-120.91973715,47.61139676],[-120.9407251,47.61332547],[-120.94528239,47.6158686],[-120.95112955,47.61539659],[-120.96326334,47.62543484],[-120.96611978,47.64418077],[-120.98239175,47.6466588],[-120.98640379,47.64889676],[-120.99072508,47.65082547],[-120.99473712,47.65306342],[-120.99905841,47.65499213],[-121.00571124,47.65870307],[-121.02612545,47.65706326],[-121.03223711,47.66139676],[-121.04558752,47.66646267],[-121.05015702,47.67670844],[-121.06699865,47.69121853],[-121.08056065,47.70695747],[-121.09197829,47.71411079],[-121.09682041,47.71973009],[-121.10322503,47.7216588],[-121.11043939,47.72568305],[-121.11765374,47.7216588],[-121.13960604,47.72069444],[-121.14174227,47.71771186],[-121.1470686,47.71565701],[-121.1544742,47.7109573],[-121.1658186,47.71323188],[-121.16964347,47.71565701],[-121.18248526,47.71739855],[-121.18808014,47.72095079],[-121.19377269,47.71861111]]]]}},{"type":"Feature","properties":{"id":"17043","name":"Stuart Range","ancestry":["12159","12218","12385","11202","17010","17039","17043"]},"geometry":{"type":"MultiPolygon","coordinates":[[[[-120.92918946,47.48111111],[-120.92728109,47.47134549],[-120.9166976,47.45706733],[-120.90745281,47.4572545],[-120.90316814,47.4550491],[-120.89896079,47.45300646],[-120.89316652,47.45002387],[-120.8470321,47.45096381],[-120.83845056,47.44876248],[-120.7843775,47.45088243],[-120.78025153,47.45300646],[-120.76354418,47.4550491],[-120.75545499,47.45921577],[-120.73229419,47.45717312],[-120.724205,47.45300646],[-120.69687753,47.4550491],[-120.69275156,47.45717312],[-120.6885442,47.45921577],[-120.68441823,47.46133979],[-120.67604421,47.46338243],[-120.67191823,47.46550646],[-120.66043956,47.46652778],[-120.6572047,47.46868028],[-120.65525157,47.48383328],[-120.64710949,47.4906977],[-120.63678641,47.49265896],[-120.6304469,47.5007156],[-120.63476818,47.50718533],[-120.62160494,47.52161811],[-120.62370862,47.52996365],[-120.61960299,47.53610786],[-120.61711275,47.54297635],[-120.60544284,47.5531977],[-120.60085299,47.55485786],[-120.59710951,47.55736437],[-120.57710626,47.55819444],[-120.57885186,47.56371202],[-120.5889837,47.57169542],[-120.59824069,47.5668004],[-120.62810722,47.59469347],[-120.63235526,47.59669542],[-120.64060721,47.6030268],[-120.64473319,47.60502875],[-120.66877289,47.58319444],[-120.66777191,47.57377875],[-120.66558686,47.56965278],[-120.66777191,47.5655268],[-120.6701767,47.55543159],[-120.68027191,47.5530268],[-120.68435719,47.55086209],[-120.69693857,47.54886013],[-120.70460458,47.54480333],[-120.70969898,47.54459988],[-120.74902188,47.54669542],[-120.75340421,47.54901476],[-120.75943448,47.54877875],[-120.76560716,47.5530268],[-120.76985521,47.55502875],[-120.77502285,47.55819444],[-120.7884872,47.5466588],[-120.79697515,47.54473009],[-120.80098719,47.54249213],[-120.80530848,47.54056342],[-120.80932052,47.53832547],[-120.81364181,47.53639676],[-120.8203923,47.5316116],[-120.82390385,47.52374213],[-120.82614181,47.51973009],[-120.82807052,47.5154088],[-120.83483728,47.50676622],[-120.8511418,47.50306342],[-120.85746504,47.49857937],[-120.87064456,47.49964138],[-120.87598717,47.4966588],[-120.89809409,47.49376573],[-120.91580242,47.48990424],[-120.92390381,47.4841588],[-120.9282251,47.48223009],[-120.92918946,47.48111111]]]]}},{"type":"Feature","properties":{"id":"17044","name":"Teanaway Area","ancestry":["12159","12218","12385","11202","17010","17039","17044"]},"geometry":{"type":"MultiPolygon","coordinates":[[[[-121.11043939,47.33319444],[-121.1075626,47.31812283],[-121.10493809,47.31063992],[-121.10862461,47.289477],[-121.09417149,47.27839708],[-121.08443842,47.27169542],[-121.07225988,47.26383409],[-121.06769038,47.25719347],[-121.06474442,47.24788357],[-121.0448551,47.23419542],[-121.03435706,47.2280268],[-121.0237695,47.2207392],[-121.0102848,47.2172073],[-121.00035642,47.22068631],[-120.98322182,47.21161648],[-120.97185708,47.20719347],[-120.95732258,47.19719184],[-120.93644043,47.19469347],[-120.92361898,47.19245958],[-120.91708416,47.19272],[-120.88042239,47.18999376],[-120.86425621,47.19384304],[-120.85697269,47.20334418],[-120.85134118,47.21527045],[-120.84168949,47.21565294],[-120.83209884,47.21527045],[-120.84262536,47.23056993],[-120.84285323,47.23627469],[-120.82931157,47.23681179],[-120.82394047,47.2342768],[-120.81723068,47.22965847],[-120.80935715,47.22594347],[-120.79613694,47.21580349],[-120.78019049,47.21136013],[-120.77402187,47.20919542],[-120.76568854,47.2065587],[-120.76778408,47.20278266],[-120.78973232,47.20365343],[-120.80626877,47.19971056],[-120.81882166,47.18808133],[-120.82193852,47.18219347],[-120.82562911,47.17437283],[-120.83137455,47.16817166],[-120.87334638,47.16983588],[-120.87918948,47.16861111],[-120.87825767,47.16744737],[-120.86724693,47.15864204],[-120.85349368,47.15055691],[-120.82917322,47.14529568],[-120.80550786,47.13435004],[-120.79678391,47.13620551],[-120.79271897,47.13859402],[-120.78659511,47.13412218],[-120.77842861,47.1306798],[-120.77710618,47.12902778],[-120.75650886,47.13019151],[-120.74793953,47.13319444],[-120.74701179,47.13643338],[-120.74053393,47.14453885],[-120.73867846,47.15726671],[-120.73636727,47.16120551],[-120.7345118,47.17393338],[-120.72803393,47.18203885],[-120.72617847,47.18643338],[-120.71252287,47.20183458],[-120.70511728,47.20495551],[-120.69807789,47.21009467],[-120.70124765,47.21548611],[-120.69886728,47.21953885],[-120.69701181,47.22393338],[-120.69463144,47.22798611],[-120.69708098,47.23215278],[-120.69470061,47.23620551],[-120.69250335,47.24387967],[-120.69308522,47.24853054],[-120.69045257,47.25300239],[-120.69701181,47.26120551],[-120.69886728,47.29995063],[-120.69470061,47.30703885],[-120.69284515,47.31768338],[-120.68985036,47.32277778],[-120.67595062,47.32578885],[-120.67201182,47.32810004],[-120.6551173,47.32995551],[-120.6511785,47.33226671],[-120.63845064,47.33412218],[-120.63451184,47.33643338],[-120.62206067,47.33860216],[-120.62478284,47.36048937],[-120.62826184,47.36953885],[-120.63011731,47.37601671],[-120.6324285,47.37995551],[-120.63428397,47.38435004],[-120.64260916,47.39476264],[-120.64665783,47.39800564],[-120.65515799,47.40158637],[-120.65720063,47.41560004],[-120.66080577,47.42173611],[-120.65720063,47.42787218],[-120.65534516,47.43328396],[-120.66100108,47.44290717],[-120.65294038,47.45298611],[-120.65951183,47.46120551],[-120.66043956,47.46652778],[-120.67191823,47.46550646],[-120.67604421,47.46338243],[-120.68441823,47.46133979],[-120.6885442,47.45921577],[-120.69275156,47.45717312],[-120.69687753,47.4550491],[-120.724205,47.45300646],[-120.73229419,47.45717312],[-120.75545499,47.45921577],[-120.76354418,47.4550491],[-120.78025153,47.45300646],[-120.7843775,47.45088243],[-120.83845056,47.44876248],[-120.8470321,47.45096381],[-120.89316652,47.45002387],[-120.89896079,47.45300646],[-120.90316814,47.4550491],[-120.90745281,47.4572545],[-120.9166976,47.45706733],[-120.92728109,47.47134549],[-120.92918946,47.48111111],[-120.93458089,47.48269396],[-120.94506266,47.48869575],[-120.95152425,47.48803657],[-120.97548664,47.47781928],[-120.97882323,47.47816108],[-120.98221678,47.48225043],[-120.98952472,47.48413845],[-121.00002276,47.47812853],[-121.00721677,47.48225043],[-121.02702471,47.48413845],[-121.03430009,47.47997179],[-121.04168941,47.47902778],[-121.04307288,47.47624457],[-121.04447261,47.46931098],[-121.04723954,47.46582791],[-121.04863928,47.46097765],[-121.05140621,47.45749457],[-121.05280595,47.44847765],[-121.05973954,47.44082791],[-121.06144852,47.43490343],[-121.06738927,47.42972765],[-121.07223953,47.42832791],[-121.07988927,47.42139431],[-121.0854394,47.42069444],[-121.09697504,47.40723009],[-121.09793939,47.40402778],[-121.09663731,47.39361518],[-121.09767491,47.38527778],[-121.09669427,47.3773961],[-121.10117832,47.36976671],[-121.10303379,47.36120551],[-121.10534499,47.35726671],[-121.10720046,47.35287218],[-121.10951165,47.34893338],[-121.11043939,47.33319444]]]]}},{"type":"Feature","properties":{"id":"17046","name":"Diablo Range","ancestry":["12159","12218","12385","12444","17045","17046"]},"geometry":{"type":"MultiPolygon","coordinates":[[[[-121.596281,37.1331042],[-121.5957861,37.1322665],[-121.5955731,37.1320303],[-121.5951819,37.1317593],[-121.5951976,37.1314168],[-121.5949864,37.1311877],[-121.5946055,37.1309269],[-121.5943026,37.1303161],[-121.5937736,37.129486],[-121.5930293,37.1286716],[-121.59282,37.1285332],[-121.5925163,37.1283166],[-121.5917296,37.1278555],[-121.5915786,37.1279121],[-121.5912317,37.1277852],[-121.5909835,37.1275873],[-121.5906188,37.1273814],[-121.5902099,37.127504],[-121.5900739,37.1273864],[-121.5901231,37.1271491],[-121.5898463,37.1267294],[-121.5900323,37.12665],[-121.5896931,37.1261314],[-121.5907814,37.1257108],[-121.5898691,37.124166],[-121.5897456,37.1242137],[-121.5896439,37.1240416],[-121.5872516,37.124879],[-121.5861994,37.123097],[-121.5737939,37.1273973],[-121.5710585,37.1231419],[-121.56739,37.1176388],[-121.58447302,37.11159751],[-121.58237117,37.10957791],[-121.58025122,37.10088243],[-121.57344435,37.09353137],[-121.57283072,37.09412773],[-121.57256658,37.09452185],[-121.5711161,37.0950344],[-121.571025,37.0948685],[-121.568619,37.0957187],[-121.5627905,37.0850963],[-121.5589202,37.0864637],[-121.5576845,37.0858007],[-121.5554946,37.0836225],[-121.5551769,37.0837347],[-121.5551313,37.0836517],[-121.5550276,37.0836884],[-121.5532125,37.0803723],[-121.5463845,37.0827645],[-121.5434109,37.0773301],[-121.5408437,37.0781757],[-121.5368999,37.0720659],[-121.5323694,37.0653328],[-121.5319804,37.0647092],[-121.5323707,37.0647175],[-121.5319362,37.0639996],[-121.5316221,37.0635511],[-121.5311619,37.0628641],[-121.530863,37.0629927],[-121.5263325,37.056204],[-121.5280798,37.0539411],[-121.527309,37.0533803],[-121.5271332,37.0534666],[-121.5269466,37.0535452],[-121.526109,37.0538419],[-121.5260425,37.0538688],[-121.5259792,37.0539005],[-121.5259009,37.0539495],[-121.5258473,37.053991],[-121.5257667,37.0540669],[-121.5257147,37.0541099],[-121.5256581,37.0541489],[-121.5255974,37.0541837],[-121.5254884,37.0542317],[-121.5251041,37.0543631],[-121.5251446,37.0544238],[-121.5248306,37.0545383],[-121.5242986,37.0550105],[-121.5240205,37.0551272],[-121.5236775,37.0553497],[-121.5232523,37.0558895],[-121.5231643,37.056149],[-121.5233012,37.0564197],[-121.5233409,37.0568687],[-121.5229409,37.0565079],[-121.5227172,37.0564052],[-121.52251,37.0563515],[-121.5219735,37.0564283],[-121.521696,37.056477],[-121.5214276,37.0565755],[-121.5210578,37.0566895],[-121.5207275,37.0570991],[-121.5206717,37.0574987],[-121.5205932,37.0579263],[-121.5205945,37.0581328],[-121.5206082,37.0583335],[-121.5207705,37.0588229],[-121.520815,37.0590679],[-121.5208942,37.0592154],[-121.5210271,37.0596288],[-121.5211401,37.060031],[-121.5207282,37.0596997],[-121.5202354,37.0593352],[-121.520152,37.0593083],[-121.5199551,37.0593275],[-121.5197733,37.0589844],[-121.5195436,37.0587644],[-121.5194975,37.0587814],[-121.5199608,37.0595725],[-121.5205077,37.0604455],[-121.5208594,37.0608561],[-121.5211952,37.0612978],[-121.5219218,37.0625344],[-121.5219434,37.0634007],[-121.5222026,37.0644221],[-121.5222321,37.0651286],[-121.5224525,37.0657732],[-121.52245911,37.06584649],[-121.52239151,37.06581766],[-121.52133438,37.06556179],[-121.520235,37.0654754],[-121.51913562,37.06556179],[-121.51807849,37.06581766],[-121.51710421,37.06623317],[-121.51625023,37.06679236],[-121.51554937,37.06747373],[-121.51502855,37.06825111],[-121.5147078,37.06909463],[-121.51459945,37.06997187],[-121.51470768,37.07084912],[-121.51502832,37.07169266],[-121.51554906,37.07247009],[-121.5162499,37.07315151],[-121.5171039,37.07371075],[-121.51735081,37.07381605],[-121.516507,37.0742119],[-121.5162632,37.0746298],[-121.5155783,37.0748162],[-121.5152544,37.0750216],[-121.5151453,37.0750932],[-121.5143578,37.0759755],[-121.5135578,37.0760099],[-121.5125219,37.0762083],[-121.5119265,37.0760177],[-121.5126661,37.0771296],[-121.5136892,37.0773192],[-121.5138974,37.078066],[-121.514358,37.0782015],[-121.5153193,37.0785383],[-121.5161491,37.0790805],[-121.517153,37.0793922],[-121.5178666,37.0797896],[-121.5181051,37.0799912],[-121.5183164,37.080532],[-121.5189496,37.0806197],[-121.519299,37.0804458],[-121.5197258,37.0804566],[-121.5204238,37.0806853],[-121.5210546,37.0810366],[-121.5214391,37.0810958],[-121.5219864,37.0813323],[-121.5219853,37.0815478],[-121.5223695,37.0814258],[-121.523211,37.0817702],[-121.5244904,37.0825234],[-121.5246272,37.0831484],[-121.525386,37.0829593],[-121.5258907,37.0833677],[-121.526248,37.0840997],[-121.5265703,37.084438],[-121.5268861,37.0849699],[-121.5273561,37.0853414],[-121.5272562,37.0856098],[-121.5276198,37.0856388],[-121.5278282,37.08575],[-121.5281624,37.086069],[-121.5285211,37.0864523],[-121.5287975,37.0868183],[-121.5290672,37.0872063],[-121.5295001,37.0876586],[-121.529806,37.0879658],[-121.5310598,37.0883597],[-121.5311307,37.0887352],[-121.5313717,37.0888661],[-121.5315997,37.089014],[-121.5317341,37.0894022],[-121.5320996,37.0903482],[-121.5323762,37.0907862],[-121.5331894,37.0911472],[-121.5331458,37.0918551],[-121.5331009,37.0920786],[-121.5327928,37.0923136],[-121.5331201,37.092417],[-121.5331168,37.0928888],[-121.5334664,37.0932973],[-121.5336507,37.0935601],[-121.5336552,37.0938131],[-121.5334719,37.0941247],[-121.5339489,37.0941357],[-121.5343347,37.0943779],[-121.53448,37.0946627],[-121.5351931,37.095434],[-121.5353882,37.0959618],[-121.5356725,37.096316],[-121.53632,37.0966825],[-121.5362017,37.0970858],[-121.5366851,37.0970755],[-121.5369237,37.0975734],[-121.5374067,37.0978542],[-121.5380663,37.0985236],[-121.5384504,37.0991351],[-121.5387428,37.099695],[-121.5389821,37.0998417],[-121.5391881,37.1003161],[-121.5394715,37.1001014],[-121.5396468,37.1001598],[-121.5400814,37.100664],[-121.540331,37.1011834],[-121.5403663,37.1012431],[-121.5403304,37.1017687],[-121.5401249,37.1019525],[-121.5408242,37.1024998],[-121.540968,37.1032197],[-121.5409715,37.1032545],[-121.5409619,37.1033121],[-121.5409472,37.1033449],[-121.5409261,37.1033755],[-121.5401324,37.1041621],[-121.540794,37.1044011],[-121.5413327,37.1043074],[-121.5413658,37.104306],[-121.5414093,37.1043121],[-121.5414585,37.1043318],[-121.5414975,37.104363],[-121.5416291,37.1045548],[-121.5416515,37.1049828],[-121.5416018,37.1053827],[-121.5419106,37.1055731],[-121.5420557,37.1058714],[-121.5420043,37.1062148],[-121.5426928,37.1075334],[-121.5421729,37.1077309],[-121.5416488,37.1083282],[-121.5418358,37.1082665],[-121.5419293,37.1082491],[-121.5419868,37.1082454],[-121.5420444,37.1082469],[-121.5421015,37.1082535],[-121.5421572,37.1082653],[-121.5433308,37.1086489],[-121.5433971,37.1086805],[-121.5434703,37.1087306],[-121.5435307,37.1087907],[-121.5435682,37.1088446],[-121.5435895,37.1088877],[-121.5437834,37.1093552],[-121.5437576,37.1120206],[-121.544887,37.1120233],[-121.5458576,37.112809],[-121.5458255,37.1162215],[-121.5358141,37.1162979],[-121.5261925,37.1164815],[-121.5263724,37.1274274],[-121.5264476,37.1311715],[-121.5263485,37.1449817],[-121.5080629,37.1449031],[-121.508083,37.1411569],[-121.508224,37.1268109],[-121.5082689,37.1162961],[-121.4906379,37.1161059],[-121.4813743,37.1160519],[-121.4813021,37.1123534],[-121.4860109,37.1123339],[-121.4859839,37.1049101],[-121.4812286,37.1049207],[-121.4811429,37.1012371],[-121.473795,37.101307],[-121.4728906,37.1013142],[-121.4727451,37.1013147],[-121.4726939,37.1011222],[-121.4726781,37.1008811],[-121.4727067,37.1006849],[-121.4727916,37.1004398],[-121.4729997,37.1000225],[-121.4729819,37.099956],[-121.4726402,37.099668],[-121.4724385,37.0994426],[-121.4716675,37.0989194],[-121.4713455,37.0985836],[-121.4711232,37.0983116],[-121.4708013,37.0977605],[-121.4705994,37.0974899],[-121.4704085,37.0971528],[-121.4703217,37.09696],[-121.4701309,37.096386],[-121.4696401,37.095824],[-121.4692174,37.0952219],[-121.4690737,37.0949482],[-121.4685331,37.0936504],[-121.4681853,37.0929606],[-121.4679386,37.0923684],[-121.4678499,37.0919886],[-121.4678112,37.091562],[-121.467853,37.0911805],[-121.4680086,37.09079],[-121.4683492,37.0905373],[-121.4689232,37.0902238],[-121.4697859,37.0896839],[-121.4698757,37.0894627],[-121.4698897,37.0892527],[-121.4698529,37.0890651],[-121.469698,37.0888721],[-121.4684072,37.0883547],[-121.4678953,37.0878838],[-121.4676615,37.0874019],[-121.4675401,37.0868985],[-121.4674395,37.0866055],[-121.4674578,37.0865875],[-121.467349,37.0860947],[-121.4673594,37.085599],[-121.4674019,37.085522],[-121.4674044,37.0854352],[-121.4676182,37.0852233],[-121.468733,37.0847194],[-121.4693649,37.0842459],[-121.4698389,37.083348],[-121.46985,37.08249],[-121.4696241,37.0821702],[-121.4683494,37.0810528],[-121.46811593,37.08062706],[-121.46819059,37.0806212],[-121.46924793,37.0803653],[-121.47022235,37.07994975],[-121.47107643,37.07939051],[-121.47177733,37.07870909],[-121.47229811,37.07793166],[-121.47261878,37.07708812],[-121.47272701,37.07621087],[-121.47261865,37.07533363],[-121.47229788,37.07449011],[-121.47177702,37.07371273],[-121.47107609,37.07303136],[-121.47090201,37.07291738],[-121.4708919,37.0721301],[-121.46944797,37.07214207],[-121.46924769,37.07205666],[-121.46819047,37.07180079],[-121.467091,37.0717144],[-121.46599153,37.07180079],[-121.46593303,37.07181495],[-121.4658458,37.0717726],[-121.4654623,37.0712049],[-121.4652578,37.0703295],[-121.4649083,37.0693313],[-121.4644427,37.0688162],[-121.463361,37.0681598],[-121.4610194,37.0655635],[-121.4599738,37.0646675],[-121.4589814,37.0634168],[-121.4591139,37.062521],[-121.4582379,37.0610521],[-121.4566864,37.0610606],[-121.455999,37.0601441],[-121.4545222,37.0601237],[-121.4540802,37.059682],[-121.4542629,37.059243],[-121.4539789,37.0586231],[-121.4522744,37.0578947],[-121.4522166,37.0577233],[-121.4523209,37.0577109],[-121.4521199,37.056998],[-121.4514055,37.0560317],[-121.4505702,37.0558518],[-121.4502551,37.0551189],[-121.449426,37.0541241],[-121.4481601,37.0541795],[-121.4472961,37.0537903],[-121.4469546,37.0533254],[-121.4470729,37.0507271],[-121.4427899,37.05072],[-121.4429058,37.0472074],[-121.4507519,37.0471589],[-121.4507689,37.0436681],[-121.4388931,37.043445],[-121.4295639,37.0434194],[-121.4294349,37.0324441],[-121.4288111,37.0324451],[-121.4283566,37.0350001],[-121.4209701,37.0340601],[-121.4211088,37.0428914],[-121.4206961,37.0432401],[-121.4206161,37.043639],[-121.4209456,37.0440325],[-121.4217187,37.0447014],[-121.422902,37.0454339],[-121.4237239,37.0454037],[-121.4250058,37.0464337],[-121.4250101,37.04646],[-121.4196591,37.0497059],[-121.4182205,37.0506177],[-121.4160831,37.0506701],[-121.4161508,37.0518254],[-121.41602,37.051845],[-121.4160319,37.0541528],[-121.410377,37.0543031],[-121.4046965,37.0580826],[-121.4032721,37.0581111],[-121.4033049,37.0587834],[-121.403213,37.058803],[-121.4032083,37.072703],[-121.3942921,37.0727931],[-121.3943158,37.0810963],[-121.3865867,37.0872257],[-121.3856531,37.087277],[-121.3641181,37.0864901],[-121.3638788,37.1028831],[-121.3513561,37.1027411],[-121.3512591,37.1091659],[-121.3523721,37.1084875],[-121.3525499,37.1084107],[-121.3527379,37.1083568],[-121.3529343,37.108326],[-121.3531319,37.108318],[-121.353503,37.1083609],[-121.3537696,37.1084383],[-121.35389983,37.10850739],[-121.35379946,37.10855017],[-121.35374413,37.10858639],[-121.3535442,37.1085121],[-121.3533856,37.108481],[-121.3531122,37.108455],[-121.3529178,37.108466],[-121.3527295,37.1085019],[-121.3525512,37.108563],[-121.3523252,37.1086799],[-121.3513976,37.1092566],[-121.351256,37.1093289],[-121.3509751,37.1278159],[-121.359842,37.1278894],[-121.3599083,37.1313666],[-121.3421771,37.1313821],[-121.342152,37.145745],[-121.3429096,37.1458853],[-121.3428566,37.1465126],[-121.3421561,37.1466221],[-121.342173,37.1512318],[-121.3419551,37.151735],[-121.342176,37.1520277],[-121.342191,37.1559907],[-121.3413591,37.156427],[-121.3416795,37.1571841],[-121.3414175,37.1574418],[-121.3403171,37.1575831],[-121.339909,37.1582316],[-121.3384219,37.1589405],[-121.337378,37.1591876],[-121.3367634,37.1590925],[-121.335859,37.1587961],[-121.335419,37.1588519],[-121.3344418,37.1594515],[-121.3340299,37.1607787],[-121.3334621,37.1610831],[-121.3332721,37.1627809],[-121.3337005,37.1628432],[-121.3336718,37.163716],[-121.333352,37.1642451],[-121.329147,37.1652659],[-121.3265795,37.1625092],[-121.3243349,37.1603401],[-121.3058921,37.1603551],[-121.3062061,37.1682629],[-121.306517,37.1681714],[-121.3074059,37.1682593],[-121.3083054,37.1686747],[-121.3091356,37.1689268],[-121.3099649,37.1693534],[-121.3107853,37.1702231],[-121.3108331,37.1704209],[-121.3119958,37.1711092],[-121.312429,37.1716349],[-121.3127634,37.1715248],[-121.3131211,37.1713752],[-121.3136798,37.1713181],[-121.3138309,37.1712229],[-121.3139129,37.171069],[-121.3138519,37.1708657],[-121.3138255,37.1703919],[-121.3146694,37.1694966],[-121.3148435,37.1692533],[-121.3158656,37.1692385],[-121.316556,37.1697489],[-121.3170566,37.1695306],[-121.3172996,37.16948],[-121.3175465,37.1694864],[-121.3177816,37.1695471],[-121.318383,37.1696539],[-121.318808,37.1693722],[-121.3203879,37.1687519],[-121.320518,37.1684065],[-121.3210606,37.1682383],[-121.321571,37.1683159],[-121.3228393,37.1679862],[-121.323201,37.1680649],[-121.3234424,37.1678703],[-121.323825,37.1678405],[-121.324236,37.1680669],[-121.324785,37.1680364],[-121.3250432,37.1681723],[-121.325861,37.1683769],[-121.327287,37.1681294],[-121.3274696,37.1682469],[-121.3287541,37.1681181],[-121.3292622,37.1677433],[-121.3301281,37.1672633],[-121.330625,37.1677519],[-121.3309168,37.1677123],[-121.331728,37.1681041],[-121.3318691,37.1683669],[-121.3321746,37.1685455],[-121.3321421,37.1689574],[-121.33214,37.1692666],[-121.3323281,37.169965],[-121.3331087,37.1707142],[-121.3332945,37.1711161],[-121.3334215,37.171684],[-121.3337395,37.1723619],[-121.334152,37.1728649],[-121.3357603,37.1723677],[-121.3360951,37.1724599],[-121.337016,37.1731949],[-121.337886,37.1735229],[-121.3385251,37.1744966],[-121.3388662,37.17484],[-121.3400299,37.1751915],[-121.3404499,37.1751574],[-121.3410531,37.175359],[-121.3416678,37.1755369],[-121.3426079,37.1757578],[-121.3440695,37.1757125],[-121.344373,37.1758985],[-121.3446888,37.176138],[-121.3451481,37.1763392],[-121.3453205,37.176653],[-121.3450591,37.177618],[-121.3452391,37.1780389],[-121.3453672,37.1781688],[-121.3454451,37.1784289],[-121.3458582,37.1786558],[-121.3459355,37.1790751],[-121.3461301,37.1795079],[-121.3469497,37.1798402],[-121.3472063,37.1803079],[-121.3473021,37.1804819],[-121.3480753,37.1807982],[-121.3480671,37.1808739],[-121.3483096,37.1809635],[-121.3483411,37.181936],[-121.348793,37.1823949],[-121.3489201,37.1824243],[-121.348976,37.1825052],[-121.3498685,37.1826422],[-121.3501411,37.1827667],[-121.3505234,37.1830086],[-121.3509527,37.1833298],[-121.3510611,37.1839099],[-121.3518826,37.1839918],[-121.3523794,37.1841438],[-121.3526872,37.184178],[-121.3528939,37.184171],[-121.3530964,37.1841401],[-121.3534589,37.1840376],[-121.353701,37.1841709],[-121.3543013,37.184115],[-121.355177,37.1840615],[-121.3560523,37.1845336],[-121.356053,37.187372],[-121.356156,37.1873717],[-121.3561646,37.1873911],[-121.3381097,37.2165448],[-121.337965,37.2165555],[-121.3380521,37.2238079],[-121.3563603,37.2236676],[-121.3562421,37.2355014],[-121.3562156,37.2380781],[-121.3515951,37.2381681],[-121.351601,37.2453534],[-121.351193,37.245378],[-121.3513024,37.2537665],[-121.3466015,37.2538593],[-121.346596,37.252779],[-121.3198731,37.2530041],[-121.3198411,37.2602459],[-121.3288997,37.2601889],[-121.328995,37.2737869],[-121.3289901,37.2748099],[-121.3470408,37.274818],[-121.3467031,37.2889929],[-121.3703504,37.2893234],[-121.3699261,37.3037909],[-121.3882474,37.3038275],[-121.3881401,37.3110619],[-121.4060459,37.3111329],[-121.4060859,37.3099616],[-121.4088919,37.3099579],[-121.4089971,37.3039059],[-121.4209526,37.3039316],[-121.4207636,37.304256],[-121.4330609,37.3042249],[-121.4330731,37.3039945],[-121.433579,37.303993],[-121.433527,37.3008628],[-121.4335313,37.2969996],[-121.4396557,37.2969719],[-121.439402,37.2968091],[-121.4394074,37.2967907],[-121.4455911,37.296748],[-121.44601,37.2968879],[-121.4467029,37.2965349],[-121.4466789,37.2931367],[-121.451134,37.293076],[-121.4512258,37.2930168],[-121.451565,37.2933257],[-121.4516381,37.2936888],[-121.451395,37.2939081],[-121.45146292,37.29788996],[-121.45429505,37.29281765],[-121.45262227,37.28578729],[-121.4511975,37.2857841],[-121.4512389,37.2830731],[-121.4385319,37.2830531],[-121.4385469,37.2749561],[-121.4372048,37.2749274],[-121.4370969,37.2649331],[-121.4325959,37.264972],[-121.4325421,37.2612941],[-121.4461299,37.2610859],[-121.44621193,37.25884581],[-121.44590882,37.25757189],[-121.44626998,37.25726067],[-121.4463962,37.2538141],[-121.45027444,37.25381006],[-121.45518474,37.24957889],[-121.455179,37.246484],[-121.45791225,37.24654329],[-121.45958524,37.24460206],[-121.4596095,37.2430715],[-121.4640319,37.2431099],[-121.4640369,37.2324741],[-121.455102,37.2324422],[-121.4545236,37.2182764],[-121.4545336,37.2182626],[-121.4634499,37.2181069],[-121.4634935,37.2146037],[-121.4720085,37.2144568],[-121.4720281,37.2179209],[-121.4758739,37.2177639],[-121.4758791,37.2143893],[-121.4800701,37.2143143],[-121.4801601,37.2176709],[-121.498018,37.217914],[-121.4980177,37.2143179],[-121.5147602,37.2138553],[-121.5148011,37.2245639],[-121.5192537,37.2245725],[-121.5192761,37.2281419],[-121.5237322,37.2281523],[-121.5237511,37.2317199],[-121.5326768,37.2317418],[-121.5326876,37.2388271],[-121.5245668,37.2383951],[-121.5246679,37.2350211],[-121.5161781,37.234933],[-121.516192,37.2312969],[-121.5161169,37.2277171],[-121.4979561,37.2276681],[-121.498,37.2312606],[-121.498084,37.2321709],[-121.498148,37.245971],[-121.4981717,37.2459849],[-121.4981741,37.2461929],[-121.5010509,37.246121],[-121.5021447,37.246108],[-121.5071331,37.2461802],[-121.5071361,37.2479649],[-121.5116239,37.2479669],[-121.5116638,37.2461744],[-121.5244789,37.2461549],[-121.5244799,37.2423999],[-121.528878,37.2423988],[-121.5289101,37.2461289],[-121.5333159,37.2461289],[-121.5327083,37.2388391],[-121.5493186,37.238147],[-121.5629889,37.2381805],[-121.5629759,37.235434],[-121.5623922,37.2349402],[-121.5618745,37.2345748],[-121.5616686,37.2344708],[-121.5614475,37.2343912],[-121.5608673,37.234281],[-121.560547,37.2341765],[-121.5603549,37.2340795],[-121.5602168,37.2339846],[-121.5601437,37.2339022],[-121.5600895,37.2337578],[-121.5601082,37.2336026],[-121.5601571,37.2335126],[-121.5602414,37.2334164],[-121.5603138,37.2333023],[-121.560366,37.2331133],[-121.5603618,37.2329847],[-121.560325,37.2328603],[-121.5602588,37.2327428],[-121.5601643,37.2326378],[-121.5601407,37.2325746],[-121.5601171,37.2324464],[-121.5601404,37.2322524],[-121.5602321,37.2320737],[-121.5603287,37.2319675],[-121.5612455,37.2313064],[-121.5613538,37.2311971],[-121.5614366,37.2310766],[-121.5615351,37.2308457],[-121.5616449,37.2305124],[-121.5617549,37.2300024],[-121.56179,37.2296044],[-121.5617631,37.2295004],[-121.5617036,37.2294058],[-121.5616147,37.2293249],[-121.5614437,37.229245],[-121.5607278,37.2292001],[-121.5606166,37.2291691],[-121.5605226,37.229116],[-121.5604486,37.2290435],[-121.5604047,37.2289603],[-121.560414,37.2286938],[-121.5603821,37.2285187],[-121.5603186,37.2283484],[-121.5601982,37.2281543],[-121.5600773,37.2280752],[-121.5599757,37.228051],[-121.5598213,37.228063],[-121.5596217,37.2281473],[-121.5595017,37.2281668],[-121.5593763,37.2281587],[-121.5592115,37.2280944],[-121.5591276,37.2280233],[-121.5590725,37.2279366],[-121.5590496,37.227839],[-121.5588099,37.2272671],[-121.5538098,37.2272696],[-121.5537679,37.2203081],[-121.5492698,37.2203072],[-121.5492519,37.2165221],[-121.5450774,37.2167887],[-121.5450571,37.209236],[-121.5492279,37.2089439],[-121.549205,37.2016719],[-121.5503278,37.1956059],[-121.5503465,37.190535],[-121.55034658,37.1905158],[-121.55052294,37.19034459],[-121.5510445,37.18956716],[-121.55136564,37.18872361],[-121.55147403,37.18784637],[-121.55147212,37.18783095],[-121.5536089,37.1878419],[-121.5535582,37.1877596],[-121.5534898,37.1875453],[-121.5534631,37.187348],[-121.5534765,37.1871476],[-121.5536331,37.186961],[-121.5538129,37.1868],[-121.5538818,37.1866799],[-121.55393,37.1864972],[-121.553916,37.186214],[-121.5538946,37.1861292],[-121.5538053,37.1859313],[-121.5533324,37.1854823],[-121.5530717,37.1852838],[-121.5523989,37.184839],[-121.5520069,37.1846251],[-121.5517804,37.1845528],[-121.5511959,37.1843274],[-121.5508528,37.1841451],[-121.5503397,37.1837675],[-121.550051,37.183515],[-121.549899,37.1834488],[-121.5495513,37.183377],[-121.5495073,37.1833326],[-121.5492331,37.183189],[-121.5489814,37.1829335],[-121.5488893,37.1827833],[-121.5487395,37.1826196],[-121.5483269,37.1824429],[-121.5480307,37.1822769],[-121.5478529,37.1821337],[-121.5472777,37.1814768],[-121.547093,37.1813398],[-121.5468438,37.1812398],[-121.5466034,37.181207],[-121.546122,37.1811899],[-121.5457945,37.1805179],[-121.5457979,37.1787351],[-121.5410384,37.178406],[-121.5410359,37.1711711],[-121.5362245,37.1708439],[-121.5362691,37.1671705],[-121.5458659,37.1678049],[-121.5458779,37.1641571],[-121.5410542,37.1638299],[-121.5410845,37.1601463],[-121.5458979,37.1604809],[-121.5507139,37.1600999],[-121.550727,37.1565624],[-121.5546672,37.1562726],[-121.5546652,37.1500126],[-121.5564262,37.1488798],[-121.5563186,37.148783],[-121.5562364,37.1486873],[-121.556169,37.1485844],[-121.5561202,37.1484832],[-121.5560857,37.1483782],[-121.5560638,37.1482483],[-121.5560638,37.1481172],[-121.5560299,37.1480637],[-121.5559659,37.1480326],[-121.555891,37.148033],[-121.5558276,37.148065],[-121.55552,37.1471131],[-121.5586532,37.1473907],[-121.5600755,37.1473809],[-121.5608614,37.146787],[-121.5624721,37.1466592],[-121.5639578,37.1475669],[-121.5641415,37.1480258],[-121.5657772,37.1487552],[-121.5659406,37.1488082],[-121.5661153,37.1488269],[-121.5662904,37.1488104],[-121.5664548,37.1487595],[-121.5665707,37.1486968],[-121.5666795,37.1486487],[-121.5667888,37.1486285],[-121.566901,37.1486316],[-121.5670083,37.1486579],[-121.5671034,37.1487056],[-121.568764,37.1493736],[-121.5696328,37.1495223],[-121.5697919,37.1504163],[-121.5699989,37.151263],[-121.5700138,37.1520594],[-121.5721502,37.1534033],[-121.5727831,37.1548846],[-121.5743876,37.1552868],[-121.5744811,37.1560315],[-121.5755091,37.1569703],[-121.5757149,37.1574372],[-121.5761269,37.1576932],[-121.5768806,37.1579101],[-121.5765817,37.1583889],[-121.5768476,37.1591641],[-121.5785914,37.1596038],[-121.5785952,37.1595215],[-121.5785674,37.1588817],[-121.5785599,37.1531858],[-121.5774456,37.1515174],[-121.5776229,37.1510023],[-121.5776444,37.1509305],[-121.5776709,37.1508217],[-121.5776847,37.1507487],[-121.5776956,37.1506753],[-121.577706,37.1505648],[-121.5777095,37.150454],[-121.577708,37.1503802],[-121.5777033,37.1503064],[-121.5776956,37.1502328],[-121.5776848,37.1501594],[-121.5776629,37.15005],[-121.5776445,37.1499776],[-121.5776231,37.1499057],[-121.5775986,37.1498345],[-121.5775712,37.1497639],[-121.5775246,37.1496596],[-121.5774715,37.1495572],[-121.5774121,37.1494571],[-121.5773465,37.1493596],[-121.5773065,37.1492863],[-121.5772639,37.1492139],[-121.5771951,37.1491074],[-121.577146,37.1490377],[-121.5770944,37.1489692],[-121.5770404,37.1489019],[-121.5769839,37.1488359],[-121.5768948,37.1487395],[-121.5768325,37.148677],[-121.5767348,37.148586],[-121.576667,37.1485273],[-121.5765971,37.1484701],[-121.5753993,37.1473096],[-121.5750954,37.1467704],[-121.5749794,37.1467253],[-121.5745018,37.1457736],[-121.5743411,37.1456586],[-121.5742315,37.1455841],[-121.5741201,37.1455115],[-121.5739494,37.1454061],[-121.5737747,37.145305],[-121.5735962,37.1452084],[-121.5734751,37.1451464],[-121.5733525,37.1450865],[-121.5731656,37.1450004],[-121.5730392,37.1449457],[-121.5729115,37.144893],[-121.5728024,37.144812],[-121.5727323,37.1447559],[-121.5726644,37.144698],[-121.5725668,37.1446081],[-121.5725047,37.1445463],[-121.5724159,37.1444507],[-121.5723599,37.1443852],[-121.5722805,37.1442844],[-121.5716366,37.1439514],[-121.5714612,37.1435989],[-121.5714488,37.1435501],[-121.5714369,37.1435182],[-121.5714222,37.1434871],[-121.5714047,37.143457],[-121.5713846,37.1434279],[-121.5713619,37.1434001],[-121.5713367,37.1433737],[-121.5713092,37.1433487],[-121.5712796,37.1433255],[-121.5712314,37.1432939],[-121.5711971,37.1432752],[-121.5711611,37.1432586],[-121.57109,37.1432381],[-121.5710211,37.1432132],[-121.5709549,37.1431839],[-121.5709125,37.1431621],[-121.5697735,37.142162],[-121.5697181,37.1420853],[-121.5696686,37.1420062],[-121.5696251,37.1419247],[-121.5695878,37.1418414],[-121.5695568,37.1417564],[-121.5695322,37.14167],[-121.5695141,37.1415827],[-121.5695108,37.1415258],[-121.5695048,37.1414881],[-121.5694959,37.1414508],[-121.569477,37.1413959],[-121.5694517,37.1413427],[-121.5694202,37.1412916],[-121.5693827,37.1412432],[-121.5693397,37.1411978],[-121.5692944,37.1411577],[-121.5692668,37.1411291],[-121.5692415,37.1410993],[-121.5692081,37.1410522],[-121.5690508,37.1406793],[-121.5687308,37.1404226],[-121.5683717,37.139693],[-121.568103,37.1394735],[-121.5679265,37.1393252],[-121.5677521,37.1391753],[-121.5674946,37.1389475],[-121.567242,37.1387162],[-121.5670764,37.13856],[-121.566913,37.1384024],[-121.5666721,37.1381632],[-121.5664364,37.1379207],[-121.5662059,37.137675],[-121.5659028,37.1374814],[-121.565244,37.137556],[-121.5647703,37.1378117],[-121.5640779,37.1372448],[-121.5636504,37.136611],[-121.5636521,37.1356967],[-121.5636913,37.1354029],[-121.5633914,37.1348662],[-121.5639889,37.1348566],[-121.5641452,37.1350663],[-121.564153,37.135343],[-121.5642054,37.1354398],[-121.5642373,37.1355053],[-121.5642805,37.135605],[-121.5643181,37.1357061],[-121.5646548,37.1367481],[-121.5646719,37.1368244],[-121.5646955,37.1368995],[-121.5647255,37.1369732],[-121.5647491,37.1370213],[-121.5647754,37.1370684],[-121.5648044,37.1371146],[-121.5648361,37.1371596],[-121.5648703,37.1372034],[-121.564907,37.1372458],[-121.5665859,37.1373464],[-121.5669704,37.1378373],[-121.5680958,37.1385922],[-121.5683565,37.1384768],[-121.5695327,37.1392797],[-121.569641,37.1396071],[-121.5704869,37.14046],[-121.5708486,37.1404667],[-121.5708556,37.140705],[-121.5709304,37.1408672],[-121.570978,37.1410337],[-121.5710897,37.1411913],[-121.5711964,37.1413512],[-121.5712088,37.1416173],[-121.5712983,37.1416918],[-121.5713552,37.1417436],[-121.5714097,37.1417969],[-121.571487,37.1418798],[-121.5715586,37.1419658],[-121.5716032,37.1420248],[-121.5716451,37.142085],[-121.5717029,37.1421774],[-121.571738,37.1422404],[-121.5717702,37.1423043],[-121.5718133,37.1424018],[-121.571972,37.1425098],[-121.5721263,37.142622],[-121.572276,37.1427381],[-121.5724209,37.142858],[-121.5725608,37.1429816],[-121.5726957,37.1431088],[-121.5728253,37.1432394],[-121.5729496,37.1433733],[-121.5731597,37.1434071],[-121.5733979,37.1436595],[-121.5736924,37.1437409],[-121.573835,37.1439881],[-121.573983,37.1440836],[-121.5740794,37.1441494],[-121.5741741,37.1442169],[-121.5743126,37.1443211],[-121.5744026,37.1443926],[-121.5745308,37.1445],[-121.5746534,37.1446094],[-121.5747715,37.1447218],[-121.5751649,37.1448958],[-121.5762941,37.1459171],[-121.5772579,37.1464672],[-121.5777043,37.1466136],[-121.5777142,37.1468208],[-121.5777519,37.1469038],[-121.5777805,37.146958],[-121.5778119,37.1470113],[-121.5778639,37.1470892],[-121.5779018,37.1471397],[-121.5779423,37.1471888],[-121.5779852,37.1472367],[-121.5780306,37.147283],[-121.5781028,37.1473498],[-121.5781538,37.1473922],[-121.5782069,37.147433],[-121.5787313,37.1476284],[-121.5787262,37.1479711],[-121.5788396,37.148524],[-121.5786357,37.1492567],[-121.5788077,37.1494295],[-121.5789319,37.1498335],[-121.5791563,37.1501942],[-121.5793007,37.1507904],[-121.5792132,37.1510941],[-121.5790299,37.1512328],[-121.579037,37.1513531],[-121.5790408,37.1513739],[-121.5790516,37.1514043],[-121.5790622,37.1514236],[-121.5790827,37.1514506],[-121.5791326,37.1514959],[-121.5791519,37.1515171],[-121.5791689,37.1515396],[-121.5791832,37.1515631],[-121.5791949,37.1515876],[-121.5792039,37.1516128],[-121.57921,37.1516386],[-121.5792137,37.1516778],[-121.5792126,37.151704],[-121.5792086,37.15173],[-121.5791972,37.1517682],[-121.5791674,37.1518289],[-121.5791597,37.1518539],[-121.5791549,37.1518793],[-121.579153,37.151905],[-121.5791541,37.1519307],[-121.5791581,37.1519562],[-121.579165,37.1519813],[-121.5791748,37.1520058],[-121.5791873,37.1520295],[-121.5792025,37.1520522],[-121.57923,37.1520838],[-121.5792576,37.1521311],[-121.5792824,37.1521793],[-121.5793044,37.1522285],[-121.579332,37.1523036],[-121.5793466,37.1523544],[-121.5793583,37.1524058],[-121.579367,37.1524575],[-121.5798533,37.1527935],[-121.580582,37.1530426],[-121.5817066,37.1528226],[-121.5817191,37.1527898],[-121.5817396,37.1527505],[-121.5817592,37.1527214],[-121.5817743,37.1527025],[-121.5818018,37.1526731],[-121.5818275,37.1526502],[-121.5818556,37.1526288],[-121.581884,37.1526112],[-121.5819794,37.152567],[-121.5820448,37.1525402],[-121.5821115,37.1525156],[-121.5822137,37.1524827],[-121.5822832,37.1524635],[-121.5823535,37.1524466],[-121.5824605,37.1524256],[-121.5825689,37.1524097],[-121.5826783,37.1523992],[-121.5827516,37.1523951],[-121.582825,37.1523934],[-121.5828984,37.1523941],[-121.583071,37.1524022],[-121.5832278,37.1524064],[-121.5833533,37.1524071],[-121.5834476,37.152406],[-121.5837744,37.1519261],[-121.5844927,37.1521667],[-121.58462,37.152435],[-121.5846986,37.1524659],[-121.5851267,37.1526545],[-121.5851519,37.1526611],[-121.5851859,37.1526632],[-121.5850023,37.1513067],[-121.5848309,37.1496832],[-121.5845626,37.1470198],[-121.5843646,37.1438363],[-121.5842439,37.1408041],[-121.5841336,37.1408071],[-121.583863,37.1393927],[-121.5834144,37.1377528],[-121.5832821,37.1375203],[-121.5845392,37.1382877],[-121.5866381,37.1367775],[-121.5866342,37.1367707],[-121.5900175,37.1354834],[-121.5899373,37.1349351],[-121.5921652,37.1342145],[-121.5918945,37.1347692],[-121.596281,37.1331042]],[[-121.3858544,37.1499867],[-121.3857337,37.1500691],[-121.3853682,37.1497991],[-121.3847696,37.1495009],[-121.3843789,37.149364],[-121.3835964,37.1491728],[-121.3832712,37.1490601],[-121.3830429,37.1489624],[-121.3827308,37.1487738],[-121.3821932,37.148357],[-121.3820462,37.1481814],[-121.3818698,37.1478136],[-121.381728,37.147583],[-121.3815408,37.1473261],[-121.3813671,37.1469662],[-121.3812072,37.1467193],[-121.3810828,37.1466089],[-121.3809394,37.1465127],[-121.3804004,37.1462742],[-121.3800365,37.1460832],[-121.3798241,37.1459179],[-121.3797104,37.145784],[-121.3796255,37.1456404],[-121.379555,37.1454103],[-121.3795609,37.1449298],[-121.3795091,37.1445988],[-121.3794625,37.1444802],[-121.3793855,37.1443747],[-121.378982,37.144033],[-121.37856,37.143723],[-121.3779591,37.1432201],[-121.377218,37.142656],[-121.3769387,37.1424257],[-121.3766787,37.1421827],[-121.3764634,37.1419295],[-121.3762719,37.1416629],[-121.3760627,37.1413257],[-121.3758385,37.1410446],[-121.3756345,37.1408767],[-121.3752777,37.1406843],[-121.3751388,37.1405508],[-121.3750869,37.1404472],[-121.3750632,37.1402686],[-121.3750748,37.1401335],[-121.3751134,37.1400028],[-121.3755131,37.1393538],[-121.375964,37.1385331],[-121.3760837,37.1383582],[-121.3762291,37.1382],[-121.3764451,37.13803],[-121.3767794,37.1377994],[-121.3768671,37.1376846],[-121.376892,37.1375989],[-121.3769082,37.137414],[-121.3769899,37.1370383],[-121.377343,37.1359989],[-121.377642,37.1348721],[-121.3777378,37.134451],[-121.3778059,37.1342643],[-121.377817,37.1340543],[-121.3777767,37.1338934],[-121.3776675,37.1336654],[-121.3774434,37.1333935],[-121.3772197,37.1332268],[-121.3768515,37.1330305],[-121.376604,37.1328206],[-121.3765171,37.1327001],[-121.37612,37.132041],[-121.375976,37.131837],[-121.3756788,37.1314447],[-121.3747045,37.1302926],[-121.3745776,37.1301897],[-121.3742031,37.1299571],[-121.3736045,37.1296662],[-121.3732655,37.1294673],[-121.3730309,37.1292628],[-121.3727373,37.1289134],[-121.3725533,37.1287566],[-121.3723294,37.1286418],[-121.3721629,37.128591],[-121.3719648,37.1285556],[-121.3717894,37.1284915],[-121.3716565,37.1284122],[-121.3715461,37.128314],[-121.3714592,37.1281971],[-121.37139,37.1280084],[-121.3713388,37.1270167],[-121.3712591,37.1268533],[-121.3711676,37.1267626],[-121.3710492,37.1266907],[-121.3709156,37.1266462],[-121.3707632,37.1266241],[-121.3706097,37.126629],[-121.3703883,37.1266844],[-121.3700183,37.1268854],[-121.3698825,37.126919],[-121.3697396,37.1269269],[-121.3695264,37.1268972],[-121.3693882,37.1268514],[-121.3692574,37.1267851],[-121.3691469,37.1266978],[-121.3690641,37.1265973],[-121.369007,37.126484],[-121.3689792,37.1262994],[-121.3690012,37.1261777],[-121.3690565,37.1260331],[-121.3691436,37.1258671],[-121.3692945,37.1256547],[-121.369347,37.1255267],[-121.3693639,37.1253267],[-121.3693342,37.1251957],[-121.3692854,37.1250829],[-121.3691792,37.1249482],[-121.3690211,37.1248507],[-121.3688305,37.1247951],[-121.3686906,37.1247731],[-121.3681851,37.124776],[-121.3679226,37.1247333],[-121.3676827,37.1246321],[-121.3675501,37.1245388],[-121.3674402,37.1244273],[-121.367326,37.1242304],[-121.3672852,37.1240184],[-121.3673193,37.1238055],[-121.3674551,37.1234772],[-121.367484,37.1233072],[-121.3674788,37.1231351],[-121.3674358,37.1229735],[-121.3673669,37.1228168],[-121.3672706,37.1226686],[-121.3671514,37.1225325],[-121.3670295,37.1224357],[-121.3668916,37.1223563],[-121.3666553,37.1222719],[-121.3662747,37.122224],[-121.3657355,37.122211],[-121.3654785,37.1221557],[-121.3653243,37.1220876],[-121.3651894,37.121996],[-121.365034,37.1218232],[-121.3649374,37.1216316],[-121.3649172,37.1214267],[-121.3649759,37.1212266],[-121.3650571,37.1211038],[-121.365201,37.1209623],[-121.3653712,37.1208404],[-121.3662049,37.120449],[-121.3664875,37.1202793],[-121.3667255,37.1200694],[-121.3669093,37.1198254],[-121.3669968,37.1196505],[-121.3670498,37.1194908],[-121.3670739,37.1192422],[-121.3670539,37.1190788],[-121.3670052,37.1189186],[-121.3669337,37.1187656],[-121.3668446,37.1186225],[-121.3667309,37.1184919],[-121.3665953,37.1183753],[-121.3662759,37.1181519],[-121.3658598,37.1178209],[-121.3652647,37.1174115],[-121.3651197,37.1173513],[-121.3648786,37.1173061],[-121.3646337,37.1173211],[-121.3644774,37.1173622],[-121.3641049,37.1175283],[-121.3639387,37.11757],[-121.3637648,37.11759],[-121.3636053,37.1175899],[-121.3634634,37.117569],[-121.3633303,37.1175235],[-121.3632117,37.1174563],[-121.3630734,37.11732],[-121.3629733,37.1171534],[-121.3628978,37.1168246],[-121.362752,37.1164031],[-121.3626882,37.1162804],[-121.3625352,37.1161215],[-121.3621289,37.115881],[-121.362021,37.1157809],[-121.3619343,37.1156625],[-121.361878,37.1155355],[-121.361853,37.1154012],[-121.3618594,37.1152663],[-121.361931,37.115021],[-121.3619338,37.114904],[-121.3619061,37.1147903],[-121.3618068,37.1146328],[-121.36175758,37.11458264],[-121.36184411,37.11445353],[-121.3619886,37.1146035],[-121.3620836,37.1147884],[-121.3621067,37.1149866],[-121.362038,37.115242],[-121.3620231,37.115368],[-121.3620432,37.1154963],[-121.3620959,37.1156157],[-121.3622333,37.1157711],[-121.3625689,37.115965],[-121.3626997,37.116059],[-121.3628519,37.1162346],[-121.362918,37.1163691],[-121.3630667,37.116798],[-121.3631254,37.1170819],[-121.3631815,37.1171967],[-121.3632928,37.1173286],[-121.3633868,37.1173913],[-121.3634967,37.1174331],[-121.3636152,37.117453],[-121.3637604,37.117452],[-121.3640118,37.1174097],[-121.3643946,37.1172412],[-121.3646575,37.1171773],[-121.3649335,37.117173],[-121.3652025,37.1172303],[-121.3653652,37.1173008],[-121.3657962,37.1175882],[-121.366392,37.11805],[-121.3667126,37.1182755],[-121.3668622,37.1184043],[-121.3669902,37.1185501],[-121.3670904,37.1187091],[-121.3671693,37.118881],[-121.3672238,37.1190576],[-121.3672459,37.1192405],[-121.3672351,37.1194238],[-121.3671933,37.1196048],[-121.3671157,37.1197914],[-121.3669381,37.1200659],[-121.3667843,37.1202306],[-121.3666073,37.1203787],[-121.3662987,37.1205641],[-121.3655556,37.1209043],[-121.3653975,37.1210017],[-121.3652575,37.1211186],[-121.3651292,37.1212897],[-121.3650861,37.1214666],[-121.3651199,37.1216457],[-121.3652214,37.1218091],[-121.3653828,37.1219514],[-121.3655162,37.122019],[-121.3656642,37.1220618],[-121.3664502,37.122101],[-121.3666061,37.1221192],[-121.3667968,37.1221657],[-121.3670613,37.1222818],[-121.3672843,37.1224455],[-121.3674187,37.1225988],[-121.3675254,37.122765],[-121.3676035,37.1229429],[-121.3676486,37.1231184],[-121.3676569,37.1232796],[-121.3676376,37.1234412],[-121.3675693,37.1236621],[-121.3674814,37.1238531],[-121.367457,37.1239833],[-121.3674852,37.1241773],[-121.3675852,37.1243542],[-121.3677488,37.1244994],[-121.3678846,37.1245702],[-121.3680343,37.1246178],[-121.3683072,37.124643],[-121.3687022,37.1246362],[-121.3688701,37.1246613],[-121.3690907,37.1247256],[-121.3692187,37.1247903],[-121.3693265,37.1248738],[-121.3694447,37.1250319],[-121.36952,37.1252276],[-121.3695348,37.1254435],[-121.3694786,37.1256555],[-121.3692543,37.1260035],[-121.3691659,37.1262144],[-121.3691542,37.1263798],[-121.3691886,37.1264869],[-121.3692537,37.1265837],[-121.3693467,37.1266654],[-121.3694602,37.126726],[-121.3695777,37.1267661],[-121.3697491,37.1267899],[-121.3699299,37.1267666],[-121.370036,37.1267209],[-121.3702934,37.1265685],[-121.3704514,37.126517],[-121.3706213,37.126489],[-121.3707942,37.1264882],[-121.3709634,37.1265135],[-121.3711764,37.1265924],[-121.3712985,37.126673],[-121.3714392,37.1268296],[-121.3715117,37.1270093],[-121.3715599,37.127993],[-121.3715985,37.1281078],[-121.3716647,37.1282117],[-121.3717587,37.1283004],[-121.3718736,37.1283712],[-121.3719908,37.1284182],[-121.3722028,37.128457],[-121.3723968,37.1285156],[-121.3726588,37.1286483],[-121.3728088,37.1287658],[-121.3729595,37.1289216],[-121.3731688,37.1291808],[-121.3733725,37.1293593],[-121.3736972,37.1295501],[-121.3743043,37.1298466],[-121.374767,37.1301439],[-121.3748986,37.1302697],[-121.375825,37.131374],[-121.376274,37.131981],[-121.3767452,37.1327432],[-121.3769617,37.1329254],[-121.3773332,37.1331236],[-121.3775012,37.1332413],[-121.3776453,37.1333763],[-121.3777695,37.1335278],[-121.3778698,37.1336887],[-121.3779438,37.1338597],[-121.377988,37.13404],[-121.3779828,37.1342444],[-121.3779039,37.1344825],[-121.3778119,37.1348933],[-121.37751,37.1360308],[-121.377157,37.1370692],[-121.377078,37.1374309],[-121.377063,37.1376068],[-121.3770375,37.13771],[-121.3769828,37.1378076],[-121.3769041,37.1378938],[-121.3763587,37.1382895],[-121.3761687,37.1385126],[-121.3756672,37.1394126],[-121.3752977,37.1400009],[-121.375238,37.1401948],[-121.3752549,37.1404186],[-121.3753021,37.140503],[-121.3753783,37.1405721],[-121.3757455,37.1407714],[-121.375975,37.1409612],[-121.3762115,37.1412573],[-121.376424,37.1415999],[-121.3766078,37.1418548],[-121.3768137,37.1420977],[-121.3769492,37.1422281],[-121.3772352,37.1424761],[-121.3783418,37.1433319],[-121.3786843,37.1436272],[-121.3791061,37.1439381],[-121.3795537,37.1443288],[-121.3796316,37.1444469],[-121.379697,37.1446566],[-121.379732,37.1449263],[-121.379719,37.1452569],[-121.3797279,37.1454052],[-121.3797684,37.1455517],[-121.3798405,37.1456886],[-121.3799984,37.1458704],[-121.3801355,37.1459707],[-121.3804842,37.1461551],[-121.3810454,37.1464053],[-121.3812071,37.1465134],[-121.3813474,37.1466395],[-121.3815241,37.1469093],[-121.3816944,37.1472646],[-121.3818759,37.1475139],[-121.3820266,37.1477583],[-121.3822116,37.1481391],[-121.3823092,37.1482531],[-121.3828459,37.1486709],[-121.3831317,37.1488448],[-121.3836572,37.149044],[-121.3844327,37.1492339],[-121.3848462,37.1493771],[-121.385231,37.149558],[-121.3854724,37.1496907],[-121.3856972,37.1498432],[-121.3858534,37.1499722],[-121.3858544,37.1499867]],[[-121.4468605,37.2315827],[-121.4468262,37.2343325],[-121.4422995,37.2345199],[-121.4422906,37.2354653],[-121.4468105,37.2352715],[-121.4467788,37.2387598],[-121.4467605,37.2387653],[-121.4467286,37.2387176],[-121.4467098,37.2389602],[-121.4448941,37.2390389],[-121.4377314,37.2393651],[-121.4377715,37.2345508],[-121.4377355,37.2340147],[-121.4377407,37.2329606],[-121.4377284,37.2317571],[-121.4377465,37.2317606],[-121.437797,37.2319993],[-121.4468605,37.2315827]],[[-121.4646294,37.1888984],[-121.4643376,37.1929362],[-121.4598676,37.1930195],[-121.4595964,37.1966762],[-121.4551316,37.1967555],[-121.4546076,37.2040662],[-121.4456675,37.2042198],[-121.4467645,37.1887588],[-121.4646155,37.1888833],[-121.4646294,37.1888984]],[[-121.5326196,37.206765],[-121.5281646,37.2067615],[-121.5281656,37.210328],[-121.5237193,37.210321],[-121.5236939,37.2031923],[-121.5326152,37.2032072],[-121.5326196,37.206765]],[[-121.4098313,37.1663824],[-121.4098118,37.1664638],[-121.4097927,37.1664597],[-121.4097965,37.1659705],[-121.4098313,37.1663824]],[[-121.4638144,37.2002623],[-121.4635472,37.2039167],[-121.4590996,37.2039905],[-121.459351,37.2003433],[-121.4638144,37.2002623]],[[-121.5909789,37.1282841],[-121.5907685,37.1286052],[-121.5905803,37.128564],[-121.5906822,37.1281443],[-121.5909789,37.1282841]]],[[[-122.05540566,37.65589138],[-122.05112506,37.63834174],[-122.03683063,37.62460476],[-122.03056029,37.61167752],[-122.01358438,37.5987991],[-122.00011189,37.59080349],[-121.9962382,37.58281196],[-121.99062704,37.58008979],[-121.98249716,37.57590278],[-121.96448772,37.57370144],[-121.96014202,37.56474148],[-121.95312705,37.56133979],[-121.94691774,37.55713243],[-121.93718467,37.55397488],[-121.93229372,37.54675646],[-121.93025108,37.53838243],[-121.92036339,37.52613471],[-121.92467247,37.51354112],[-121.92191775,37.5050491],[-121.91979373,37.50092312],[-121.91740929,37.47656196],[-121.91135867,37.46732937],[-121.90516971,37.46138048],[-121.89918013,37.45515082],[-121.87665003,37.4423782],[-121.87279668,37.4305089],[-121.86552536,37.41941271],[-121.85956019,37.41367947],[-121.84796352,37.39733426],[-121.8309754,37.38725125],[-121.82396043,37.37800646],[-121.8217567,37.37346845],[-121.79,37.365],[-121.65,37.375],[-121.555,37.455],[-121.515,37.585],[-121.575,37.675],[-121.66740644,37.68526738],[-121.66979383,37.67829129],[-121.66775118,37.67171577],[-121.66168429,37.65675401],[-121.67525037,37.64372097],[-121.68416963,37.63056179],[-121.68858451,37.61967312],[-121.69062715,37.61338243],[-121.69483451,37.60717312],[-121.69821585,37.59675646],[-121.70495413,37.59953559],[-121.71892711,37.60782823],[-121.72791962,37.62154894],[-121.73437713,37.62592312],[-121.74066782,37.62796577],[-121.7498882,37.63421577],[-121.76517953,37.62839301],[-121.78001921,37.6141352],[-121.78229378,37.60713243],[-121.78658659,37.60080105],[-121.78629362,37.58657172],[-121.79896044,37.5800491],[-121.82409471,37.57731879],[-121.8372783,37.57280626],[-121.84928187,37.58191271],[-121.85733444,37.57800646],[-121.87130335,37.56740668],[-121.890269,37.56779731],[-121.89827274,37.5636754],[-121.90937707,37.55987088],[-121.90691125,37.56667019],[-121.90108443,37.56967312],[-121.89435022,37.57294054],[-121.88854374,37.58421577],[-121.88599247,37.589477],[-121.87429,37.59714708],[-121.87375289,37.62346544],[-121.880422,37.63245795],[-121.88547978,37.63732042],[-121.89040735,37.64244737],[-121.89987186,37.64865262],[-121.90422977,37.65711209],[-121.91501264,37.67933702],[-121.93108116,37.68887478],[-121.94271039,37.69675646],[-121.95307415,37.7035517],[-121.94275108,37.72359565],[-121.94481406,37.73435818],[-121.95094199,37.74024604],[-121.95682017,37.74921306],[-122.03625488,37.74004751],[-122.03123574,37.72457628],[-122.01058552,37.70972846],[-121.99609578,37.70476834],[-121.97405803,37.70521593],[-121.97093303,37.696081],[-121.9850118,37.68653917],[-121.99667358,37.6925491],[-122.00733439,37.67800646],[-122.0127421,37.66133979],[-122.01793415,37.66496121],[-122.01762491,37.68004503],[-122.02370808,37.68017117],[-122.02816771,37.67800646],[-122.03449502,37.67371772],[-122.05514524,37.66868435],[-122.05540566,37.65589138]]],[[[-121.44997109,37.30056182],[-121.4469991,37.3005951],[-121.4470431,37.3040289],[-121.44944444,37.30403897],[-121.44905823,37.30219672],[-121.44997109,37.30056182]]]]}},{"type":"Feature","properties":{"id":"17050","name":"Salinas Range","ancestry":["12159","12218","12385","12444","17045","17049","17050"]},"geometry":{"type":"MultiPolygon","coordinates":[[[[-121.82710578,36.52694444],[-121.82608446,36.52580105],[-121.82066454,36.52874702],[-121.81063036,36.52097521],[-121.80210579,36.52560981],[-121.79487109,36.52167914],[-121.78642383,36.51970974],[-121.78237109,36.51751248],[-121.7780905,36.51554308],[-121.77403776,36.51334581],[-121.76624968,36.50976915],[-121.74475718,36.48637641],[-121.74213266,36.48066759],[-121.73642385,36.47804308],[-121.72935191,36.47420193],[-121.72189748,36.47375841],[-121.71791799,36.47399441],[-121.71559052,36.46970974],[-121.71333629,36.46241808],[-121.70737112,36.45917914],[-121.69892386,36.45720974],[-121.69487113,36.45501248],[-121.69059053,36.45304308],[-121.6865378,36.45084581],[-121.6822572,36.44887641],[-121.67849823,36.44683746],[-121.66,36.49],[-121.67,36.58],[-121.67202986,36.61044783],[-121.67820447,36.60929308],[-121.68922334,36.60634304],[-121.70274059,36.59525499],[-121.70725719,36.57584581],[-121.71266083,36.56078234],[-121.70725719,36.55304308],[-121.70528779,36.54656928],[-121.71439423,36.54054308],[-121.72707326,36.5450963],[-121.73017385,36.55512641],[-121.73495493,36.56392768],[-121.74784148,36.56315864],[-121.75820118,36.5575312],[-121.77250782,36.55203396],[-121.78127246,36.5459101],[-121.79129036,36.5529088],[-121.79892382,36.54876248],[-121.80358284,36.54662218],[-121.80896207,36.54060004],[-121.81362108,36.53845974],[-121.82211717,36.53252713],[-121.82710578,36.52694444]]]]}},{"type":"Feature","properties":{"id":"17155","name":"San Juan Islands","ancestry":["12159","12218","12385","11234","12912","17150","17151","17155"]},"geometry":{"type":"MultiPolygon","coordinates":[[[[-122.740482,48.584986],[-122.737834,48.581606],[-122.737611,48.57825],[-122.739542,48.576134],[-122.73944,48.573893],[-122.73838897,48.57230786],[-122.736199,48.569005],[-122.73048,48.565602],[-122.72793,48.564662],[-122.726266,48.565606],[-122.722701,48.564505],[-122.718898,48.561831],[-122.721275,48.558999],[-122.72351,48.552955],[-122.724031,48.549906],[-122.72173,48.547423],[-122.722407,48.540606],[-122.717278,48.539739],[-122.71652454,48.53981734],[-122.706063,48.540905],[-122.698695,48.543423],[-122.69538232,48.54348569],[-122.693199,48.543527],[-122.68944,48.543903],[-122.68586,48.543108],[-122.68407982,48.54420806],[-122.6840138,48.54424887],[-122.682295,48.545311],[-122.681344,48.548301],[-122.68176274,48.55062372],[-122.682048,48.552206],[-122.68958,48.553782],[-122.69238,48.552341],[-122.695187,48.552178],[-122.696669,48.553113],[-122.696074,48.554344],[-122.687003,48.558012],[-122.68311047,48.56051144],[-122.677419,48.564166],[-122.676604,48.566298],[-122.674933,48.566429],[-122.672949,48.563965],[-122.670648,48.564462],[-122.670441,48.565636],[-122.66894443,48.56617614],[-122.66823,48.566434],[-122.669206,48.569357],[-122.671637,48.569184],[-122.677898,48.5767],[-122.687012,48.579874],[-122.696556,48.588093],[-122.694892,48.589508],[-122.691405,48.590261],[-122.69236229,48.59119679],[-122.694655,48.593438],[-122.693466,48.595639],[-122.69805011,48.60003411],[-122.69822,48.600197],[-122.701547,48.601297],[-122.702973,48.602712],[-122.704399,48.604441],[-122.709391,48.607112],[-122.711054,48.609313],[-122.714512,48.60878],[-122.718145,48.607339],[-122.719705,48.60495],[-122.72493,48.603263],[-122.725434,48.602044],[-122.724676,48.596982],[-122.729644,48.595698],[-122.730645,48.592894],[-122.729324,48.589715],[-122.733577,48.586761],[-122.740482,48.584986]]],[[[-122.88971116,48.70383247],[-122.88885534,48.69210658],[-122.885036,48.690024],[-122.882422,48.68516],[-122.883766,48.68224],[-122.882184,48.677941],[-122.883609,48.674959],[-122.883293,48.660347],[-122.881708,48.653453],[-122.878143,48.649841],[-122.875766,48.645602],[-122.872914,48.644031],[-122.869587,48.646701],[-122.866022,48.644973],[-122.86103,48.639477],[-122.852474,48.628167],[-122.848196,48.62204],[-122.838137,48.618156],[-122.836239,48.619177],[-122.833971,48.619221],[-122.833407,48.620139],[-122.831993,48.620504],[-122.831025,48.619811],[-122.831147,48.618928],[-122.83028311,48.6170581],[-122.8146054,48.61652778],[-122.81358407,48.61758979],[-122.80898295,48.61848853],[-122.808804,48.619916],[-122.803499,48.621763],[-122.79968,48.624708],[-122.79525,48.629414],[-122.78912595,48.63138614],[-122.78378265,48.63587185],[-122.78274564,48.6362081],[-122.778762,48.639144],[-122.775742,48.639408],[-122.76935063,48.6414346],[-122.76049165,48.64744005],[-122.7573341,48.65717312],[-122.75439427,48.66576124],[-122.773089,48.671035],[-122.787718,48.675853],[-122.794777,48.678909],[-122.800897,48.679824],[-122.801401,48.682653],[-122.814681,48.688721],[-122.816666,48.69128],[-122.821987,48.692346],[-122.827011,48.695614],[-122.837262,48.699908],[-122.847996,48.702541],[-122.858416,48.704927],[-122.866495,48.705695],[-122.8703,48.709476],[-122.877579,48.712696],[-122.880691,48.711838],[-122.88193985,48.71192084],[-122.88971116,48.70383247]]],[[[-122.68535295,48.69875889],[-122.685147,48.698025],[-122.683484,48.695515],[-122.678694,48.690854],[-122.678505,48.687893],[-122.673538,48.680809],[-122.667723,48.678416],[-122.665597,48.675628],[-122.657705,48.670478],[-122.654548,48.666428],[-122.649495,48.664914],[-122.648377,48.661754],[-122.635299,48.651846],[-122.631127,48.650839],[-122.62134,48.64908],[-122.616956,48.645563],[-122.608572,48.640448],[-122.608748,48.644356],[-122.610055,48.650475],[-122.612334,48.654589],[-122.613368,48.658477],[-122.617376,48.668058],[-122.618225,48.670721],[-122.623507,48.673643],[-122.624703,48.67672],[-122.627127,48.678965],[-122.631525,48.681027],[-122.634997,48.684846],[-122.644901,48.691389],[-122.651872,48.69426],[-122.657576,48.694731],[-122.659716,48.697084],[-122.665182,48.697398],[-122.66741,48.704058],[-122.668947,48.706644],[-122.66877142,48.70703766],[-122.68301365,48.70450385],[-122.68535295,48.69875889]]],[[[-123.01024454,48.6547746],[-123.00650799,48.64505154],[-122.99875246,48.6388463],[-122.98778574,48.63724766],[-122.985812,48.638063],[-122.984987,48.639613],[-122.983911,48.642147],[-122.980108,48.641204],[-122.978444,48.637749],[-122.974641,48.635079],[-122.969329,48.629788],[-122.966803,48.628515],[-122.963334,48.630225],[-122.96038,48.631466],[-122.95839509,48.62841941],[-122.95122237,48.63047228],[-122.94863448,48.64533637],[-122.94053308,48.65912218],[-122.93659428,48.66976671],[-122.93428308,48.67370551],[-122.93242762,48.67852729],[-122.94076095,48.68203885],[-122.95339115,48.69007107],[-122.95911444,48.68787159],[-122.958573,48.686826],[-122.95889157,48.68655983],[-122.962409,48.683621],[-122.970688,48.680856],[-122.984355,48.674797],[-122.987238,48.669152],[-122.991279,48.66664],[-122.995579,48.664378],[-122.997861,48.661596],[-123.003939,48.658393],[-123.010102,48.654963],[-123.01024454,48.6547746]]],[[[-122.90804151,48.65312178],[-122.90268316,48.64423774],[-122.89096442,48.6351964],[-122.87984391,48.63330583],[-122.88001431,48.6341273],[-122.880359,48.635789],[-122.881386,48.637981],[-122.896568,48.646787],[-122.904288,48.649056],[-122.905182,48.651783],[-122.90804151,48.65312178]]],[[[-122.94678308,48.63044786],[-122.93543868,48.62902778],[-122.93323735,48.63177843],[-122.9233578,48.63778022],[-122.91447922,48.65239204],[-122.91969569,48.65703885],[-122.93011642,48.64870551],[-122.93639083,48.64606066],[-122.94371098,48.63692166],[-122.94678308,48.63044786]]]]}},{"type":"Feature","properties":{"id":"17178","name":"Anderson Massif","ancestry":["12159","12218","12385","11688","17177","17178"]},"geometry":{"type":"MultiPolygon","coordinates":[[[[-123.46043848,47.76444444],[-123.45386703,47.75937039],[-123.45119776,47.75285183],[-123.44884587,47.74895372],[-123.4470311,47.7445185],[-123.44447169,47.74027859],[-123.44051254,47.73020372],[-123.43869777,47.7195185],[-123.43391261,47.711588],[-123.43634588,47.70285183],[-123.44435776,47.69293972],[-123.43661443,47.6882685],[-123.43217921,47.68645372],[-123.43036444,47.68410183],[-123.42207993,47.67914578],[-123.41242011,47.6666295],[-123.4041885,47.66027778],[-123.39536689,47.66389513],[-123.39146064,47.67289578],[-123.3719945,47.69058377],[-123.36763253,47.69247179],[-123.36035714,47.69663845],[-123.3530492,47.69475043],[-123.34577381,47.69058377],[-123.32719065,47.69282986],[-123.31224111,47.70205024],[-123.30870107,47.71411892],[-123.30096589,47.71747179],[-123.29699453,47.71975043],[-123.27179923,47.72163845],[-123.26782788,47.7239171],[-123.25929923,47.72580512],[-123.25260571,47.72963813],[-123.23638258,47.73205512],[-123.23032789,47.7364171],[-123.22179925,47.73830512],[-123.2178279,47.74058377],[-123.21346592,47.74247179],[-123.20835524,47.74569444],[-123.20993402,47.74881538],[-123.2159887,47.75056098],[-123.21947178,47.75332791],[-123.22432203,47.75472765],[-123.22780511,47.75749457],[-123.23682203,47.75889431],[-123.2403051,47.76166124],[-123.24515536,47.76306098],[-123.25697176,47.77416124],[-123.26302645,47.77590685],[-123.26460522,47.77902778],[-123.28453116,47.77812039],[-123.28842927,47.7757685],[-123.30119782,47.77395372],[-123.30509593,47.77160183],[-123.31786448,47.76978706],[-123.32176259,47.76743517],[-123.33036447,47.76562039],[-123.33673654,47.76089627],[-123.3424006,47.76173448],[-123.34676258,47.75910183],[-123.3511978,47.75728706],[-123.35592599,47.75443468],[-123.37284493,47.75086616],[-123.39264065,47.74895372],[-123.39467923,47.76562039],[-123.39703111,47.7695185],[-123.40132392,47.78001248],[-123.40825344,47.78935493],[-123.41578111,47.79243517],[-123.43634588,47.81145372],[-123.43985336,47.8132685],[-123.44676254,47.80910183],[-123.45002182,47.80819444],[-123.44792628,47.79966173],[-123.45555974,47.79051053],[-123.45147445,47.78423611],[-123.45542139,47.77817735],[-123.45712224,47.7736282],[-123.45958806,47.76984402],[-123.46043848,47.76444444]]]]}},{"type":"Feature","properties":{"id":"17179","name":"Bailey Range","ancestry":["12159","12218","12385","11688","17177","17179"]},"geometry":{"type":"MultiPolygon","coordinates":[[[[-123.73543837,47.87902778],[-123.73011611,47.87995551],[-123.7230279,47.88412218],[-123.71136612,47.88226671],[-123.70684545,47.87961372],[-123.6926975,47.87785183],[-123.68091366,47.88052924],[-123.66969947,47.87810004],[-123.66576067,47.87578885],[-123.65719947,47.87393338],[-123.64076068,47.85912218],[-123.63636615,47.85726671],[-123.63242735,47.85495551],[-123.62478575,47.85173286],[-123.61962217,47.84466498],[-123.62386615,47.83745063],[-123.62201068,47.82370551],[-123.60899392,47.80902859],[-123.60511616,47.79893338],[-123.60418842,47.79569444],[-123.59081766,47.78843533],[-123.58030741,47.7716588],[-123.57057434,47.76327257],[-123.56616761,47.75339708],[-123.56155742,47.75082547],[-123.5489028,47.74889676],[-123.54489076,47.7466588],[-123.54056947,47.74473009],[-123.52918845,47.73527778],[-123.52183982,47.73834581],[-123.51778709,47.74054308],[-123.49267317,47.74251248],[-123.48862044,47.74470974],[-123.48433984,47.74667914],[-123.4802871,47.74887641],[-123.47600651,47.75084581],[-123.46043848,47.76444444],[-123.45958806,47.76984402],[-123.45712224,47.7736282],[-123.45542139,47.77817735],[-123.45147445,47.78423611],[-123.45555974,47.79051053],[-123.44792628,47.79966173],[-123.45002182,47.80819444],[-123.45947412,47.81957547],[-123.46140283,47.82806342],[-123.46780745,47.83624213],[-123.46973616,47.85823107],[-123.46668848,47.86652778],[-123.46799463,47.8674311],[-123.46749821,47.86965278],[-123.46932926,47.87782335],[-123.47625472,47.8861282],[-123.47795556,47.89067735],[-123.48875471,47.90279487],[-123.49045556,47.90734402],[-123.50051822,47.91893256],[-123.50750471,47.92154487],[-123.51128888,47.92401069],[-123.51583804,47.92571153],[-123.51962221,47.92817735],[-123.52590883,47.93052924],[-123.52918845,47.93527778],[-123.54475648,47.94887641],[-123.55737041,47.95084581],[-123.56142314,47.95304308],[-123.5698704,47.95501248],[-123.58225647,47.96554308],[-123.58653706,47.96751248],[-123.59377176,47.97277778],[-123.60101053,47.96956326],[-123.61231017,47.97047472],[-123.61765277,47.96749213],[-123.62197406,47.96556342],[-123.63431943,47.95499213],[-123.64152158,47.95177762],[-123.64649798,47.94062853],[-123.66989071,47.93848009],[-123.68640275,47.93207547],[-123.6948907,47.93014676],[-123.72226699,47.91799262],[-123.73418919,47.89127957],[-123.73543837,47.87902778]]]]}},{"type":"Feature","properties":{"id":"17180","name":"Olympus Group","ancestry":["12159","12218","12385","11688","17177","17180"]},"geometry":{"type":"MultiPolygon","coordinates":[[[[-124.0187716,47.81861111],[-124.01733931,47.81419217],[-124.01145959,47.81133979],[-124.00725223,47.80917508],[-123.99948043,47.80933377],[-123.99062626,47.80717312],[-123.98441696,47.80296577],[-123.97824834,47.80309191],[-123.97191696,47.7987991],[-123.96578496,47.79892117],[-123.95789109,47.79485623],[-123.94585496,47.79461209],[-123.94068732,47.79471381],[-123.93441698,47.79046577],[-123.93229295,47.79050646],[-123.92816698,47.78838243],[-123.91979296,47.78633979],[-123.90935188,47.77791287],[-123.90108365,47.78217312],[-123.89270963,47.78421577],[-123.88462045,47.78838243],[-123.87812631,47.78633979],[-123.87400033,47.78421577],[-123.86979298,47.78217312],[-123.865667,47.7800491],[-123.86145965,47.77800646],[-123.85051808,47.76970567],[-123.84689666,47.76963243],[-123.84078501,47.7697545],[-123.833355,47.76592963],[-123.82608368,47.76967312],[-123.81770966,47.77171577],[-123.80974254,47.77581733],[-123.79691703,47.76546577],[-123.78241508,47.76575873],[-123.77957084,47.75989529],[-123.77395968,47.75717312],[-123.77186821,47.75286404],[-123.75560031,47.74219916],[-123.74865858,47.73160753],[-123.73543837,47.72902778],[-123.7343194,47.72999213],[-123.7219252,47.73223823],[-123.70478246,47.7308629],[-123.69697403,47.73639676],[-123.68720027,47.73861844],[-123.68318823,47.74761095],[-123.67598609,47.75082547],[-123.67197404,47.75306342],[-123.66348609,47.75499213],[-123.65114072,47.76556342],[-123.64681943,47.76749213],[-123.64280739,47.76973009],[-123.63431943,47.7716588],[-123.62614073,47.77806342],[-123.62181944,47.77999213],[-123.60754129,47.7918004],[-123.60418842,47.79569444],[-123.60511616,47.79893338],[-123.60899392,47.80902859],[-123.62201068,47.82370551],[-123.62386615,47.83745063],[-123.61962217,47.84466498],[-123.62478575,47.85173286],[-123.63242735,47.85495551],[-123.63636615,47.85726671],[-123.64076068,47.85912218],[-123.65719947,47.87393338],[-123.66576067,47.87578885],[-123.66969947,47.87810004],[-123.68091366,47.88052924],[-123.6926975,47.87785183],[-123.70684545,47.87961372],[-123.71136612,47.88226671],[-123.7230279,47.88412218],[-123.73011611,47.87995551],[-123.73543837,47.87902778],[-123.78862032,47.87804308],[-123.79267305,47.87584581],[-123.80528698,47.87387641],[-123.80933971,47.87167914],[-123.81778697,47.86970974],[-123.82293834,47.86691433],[-123.82808971,47.86970974],[-123.83500295,47.87167914],[-123.84267303,47.86751248],[-123.84695363,47.86554308],[-123.85418833,47.86161241],[-123.86349415,47.86667019],[-123.88444548,47.86542101],[-123.88872201,47.86774441],[-123.91713183,47.8660517],[-123.92910285,47.85677843],[-123.94009731,47.85972032],[-123.94683966,47.85501248],[-123.95112026,47.85304308],[-123.96350632,47.84251248],[-123.96778692,47.84054308],[-123.97600631,47.83417914],[-123.98862024,47.83220974],[-123.99683964,47.82584581],[-124.00945357,47.82387641],[-124.0187716,47.81861111]]]]}},{"type":"Feature","properties":{"id":"17181","name":"Queets-Quinault Group","ancestry":["12159","12218","12385","11688","17177","17181"]},"geometry":{"type":"MultiPolygon","coordinates":[[[[-123.9229383,47.67069444],[-123.92172574,47.66419623],[-123.91558967,47.66137641],[-123.91153694,47.65917914],[-123.90725634,47.65720974],[-123.90002164,47.65327908],[-123.88925098,47.65913439],[-123.88543832,47.65936225],[-123.87663298,47.65883735],[-123.86837289,47.66332547],[-123.85944549,47.65708767],[-123.84689666,47.65783637],[-123.83439667,47.65709174],[-123.82475719,47.65766547],[-123.81787649,47.65392605],[-123.80106335,47.65292508],[-123.79893119,47.65305122],[-123.79487032,47.65084581],[-123.78225639,47.64887641],[-123.77611219,47.64458767],[-123.76148003,47.64545844],[-123.7468967,47.64459174],[-123.74476454,47.64471788],[-123.74070367,47.64251248],[-123.73284235,47.63890327],[-123.73028701,47.62792914],[-123.72677952,47.62146756],[-123.73327366,47.61216987],[-123.72266982,47.60395047],[-123.69514705,47.59389187],[-123.69278702,47.58626248],[-123.69058976,47.58220974],[-123.68862036,47.57376248],[-123.68221574,47.56549832],[-123.68445369,47.56137641],[-123.6870782,47.55566759],[-123.69278702,47.55304308],[-123.69683976,47.55084581],[-123.70112035,47.54887641],[-123.70538874,47.54656114],[-123.71062149,47.54687039],[-123.74672174,47.54444526],[-123.74697401,47.54022163],[-123.7437717,47.53736111],[-123.74047581,47.53649034],[-123.73409967,47.53244168],[-123.72293024,47.53464708],[-123.70939672,47.53194526],[-123.69898005,47.53400418],[-123.68854712,47.53194526],[-123.67798397,47.53448839],[-123.6729384,47.54152778],[-123.67177466,47.55546007],[-123.66348609,47.5591588],[-123.64556618,47.57515408],[-123.64268939,47.58470405],[-123.62629535,47.59882758],[-123.62181944,47.60082547],[-123.61364073,47.60794217],[-123.6178074,47.6154088],[-123.61973611,47.61973009],[-123.63083229,47.63268989],[-123.63862038,47.63206326],[-123.64342588,47.63474474],[-123.65175107,47.64803413],[-123.64569638,47.65657498],[-123.63431943,47.6591588],[-123.62197406,47.66973009],[-123.61348611,47.6716588],[-123.60947407,47.67389676],[-123.60098611,47.67582547],[-123.58864074,47.68710883],[-123.59415832,47.69699246],[-123.58802225,47.70564724],[-123.58015279,47.7091588],[-123.57405741,47.71348009],[-123.55925843,47.71618191],[-123.54489076,47.72806342],[-123.53208152,47.73192084],[-123.52918845,47.73527778],[-123.54056947,47.74473009],[-123.54489076,47.7466588],[-123.5489028,47.74889676],[-123.56155742,47.75082547],[-123.56616761,47.75339708],[-123.57057434,47.76327257],[-123.58030741,47.7716588],[-123.59081766,47.78843533],[-123.60418842,47.79569444],[-123.60754129,47.7918004],[-123.62181944,47.77999213],[-123.62614073,47.77806342],[-123.63431943,47.7716588],[-123.64280739,47.76973009],[-123.64681943,47.76749213],[-123.65114072,47.76556342],[-123.66348609,47.75499213],[-123.67197404,47.75306342],[-123.67598609,47.75082547],[-123.68318823,47.74761095],[-123.68720027,47.73861844],[-123.69697403,47.73639676],[-123.70478246,47.7308629],[-123.7219252,47.73223823],[-123.7343194,47.72999213],[-123.73543837,47.72902778],[-123.73640273,47.71957547],[-123.73864068,47.71556342],[-123.7422092,47.70756375],[-123.74681939,47.70499213],[-123.75114068,47.70306342],[-123.75671115,47.6999547],[-123.77189669,47.698734],[-123.77950167,47.69934842],[-123.78812797,47.69453478],[-123.81437715,47.69664252],[-123.82181936,47.69249213],[-123.86364064,47.69056342],[-123.86765268,47.68832547],[-123.88864063,47.68639676],[-123.89681933,47.67999213],[-123.90530729,47.67806342],[-123.90931933,47.67582547],[-123.91780728,47.67389676],[-123.9229383,47.67069444]]]]}},{"type":"Feature","properties":{"id":"17182","name":"Rustler Creek Group","ancestry":["12159","12218","12385","11688","17177","17182"]},"geometry":{"type":"MultiPolygon","coordinates":[[[[-123.6729384,47.54152778],[-123.66331519,47.54232123],[-123.65964495,47.54490099],[-123.65498186,47.5464879],[-123.65131162,47.54906765],[-123.6383152,47.55065457],[-123.63464496,47.55323432],[-123.62998187,47.55482123],[-123.62596169,47.55764513],[-123.61877175,47.55988308],[-123.61400287,47.55839789],[-123.6054783,47.56573432],[-123.60081522,47.56732123],[-123.59714497,47.56990099],[-123.58831522,47.5714879],[-123.58464497,47.57406765],[-123.57998189,47.57565457],[-123.57631164,47.57823432],[-123.57293844,47.57902778],[-123.56778707,47.58220974],[-123.56350647,47.58417914],[-123.54651836,47.5986282],[-123.51350649,47.60084581],[-123.50945376,47.60304308],[-123.5010065,47.60501248],[-123.49695377,47.60720974],[-123.49267317,47.60917914],[-123.48862044,47.61137641],[-123.48433984,47.61334581],[-123.4802871,47.61554308],[-123.47183984,47.61751248],[-123.46757145,47.61982775],[-123.46180567,47.61948595],[-123.44278712,47.63637641],[-123.43850652,47.63834581],[-123.43445379,47.64054308],[-123.43017319,47.64251248],[-123.42195379,47.64887641],[-123.4176732,47.65084581],[-123.41362046,47.65304308],[-123.4085871,47.65535428],[-123.4041885,47.66027778],[-123.41242011,47.6666295],[-123.42207993,47.67914578],[-123.43036444,47.68410183],[-123.43217921,47.68645372],[-123.43661443,47.6882685],[-123.44435776,47.69293972],[-123.43634588,47.70285183],[-123.43391261,47.711588],[-123.43869777,47.7195185],[-123.44051254,47.73020372],[-123.44447169,47.74027859],[-123.4470311,47.7445185],[-123.44884587,47.74895372],[-123.45119776,47.75285183],[-123.45386703,47.75937039],[-123.46043848,47.76444444],[-123.47600651,47.75084581],[-123.4802871,47.74887641],[-123.48433984,47.74667914],[-123.48862044,47.74470974],[-123.49267317,47.74251248],[-123.51778709,47.74054308],[-123.52183982,47.73834581],[-123.52918845,47.73527778],[-123.53208152,47.73192084],[-123.54489076,47.72806342],[-123.55925843,47.71618191],[-123.57405741,47.71348009],[-123.58015279,47.7091588],[-123.58802225,47.70564724],[-123.59415832,47.69699246],[-123.58864074,47.68710883],[-123.60098611,47.67582547],[-123.60947407,47.67389676],[-123.61348611,47.6716588],[-123.62197406,47.66973009],[-123.63431943,47.6591588],[-123.64569638,47.65657498],[-123.65175107,47.64803413],[-123.64342588,47.63474474],[-123.63862038,47.63206326],[-123.63083229,47.63268989],[-123.61973611,47.61973009],[-123.6178074,47.6154088],[-123.61364073,47.60794217],[-123.62181944,47.60082547],[-123.62629535,47.59882758],[-123.64268939,47.58470405],[-123.64556618,47.57515408],[-123.66348609,47.5591588],[-123.67177466,47.55546007],[-123.6729384,47.54152778]]]]}},{"type":"Feature","properties":{"id":"17183","name":"Skohomish-Lacrosse Group","ancestry":["12159","12218","12385","11688","17177","17183"]},"geometry":{"type":"MultiPolygon","coordinates":[[[[-123.57293844,47.57902778],[-123.5673761,47.57208198],[-123.55317119,47.57031196],[-123.5438613,47.57578885],[-123.51969952,47.57393338],[-123.51576072,47.57162218],[-123.51136619,47.56976671],[-123.50951073,47.56537218],[-123.50456281,47.56140489],[-123.49694563,47.54080756],[-123.4884414,47.53018338],[-123.47311344,47.53245795],[-123.46992741,47.53643338],[-123.46344955,47.53828885],[-123.45951075,47.54060004],[-123.45094955,47.54245551],[-123.44701075,47.54476671],[-123.43011623,47.54662218],[-123.42617743,47.54893338],[-123.4217829,47.55078885],[-123.41469468,47.55495551],[-123.39469957,47.55310004],[-123.38543851,47.54569444],[-123.37682035,47.55285183],[-123.37595772,47.56131944],[-123.37681221,47.56969347],[-123.37344714,47.57745307],[-123.36423897,47.58144477],[-123.3592992,47.58830512],[-123.35422514,47.60185086],[-123.33866118,47.61558377],[-123.32388254,47.61747179],[-123.32104644,47.62088569],[-123.3074112,47.63221381],[-123.31240794,47.64536079],[-123.31971588,47.65551704],[-123.31366119,47.6614171],[-123.30929922,47.66330512],[-123.3043513,47.66614122],[-123.29593252,47.66528266],[-123.28846589,47.66747179],[-123.2811905,47.67163845],[-123.2572159,47.66975043],[-123.25002189,47.66562853],[-123.24282789,47.66975043],[-123.23013258,47.67163845],[-123.22392734,47.67519477],[-123.20888015,47.67366075],[-123.20116124,47.67808377],[-123.19679926,47.67997179],[-123.19282791,47.68225043],[-123.17596593,47.68413845],[-123.17199458,47.6864171],[-123.15929927,47.68830512],[-123.15532792,47.69058377],[-123.15096594,47.69247179],[-123.14699459,47.69475043],[-123.14377194,47.69569444],[-123.14055335,47.70388536],[-123.13960527,47.72902778],[-123.14941158,47.730692],[-123.15717932,47.73645372],[-123.16161454,47.7382685],[-123.16551265,47.74062039],[-123.17085526,47.74152778],[-123.17183589,47.74030707],[-123.18659418,47.74245551],[-123.19053298,47.74476671],[-123.20835524,47.74569444],[-123.21346592,47.74247179],[-123.2178279,47.74058377],[-123.22179925,47.73830512],[-123.23032789,47.7364171],[-123.23638258,47.73205512],[-123.25260571,47.72963813],[-123.25929923,47.72580512],[-123.26782788,47.7239171],[-123.27179923,47.72163845],[-123.29699453,47.71975043],[-123.30096589,47.71747179],[-123.30870107,47.71411892],[-123.31224111,47.70205024],[-123.32719065,47.69282986],[-123.34577381,47.69058377],[-123.3530492,47.69475043],[-123.36035714,47.69663845],[-123.36763253,47.69247179],[-123.3719945,47.69058377],[-123.39146064,47.67289578],[-123.39536689,47.66389513],[-123.4041885,47.66027778],[-123.4085871,47.65535428],[-123.41362046,47.65304308],[-123.4176732,47.65084581],[-123.42195379,47.64887641],[-123.43017319,47.64251248],[-123.43445379,47.64054308],[-123.43850652,47.63834581],[-123.44278712,47.63637641],[-123.46180567,47.61948595],[-123.46757145,47.61982775],[-123.47183984,47.61751248],[-123.4802871,47.61554308],[-123.48433984,47.61334581],[-123.48862044,47.61137641],[-123.49267317,47.60917914],[-123.49695377,47.60720974],[-123.5010065,47.60501248],[-123.50945376,47.60304308],[-123.51350649,47.60084581],[-123.54651836,47.5986282],[-123.56350647,47.58417914],[-123.56778707,47.58220974],[-123.57293844,47.57902778]]]]}},{"type":"Feature","properties":{"id":"17185","name":"Constance-Buckhorn Group","ancestry":["12159","12218","12385","11688","17184","17185"]},"geometry":{"type":"MultiPolygon","coordinates":[[[[-123.1709814,47.78215278],[-123.16838537,47.76129503],[-123.17085526,47.74152778],[-123.16551265,47.74062039],[-123.16161454,47.7382685],[-123.15717932,47.73645372],[-123.14941158,47.730692],[-123.13960527,47.72902778],[-123.12534339,47.73043159],[-123.09589191,47.72806342],[-123.08640298,47.73207547],[-123.0803076,47.73639676],[-123.07598632,47.73832547],[-123.06851969,47.74249213],[-123.02806967,47.74056342],[-123.0157243,47.72999213],[-123.00723634,47.72806342],[-123.0032243,47.72582547],[-122.99473635,47.72389676],[-122.99072431,47.7216588],[-122.94473637,47.71973009],[-122.93239099,47.7091588],[-122.92390304,47.70723009],[-122.919891,47.70499213],[-122.91556971,47.70306342],[-122.907391,47.6966588],[-122.8979387,47.69569444],[-122.89446783,47.69847358],[-122.88913834,47.70512954],[-122.889607,47.705918],[-122.88955059,47.70600885],[-122.8895299,47.7060085],[-122.8895402,47.70602557],[-122.88714,47.709891],[-122.88689429,47.71020619],[-122.8859473,47.7111968],[-122.88606244,47.71127326],[-122.884378,47.713434],[-122.883665,47.723029],[-122.882714,47.731183],[-122.879387,47.732142],[-122.87827793,47.73132127],[-122.87738967,47.73066396],[-122.87710537,47.73111111],[-122.87878587,47.73568061],[-122.87773607,47.7487462],[-122.88239101,47.75082547],[-122.88640306,47.75306342],[-122.89072434,47.75499213],[-122.89681972,47.75931342],[-122.9047258,47.76426541],[-122.91908127,47.7766352],[-122.92583175,47.78446804],[-122.93114995,47.78905382],[-122.92806971,47.79457547],[-122.92461512,47.80232286],[-122.913641,47.81139676],[-122.90515305,47.81332547],[-122.90114101,47.81556342],[-122.89265305,47.81749213],[-122.88864101,47.81973009],[-122.87710537,47.82069444],[-122.87812669,47.82175646],[-122.89147304,47.82436062],[-122.88753017,47.83201443],[-122.89920416,47.84046577],[-122.90721197,47.83212836],[-122.90958827,47.83217719],[-122.90916509,47.85281928],[-122.89883388,47.86562039],[-122.89904954,47.87607775],[-122.89262864,47.88854112],[-122.89295823,47.90484158],[-122.88229336,47.9175491],[-122.88025072,47.92592312],[-122.87604336,47.93213243],[-122.8691586,47.94373318],[-122.86550463,47.95125678],[-122.86567146,47.95942735],[-122.87416755,47.97196398],[-122.89265305,47.98408149],[-122.88653185,47.99104021],[-122.888418,47.992296],[-122.886714,47.994863],[-122.88107957,47.99723849],[-122.87329271,48.00609077],[-122.86983405,48.01880642],[-122.87763027,48.0380325],[-122.88758307,48.0475906],[-122.90108404,48.05088243],[-122.91905685,48.05703478],[-122.93053553,48.05921577],[-122.94271,48.0550491],[-122.95527103,48.05198513],[-122.96770999,48.0425491],[-122.97608401,48.04050646],[-122.98229332,48.03838243],[-122.990883,48.03628689],[-122.99687665,48.0300491],[-122.99752348,48.02938036],[-122.99721284,48.02897241],[-122.996116,48.027532],[-122.99626187,48.02699292],[-122.99692915,48.0245269],[-122.997082,48.023962],[-122.9992659,48.02295785],[-122.999818,48.022704],[-123.00707,48.023187],[-123.008527,48.025142],[-123.00968491,48.02547233],[-123.013508,48.026563],[-123.020631,48.032712],[-123.02019,48.036264],[-123.02694,48.040722],[-123.02893788,48.04296779],[-123.03125427,48.04557161],[-123.03231663,48.0467658],[-123.04327555,48.05108995],[-123.05707763,48.06545356],[-123.06985432,48.06857042],[-123.08229328,48.07175646],[-123.09833738,48.0737991],[-123.10174314,48.06330919],[-123.11328285,48.06354519],[-123.12395993,48.05921577],[-123.14295813,48.05504503],[-123.1479386,48.04986111],[-123.14706783,48.03614855],[-123.13630937,48.02399034],[-123.13456784,48.01948188],[-123.13203284,48.01548611],[-123.13534909,48.01026557],[-123.12831784,48.00489855],[-123.12380938,48.00315701],[-123.12137204,47.99684191],[-123.10782631,47.99412788],[-123.10582436,47.98399197],[-123.11043861,47.97694444],[-123.10638181,47.97369331],[-123.10496987,47.96236111],[-123.10559649,47.95731961],[-123.08896646,47.93886664],[-123.09284422,47.93226671],[-123.09469969,47.92370551],[-123.10534422,47.91143338],[-123.10719968,47.90703885],[-123.10951088,47.90310004],[-123.11280678,47.89527941],[-123.11761635,47.89245551],[-123.12201088,47.89060004],[-123.13428301,47.87995551],[-123.13870195,47.87809191],[-123.15113684,47.86813504],[-123.153033,47.84870551],[-123.1553442,47.84476671],[-123.15719966,47.83620551],[-123.15951086,47.83226671],[-123.16136633,47.81953885],[-123.16367753,47.81560004],[-123.16553299,47.80703885],[-123.16851558,47.80196072],[-123.1709814,47.78215278]]]]}},{"type":"Feature","properties":{"id":"17186","name":"Duckabush-Hamma Hamma Group","ancestry":["12159","12218","12385","11688","17184","17186"]},"geometry":{"type":"MultiPolygon","coordinates":[[[[-123.38543851,47.54361111],[-123.38335518,47.54361111],[-123.37176664,47.54453885],[-123.35558419,47.54916531],[-123.34817046,47.55842638],[-123.34469959,47.56120551],[-123.34284412,47.56351671],[-123.33636626,47.56537218],[-123.32044016,47.57550401],[-123.31209462,47.57871039],[-123.30343577,47.57763211],[-123.29776358,47.5809687],[-123.288649,47.5736811],[-123.27880606,47.5749018],[-123.27710522,47.57277778],[-123.26780753,47.57806342],[-123.24681958,47.57999213],[-123.24280754,47.58223009],[-123.20515293,47.5841588],[-123.20114089,47.58639676],[-123.19265294,47.58832547],[-123.18447423,47.59473009],[-123.17181961,47.5966588],[-123.16730301,47.59918159],[-123.14282793,47.60114692],[-123.12806963,47.59889676],[-123.11989092,47.59249213],[-123.11140297,47.59056342],[-123.10739093,47.58832547],[-123.09890297,47.58639676],[-123.09489093,47.5841588],[-123.08351398,47.58157498],[-123.07806965,47.57389676],[-123.07464761,47.56622667],[-123.05739095,47.55082547],[-123.04681966,47.54889676],[-123.04585531,47.54777778],[-123.04469971,47.54870551],[-123.04039063,47.54923855],[-123.03034424,47.55310004],[-123.02939864,47.55337042],[-123.027529,47.554978],[-123.021995,47.556477],[-123.021519,47.560166],[-123.015815,47.564496],[-123.009881,47.571395],[-123.006308,47.576523],[-123.004169,47.583417],[-123.000604,47.5847],[-122.996088,47.58999],[-122.988157,47.598345],[-122.98618675,47.59996834],[-122.98219973,47.60495551],[-122.98176504,47.60647465],[-122.98189366,47.60669139],[-122.983015,47.608581],[-122.981589,47.613068],[-122.97886128,47.61335823],[-122.97059417,47.615556],[-122.966378,47.618836],[-122.95892555,47.62243954],[-122.955444,47.624123],[-122.9545017,47.62698262],[-122.954494,47.627006],[-122.941659,47.631651],[-122.941736,47.63232604],[-122.942134,47.635815],[-122.9369401,47.63771081],[-122.93451095,47.64685004],[-122.93335535,47.64986111],[-122.93934086,47.65706733],[-122.95324467,47.65913845],[-122.95721602,47.6614171],[-122.96574466,47.66330512],[-122.96971601,47.66558377],[-122.97407799,47.66747179],[-122.97804934,47.66975043],[-122.98241132,47.67163845],[-122.98638267,47.6739171],[-122.99907798,47.67580512],[-123.007216,47.68225043],[-123.01272951,47.68463894],[-123.02664145,47.68322293],[-123.03543864,47.68826036],[-123.04263265,47.68413845],[-123.04699463,47.68225043],[-123.05096598,47.67997179],[-123.06946776,47.67667589],[-123.0842993,47.68225043],[-123.09074461,47.68413845],[-123.09471596,47.6864171],[-123.09907794,47.68830512],[-123.10304929,47.69058377],[-123.10741127,47.69247179],[-123.11138262,47.69475043],[-123.14377194,47.69569444],[-123.14699459,47.69475043],[-123.15096594,47.69247179],[-123.15532792,47.69058377],[-123.15929927,47.68830512],[-123.17199458,47.6864171],[-123.17596593,47.68413845],[-123.19282791,47.68225043],[-123.19679926,47.67997179],[-123.20116124,47.67808377],[-123.20888015,47.67366075],[-123.22392734,47.67519477],[-123.23013258,47.67163845],[-123.24282789,47.66975043],[-123.25002189,47.66562853],[-123.2572159,47.66975043],[-123.2811905,47.67163845],[-123.28846589,47.66747179],[-123.29593252,47.66528266],[-123.3043513,47.66614122],[-123.30929922,47.66330512],[-123.31366119,47.6614171],[-123.31971588,47.65551704],[-123.31240794,47.64536079],[-123.3074112,47.63221381],[-123.32104644,47.62088569],[-123.32388254,47.61747179],[-123.33866118,47.61558377],[-123.35422514,47.60185086],[-123.3592992,47.58830512],[-123.36423897,47.58144477],[-123.37344714,47.57745307],[-123.37681221,47.56969347],[-123.37595772,47.56131944],[-123.37682035,47.55285183],[-123.38543851,47.54569444],[-123.38543851,47.54361111]]]]}},{"type":"Feature","properties":{"id":"17187","name":"Hamma Hamma-Cushman Group","ancestry":["12159","12218","12385","11688","17184","17187"]},"geometry":{"type":"MultiPolygon","coordinates":[[[[-123.33127186,47.52069444],[-123.32180735,47.50903673],[-123.2990209,47.48836209],[-123.25925448,47.48624213],[-123.23227288,47.45719347],[-123.23027093,47.44461209],[-123.22810621,47.4405268],[-123.22566074,47.42517849],[-123.2156876,47.41752875],[-123.21062575,47.41514025],[-123.20418858,47.40819444],[-123.20214594,47.40598904],[-123.19168858,47.40965522],[-123.18273676,47.40651801],[-123.16264807,47.40731147],[-123.14906978,47.41207221],[-123.12427602,47.43154475],[-123.124016,47.432602],[-123.12264638,47.43317975],[-123.12068256,47.4352995],[-123.121073,47.439317],[-123.116707,47.441614],[-123.116037,47.444076],[-123.114479,47.44533],[-123.113821,47.448331],[-123.111711,47.45047],[-123.112986,47.452814],[-123.110601,47.454942],[-123.113327,47.457263],[-123.111282,47.458923],[-123.114598,47.462262],[-123.114356,47.463311],[-123.112816,47.463481],[-123.109538,47.46165],[-123.10586418,47.46149863],[-123.10943764,47.47169542],[-123.11167559,47.48109077],[-123.12038734,47.48627875],[-123.13378659,47.48158312],[-123.14924475,47.4941645],[-123.16777095,47.49669542],[-123.1697729,47.49847765],[-123.15727291,47.50086209],[-123.14626217,47.50316922],[-123.13151201,47.50258328],[-123.11568764,47.49044542],[-123.11143959,47.48844347],[-123.10433103,47.48354845],[-123.09782062,47.4869949],[-123.08353026,47.50241238],[-123.09024005,47.50862983],[-123.0926896,47.51173855],[-123.08487303,47.51898546],[-123.07447265,47.51348009],[-123.06727864,47.52462104],[-123.05669515,47.53442735],[-123.04585531,47.54777778],[-123.04681966,47.54889676],[-123.05739095,47.55082547],[-123.07464761,47.56622667],[-123.07806965,47.57389676],[-123.08351398,47.58157498],[-123.09489093,47.5841588],[-123.09890297,47.58639676],[-123.10739093,47.58832547],[-123.11140297,47.59056342],[-123.11989092,47.59249213],[-123.12806963,47.59889676],[-123.14282793,47.60114692],[-123.16730301,47.59918159],[-123.17181961,47.5966588],[-123.18447423,47.59473009],[-123.19265294,47.58832547],[-123.20114089,47.58639676],[-123.20515293,47.5841588],[-123.24280754,47.58223009],[-123.24681958,47.57999213],[-123.26780753,47.57806342],[-123.27710522,47.57277778],[-123.27798412,47.552095],[-123.28875479,47.54484402],[-123.2972346,47.53777208],[-123.30756989,47.53104194],[-123.31675771,47.53310086],[-123.32170562,47.5298782],[-123.32968088,47.52689562],[-123.33127186,47.52069444]]]]}},{"type":"Feature","properties":{"id":"17188","name":"Mount Jupiter Area","ancestry":["12159","12218","12385","11688","17184","17188"]},"geometry":{"type":"MultiPolygon","coordinates":[[[[-123.14377194,47.69569444],[-123.11138262,47.69475043],[-123.10741127,47.69247179],[-123.10304929,47.69058377],[-123.09907794,47.68830512],[-123.09471596,47.6864171],[-123.09074461,47.68413845],[-123.0842993,47.68225043],[-123.06946776,47.67667589],[-123.05096598,47.67997179],[-123.04699463,47.68225043],[-123.04263265,47.68413845],[-123.03543864,47.68826036],[-123.02664145,47.68322293],[-123.01272951,47.68463894],[-123.007216,47.68225043],[-122.99907798,47.67580512],[-122.98638267,47.6739171],[-122.98241132,47.67163845],[-122.97804934,47.66975043],[-122.97407799,47.66747179],[-122.96971601,47.66558377],[-122.96574466,47.66330512],[-122.95721602,47.6614171],[-122.95324467,47.65913845],[-122.93934086,47.65706733],[-122.93335535,47.64986111],[-122.92743435,47.65046565],[-122.92740956,47.65084915],[-122.927398,47.651028],[-122.9267436,47.65089213],[-122.92559437,47.65065352],[-122.92231613,47.65098823],[-122.90679286,47.65964708],[-122.90459908,47.66456496],[-122.908859,47.664956],[-122.906245,47.671038],[-122.90394064,47.6721666],[-122.901016,47.673599],[-122.89722757,47.67899993],[-122.896975,47.67936],[-122.89548044,47.6799196],[-122.89489101,47.68172146],[-122.8979387,47.69569444],[-122.907391,47.6966588],[-122.91556971,47.70306342],[-122.919891,47.70499213],[-122.92390304,47.70723009],[-122.93239099,47.7091588],[-122.94473637,47.71973009],[-122.99072431,47.7216588],[-122.99473635,47.72389676],[-123.0032243,47.72582547],[-123.00723634,47.72806342],[-123.0157243,47.72999213],[-123.02806967,47.74056342],[-123.06851969,47.74249213],[-123.07598632,47.73832547],[-123.0803076,47.73639676],[-123.08640298,47.73207547],[-123.09589191,47.72806342],[-123.12534339,47.73043159],[-123.13960527,47.72902778],[-123.14055335,47.70388536],[-123.14377194,47.69569444]]]]}},{"type":"Feature","properties":{"id":"17189","name":"Northeast Olympic Foothills","ancestry":["12159","12218","12385","11688","17184","17189"]},"geometry":{"type":"MultiPolygon","coordinates":[[[[-122.93114995,47.78905382],[-122.92583175,47.78446804],[-122.91908127,47.7766352],[-122.9047258,47.76426541],[-122.89681972,47.75931342],[-122.89072434,47.75499213],[-122.88640306,47.75306342],[-122.88239101,47.75082547],[-122.87773607,47.7487462],[-122.87878587,47.73568061],[-122.87710537,47.73111111],[-122.87413093,47.73340603],[-122.87217206,47.73819315],[-122.872019,47.740614],[-122.871306,47.743491],[-122.867503,47.74445],[-122.861561,47.744769],[-122.86025199,47.74226722],[-122.85926277,47.74243517],[-122.85117911,47.74896968],[-122.850865,47.749724],[-122.84925459,47.75113175],[-122.84872321,47.75337707],[-122.849819,47.760751],[-122.854906,47.763146],[-122.863462,47.768578],[-122.866315,47.777204],[-122.864651,47.780238],[-122.864908,47.78058354],[-122.86531263,47.7811276],[-122.866552,47.782794],[-122.86679,47.788702],[-122.868454,47.791098],[-122.867978,47.798922],[-122.86530873,47.80353286],[-122.86551277,47.80520372],[-122.87092455,47.81897325],[-122.87710537,47.82069444],[-122.88864101,47.81973009],[-122.89265305,47.81749213],[-122.90114101,47.81556342],[-122.90515305,47.81332547],[-122.913641,47.81139676],[-122.92461512,47.80232286],[-122.92806971,47.79457547],[-122.93114995,47.78905382]]]]}},{"type":"Feature","properties":{"id":"17190","name":"Sawtooth Ridge","ancestry":["12159","12218","12385","11688","17184","17190"]},"geometry":{"type":"MultiPolygon","coordinates":[[[[-123.38335518,47.54361111],[-123.38250475,47.5423782],[-123.3779556,47.54067735],[-123.37417142,47.53821153],[-123.36962227,47.53651069],[-123.36366931,47.53189643],[-123.35828601,47.53310086],[-123.3533381,47.5298782],[-123.34462228,47.52817735],[-123.3408381,47.52571153],[-123.33628895,47.52401069],[-123.33127186,47.52069444],[-123.32968088,47.52689562],[-123.32170562,47.5298782],[-123.31675771,47.53310086],[-123.30756989,47.53104194],[-123.2972346,47.53777208],[-123.28875479,47.54484402],[-123.27798412,47.552095],[-123.27710522,47.57277778],[-123.27880606,47.5749018],[-123.288649,47.5736811],[-123.29776358,47.5809687],[-123.30343577,47.57763211],[-123.31209462,47.57871039],[-123.32044016,47.57550401],[-123.33636626,47.56537218],[-123.34284412,47.56351671],[-123.34469959,47.56120551],[-123.34817046,47.55842638],[-123.35558419,47.54916531],[-123.37176664,47.54453885],[-123.38335518,47.54361111]]]]}},{"type":"Feature","properties":{"id":"17192","name":"Cameron Group","ancestry":["12159","12218","12385","11688","17191","17192"]},"geometry":{"type":"MultiPolygon","coordinates":[[[[-123.46973616,47.85823107],[-123.46780745,47.83624213],[-123.46140283,47.82806342],[-123.45947412,47.81957547],[-123.45002182,47.80819444],[-123.44676254,47.80910183],[-123.43985336,47.8132685],[-123.43634588,47.81145372],[-123.41578111,47.79243517],[-123.40825344,47.78935493],[-123.40132392,47.78001248],[-123.39703111,47.7695185],[-123.39467923,47.76562039],[-123.39264065,47.74895372],[-123.37284493,47.75086616],[-123.35592599,47.75443468],[-123.3511978,47.75728706],[-123.34676258,47.75910183],[-123.3424006,47.76173448],[-123.33673654,47.76089627],[-123.33036447,47.76562039],[-123.32176259,47.76743517],[-123.31786448,47.76978706],[-123.30509593,47.77160183],[-123.30119782,47.77395372],[-123.28842927,47.7757685],[-123.28453116,47.77812039],[-123.26460522,47.77902778],[-123.26367749,47.79893338],[-123.2613256,47.80293321],[-123.26402335,47.81481066],[-123.26992749,47.81953885],[-123.27178295,47.82185004],[-123.28720043,47.83121691],[-123.29261628,47.84185737],[-123.28371329,47.85585069],[-123.27594962,47.85912218],[-123.26784415,47.86560004],[-123.26344962,47.86745551],[-123.24496005,47.88411811],[-123.24260002,47.90298204],[-123.24308423,47.90686388],[-123.24045972,47.91132351],[-123.2437719,47.91652778],[-123.25114087,47.91556342],[-123.25515291,47.91332547],[-123.2594742,47.91139676],[-123.26348624,47.9091588],[-123.26780753,47.90723009],[-123.27181957,47.90499213],[-123.27614086,47.90306342],[-123.28431957,47.8966588],[-123.28864086,47.89473009],[-123.2926529,47.89249213],[-123.29697419,47.89056342],[-123.3051529,47.8841588],[-123.30947418,47.88223009],[-123.32181956,47.8716588],[-123.32614084,47.86973009],[-123.33431955,47.86332547],[-123.33864084,47.86139676],[-123.34265288,47.8591588],[-123.34697417,47.85723009],[-123.35306954,47.8529088],[-123.3604141,47.85069933],[-123.36765287,47.8466588],[-123.39285631,47.83544868],[-123.40023749,47.83133084],[-123.41140285,47.84056342],[-123.41572414,47.84249213],[-123.42806951,47.85306342],[-123.4323908,47.85499213],[-123.43640284,47.85723009],[-123.4448908,47.8591588],[-123.44890284,47.86139676],[-123.46155746,47.86332547],[-123.46668848,47.86652778],[-123.46973616,47.85823107]]]]}},{"type":"Feature","properties":{"id":"17193","name":"Deception-Gray Wolf","ancestry":["12159","12218","12385","11688","17191","17193"]},"geometry":{"type":"MultiPolygon","coordinates":[[[[-123.29261628,47.84185737],[-123.28720043,47.83121691],[-123.27178295,47.82185004],[-123.26992749,47.81953885],[-123.26402335,47.81481066],[-123.2613256,47.80293321],[-123.26367749,47.79893338],[-123.26460522,47.77902778],[-123.26302645,47.77590685],[-123.25697176,47.77416124],[-123.24515536,47.76306098],[-123.2403051,47.76166124],[-123.23682203,47.75889431],[-123.22780511,47.75749457],[-123.22432203,47.75472765],[-123.21947178,47.75332791],[-123.2159887,47.75056098],[-123.20993402,47.74881538],[-123.20835524,47.74569444],[-123.19053298,47.74476671],[-123.18659418,47.74245551],[-123.17183589,47.74030707],[-123.17085526,47.74152778],[-123.16838537,47.76129503],[-123.1709814,47.78215278],[-123.16851558,47.80196072],[-123.16553299,47.80703885],[-123.16367753,47.81560004],[-123.16136633,47.81953885],[-123.15951086,47.83226671],[-123.15719966,47.83620551],[-123.1553442,47.84476671],[-123.153033,47.84870551],[-123.15113684,47.86813504],[-123.13870195,47.87809191],[-123.13428301,47.87995551],[-123.12201088,47.89060004],[-123.11761635,47.89245551],[-123.11280678,47.89527941],[-123.10951088,47.90310004],[-123.10719968,47.90703885],[-123.10534422,47.91143338],[-123.09469969,47.92370551],[-123.09284422,47.93226671],[-123.08896646,47.93886664],[-123.10559649,47.95731961],[-123.10496987,47.96236111],[-123.10638181,47.97369331],[-123.11043861,47.97694444],[-123.11355141,47.97479601],[-123.1154557,47.9673782],[-123.12123776,47.9633865],[-123.12625485,47.96151069],[-123.13003903,47.95904487],[-123.13458818,47.95734402],[-123.13837236,47.9548782],[-123.14708818,47.95317735],[-123.15087236,47.95071153],[-123.15542151,47.94901069],[-123.16274979,47.94423774],[-123.16729081,47.94525499],[-123.17170568,47.9423782],[-123.18875483,47.94067735],[-123.19253901,47.93821153],[-123.19708816,47.93651069],[-123.20087234,47.93404487],[-123.20958815,47.93234402],[-123.21337233,47.9298782],[-123.22208815,47.92817735],[-123.22587233,47.92571153],[-123.23042148,47.92401069],[-123.23420566,47.92154487],[-123.23875481,47.91984402],[-123.2437719,47.91652778],[-123.24045972,47.91132351],[-123.24308423,47.90686388],[-123.24260002,47.90298204],[-123.24496005,47.88411811],[-123.26344962,47.86745551],[-123.26784415,47.86560004],[-123.27594962,47.85912218],[-123.28371329,47.85585069],[-123.29261628,47.84185737]]]]}},{"type":"Feature","properties":{"id":"17194","name":"Hurricane-Angeles Group","ancestry":["12159","12218","12385","11688","17191","17194"]},"geometry":{"type":"MultiPolygon","coordinates":[[[[-123.60303283,48.00078478],[-123.60117736,47.99037218],[-123.59886616,47.98643338],[-123.59701069,47.98203885],[-123.5946995,47.97810004],[-123.59377176,47.97277778],[-123.58653706,47.96751248],[-123.58225647,47.96554308],[-123.5698704,47.95501248],[-123.56142314,47.95304308],[-123.55737041,47.95084581],[-123.54475648,47.94887641],[-123.52918845,47.93527778],[-123.52201072,47.94060004],[-123.51515851,47.94256131],[-123.50902651,47.95711616],[-123.49185123,47.9675491],[-123.47594954,47.96953885],[-123.46784408,47.97185004],[-123.45374089,47.9749018],[-123.45117742,47.97810004],[-123.44469955,47.97995551],[-123.43867742,47.98226671],[-123.41034898,47.98412218],[-123.40210517,47.97927599],[-123.39701077,47.98226671],[-123.38844958,47.98412218],[-123.38451077,47.98643338],[-123.37594958,47.98828885],[-123.37201078,47.99060004],[-123.36572009,47.99325304],[-123.36367745,48.00726671],[-123.36136625,48.01120551],[-123.35951078,48.01560004],[-123.35295154,48.02380317],[-123.35534412,48.02787218],[-123.35719959,48.03328396],[-123.34889474,48.03993273],[-123.34701079,48.0666173],[-123.35117745,48.07370551],[-123.35210519,48.07902778],[-123.35481108,48.08216905],[-123.37221423,48.08534288],[-123.38098701,48.08044786],[-123.38564603,48.08585558],[-123.39699449,48.09400174],[-123.41155748,48.0966588],[-123.41687567,48.09962511],[-123.44905746,48.1029088],[-123.45593002,48.10543159],[-123.47349593,48.10401964],[-123.48223616,48.10723009],[-123.53864076,48.1091588],[-123.54519593,48.11281684],[-123.55210511,48.11027778],[-123.55303285,48.10703885],[-123.55534404,48.10310004],[-123.55719951,48.09870551],[-123.56367737,48.09060004],[-123.56553284,48.08620551],[-123.57617737,48.07393338],[-123.57803284,48.06537218],[-123.5845107,48.05726671],[-123.58636617,48.05287218],[-123.58891743,48.04853054],[-123.58835998,48.04406277],[-123.59458149,48.03348334],[-123.59219706,48.01433051],[-123.60303283,48.00078478]]]]}},{"type":"Feature","properties":{"id":"17195","name":"McCartney-Obstruction Group","ancestry":["12159","12218","12385","11688","17191","17195"]},"geometry":{"type":"MultiPolygon","coordinates":[[[[-123.52918845,47.93527778],[-123.52590883,47.93052924],[-123.51962221,47.92817735],[-123.51583804,47.92571153],[-123.51128888,47.92401069],[-123.50750471,47.92154487],[-123.50051822,47.91893256],[-123.49045556,47.90734402],[-123.48875471,47.90279487],[-123.47795556,47.89067735],[-123.47625472,47.8861282],[-123.46932926,47.87782335],[-123.46749821,47.86965278],[-123.46799463,47.8674311],[-123.46668848,47.86652778],[-123.46155746,47.86332547],[-123.44890284,47.86139676],[-123.4448908,47.8591588],[-123.43640284,47.85723009],[-123.4323908,47.85499213],[-123.42806951,47.85306342],[-123.41572414,47.84249213],[-123.41140285,47.84056342],[-123.40023749,47.83133084],[-123.39285631,47.83544868],[-123.36765287,47.8466588],[-123.3604141,47.85069933],[-123.35306954,47.8529088],[-123.34697417,47.85723009],[-123.34265288,47.8591588],[-123.33864084,47.86139676],[-123.33431955,47.86332547],[-123.32614084,47.86973009],[-123.32181956,47.8716588],[-123.30947418,47.88223009],[-123.3051529,47.8841588],[-123.29697419,47.89056342],[-123.2926529,47.89249213],[-123.28864086,47.89473009],[-123.28431957,47.8966588],[-123.27614086,47.90306342],[-123.27181957,47.90499213],[-123.26780753,47.90723009],[-123.26348624,47.9091588],[-123.2594742,47.91139676],[-123.25515291,47.91332547],[-123.25114087,47.91556342],[-123.2437719,47.91652778],[-123.23875481,47.91984402],[-123.23420566,47.92154487],[-123.23042148,47.92401069],[-123.22587233,47.92571153],[-123.22208815,47.92817735],[-123.21337233,47.9298782],[-123.20958815,47.93234402],[-123.20087234,47.93404487],[-123.19708816,47.93651069],[-123.19253901,47.93821153],[-123.18875483,47.94067735],[-123.17170568,47.9423782],[-123.16729081,47.94525499],[-123.16274979,47.94423774],[-123.15542151,47.94901069],[-123.15087236,47.95071153],[-123.14708818,47.95317735],[-123.13837236,47.9548782],[-123.13458818,47.95734402],[-123.13003903,47.95904487],[-123.12625485,47.96151069],[-123.12123776,47.9633865],[-123.1154557,47.9673782],[-123.11355141,47.97479601],[-123.11043861,47.97694444],[-123.10582436,47.98399197],[-123.10782631,47.99412788],[-123.12137204,47.99684191],[-123.12380938,48.00315701],[-123.12831784,48.00489855],[-123.13534909,48.01026557],[-123.13203284,48.01548611],[-123.13456784,48.01948188],[-123.13630937,48.02399034],[-123.14706783,48.03614855],[-123.1479386,48.04986111],[-123.15359045,48.04778592],[-123.16132564,48.05209907],[-123.17441564,48.05507351],[-123.18096268,48.06267036],[-123.18829096,48.06898546],[-123.1964656,48.0716588],[-123.2155696,48.06749213],[-123.23030755,48.06556342],[-123.24462232,48.05953315],[-123.2591202,48.04754178],[-123.2793269,48.04916531],[-123.2899877,48.04624783],[-123.29906973,48.05131375],[-123.30983226,48.05045112],[-123.32181956,48.05306342],[-123.33377837,48.05524441],[-123.33848622,48.06764676],[-123.34138742,48.07285102],[-123.35210519,48.07902778],[-123.35117745,48.07370551],[-123.34701079,48.0666173],[-123.34889474,48.03993273],[-123.35719959,48.03328396],[-123.35534412,48.02787218],[-123.35295154,48.02380317],[-123.35951078,48.01560004],[-123.36136625,48.01120551],[-123.36367745,48.00726671],[-123.36572009,47.99325304],[-123.37201078,47.99060004],[-123.37594958,47.98828885],[-123.38451077,47.98643338],[-123.38844958,47.98412218],[-123.39701077,47.98226671],[-123.40210517,47.97927599],[-123.41034898,47.98412218],[-123.43867742,47.98226671],[-123.44469955,47.97995551],[-123.45117742,47.97810004],[-123.45374089,47.9749018],[-123.46784408,47.97185004],[-123.47594954,47.96953885],[-123.49185123,47.9675491],[-123.50902651,47.95711616],[-123.51515851,47.94256131],[-123.52201072,47.94060004],[-123.52918845,47.93527778]]]]}},{"type":"Feature","properties":{"id":"17196","name":"Northwest Olympics","ancestry":["12159","12218","12385","11688","17196"]},"geometry":{"type":"MultiPolygon","coordinates":[[[[-124.7260223,48.37469835],[-124.72420014,48.37007697],[-124.713817,48.366309],[-124.7124661,48.36500194],[-124.706607,48.359333],[-124.707477,48.35458],[-124.703744,48.352323],[-124.69916125,48.35064702],[-124.69899498,48.35058621],[-124.696703,48.349748],[-124.695994,48.344327],[-124.69455189,48.34336339],[-124.69256952,48.3420388],[-124.67651728,48.3426745],[-124.676365,48.342715],[-124.67623138,48.34268583],[-124.668279,48.34300076],[-124.66357115,48.33863878],[-124.6625624,48.33440345],[-124.65995994,48.33199924],[-124.65894,48.331057],[-124.659855,48.325027],[-124.66022757,48.32460056],[-124.65961608,48.32203315],[-124.65727233,48.31761013],[-124.65521341,48.29395291],[-124.6328949,48.26986844],[-124.626474,48.26684109],[-124.6100352,48.24909614],[-124.60318706,48.24669542],[-124.59685568,48.24469347],[-124.58530377,48.23994493],[-124.57648216,48.24461209],[-124.56360374,48.24167833],[-124.5656057,48.23836209],[-124.57185569,48.22928006],[-124.5672862,48.22079617],[-124.5593557,48.2092768],[-124.55735375,48.20294542],[-124.54982608,48.19200792],[-124.55830589,48.18094835],[-124.53423364,48.16136013],[-124.51345321,48.16359402],[-124.50102239,48.16752875],[-124.4969371,48.16969347],[-124.48846543,48.17237495],[-124.48876653,48.18002875],[-124.4822724,48.1780268],[-124.47439886,48.17386013],[-124.45727241,48.17586209],[-124.44939887,48.18002875],[-124.43905138,48.17694038],[-124.44318957,48.16386258],[-124.45110379,48.16136013],[-124.45518907,48.15919542],[-124.4628144,48.1567825],[-124.46560574,48.15086209],[-124.48219102,48.13209988],[-124.48275254,48.11793972],[-124.47610378,48.11336209],[-124.46361192,48.10940701],[-124.46339626,48.10399116],[-124.47393907,48.09901476],[-124.47143256,48.08306831],[-124.46568712,48.08002875],[-124.46143907,48.0780268],[-124.4496837,48.07180528],[-124.44377143,48.07156928],[-124.43439644,48.07194363],[-124.42595324,48.0716059],[-124.41992297,48.07811632],[-124.40590117,48.07755887],[-124.38425404,48.09669542],[-124.38131622,48.09063666],[-124.38461211,48.08365424],[-124.39685576,48.07230984],[-124.39485381,48.06544542],[-124.3926891,48.06136013],[-124.39055694,48.05683946],[-124.38057566,48.0475906],[-124.37640492,48.03875271],[-124.36622833,48.04575548],[-124.35015982,48.05200955],[-124.33619905,48.06271918],[-124.32818717,48.0655268],[-124.31031608,48.06837104],[-124.29704704,48.09194282],[-124.27781284,48.08404487],[-124.26553664,48.08452908],[-124.25625116,48.07450711],[-124.24230667,48.06597032],[-124.22799596,48.06222276],[-124.2197725,48.06752875],[-124.20578731,48.07715603],[-124.18525103,48.07323351],[-124.17818723,48.05988308],[-124.18250851,48.0569534],[-124.22360143,48.058581],[-124.24918736,48.05508572],[-124.24871943,48.04324897],[-124.25295119,48.0342768],[-124.2592663,48.03973741],[-124.26241571,48.05294542],[-124.26568719,48.05094347],[-124.27468784,48.04475043],[-124.28517774,48.04433133],[-124.30145378,48.04773709],[-124.31985384,48.04261013],[-124.33435579,48.03211209],[-124.34068716,48.03011013],[-124.34685578,48.02794542],[-124.35459504,48.02549588],[-124.37383738,48.00766954],[-124.37464711,47.98719021],[-124.36977244,47.98011013],[-124.36698924,47.974206],[-124.35110383,47.96127875],[-124.33603222,47.95650987],[-124.32640901,47.9475906],[-124.32254752,47.93941189],[-124.30527051,47.93268582],[-124.30997022,47.92645616],[-124.32748323,47.9336461],[-124.34578156,47.92981717],[-124.36142283,47.93043972],[-124.36176056,47.92194363],[-124.35735382,47.91961209],[-124.34693716,47.91631619],[-124.34893911,47.91127875],[-124.35199901,47.90550076],[-124.34893911,47.8967768],[-124.34657909,47.88932237],[-124.32818717,47.87377875],[-124.32185579,47.8717768],[-124.31178092,47.8682449],[-124.2955171,47.86398465],[-124.27485874,47.86830594],[-124.26818149,47.86212104],[-124.25975458,47.84906765],[-124.25527053,47.84669542],[-124.25102248,47.84469347],[-124.24107376,47.83706],[-124.22625443,47.8323725],[-124.21777054,47.82586209],[-124.20935583,47.82386013],[-124.20318722,47.82169542],[-124.19268917,47.81969347],[-124.18443722,47.81752875],[-124.17602251,47.8155268],[-124.16025917,47.81139676],[-124.15533974,47.81120144],[-124.15045693,47.81378526],[-124.1301892,47.81136013],[-124.12336547,47.80774685],[-124.10166545,47.80688829],[-124.09485393,47.8092768],[-124.07918824,47.81027778],[-124.07640504,47.81166124],[-124.03822146,47.81306098],[-124.0290255,47.82139431],[-124.01947147,47.81999457],[-124.0187716,47.81861111],[-124.00945357,47.82387641],[-123.99683964,47.82584581],[-123.98862024,47.83220974],[-123.97600631,47.83417914],[-123.96778692,47.84054308],[-123.96350632,47.84251248],[-123.95112026,47.85304308],[-123.94683966,47.85501248],[-123.94009731,47.85972032],[-123.92910285,47.85677843],[-123.91713183,47.8660517],[-123.88872201,47.86774441],[-123.88444548,47.86542101],[-123.86349415,47.86667019],[-123.85418833,47.86161241],[-123.84695363,47.86554308],[-123.84267303,47.86751248],[-123.83500295,47.87167914],[-123.82808971,47.86970974],[-123.82293834,47.86691433],[-123.81778697,47.86970974],[-123.80933971,47.87167914],[-123.80528698,47.87387641],[-123.79267305,47.87584581],[-123.78862032,47.87804308],[-123.73543837,47.87902778],[-123.73418919,47.89127957],[-123.72226699,47.91799262],[-123.6948907,47.93014676],[-123.68640275,47.93207547],[-123.66989071,47.93848009],[-123.64649798,47.94062853],[-123.64152158,47.95177762],[-123.63431943,47.95499213],[-123.62197406,47.96556342],[-123.61765277,47.96749213],[-123.61231017,47.97047472],[-123.60101053,47.96956326],[-123.59377176,47.97277778],[-123.5946995,47.97810004],[-123.59701069,47.98203885],[-123.59886616,47.98643338],[-123.60117736,47.99037218],[-123.60303283,48.00078478],[-123.59219706,48.01433051],[-123.59458149,48.03348334],[-123.58835998,48.04406277],[-123.58891743,48.04853054],[-123.58636617,48.05287218],[-123.5845107,48.05726671],[-123.57803284,48.06537218],[-123.57617737,48.07393338],[-123.56553284,48.08620551],[-123.56367737,48.09060004],[-123.55719951,48.09870551],[-123.55534404,48.10310004],[-123.55303285,48.10703885],[-123.55210511,48.11027778],[-123.56507304,48.10877631],[-123.58145894,48.11190538],[-123.58443746,48.11752875],[-123.58755839,48.1273961],[-123.60041645,48.13419542],[-123.61378315,48.13216498],[-123.62136778,48.12397814],[-123.63328184,48.12148383],[-123.6424249,48.12184597],[-123.66759579,48.11658067],[-123.67402075,48.11961209],[-123.6812229,48.12457221],[-123.70943741,48.12794542],[-123.73298476,48.13822374],[-123.73960504,48.13848416],[-123.74924452,48.13810167],[-123.76152072,48.14044542],[-123.77060275,48.14669542],[-123.77864311,48.1445714],[-123.78764376,48.13981066],[-123.8055596,48.14355821],[-123.81522757,48.13844347],[-123.82818736,48.14044542],[-123.8484144,48.14875434],[-123.85314666,48.14894151],[-123.85949025,48.14869331],[-123.87207569,48.15310411],[-123.88567025,48.15256293],[-123.90618212,48.15523627],[-123.9135633,48.15494737],[-123.9198133,48.15519151],[-123.9385755,48.15445095],[-123.96360398,48.15711209],[-123.98363571,48.1653437],[-124.0113131,48.16894884],[-124.03443728,48.16344347],[-124.04632286,48.1592768],[-124.0615206,48.16127875],[-124.07340618,48.16544542],[-124.07402874,48.1612991],[-124.06985393,48.15340522],[-124.07217734,48.15287218],[-124.08060833,48.15320584],[-124.10683309,48.15047553],[-124.1239392,48.1530268],[-124.14068724,48.15502875],[-124.14492308,48.15727078],[-124.15517698,48.15686388],[-124.15535195,48.16127469],[-124.15002155,48.16148627],[-124.13861612,48.16103054],[-124.13843708,48.16551053],[-124.15739459,48.16852973],[-124.17087929,48.1720657],[-124.1877494,48.17139838],[-124.19520382,48.17401069],[-124.21107296,48.17337999],[-124.21777054,48.18211209],[-124.2197725,48.18636013],[-124.22818721,48.19669542],[-124.23100296,48.20266873],[-124.241147,48.20964708],[-124.25158401,48.21457465],[-124.26377069,48.22586616],[-124.26327834,48.2382685],[-124.2750215,48.23873237],[-124.29100457,48.2380976],[-124.30816358,48.24065701],[-124.31997184,48.24018907],[-124.34485383,48.24461209],[-124.35979116,48.25251817],[-124.36445018,48.24265489],[-124.38443715,48.2405268],[-124.39290069,48.23403673],[-124.40427356,48.23448839],[-124.41152047,48.23219347],[-124.41943876,48.2294184],[-124.43156441,48.24250434],[-124.44351916,48.2342768],[-124.44893907,48.24406684],[-124.44636339,48.25023139],[-124.43652046,48.25487413],[-124.44106961,48.26209663],[-124.45058295,48.27090603],[-124.44485379,48.28173367],[-124.45144558,48.28667345],[-124.45943712,48.29044542],[-124.4714529,48.30022732],[-124.49551702,48.31035102],[-124.50231226,48.32475532],[-124.51649276,48.34005887],[-124.52818709,48.34461209],[-124.53416447,48.34777778],[-124.56460472,48.34656928],[-124.57606305,48.34702501],[-124.59412131,48.34630887],[-124.60599061,48.35258735],[-124.61560568,48.35511013],[-124.62731628,48.35789741],[-124.6234646,48.36888801],[-124.62860739,48.37197382],[-124.629066,48.372249],[-124.631108,48.376522],[-124.63347322,48.37909315],[-124.63408491,48.3797581],[-124.63902735,48.38513087],[-124.639389,48.385524],[-124.63743414,48.38694644],[-124.63580919,48.38812883],[-124.6358806,48.38821575],[-124.64396019,48.38936761],[-124.6522571,48.39055045],[-124.65270837,48.39061478],[-124.653243,48.390691],[-124.65802759,48.39084297],[-124.659414,48.390887],[-124.66353,48.388351],[-124.668761,48.388461],[-124.676262,48.391371],[-124.681733,48.389811],[-124.686356,48.389519],[-124.691418,48.390159],[-124.694428,48.387562],[-124.699416,48.388052],[-124.703772,48.387079],[-124.706462,48.386084],[-124.716947,48.389776],[-124.7183635,48.38917639],[-124.7260223,48.37469835]]]]}},{"type":"Feature","properties":{"id":"17197","name":"Southern Olympic Mountains","ancestry":["12159","12218","12385","11688","17197"]},"geometry":{"type":"MultiPolygon","coordinates":[[[[-123.91354296,47.35422309],[-123.89914681,47.34119005],[-123.8906263,47.33842312],[-123.88441699,47.33421577],[-123.87810596,47.3311518],[-123.86839324,47.32615099],[-123.84303924,47.32563422],[-123.83441701,47.33217312],[-123.82812633,47.3362991],[-123.81983369,47.34258979],[-123.81067028,47.34859972],[-123.79759655,47.3716588],[-123.78650443,47.3718826],[-123.7863783,47.36562446],[-123.7885837,47.36133979],[-123.79062634,47.3550491],[-123.79479301,47.34287462],[-123.79270154,47.31905463],[-123.78029513,47.30985867],[-123.77759331,47.29050646],[-123.74158665,47.29412788],[-123.72596572,47.30340115],[-123.72612441,47.31128282],[-123.71979303,47.31963243],[-123.71775039,47.32383979],[-123.70937637,47.32588243],[-123.70147029,47.32995551],[-123.69137915,47.33015896],[-123.67756079,47.31967312],[-123.67125383,47.32193956],[-123.65677223,47.33701118],[-123.64582659,47.31771186],[-123.63229307,47.31550646],[-123.62816709,47.31338243],[-123.61873106,47.31031847],[-123.61525613,47.29960883],[-123.60421691,47.29425401],[-123.59759663,47.2841588],[-123.59064676,47.28430122],[-123.58286275,47.28414252],[-123.5634373,47.28840278],[-123.55667461,47.29544217],[-123.51632225,47.29227241],[-123.51145978,47.29463243],[-123.50593814,47.29747667],[-123.48677311,47.29256538],[-123.45400131,47.29042914],[-123.44404037,47.28367866],[-123.40383043,47.28449653],[-123.39632718,47.28192898],[-123.38231351,47.28221788],[-123.36847888,47.28193305],[-123.35202788,47.28615262],[-123.33885243,47.28642117],[-123.32301177,47.2823603],[-123.29182689,47.28671414],[-123.28645987,47.29463243],[-123.28387198,47.30524848],[-123.26983797,47.30496365],[-123.26959383,47.31693468],[-123.27395987,47.32800646],[-123.27737377,47.33463894],[-123.26933748,47.34523465],[-123.26996004,47.37587836],[-123.26564689,47.37596788],[-123.24318189,47.37550808],[-123.23849846,47.38000841],[-123.23866936,47.38831733],[-123.23154859,47.39198351],[-123.22275954,47.38283637],[-123.21154535,47.38827664],[-123.21141514,47.39471381],[-123.21979323,47.40276232],[-123.21594801,47.40714871],[-123.20418858,47.40819444],[-123.21062575,47.41514025],[-123.2156876,47.41752875],[-123.22566074,47.42517849],[-123.22810621,47.4405268],[-123.23027093,47.44461209],[-123.23227288,47.45719347],[-123.25925448,47.48624213],[-123.2990209,47.48836209],[-123.32180735,47.50903673],[-123.33127186,47.52069444],[-123.33628895,47.52401069],[-123.3408381,47.52571153],[-123.34462228,47.52817735],[-123.3533381,47.5298782],[-123.35828601,47.53310086],[-123.36366931,47.53189643],[-123.36962227,47.53651069],[-123.37417142,47.53821153],[-123.3779556,47.54067735],[-123.38250475,47.5423782],[-123.38335518,47.54361111],[-123.38543851,47.54361111],[-123.38543851,47.54569444],[-123.39469957,47.55310004],[-123.41469468,47.55495551],[-123.4217829,47.55078885],[-123.42617743,47.54893338],[-123.43011623,47.54662218],[-123.44701075,47.54476671],[-123.45094955,47.54245551],[-123.45951075,47.54060004],[-123.46344955,47.53828885],[-123.46992741,47.53643338],[-123.47311344,47.53245795],[-123.4884414,47.53018338],[-123.49694563,47.54080756],[-123.50456281,47.56140489],[-123.50951073,47.56537218],[-123.51136619,47.56976671],[-123.51576072,47.57162218],[-123.51969952,47.57393338],[-123.5438613,47.57578885],[-123.55317119,47.57031196],[-123.5673761,47.57208198],[-123.57293844,47.57902778],[-123.57631164,47.57823432],[-123.57998189,47.57565457],[-123.58464497,47.57406765],[-123.58831522,47.5714879],[-123.59714497,47.56990099],[-123.60081522,47.56732123],[-123.6054783,47.56573432],[-123.61400287,47.55839789],[-123.61877175,47.55988308],[-123.62596169,47.55764513],[-123.62998187,47.55482123],[-123.63464496,47.55323432],[-123.6383152,47.55065457],[-123.65131162,47.54906765],[-123.65498186,47.5464879],[-123.65964495,47.54490099],[-123.66331519,47.54232123],[-123.6729384,47.54152778],[-123.67798397,47.53448839],[-123.68854712,47.53194526],[-123.69898005,47.53400418],[-123.70939672,47.53194526],[-123.72293024,47.53464708],[-123.73409967,47.53244168],[-123.74047581,47.53649034],[-123.7437717,47.53736111],[-123.74688043,47.53285672],[-123.75106337,47.53192084],[-123.75479058,47.53275499],[-123.76274956,47.52757107],[-123.77251111,47.5297602],[-123.7762546,47.52401069],[-123.77852511,47.51794786],[-123.78458793,47.51567735],[-123.79253877,47.50904487],[-123.79793835,47.50819444],[-123.80210908,47.50418647],[-123.80592174,47.49243517],[-123.81773815,47.49267524],[-123.83854299,47.47588243],[-123.84766978,47.47365668],[-123.87089568,47.44765164],[-123.86248097,47.43957058],[-123.88457569,47.414831],[-123.89659554,47.39149929],[-123.89895963,47.38421577],[-123.90525032,47.37592312],[-123.90729296,47.36963243],[-123.91354296,47.35422309]]]]}},{"type":"Feature","properties":{"id":"17199","name":"Hoh-Queets Foothills","ancestry":["12159","12218","12385","11688","17198","17199"]},"geometry":{"type":"MultiPolygon","coordinates":[[[[-124.26560581,47.77511339],[-124.26257847,47.76994982],[-124.25515253,47.76759793],[-124.25933547,47.75969184],[-124.26001499,47.74263455],[-124.2553397,47.74245144],[-124.24731562,47.74669542],[-124.24268915,47.7405268],[-124.2394014,47.73014269],[-124.23644729,47.73002875],[-124.22856562,47.73419542],[-124.22027298,47.71566515],[-124.2279512,47.70450792],[-124.21844193,47.69569444],[-124.22810583,47.68673855],[-124.21926387,47.68011013],[-124.21560583,47.68211209],[-124.20632849,47.68922879],[-124.19655473,47.68250271],[-124.19084184,47.69461209],[-124.18698442,47.6912755],[-124.18135292,47.6851964],[-124.17130653,47.67589057],[-124.16529254,47.66715034],[-124.16623655,47.64328966],[-124.15986855,47.6364171],[-124.1511039,47.63364204],[-124.15310586,47.63002875],[-124.15999469,47.62104438],[-124.16762001,47.60248562],[-124.15621051,47.59373725],[-124.14399941,47.59760281],[-124.12164021,47.60943142],[-124.11364054,47.60911404],[-124.10532755,47.61483507],[-124.10518921,47.61131944],[-124.10535197,47.60719754],[-124.09961467,47.60696967],[-124.08860393,47.6092768],[-124.07393922,47.61127875],[-124.05402549,47.61544542],[-124.05102256,47.61344347],[-124.05002159,47.61236111],[-124.0384656,47.61330512],[-124.02616092,47.6239171],[-124.02179894,47.62580512],[-124.01668827,47.62873481],[-124.00835494,47.62396186],[-124.00116093,47.62808377],[-123.98846562,47.62997179],[-123.98449427,47.63225043],[-123.97596562,47.63413845],[-123.96892217,47.63817491],[-123.96460495,47.63861437],[-123.95610886,47.63774767],[-123.95116095,47.64058377],[-123.93534471,47.64293972],[-123.93990607,47.65090278],[-123.93638231,47.65705512],[-123.93302131,47.66481066],[-123.92616096,47.66975043],[-123.9229383,47.67069444],[-123.91780728,47.67389676],[-123.90931933,47.67582547],[-123.90530729,47.67806342],[-123.89681933,47.67999213],[-123.88864063,47.68639676],[-123.86765268,47.68832547],[-123.86364064,47.69056342],[-123.82181936,47.69249213],[-123.81437715,47.69664252],[-123.78812797,47.69453478],[-123.77950167,47.69934842],[-123.77189669,47.698734],[-123.75671115,47.6999547],[-123.75114068,47.70306342],[-123.74681939,47.70499213],[-123.7422092,47.70756375],[-123.73864068,47.71556342],[-123.73640273,47.71957547],[-123.73543837,47.72902778],[-123.74865858,47.73160753],[-123.75560031,47.74219916],[-123.77186821,47.75286404],[-123.77395968,47.75717312],[-123.77957084,47.75989529],[-123.78241508,47.76575873],[-123.79691703,47.76546577],[-123.80974254,47.77581733],[-123.81770966,47.77171577],[-123.82608368,47.76967312],[-123.833355,47.76592963],[-123.84078501,47.7697545],[-123.84689666,47.76963243],[-123.85051808,47.76970567],[-123.86145965,47.77800646],[-123.865667,47.7800491],[-123.86979298,47.78217312],[-123.87400033,47.78421577],[-123.87812631,47.78633979],[-123.88462045,47.78838243],[-123.89270963,47.78421577],[-123.90108365,47.78217312],[-123.90935188,47.77791287],[-123.91979296,47.78633979],[-123.92816698,47.78838243],[-123.93229295,47.79050646],[-123.93441698,47.79046577],[-123.94068732,47.79471381],[-123.94585496,47.79461209],[-123.95789109,47.79485623],[-123.96578496,47.79892117],[-123.97191696,47.7987991],[-123.97824834,47.80309191],[-123.98441696,47.80296577],[-123.99062626,47.80717312],[-123.99948043,47.80933377],[-124.00725223,47.80917508],[-124.01145959,47.81133979],[-124.01733931,47.81419217],[-124.0187716,47.81861111],[-124.01947147,47.81999457],[-124.0290255,47.82139431],[-124.03822146,47.81306098],[-124.07640504,47.81166124],[-124.07918824,47.81027778],[-124.0776054,47.80576118],[-124.08235393,47.79886013],[-124.08760702,47.79072211],[-124.1028536,47.77873481],[-124.10671915,47.77054389],[-124.11505249,47.76155138],[-124.12602253,47.76111599],[-124.1227185,47.76495307],[-124.11360392,47.77340034],[-124.11560587,47.78219347],[-124.12201863,47.79055122],[-124.12161987,47.80058539],[-124.15375283,47.80430854],[-124.16977659,47.79076687],[-124.19334835,47.78250678],[-124.20527055,47.78627875],[-124.21708288,47.79252875],[-124.22402054,47.7905268],[-124.23557246,47.78577827],[-124.24244501,47.78941596],[-124.25837925,47.78561957],[-124.26560581,47.77511339]]],[[[-124.36761586,47.6894241],[-124.36435659,47.67277371],[-124.35789093,47.66177517],[-124.35426545,47.649088],[-124.3489798,47.64842882],[-124.34244498,47.64924262],[-124.3372814,47.64279324],[-124.32826041,47.63620551],[-124.32293815,47.63319444],[-124.32105826,47.63808539],[-124.32641715,47.65682726],[-124.33352978,47.67370551],[-124.34076041,47.67185004],[-124.34749462,47.66789497],[-124.35403758,47.67684679],[-124.35812694,47.68655952],[-124.36284699,47.69245551],[-124.36761586,47.6894241]]],[[[-124.30301221,47.71643826],[-124.29585482,47.71444444],[-124.29494744,47.71562039],[-124.28385125,47.71870877],[-124.27129022,47.73535102],[-124.27215692,47.74121853],[-124.28079135,47.73994086],[-124.29259555,47.72993517],[-124.29943962,47.72713569],[-124.30301221,47.71643826]]]]}},{"type":"Feature","properties":{"id":"17200","name":"Queets-Quinault Foothills","ancestry":["12159","12218","12385","11688","17198","17200"]},"geometry":{"type":"MultiPolygon","coordinates":[[[[-124.10725626,47.52427924],[-124.10514038,47.51699978],[-124.08741171,47.49715522],[-124.07853313,47.50709581],[-124.07664511,47.49874213],[-124.08433961,47.48773139],[-124.07487916,47.48364204],[-124.06235882,47.47977241],[-124.05308962,47.47387641],[-124.04334841,47.4663284],[-124.02710493,47.46535997],[-124.02293826,47.46561225],[-124.0024386,47.46438748],[-123.99718144,47.47584581],[-123.98321253,47.47329047],[-123.99001591,47.46355333],[-123.98439661,47.4632156],[-123.97606328,47.46371202],[-123.96695684,47.46317084],[-123.95697556,47.46549425],[-123.94997687,47.47332709],[-123.93099901,47.47445828],[-123.92122525,47.46762641],[-123.90727669,47.46993354],[-123.89278695,47.47595974],[-123.88642302,47.47792914],[-123.88028695,47.48012641],[-123.87183969,47.48209581],[-123.86259083,47.48926134],[-123.85320363,47.49262641],[-123.83054332,47.49685818],[-123.81816132,47.50645291],[-123.80933971,47.50917914],[-123.79589571,47.51959581],[-123.79154594,47.51413113],[-123.79695365,47.50929308],[-123.79793835,47.50819444],[-123.79253877,47.50904487],[-123.78458793,47.51567735],[-123.77852511,47.51794786],[-123.7762546,47.52401069],[-123.77251111,47.5297602],[-123.76274956,47.52757107],[-123.75479058,47.53275499],[-123.75106337,47.53192084],[-123.74688043,47.53285672],[-123.7437717,47.53736111],[-123.74697401,47.54022163],[-123.74672174,47.54444526],[-123.71062149,47.54687039],[-123.70538874,47.54656114],[-123.70112035,47.54887641],[-123.69683976,47.55084581],[-123.69278702,47.55304308],[-123.6870782,47.55566759],[-123.68445369,47.56137641],[-123.68221574,47.56549832],[-123.68862036,47.57376248],[-123.69058976,47.58220974],[-123.69278702,47.58626248],[-123.69514705,47.59389187],[-123.72266982,47.60395047],[-123.73327366,47.61216987],[-123.72677952,47.62146756],[-123.73028701,47.62792914],[-123.73284235,47.63890327],[-123.74070367,47.64251248],[-123.74476454,47.64471788],[-123.7468967,47.64459174],[-123.76148003,47.64545844],[-123.77611219,47.64458767],[-123.78225639,47.64887641],[-123.79487032,47.65084581],[-123.79893119,47.65305122],[-123.80106335,47.65292508],[-123.81787649,47.65392605],[-123.82475719,47.65766547],[-123.83439667,47.65709174],[-123.84689666,47.65783637],[-123.85944549,47.65708767],[-123.86837289,47.66332547],[-123.87663298,47.65883735],[-123.88543832,47.65936225],[-123.88925098,47.65913439],[-123.90002164,47.65327908],[-123.90725634,47.65720974],[-123.91153694,47.65917914],[-123.91558967,47.66137641],[-123.92172574,47.66419623],[-123.9229383,47.67069444],[-123.92616096,47.66975043],[-123.93302131,47.66481066],[-123.93638231,47.65705512],[-123.93990607,47.65090278],[-123.93534471,47.64293972],[-123.95116095,47.64058377],[-123.95610886,47.63774767],[-123.96460495,47.63861437],[-123.96892217,47.63817491],[-123.97596562,47.63413845],[-123.98449427,47.63225043],[-123.98846562,47.62997179],[-124.00116093,47.62808377],[-124.00835494,47.62396186],[-124.01668827,47.62873481],[-124.02179894,47.62580512],[-124.02616092,47.6239171],[-124.0384656,47.61330512],[-124.05002159,47.61236111],[-124.05100629,47.60917914],[-124.06060101,47.59748074],[-124.05112022,47.58900906],[-124.05330528,47.5767003],[-124.05970176,47.57376248],[-124.05901003,47.56214138],[-124.06753867,47.54749295],[-124.07571331,47.55193631],[-124.08991415,47.54541775],[-124.10725626,47.52427924]]]]}},{"type":"Feature","properties":{"id":"17203","name":"Capitol Hills","ancestry":["12159","12218","12385","12925","12926","17203"]},"geometry":{"type":"MultiPolygon","coordinates":[[[[-123.29536286,46.9166824],[-123.28883617,46.90323025],[-123.27930248,46.89599555],[-123.26465812,46.8900548],[-123.23950758,46.89326931],[-123.22821608,46.8824254],[-123.22800449,46.87195584],[-123.23229322,46.86362657],[-123.21666009,46.84691108],[-123.21043858,46.84569444],[-123.20748854,46.84876655],[-123.20312657,46.85088243],[-123.19691726,46.85508979],[-123.16608638,46.85810493],[-123.1474788,46.86712999],[-123.13441728,46.87968289],[-123.13791663,46.88395535],[-123.14479326,46.88728787],[-123.14275061,46.89050646],[-123.13441728,46.89455105],[-123.13645993,46.89883979],[-123.13904375,46.90385688],[-123.12816729,46.90913439],[-123.13088945,46.91207628],[-123.14050452,46.92131293],[-123.13229326,46.93213243],[-123.12896074,46.94240262],[-123.11254229,46.94274034],[-123.10795245,46.93327582],[-123.09303546,46.93838243],[-123.09062661,46.93425646],[-123.08658202,46.92592312],[-123.07229573,46.93151394],[-123.08229328,46.9479975],[-123.08016112,46.95104926],[-123.06027994,46.95064643],[-123.05295573,46.95301866],[-123.03650066,46.96550646],[-123.02831788,46.96947781],[-123.02187664,46.97796577],[-123.01942302,46.98553006],[-123.00638592,46.9918533],[-122.99066734,47.01256863],[-122.99479331,47.01550646],[-123.0030412,47.01951036],[-123.00529136,47.02388048],[-123.00513267,47.03165229],[-123.00750083,47.04136095],[-123.0214616,47.05051622],[-123.0322933,47.05925646],[-123.04691732,47.06546577],[-123.05736246,47.07179715],[-123.0677303,47.07158556],[-123.08824624,47.07200467],[-123.10733396,47.06967312],[-123.11145994,47.0675491],[-123.12186032,47.06417182],[-123.12191729,47.0612991],[-123.11908526,47.05302273],[-123.13178464,47.05276232],[-123.14479326,47.06526232],[-123.14066728,47.06758979],[-123.1324194,47.0715937],[-123.12816729,47.07984565],[-123.13162187,47.09788764],[-123.14624996,47.11310981],[-123.1674617,47.12171577],[-123.1802506,47.11967312],[-123.18864496,47.11330512],[-123.21026361,47.10803575],[-123.2259944,47.09292345],[-123.22620599,47.08243354],[-123.21775059,47.061588],[-123.23854322,47.0425491],[-123.2484716,47.03932644],[-123.25515698,47.02635037],[-123.25540112,47.01444444],[-123.2551285,47.00104112],[-123.2573339,46.99675646],[-123.25937655,46.9925491],[-123.27818757,46.97073513],[-123.28437654,46.9612991],[-123.29471589,46.94849392],[-123.29536286,46.9166824]]]]}},{"type":"Feature","properties":{"id":"17204","name":"Kitsap Peninsula","ancestry":["12159","12218","12385","12925","12926","17204"]},"geometry":{"type":"MultiPolygon","coordinates":[[[[-122.84060636,47.53891954],[-122.82981128,47.53194526],[-122.82429371,47.5259923],[-122.81895924,47.52347358],[-122.80961272,47.5133865],[-122.8021054,47.51236111],[-122.79935882,47.51532335],[-122.75991385,47.5200434],[-122.74481376,47.51944526],[-122.71915052,47.52046251],[-122.70359877,47.53360541],[-122.70110446,47.54715522],[-122.7148984,47.55993598],[-122.72304456,47.57379096],[-122.72627942,47.58065131],[-122.73337577,47.58722683],[-122.76166352,47.58610379],[-122.76939464,47.59444526],[-122.77768728,47.59980008],[-122.78103607,47.60689643],[-122.79946461,47.61127875],[-122.82961597,47.59812364],[-122.83227303,47.58419542],[-122.83860441,47.57594347],[-122.84060636,47.56673937],[-122.8301897,47.56344347],[-122.82610441,47.56074571],[-122.8385271,47.54923448],[-122.84060636,47.53891954]]]]}},{"type":"Feature","properties":{"id":"17206","name":"Willapa Hills","ancestry":["12159","12218","12385","12925","12926","17206"]},"geometry":{"type":"MultiPolygon","coordinates":[[[[-123.86198455,46.44604438],[-123.85937631,46.43842312],[-123.85703257,46.42643175],[-123.84691701,46.41150255],[-123.84477671,46.40273383],[-123.84041473,46.39426215],[-123.819793,46.38425646],[-123.81326224,46.37982937],[-123.80240205,46.37456407],[-123.79900036,46.3675491],[-123.79650606,46.36270698],[-123.78221163,46.35925646],[-123.77726778,46.36944119],[-123.75899387,46.37300971],[-123.73460016,46.39151964],[-123.72438695,46.40529731],[-123.71983372,46.41995795],[-123.7253513,46.43608344],[-123.69479304,46.43838243],[-123.69066707,46.44050646],[-123.67604305,46.4425491],[-123.67191708,46.44467312],[-123.6675551,46.44678901],[-123.66165504,46.45293321],[-123.65729306,46.4550491],[-123.65300432,46.45725857],[-123.64795875,46.46765489],[-123.64250221,46.46754503],[-123.63395729,46.45865424],[-123.62680804,46.44390815],[-123.61979307,46.44050646],[-123.6156671,46.43838243],[-123.60562072,46.43512316],[-123.6031671,46.4175491],[-123.60037983,46.40940294],[-123.58775777,46.40112657],[-123.57604309,46.39883979],[-123.5682957,46.39618679],[-123.56521953,46.37729031],[-123.55516501,46.36763048],[-123.55527487,46.36230008],[-123.57543681,46.35738471],[-123.59191222,46.34355008],[-123.59687642,46.32776232],[-123.58685852,46.30831651],[-123.58020976,46.30508979],[-123.57543681,46.30263211],[-123.5658136,46.2926142],[-123.56117493,46.29050646],[-123.54753561,46.29517361],[-123.53648826,46.28679145],[-123.52583966,46.28425646],[-123.51775047,46.28842312],[-123.51145978,46.29046577],[-123.49125715,46.3074254],[-123.48780256,46.32864936],[-123.49217268,46.33713732],[-123.48443749,46.33315375],[-123.46978499,46.32604519],[-123.41354315,46.32383979],[-123.40525051,46.3175491],[-123.39479316,46.31133979],[-123.38025052,46.3007156],[-123.39025215,46.28596544],[-123.39421129,46.26972602],[-123.38943834,46.25578559],[-123.38291165,46.24951525],[-123.3711807,46.24258979],[-123.33472238,46.24724881],[-123.33025054,46.23100125],[-123.35108387,46.22592312],[-123.36058093,46.21871691],[-123.36808419,46.21090847],[-123.36768542,46.19133653],[-123.32831369,46.15925646],[-123.29220938,46.14949083],[-123.27293855,46.14777778],[-123.27191723,46.14883979],[-123.2675515,46.14990441],[-123.251233,46.156452],[-123.242026,46.160968],[-123.2384662,46.16202168],[-123.22924147,46.16827338],[-123.22588453,46.17862088],[-123.22618157,46.19313911],[-123.23557284,46.19671577],[-123.24479322,46.19046577],[-123.25108391,46.18633979],[-123.26371818,46.17573595],[-123.27833406,46.16864366],[-123.28837637,46.17381538],[-123.3044042,46.17605333],[-123.30729319,46.18256782],[-123.28437654,46.1862991],[-123.27595776,46.18845567],[-123.27625073,46.20268907],[-123.27395987,46.20713243],[-123.27191723,46.21162462],[-123.2760839,46.2237991],[-123.27938793,46.23397569],[-123.276031,46.24049018],[-123.2803767,46.24689887],[-123.28019359,46.25589138],[-123.27359366,46.2612991],[-123.25574699,46.25672553],[-123.24342603,46.26607205],[-123.24052076,46.27206163],[-123.23225253,46.28000841],[-123.2262304,46.28627062],[-123.22167311,46.28838243],[-123.21358392,46.28421577],[-123.20729323,46.28217312],[-123.20037999,46.27748969],[-123.19135086,46.26809028],[-123.17505448,46.26490831],[-123.16264807,46.25649767],[-123.15218665,46.24561306],[-123.13864498,46.23260037],[-123.1364762,46.22369331],[-123.13073076,46.21817166],[-123.11865801,46.21522976],[-123.10108396,46.20921577],[-123.0988338,46.20926053],[-123.09904539,46.21965278],[-123.09887856,46.22784776],[-123.10321206,46.23626248],[-123.10310626,46.24135688],[-123.07364664,46.23834581],[-123.06782795,46.23846381],[-123.06021077,46.23585558],[-123.03097087,46.23645372],[-123.02191733,46.24258979],[-123.01562664,46.24671577],[-123.007334,46.25300646],[-123.00104331,46.25713243],[-122.98827069,46.26785428],[-122.98233401,46.28008979],[-122.98020999,46.28421577],[-122.97816734,46.30092312],[-122.9561418,46.30575711],[-122.94458581,46.31358995],[-122.93604903,46.32661485],[-122.93650883,46.34914497],[-122.94066736,46.3612991],[-122.94276697,46.36990506],[-122.94691736,46.37796577],[-122.94899662,46.38437446],[-122.95422937,46.38940375],[-122.96101647,46.39646756],[-122.96775068,46.40088243],[-122.9749691,46.40577338],[-123.00345217,46.41338243],[-123.01562664,46.40921577],[-123.02191733,46.40717312],[-123.03875895,46.39235786],[-123.04270996,46.38421577],[-123.04691732,46.37800646],[-123.0498348,46.36901801],[-123.05272379,46.36550646],[-123.0677832,46.37766466],[-123.09145262,46.38228706],[-123.10002195,46.38211209],[-123.10334226,46.38217719],[-123.10729327,46.39070991],[-123.09898029,46.39869737],[-123.0953548,46.4172602],[-123.09268553,46.45815782],[-123.0928076,46.46415554],[-123.09694578,46.48435411],[-123.10665444,46.48906196],[-123.11205808,46.50020291],[-123.11775062,46.50296577],[-123.1281266,46.51133979],[-123.13617916,46.51524604],[-123.14270992,46.51967312],[-123.14734859,46.52192329],[-123.16358394,46.52588243],[-123.19239252,46.53834581],[-123.20118972,46.54049018],[-123.20717523,46.54671984],[-123.21358392,46.5487991],[-123.2177099,46.55092312],[-123.23265943,46.55456896],[-123.25322014,46.56346381],[-123.27056225,46.56310981],[-123.27812654,46.55921577],[-123.28233389,46.55717312],[-123.29494375,46.54658963],[-123.30333812,46.54676053],[-123.31562652,46.55508979],[-123.32075754,46.55758002],[-123.35682931,46.55684353],[-123.3656265,46.55088243],[-123.37686918,46.54868517],[-123.38643948,46.54888048],[-123.39277086,46.54459174],[-123.3979385,46.54469347],[-123.40709377,46.54451036],[-123.41161851,46.54683784],[-123.42538804,46.54655707],[-123.43437648,46.54046577],[-123.44483383,46.53842312],[-123.4551976,46.53055773],[-123.46566716,46.52800646],[-123.47710514,46.52507677],[-123.48854312,46.52800646],[-123.49944807,46.5300491],[-123.51998436,46.52584174],[-123.53231345,46.52609402],[-123.56078431,46.52551215],[-123.56657044,46.52849474],[-123.56990702,46.5387812],[-123.57981099,46.54829454],[-123.60144998,46.55088243],[-123.62240538,46.54551134],[-123.62604307,46.55300646],[-123.62953835,46.55979763],[-123.63927142,46.57261909],[-123.64664446,46.5797073],[-123.65671119,46.59240262],[-123.66358375,46.59463243],[-123.67154273,46.598734],[-123.67816707,46.60088243],[-123.68437638,46.60508979],[-123.69483373,46.60921577],[-123.70520971,46.61342312],[-123.72116022,46.61546577],[-123.73870986,46.6028437],[-123.73846165,46.59062446],[-123.74203831,46.58367459],[-123.7527927,46.56950222],[-123.75520969,46.55713243],[-123.76801486,46.54025418],[-123.7760837,46.53633979],[-123.78231336,46.53312934],[-123.79622937,46.54030301],[-123.80520967,46.53421577],[-123.80941702,46.53217312],[-123.81145967,46.52722114],[-123.801043,46.52383979],[-123.79643282,46.52146349],[-123.78898653,46.51371609],[-123.7948337,46.50508979],[-123.79895967,46.4913935],[-123.79270967,46.48217312],[-123.79050427,46.47763211],[-123.7906711,46.46958767],[-123.79517549,46.46968126],[-123.807293,46.47592312],[-123.81646862,46.47816108],[-123.83009166,46.47788439],[-123.83453502,46.48017117],[-123.84083791,46.48004503],[-123.8548353,46.4705561],[-123.85729298,46.45296577],[-123.86198455,46.44604438]]],[[[-123.43850652,46.7502965],[-123.43235825,46.73898465],[-123.42392319,46.73637641],[-123.39906562,46.72604112],[-123.39343411,46.72298123],[-123.39493964,46.69777778],[-123.39373522,46.67758328],[-123.39058987,46.67179308],[-123.38862047,46.66751248],[-123.38642321,46.66345974],[-123.38248848,46.65489448],[-123.37151436,46.64508816],[-123.33225656,46.64262641],[-123.31778717,46.64042914],[-123.30210521,46.63944444],[-123.30112051,46.64054308],[-123.28850658,46.64251248],[-123.28237051,46.64470974],[-123.27600658,46.64667914],[-123.26987052,46.65095974],[-123.26256258,46.65321804],[-123.25737052,46.66137641],[-123.25183667,46.66930284],[-123.24903719,46.68429308],[-123.24683993,46.69042914],[-123.243601,46.70091905],[-123.24695386,46.70709581],[-123.24909416,46.71175483],[-123.25430656,46.71640978],[-123.26118725,46.72411241],[-123.27161206,46.73342638],[-123.27392325,46.73845974],[-123.27870434,46.74530789],[-123.28259838,46.75379584],[-123.29053295,46.76088406],[-123.29301504,46.76629584],[-123.31166738,46.78296251],[-123.32381744,46.79178006],[-123.34487049,46.79459581],[-123.36197253,46.79824571],[-123.36799874,46.80772651],[-123.37409818,46.81317491],[-123.39267321,46.79667914],[-123.41753892,46.79280138],[-123.42880601,46.78493191],[-123.43225652,46.77376248],[-123.43653712,46.76345974],[-123.43850652,46.7502965]]],[[[-123.95435606,46.37870801],[-123.95293503,46.37259874],[-123.94683966,46.36137641],[-123.94487026,46.35709581],[-123.94267299,46.35304308],[-123.94051642,46.34606472],[-123.93258185,46.33897651],[-123.92722297,46.33055366],[-123.91153694,46.31653592],[-123.91405566,46.31244656],[-123.92226285,46.31691026],[-123.93225633,46.30798286],[-123.92811001,46.30171658],[-123.91454801,46.29685004],[-123.90308968,46.29470974],[-123.88950326,46.28906196],[-123.88119841,46.29835558],[-123.87808969,46.29262641],[-123.87507048,46.28285265],[-123.85835499,46.28111111],[-123.85737029,46.28220974],[-123.84244517,46.2884394],[-123.86535776,46.29082384],[-123.86607797,46.30289659],[-123.86190317,46.30314887],[-123.84192027,46.29887641],[-123.82554657,46.30120388],[-123.81362031,46.31574246],[-123.81558971,46.32595974],[-123.81778697,46.33001248],[-123.81992727,46.3346715],[-123.82843964,46.34227648],[-123.83668345,46.35150499],[-123.86642791,46.37744493],[-123.88404265,46.38864692],[-123.88700488,46.40138699],[-123.90573046,46.40917914],[-123.93016893,46.40519151],[-123.93636196,46.40182644],[-123.94490688,46.39790799],[-123.95169122,46.39359233],[-123.95156,46.390158],[-123.952273,46.381797],[-123.953699,46.378845],[-123.95435606,46.37870801]]],[[[-123.52600649,46.60241238],[-123.52403709,46.58417914],[-123.51975649,46.57804308],[-123.51668846,46.57136176],[-123.50519351,46.57204942],[-123.49214013,46.56961209],[-123.47738183,46.55309597],[-123.46142318,46.55095974],[-123.45112045,46.54876248],[-123.43752182,46.54777778],[-123.43653712,46.54887641],[-123.42450506,46.5511225],[-123.4051732,46.55709581],[-123.39886624,46.56149848],[-123.389064,46.56091661],[-123.37820381,46.56762641],[-123.37116443,46.56980333],[-123.34238026,46.58301134],[-123.3272232,46.59997911],[-123.3198705,46.6065465],[-123.3255427,46.61914415],[-123.33928374,46.62979275],[-123.36158598,46.63318631],[-123.38744453,46.63472846],[-123.40986884,46.63174588],[-123.42175034,46.63245388],[-123.44551336,46.62692817],[-123.45559636,46.62144721],[-123.46389307,46.62194363],[-123.47820377,46.61970974],[-123.48433984,46.61751248],[-123.49070377,46.61554308],[-123.4947565,46.61334581],[-123.50249169,46.60979357],[-123.50933983,46.60501248],[-123.52600649,46.60241238]]],[[[-123.4655695,46.89640245],[-123.46333155,46.87734728],[-123.45454249,46.87111762],[-123.44550115,46.87443793],[-123.43599594,46.86769965],[-123.40728909,46.87215115],[-123.39730374,46.87134956],[-123.39265286,46.8779088],[-123.38763984,46.88591661],[-123.37842354,46.89002631],[-123.38431953,46.90607449],[-123.37806953,46.90514676],[-123.37517647,46.90178982],[-123.3698542,46.89720405],[-123.36877185,46.89361111],[-123.3648656,46.89697618],[-123.36780749,46.90499213],[-123.3697362,46.91139676],[-123.37405749,46.91749213],[-123.37883858,46.92512967],[-123.39303128,46.93624213],[-123.40114081,46.93431342],[-123.40515286,46.93207547],[-123.43437648,46.92963406],[-123.45098617,46.9154088],[-123.45908757,46.91179552],[-123.4655695,46.89640245]]],[[[-123.50928286,46.8345657],[-123.49974511,46.81834256],[-123.490305,46.80541938],[-123.48219954,46.80310004],[-123.47131087,46.79670356],[-123.45418848,46.79569444],[-123.45326075,46.79685004],[-123.43636622,46.79870551],[-123.42758937,46.80572456],[-123.41992743,46.821199],[-123.42409409,46.83203885],[-123.42610418,46.83905789],[-123.43265936,46.84430691],[-123.43952784,46.85288439],[-123.45123438,46.85541938],[-123.46136621,46.86351671],[-123.47302799,46.86537218],[-123.48011621,46.86120551],[-123.49076073,46.85935004],[-123.50649559,46.84676866],[-123.50928286,46.8345657]]]]}},{"type":"Feature","properties":{"id":"19110","name":"White Mountains","ancestry":["12159","12218","12385","11202","15510","16955","19110"]},"geometry":{"type":"MultiPolygon","coordinates":[[[[-120.96524494,47.99675239],[-120.96128987,47.99067735],[-120.95958902,47.9861282],[-120.9571232,47.98234402],[-120.95542236,47.97779487],[-120.94462321,47.96567735],[-120.94292236,47.9611282],[-120.94045654,47.95734402],[-120.9387557,47.95279487],[-120.93212321,47.94484402],[-120.92974691,47.93848823],[-120.91962322,47.93651069],[-120.91583904,47.93404487],[-120.91128989,47.93234402],[-120.90333904,47.92571153],[-120.89793947,47.92486111],[-120.89286541,47.92812039],[-120.88426353,47.92993517],[-120.88036542,47.93228706],[-120.8759302,47.93410183],[-120.87203209,47.93760932],[-120.87619875,47.9445185],[-120.87801353,47.94895372],[-120.88036542,47.95285183],[-120.8821802,47.96562039],[-120.89286541,47.97785183],[-120.89468019,47.99478706],[-120.89703208,47.99868517],[-120.89884686,48.03645372],[-120.90536541,48.0445185],[-120.90838868,48.05191189],[-120.91578207,48.05493517],[-120.91968018,48.05728706],[-120.92710612,48.06027778],[-120.92988933,48.05028022],[-120.93869873,48.02812039],[-120.94111165,48.01667833],[-120.94676351,48.0132685],[-120.95855956,48.01077827],[-120.96043944,48.00402778],[-120.96524494,47.99675239]]]]}},{"type":"Feature","properties":{"id":"19576","name":"Santa Lucia Range (nn)","ancestry":["12159","12218","12385","12444","17045","17049","19576"]},"geometry":{"type":"MultiPolygon","coordinates":[[[[-121.94684043,36.49109239],[-121.9427877,36.48209581],[-121.94059043,36.47804308],[-121.93862103,36.47167914],[-121.92985232,36.46036323],[-121.93055626,36.44858344],[-121.92230838,36.43340603],[-121.91975711,36.42387641],[-121.91705529,36.40369005],[-121.90641076,36.39418077],[-121.90768843,36.37277778],[-121.90718794,36.36444444],[-121.9078634,36.3531448],[-121.89927372,36.34547065],[-121.89662886,36.33559923],[-121.89718062,36.3263534],[-121.84,36.32],[-121.76,36.37],[-121.69,36.42],[-121.67849823,36.44683746],[-121.6822572,36.44887641],[-121.6865378,36.45084581],[-121.69059053,36.45304308],[-121.69487113,36.45501248],[-121.69892386,36.45720974],[-121.70737112,36.45917914],[-121.71333629,36.46241808],[-121.71559052,36.46970974],[-121.71791799,36.47399441],[-121.72189748,36.47375841],[-121.72935191,36.47420193],[-121.73642385,36.47804308],[-121.74213266,36.48066759],[-121.74475718,36.48637641],[-121.76624968,36.50976915],[-121.77403776,36.51334581],[-121.7780905,36.51554308],[-121.78237109,36.51751248],[-121.78642383,36.51970974],[-121.79487109,36.52167914],[-121.80210579,36.52560981],[-121.81063036,36.52097521],[-121.82066454,36.52874702],[-121.82608446,36.52580105],[-121.82710578,36.52694444],[-121.83653774,36.52792914],[-121.84684047,36.53012641],[-121.86576543,36.53307644],[-121.87916874,36.54035997],[-121.88414107,36.54065701],[-121.90119429,36.53453722],[-121.90923872,36.53406114],[-121.91712446,36.53834581],[-121.92372032,36.53281603],[-121.92979535,36.52601671],[-121.93825889,36.52213487],[-121.94070437,36.51762641],[-121.94267377,36.49876248],[-121.94684043,36.49109239]]]]}}]}
