{
  "type": "FeatureCollection",
  "provenance": {
    "authority": "U.S. Census Bureau",
    "dataset": "TIGERweb Generalized ACS 2025 Counties 500K; Washington (STATE=53)",
    "sourceUrl": "https://tigerweb.geo.census.gov/arcgis/rest/services/Generalized_ACS2025/State_County/MapServer/11/query?where=STATE%3D%2753%27&outFields=STATE%2CCOUNTY%2CGEOID%2CNAME&outSR=4326&f=geojson",
    "metadataUrl": "https://tigerweb.geo.census.gov/arcgis/rest/services/Generalized_ACS2025/State_County/MapServer/11?f=pjson",
    "sourceSha256": "sha256:de4849583453e0e5de34c2577a51b216ffb1c5d24bfd11859bbd7b5d2dbaa52b",
    "sourceByteLength": 848519,
    "retrievedAt": "2026-09-29T06:07:50Z",
    "vintage": "2025-01-01",
    "license": "U.S. Census Bureau geographic data, U.S. federal government public domain; source attribution retained. Generalized mapping geometry, not a legal boundary survey.",
    "normalization": "All 39 returned Washington counties are retained. Feature.id is set to the source GEOID, and features are sorted by GEOID. Source fields and every coordinate are unchanged.",
    "limitations": [
      "County boundaries are generalized at 1:500,000 scale. Coastlines, islands and boundary margins are not a survey or proof that every real-world start lies inside the generalized geometry.",
      "These units partition the declared start-selection territory. They do not establish trail completeness, legal access, build feasibility or current conditions.",
      "Existing reviewed start footprints and approach neighborhoods remain additional coverage. The recipe US-only limit and explicit exclusions still apply; county geometry cannot expand those limits."
    ]
  },
  "features": [
    {"type":"Feature","id":"53001","properties":{"STATE":"53","COUNTY":"001","GEOID":"53001","NAME":"Adams County"},"geometry":{"type":"Polygon","coordinates":[[[-119.36937700044646,46.79559099990059],[-119.36942900032498,46.73769499978014],[-119.24387999987228,46.7382900002736],[-119.19558099974493,46.73821400019145],[-119.17646999964208,46.73804000018314],[-119.11237600002748,46.73786799985665],[-119.08079700002533,46.73776099997445],[-118.98434000023596,46.736520000075316],[-118.8985999997025,46.73606999994442],[-118.70633800005193,46.73580499978649],[-118.70306199961927,46.73563000015308],[-118.69385699973382,46.73594600028821],[-118.65158999988978,46.73590600013967],[-118.54771699959485,46.73656299989812],[-118.5054709996672,46.73661999986806],[-118.35888100016474,46.73662299999443],[-118.33924700000516,46.737340999989726],[-118.21024299991798,46.73883299991495],[-118.2054710000084,46.73971400005421],[-118.20271299960959,46.743390000145936],[-118.19908999974565,46.747042000067104],[-118.18992099984521,46.75146700027605],[-118.18599599985745,46.7494000001869],[-118.18425900035609,46.747882999758076],[-118.1790780001926,46.74688600002992],[-118.17783100023767,46.74690800025187],[-118.16964999982608,46.746630000032255],[-118.16305000017854,46.746539000293225],[-118.16148199983327,46.74708199995653],[-118.15504600021725,46.753377000021146],[-118.15653599984641,46.75569599981146],[-118.15606999969111,46.75935300002431],[-118.15505000041523,46.75953499977378],[-118.14986400022885,46.75852400016093],[-118.14780799998695,46.75862200028471],[-118.14609999989958,46.75992099972352],[-118.14255700040155,46.76031100003689],[-118.13508300016971,46.760116000233076],[-118.12609500001925,46.76138900015038],[-118.11714299985377,46.76491999986794],[-118.11644300024501,46.766204000282684],[-118.11221500030858,46.76843099980722],[-118.11092599962257,46.77102699988095],[-118.10960599987273,46.77220599970236],[-118.10579800006082,46.77347699987526],[-118.10145399977343,46.7724969999625],[-118.09996999999206,46.77307000024223],[-118.09807600013185,46.77618500030423],[-118.09539999974882,46.77898599970291],[-118.09244899990453,46.77763000019891],[-118.08555800000384,46.776597999883144],[-118.08462300021846,46.775369999786584],[-118.08075299958399,46.775239000095624],[-118.07819299955193,46.77606500013805],[-118.07450500028895,46.776544000101794],[-118.07270299959193,46.77602899972844],[-118.07253100006281,46.77372199983563],[-118.07031199961428,46.77245399988564],[-118.05275700016114,46.76977799984024],[-118.04797799968055,46.768224000236536],[-118.04443799965726,46.76916400029121],[-118.04187299960233,46.77115700016185],[-118.04173500040841,46.774515000053036],[-118.04113100016082,46.77653199986962],[-118.03940499963178,46.78014200016809],[-118.03689700037656,46.78422500016795],[-118.03586100030886,46.78501699993698],[-118.0294940002898,46.786667000167725],[-118.02852000014637,46.78780599978829],[-118.02575099987695,46.78783299988159],[-118.02295099964536,46.78551299987939],[-118.0217289998048,46.78324599983067],[-118.0198409997924,46.78299800013669],[-118.01556699982518,46.78487299995097],[-118.01459799970462,46.78657699990472],[-118.01460000025274,46.789065000279216],[-118.01244199990359,46.79077999984135],[-118.01362399956118,46.79301199985695],[-118.01565700023687,46.793797000066014],[-118.01703700026115,46.79601299974781],[-118.01791400032022,46.79911500014187],[-118.01637299973913,46.80414100013184],[-118.0173550002785,46.805468000201174],[-118.01802499975,46.80910600012986],[-118.01988099997537,46.81215399969846],[-118.01932600013158,46.814810000100834],[-118.01824400003312,46.815389000130544],[-118.01290499968586,46.814567999711706],[-118.01157499989029,46.81480599979335],[-118.00760200022195,46.81712099999198],[-118.00670800044446,46.81861399985031],[-118.00364700009698,46.82016500030278],[-118.00108000039224,46.82057299992212],[-117.99752399957711,46.82254399973364],[-117.99788199977739,46.82341299979857],[-117.9990509999145,46.825170000307],[-117.99825699969611,46.827698000211555],[-117.99692400042578,46.829730000252376],[-117.99242199995463,46.83193400018301],[-117.9923419995887,46.8332840002271],[-117.99369400002391,46.83524199992918],[-117.99170800010221,46.83673199977997],[-117.99168200016294,46.83755499997185],[-117.99222600013606,46.838065000105594],[-117.99782800024904,46.83785300012943],[-118.00339199982885,46.8388129998209],[-118.00417699982641,46.8400749999836],[-118.00506300010629,46.843601999968485],[-118.00409300016082,46.84537100005781],[-118.00474400026405,46.84747500028472],[-118.00411999992498,46.84837199974384],[-117.99933299994679,46.84985599988696],[-117.99578600025082,46.85166600023199],[-117.99246700016047,46.85413300016763],[-117.98837200029341,46.85808499993071],[-117.98827100001107,46.86072900026161],[-117.98711299974461,46.862028000295176],[-117.98324300000846,46.86224299996359],[-117.97664400018584,46.86329099984424],[-117.97285800011525,46.86612399971422],[-117.97090700035363,46.867215999795725],[-117.96709899964344,46.91483100010491],[-117.95933499988166,46.91481100020623],[-117.95961299971603,46.929578999784276],[-117.95961199989111,46.93148800029652],[-117.96000899955114,47.017100000265145],[-117.95955400016479,47.06098099994365],[-117.95973499991474,47.072602000043354],[-117.96005600030512,47.11929399995431],[-117.95984000039506,47.12234100027611],[-117.96042500037606,47.22108600005699],[-117.96092999999112,47.26056799976666],[-118.07053599992027,47.260168000297085],[-118.07932099968114,47.26025700021947],[-118.08629799979555,47.26064600024081],[-118.10743300035325,47.26095699994163],[-118.14190999959796,47.26105999975544],[-118.14421899955985,47.261166999882505],[-118.20880400034244,47.2611760001226],[-118.23035699957826,47.26114699974982],[-118.25195400009335,47.26122299972604],[-118.27331300005872,47.26120000014581],[-118.29487200004066,47.26118900026357],[-118.3202559995529,47.26079399976169],[-118.32152400032253,47.26088400028964],[-118.44474499964842,47.260835000116025],[-118.55729300009938,47.26110000007895],[-118.97977699966545,47.26170900023518],[-118.9799340000243,47.2325669999364],[-118.97989700021436,47.20339799980354],[-118.98077599992322,47.174133000273955],[-118.98122199998707,47.084211000254875],[-118.98126800001783,47.071926000247565],[-118.98152400011085,47.04855399983266],[-118.98146399983641,47.045442999976345],[-118.98151900008799,47.04520599990637],[-118.98210900009188,46.956616000112426],[-118.9826520002401,46.91134399981589],[-119.07900500027239,46.91179999974567],[-119.09394199996716,46.91188399993938],[-119.13606999989405,46.91222000001129],[-119.15348999962798,46.91224000026327],[-119.21715999981834,46.91222000001129],[-119.23735200019475,46.912225999719446],[-119.2809200004204,46.912521999830744],[-119.36866199987077,46.912562000101836],[-119.36891999961365,46.87253900014262],[-119.36856700033452,46.86873400017106],[-119.3691420002698,46.82003499972244],[-119.36921599988963,46.80996999997631],[-119.36937700044646,46.79559099990059]]]}},
    {"type":"Feature","id":"53003","properties":{"STATE":"53","COUNTY":"003","GEOID":"53003","NAME":"Asotin County"},"geometry":{"type":"Polygon","coordinates":[[[-117.47998800036032,46.12199400007628],[-117.47993513270922,45.997869469353994],[-117.4753600003908,45.99785500021552],[-117.47514799978036,45.99789300026131],[-117.43994300043953,45.998633000285835],[-117.39073799994081,45.99859799987517],[-117.38213120347442,45.99807214610293],[-117.35392800044475,45.9963489996923],[-117.33766799972881,45.99866199993181],[-117.28051332758054,45.99851738470988],[-117.2167310002504,45.99835599988892],[-117.21453400044149,45.99832000021314],[-117.21261600029185,45.998320999927095],[-117.09018677875231,45.99762456435361],[-117.07004700013832,45.99751000006754],[-117.05130400028148,45.996849000155315],[-116.9858819996228,45.996974000033234],[-116.94068099965288,45.996273999701245],[-116.91598900025177,45.99541300026057],[-116.91718000013017,45.99657500004924],[-116.91867999980506,45.999874999741905],[-116.9211610001944,46.01353100005509],[-116.9230049998259,46.0182930001132],[-116.92759000013774,46.02039799993186],[-116.92984899987094,46.02358300020915],[-116.93035699985903,46.03239200012989],[-116.92967999981653,46.03467799993368],[-116.9317059999212,46.039651000236084],[-116.93586100006272,46.04358899971617],[-116.93905100028164,46.04493599985587],[-116.94346900018888,46.05441499998714],[-116.94265599970392,46.06100000030194],[-116.94856400013865,46.06793300026001],[-116.95737200036407,46.0754490000078],[-116.96041600009482,46.076346000289895],[-116.9631900003871,46.07590500021217],[-116.97000900031776,46.07676900010521],[-116.9789380000187,46.08000699989495],[-116.98196199965794,46.084914999991916],[-116.98247899986688,46.089389000237176],[-116.98249800013343,46.091346999794276],[-116.98174699957278,46.092881000238904],[-116.97882300039096,46.09573099970404],[-116.97695700011984,46.09667000030275],[-116.97405800015409,46.097707000115335],[-116.95954800025658,46.099057999736466],[-116.95526300041871,46.102237000085786],[-116.9512649997377,46.11116099972006],[-116.95098000023069,46.11885299991901],[-116.95027600042398,46.12346399972417],[-116.94833599963471,46.125885000055035],[-116.94295100015502,46.12927399989362],[-116.94059299978933,46.13242599988137],[-116.93583299957533,46.13568400023317],[-116.93394899976087,46.13892000018493],[-116.93547299972519,46.142447999764194],[-116.93437999975609,46.15422900010968],[-116.93060000043162,46.15682200009793],[-116.92264800034886,46.160744000015576],[-116.92125800027881,46.164795000001675],[-116.92187000002399,46.16780799994885],[-116.92395800005295,46.17092000011957],[-116.92762100009988,46.17318000007914],[-116.93357100036742,46.17361800013921],[-116.93973400017195,46.179535999973616],[-116.9396110001483,46.1818899996895],[-116.94172400029161,46.185034000033184],[-116.95241600033148,46.19351399995118],[-116.9548148156521,46.19491600004644],[-116.96296600008111,46.199679999881674],[-116.96584099975746,46.20341699981644],[-116.96656899985359,46.20750099978147],[-116.96613000036076,46.20945300014524],[-116.95942799970764,46.21981199990907],[-116.95603099979952,46.22597599996201],[-116.95526400024363,46.230879999846756],[-116.95880099989387,46.24231999982761],[-116.9643789997174,46.25328200001011],[-116.96674200010594,46.25692299979238],[-116.97029800002278,46.261232999720775],[-116.97259100009113,46.26327100021149],[-116.97605400012152,46.26600999992229],[-116.98739100041686,46.27286500000331],[-116.99113399993144,46.27634200007648],[-116.99142199981151,46.27846700021202],[-116.99089399973188,46.280371999946],[-116.9849100000275,46.28973799992072],[-116.98462999964504,46.29270499987178],[-116.98668800043505,46.296661999810205],[-116.9897940000901,46.299394999982795],[-116.99725999992603,46.30315099969301],[-117.00748599981057,46.30530200007189],[-117.0164129998617,46.31123600004254],[-117.02066300043774,46.31479300022268],[-117.022292999809,46.3174699997433],[-117.02293899988938,46.32017499979893],[-117.02342400031127,46.32642699992585],[-117.0227060002609,46.32899000018799],[-117.02313940324949,46.33463402564659],[-117.02314899995166,46.33475900026623],[-117.02384400043584,46.33597599977169],[-117.02774400030923,46.33875099999089],[-117.030671999689,46.34031499969464],[-117.03445000026198,46.34132000019506],[-117.04546899964168,46.342490000247814],[-117.0517350002767,46.34383300014007],[-117.0536853703193,46.34461259689055],[-117.05598300030464,46.3455310001653],[-117.05946542550475,46.34810150236641],[-117.05998279402293,46.34848339016316],[-117.06070300033569,46.34901499990488],[-117.06262999980785,46.3525219997495],[-117.06274799980862,46.35362399974378],[-117.06278499961853,46.36528699995501],[-117.06127623597973,46.36742008029152],[-117.06104499974414,46.36774700014334],[-117.0575159995915,46.37139600016988],[-117.05305470537913,46.37469476234405],[-117.05177499956136,46.37564099983135],[-117.04947399999537,46.37681999976712],[-117.04691499978824,46.37957700019113],[-117.0419500004331,46.39215999990787],[-117.04173699999778,46.39519499991625],[-117.04149814335362,46.39594475474952],[-117.04146705266166,46.3960423442699],[-117.04065544636201,46.39858992045754],[-117.03828200036331,46.40604000001922],[-117.03645499955195,46.40779200002471],[-117.0362075675901,46.408395627061914],[-117.03554499988093,46.410011999807004],[-117.0346960003093,46.41831800022173],[-117.03562614919211,46.420450464785105],[-117.03566261091119,46.420534056010354],[-117.03656199968206,46.42259599982852],[-117.03965250429675,46.42528533752756],[-117.03981300000035,46.42542499985449],[-117.03981207473562,46.42590412343843],[-117.04832300029994,46.42914999984358],[-117.05291699993428,46.43001400022365],[-117.05542199971475,46.4298729998929],[-117.05791499979966,46.429732999756865],[-117.06155600010528,46.428774000239876],[-117.06753700033495,46.42699300024601],[-117.06837400021104,46.42659300005915],[-117.07219899974137,46.424717000118726],[-117.07531199996738,46.42294099979251],[-117.08084200011034,46.42061400027554],[-117.08615399979507,46.41735399969909],[-117.08946000036494,46.416779000108946],[-117.09288400003727,46.41699299999591],[-117.09622099967099,46.4177070000604],[-117.09817200033089,46.418816000059756],[-117.10181500028635,46.41980299985171],[-117.11018900014348,46.42029199996832],[-117.11703400001343,46.421118000169606],[-117.12862999987651,46.425824999943146],[-117.13186199992822,46.42701600002512],[-117.14446399972182,46.43022100003527],[-117.15159099962403,46.430560999793464],[-117.15588600040594,46.42997900000434],[-117.1636829997797,46.4278860000224],[-117.16982399984293,46.42602400011685],[-117.17441500000254,46.42438999970268],[-117.17962399975512,46.42218999972559],[-117.18597900007862,46.42092500003813],[-117.18970200039999,46.42047299978076],[-117.19671399977618,46.42002499996572],[-117.19985999961418,46.42017699979579],[-117.20862799965661,46.42370700018736],[-117.21070599963981,46.424786999862015],[-117.21355600010013,46.427715999804924],[-117.21448699968754,46.43037199999118],[-117.21450599995411,46.432238000160844],[-117.2128949999511,46.43601699998538],[-117.2086970001519,46.443148000024884],[-117.20609100008907,46.44604799982223],[-117.20579200033832,46.44748599999549],[-117.20653200013004,46.44887400010467],[-117.20842000014244,46.45013000000122],[-117.21226499976427,46.454781999714456],[-117.21542400002105,46.45718400025847],[-117.22172599974274,46.46030199975566],[-117.22574000031727,46.4612489997146],[-117.2281200004243,46.46224499995083],[-117.22800900009621,46.46072899978715],[-117.22879599974358,46.41130599999888],[-117.35598200013854,46.41218700026817],[-117.35576399968033,46.397645000065495],[-117.39842899990764,46.397995999949025],[-117.3983410000441,46.383456999876834],[-117.41933400031158,46.383139000266105],[-117.42077000041236,46.338659999933164],[-117.42075299979565,46.29415500018221],[-117.41956000026738,46.29415600012424],[-117.4194330000458,46.279293000139845],[-117.419427000198,46.277590000224656],[-117.41956699994009,46.20654899999394],[-117.41948199955127,46.121956000042246],[-117.47998800036032,46.12199400007628]]]}},
    {"type":"Feature","id":"53005","properties":{"STATE":"53","COUNTY":"005","GEOID":"53005","NAME":"Benton County"},"geometry":{"type":"Polygon","coordinates":[[[-119.87508400017163,46.57728299984701],[-119.87672500031182,46.562733000263],[-119.87422100035627,46.5627600000167],[-119.87420100026479,46.534003000163466],[-119.87448099974894,46.517756999948624],[-119.87428699958016,46.47641200006845],[-119.87359500036736,46.31684399995015],[-119.87364399987285,46.30219500025441],[-119.87369099972852,46.302089000137634],[-119.87359100016941,46.27300399984421],[-119.87345499972697,46.263875999808974],[-119.8734370001836,46.25104099993094],[-119.87336299966545,46.22917999998929],[-119.87356199985709,46.21460500021641],[-119.86653700006211,46.214576999728344],[-119.86665300041305,46.19599800028007],[-119.8666559998878,46.195366000242814],[-119.86669799972061,46.1870589998664],[-119.86559499970572,46.127152000246596],[-119.86582900005747,46.040857999810406],[-119.8671920003633,46.02577500010203],[-119.86714600033257,45.99649699987572],[-119.8675299995738,45.952618000166765],[-119.8678869999492,45.851045000285865],[-119.86767299968895,45.844167000057595],[-119.86827203674457,45.835940714584616],[-119.8681349996463,45.83596199979221],[-119.80265500015963,45.84752999969969],[-119.77292700035999,45.84557800015109],[-119.729909361078,45.85029052915669],[-119.67219987054565,45.85661253241257],[-119.66987699969745,45.85686699984473],[-119.62339299978758,45.90563899984867],[-119.60054900021592,45.91958100017639],[-119.5715839997742,45.92545599970459],[-119.53694652099554,45.91302466253595],[-119.5246320000592,45.90860499995038],[-119.48782900023583,45.90630699981534],[-119.45623844161094,45.91559507678685],[-119.45025599958525,45.9173539999262],[-119.43214995377387,45.918250445618575],[-119.3643960002995,45.921605000128615],[-119.35692787504959,45.92366926680444],[-119.32250900039703,45.933183000136594],[-119.31277961165942,45.934186767678895],[-119.2657814600984,45.93903550399745],[-119.25715000038588,45.93992600017479],[-119.22574499956266,45.93272499977828],[-119.20434937348654,45.92928711264214],[-119.1955299996913,45.92787000005965],[-119.16949599990072,45.92760299982346],[-119.14139017155293,45.93100866733203],[-119.126120000194,45.93285900004809],[-119.093221000442,45.94274500019145],[-119.0614619996165,45.95852699984924],[-119.0270559996186,45.969133999846186],[-119.00855799998415,45.97926999993489],[-118.98719609037558,45.99979055180612],[-118.98725799957002,45.9998549997806],[-118.98384999979119,46.002464999788984],[-118.98254900030793,46.003545000055],[-118.96170300035352,46.019332999960746],[-118.95901299972682,46.020767999753424],[-118.9526750000201,46.02328999993578],[-118.94416600044372,46.02566400011404],[-118.94165599974208,46.026979999996634],[-118.94121200022637,46.03001500021092],[-118.94409600012355,46.03862799994652],[-118.94704799979276,46.043631000087444],[-118.94773800025408,46.047541000078155],[-118.94718800043317,46.05144000012263],[-118.94562699976058,46.05577400015041],[-118.94282200040446,46.06263300003461],[-118.94195000036827,46.065325000258206],[-118.94169900029809,46.068067000057866],[-118.9423050001955,46.07442000026013],[-118.94298399988784,46.076393000291006],[-118.94649899979677,46.08288199987279],[-118.95066999983182,46.08936399995282],[-118.95807200009365,46.09893800024512],[-118.96102999961066,46.10403399971116],[-118.96258799991018,46.107874999950454],[-118.96407199969155,46.110372999695336],[-118.96784000021881,46.11560499990419],[-118.96901400037876,46.118816000234844],[-118.96710600027488,46.12279600015316],[-118.9666290002489,46.12507799993679],[-118.96679999995312,46.1275420002171],[-118.96804899955785,46.13083400030761],[-118.97411500017631,46.13878900030559],[-118.97944199992968,46.14443600005548],[-118.98103700003914,46.146554999893915],[-118.9846099996744,46.14913800014043],[-118.99501999968197,46.15943499993561],[-119.00050600034227,46.16405099984338],[-119.00485300010443,46.16716299979581],[-119.00958800020409,46.17123400005212],[-119.01420600012787,46.17619899992104],[-119.01750900032472,46.178614000101945],[-119.02756500032993,46.18510399969352],[-119.04149799974405,46.19266700030677],[-119.04564500038795,46.19528699980485],[-119.05438300029317,46.19867099989582],[-119.06146499998955,46.20076800012444],[-119.06518300028806,46.20217299969407],[-119.0735449995513,46.20575300020699],[-119.07937000014536,46.207874999935356],[-119.08900000017825,46.21093899977225],[-119.09655999972554,46.214357000280586],[-119.09758099972464,46.21496400019224],[-119.10119600009098,46.21712200028535],[-119.10450199976253,46.218487999911005],[-119.11323700019304,46.22156400027384],[-119.11982000012213,46.22330100016847],[-119.12574899957492,46.22447499996638],[-119.13523899986572,46.22577699970494],[-119.13543200020958,46.225794999988956],[-119.14859200022002,46.22688399997754],[-119.15904999990815,46.22668799969575],[-119.16800399972342,46.22741099984873],[-119.17329700003992,46.22856399969717],[-119.18121700033561,46.23101200029241],[-119.18713200044303,46.232804999965396],[-119.19159700020595,46.23342699997458],[-119.19883500043626,46.23427100005904],[-119.20127900011735,46.23481900024351],[-119.20336299994838,46.235341000251346],[-119.20703000019327,46.23681700027189],[-119.21044800001782,46.23893399970813],[-119.21203999975423,46.24053500029006],[-119.21723699981123,46.24480099989006],[-119.22784900038347,46.252997000075474],[-119.23287300018814,46.257580999913266],[-119.23678700030524,46.26108100019926],[-119.23823099990364,46.26208399995501],[-119.24250800024389,46.264346999788415],[-119.24335199979267,46.26473900016677],[-119.24375100000084,46.26490099989751],[-119.2451350002231,46.265605000128275],[-119.24704199960377,46.26635600004434],[-119.2472039999855,46.26638800013557],[-119.25680100040641,46.26829500019574],[-119.25998099968128,46.269354000020805],[-119.26585399995591,46.273987999723786],[-119.26629499999686,46.27465999977167],[-119.26698499955985,46.27565099981783],[-119.26759800002827,46.2777519998492],[-119.26747599982953,46.28264799983082],[-119.26688800037377,46.285717000142405],[-119.26626099966167,46.28748499995359],[-119.26374300036073,46.29217499972374],[-119.25722800020367,46.29961300018755],[-119.25485899996731,46.30328000003974],[-119.25248999973095,46.30704200017067],[-119.25142799972399,46.30936800016181],[-119.25022599997493,46.31475399979565],[-119.25067600023672,46.31938400015331],[-119.25175199958909,46.324280999764284],[-119.25257400029486,46.32963199983607],[-119.2536539998452,46.33487099990898],[-119.25693199992766,46.34540799980762],[-119.25943699970814,46.3486229998567],[-119.26258900029222,46.35124100001719],[-119.26266999958476,46.35133299973395],[-119.26380699993481,46.3527519998705],[-119.26720600039111,46.36419100025083],[-119.26936800003993,46.37029500011569],[-119.26945199970551,46.37422500011384],[-119.266438000112,46.37856400014094],[-119.26560200006081,46.38122400003475],[-119.26499199996545,46.39224700007537],[-119.26552400024299,46.397150999869204],[-119.26663999977836,46.400550999954895],[-119.2668559996884,46.4032839997047],[-119.26547999986207,46.41019399997572],[-119.26330899999246,46.41455000005368],[-119.26290200028669,46.417141000161564],[-119.26184600012746,46.42187299986017],[-119.26056400001247,46.42630799990002],[-119.25914100033044,46.4336470002978],[-119.25916100042193,46.43572599997293],[-119.26148299990433,46.44159800008439],[-119.26333099973375,46.452134000282555],[-119.26334099977949,46.453722999696154],[-119.2613280000936,46.46450600004097],[-119.26111300000845,46.46827300022808],[-119.26142699982782,46.47034500018249],[-119.26340199987887,46.476291000078135],[-119.26405800000498,46.478702000074264],[-119.26318699979372,46.481701999711944],[-119.26004000013083,46.48444999995562],[-119.25880499987147,46.486356000279486],[-119.25843300032581,46.4894649999541],[-119.25985199980984,46.49655399969115],[-119.26745699956294,46.51443399972404],[-119.26904199962667,46.5191699998955],[-119.27032000044206,46.52131099980895],[-119.27520000030664,46.52533200019733],[-119.27699299988451,46.526343000266664],[-119.28699100016343,46.53097899983666],[-119.29165400029308,46.53283000007562],[-119.30043099965803,46.53668400014935],[-119.30395599961268,46.53848999985622],[-119.30523299970483,46.53936100026647],[-119.30900000040715,46.5440969999505],[-119.31080399985566,46.54685699981284],[-119.315918000072,46.553172000085695],[-119.32234100016753,46.559643999905205],[-119.32673200031064,46.56324700003775],[-119.32975000010207,46.56527700004635],[-119.33237200005841,46.56648100008325],[-119.34685099999379,46.57149900001334],[-119.35410599994253,46.574806000266044],[-119.36207800011677,46.579077999781944],[-119.36495600016613,46.580935999928215],[-119.36736100038749,46.582656000289724],[-119.36866600006874,46.58427399980268],[-119.37162100011102,46.58645099980862],[-119.37315699977091,46.58836899980597],[-119.37904299956601,46.59383999981587],[-119.39795200000252,46.60834299998117],[-119.4040119998749,46.614078999966765],[-119.40529399998992,46.61603900015919],[-119.40681600030442,46.61967600021495],[-119.40800700018285,46.62677299999988],[-119.4080819996276,46.6309420001668],[-119.40731099987374,46.63543499972294],[-119.40713500014665,46.640428000223245],[-119.4074120001561,46.6424730000629],[-119.40877700011178,46.64688100022443],[-119.41304600005611,46.65263100010819],[-119.41692500001311,46.655619000113695],[-119.41984300024548,46.657002000140984],[-119.42493599964709,46.65845199978445],[-119.43326400037179,46.66051599980397],[-119.4429300003897,46.66425199976903],[-119.44793499992777,46.66662600011445],[-119.45599300031574,46.67103300029493],[-119.45745899965546,46.673095999785446],[-119.45699300039846,46.67622999978553],[-119.45318999971111,46.679243000136715],[-119.45050500000558,46.68226400008779],[-119.44973400025174,46.68473700024343],[-119.44992599987235,46.686241000146495],[-119.452288000436,46.689195999709455],[-119.45859799965532,46.692837999710385],[-119.46487299961287,46.696913000240805],[-119.47682000000356,46.70654499974285],[-119.48147899993523,46.71065599983459],[-119.48576299994818,46.71566800024265],[-119.49152700044286,46.71958700012926],[-119.4950719995907,46.72098099976404],[-119.5011180001177,46.72470500003723],[-119.50501600034127,46.726157999837724],[-119.51138800038318,46.72768700015806],[-119.51658200006713,46.7276380000109],[-119.51845599983585,46.726781000092686],[-119.52613000008428,46.72116299976022],[-119.52930199986152,46.71791599991704],[-119.53468100039171,46.70964400028881],[-119.53946900019481,46.70671400022449],[-119.54576400024385,46.70150799994288],[-119.54993299973076,46.69773199993395],[-119.55428399969087,46.694233000208484],[-119.55843700018255,46.691382000267545],[-119.56243400014033,46.68812100014359],[-119.5712189999012,46.67943199985779],[-119.58168400016035,46.66990600021573],[-119.58900100003336,46.664870999772],[-119.59539599964151,46.66110899996884],[-119.60113500002183,46.65730900011471],[-119.60758400005665,46.653910000204334],[-119.61847899958778,46.647583000030274],[-119.62552199982443,46.64466900003095],[-119.6323270004097,46.64296499993155],[-119.63715399967256,46.6423550002214],[-119.64123600001912,46.641327000153936],[-119.64456799962994,46.64110100018016],[-119.64780499970452,46.64035499978237],[-119.65196599969383,46.64006199972551],[-119.65918899985553,46.64033299990058],[-119.66177200035212,46.64066999985658],[-119.66553999998105,46.64141699997888],[-119.67105800042843,46.64295300018355],[-119.67712499997347,46.64536700023111],[-119.68112199993126,46.64650199974519],[-119.69219399991273,46.64821700024427],[-119.6963659997727,46.648572999958475],[-119.70446099997058,46.64892599972773],[-119.71105700031848,46.648818000233305],[-119.71905299988383,46.647448999844976],[-119.72708100013459,46.6447629998352],[-119.73348199959048,46.64230799978949],[-119.74297000023147,46.63793899973938],[-119.75097199964462,46.63566199978117],[-119.76145799982018,46.6354169997537],[-119.765458000151,46.63516699990396],[-119.77664899995813,46.63374000020299],[-119.78269600031004,46.633424999879246],[-119.78811599994984,46.632326000060445],[-119.79289299988226,46.631786999976356],[-119.80051600007705,46.63055400012057],[-119.80545700004105,46.6298929999402],[-119.81490299995089,46.62766599974573],[-119.82242599968825,46.626080000073046],[-119.83640099983346,46.62546399975061],[-119.85398499959892,46.62594000008248],[-119.85769000037696,46.62629800023644],[-119.86670600011651,46.62662100028231],[-119.87404200025613,46.6282830002966],[-119.87433699980889,46.62837200023458],[-119.87508400017163,46.57728299984701]]]}},
    {"type":"Feature","id":"53007","properties":{"STATE":"53","COUNTY":"007","GEOID":"53007","NAME":"Chelan County"},"geometry":{"type":"Polygon","coordinates":[[[-121.17892799968773,47.90111599981455],[-121.18077600041552,47.898769000062096],[-121.17863800015783,47.89610399984619],[-121.17665999973374,47.895355000296604],[-121.1769610000326,47.89397499974744],[-121.17630400008156,47.891984999806],[-121.17618500025588,47.88879100015387],[-121.17535500005249,47.885878000092326],[-121.17157300017988,47.883541000005366],[-121.16954500042537,47.88315299988233],[-121.16795199996574,47.88187199970678],[-121.16679600024742,47.879585999993424],[-121.1629449998795,47.87941999994904],[-121.15881999987523,47.88191000019375],[-121.15728500004022,47.88228099975785],[-121.15826400020653,47.87664400023921],[-121.15701499970349,47.87422299970881],[-121.15232200033492,47.868954999937266],[-121.15205600019615,47.8667590000897],[-121.14991999958829,47.861820000062494],[-121.14754000037962,47.85899300003678],[-121.14722900003498,47.85753300017482],[-121.14848299966258,47.855960000254285],[-121.1520600003941,47.85297200001409],[-121.15323000035613,47.85104600004589],[-121.15389900000274,47.84670700005465],[-121.15351200038845,47.84531199977005],[-121.14981900020426,47.844002000066126],[-121.14690400034496,47.84345899992216],[-121.1392450001652,47.842934000244384],[-121.13691899958653,47.84340199999378],[-121.13434299966094,47.843044000111576],[-121.13341200007353,47.83974599970712],[-121.13047899977256,47.83888499983129],[-121.12371699974332,47.83839699979705],[-121.12127600043526,47.836625999814906],[-121.12123799990212,47.83271500009113],[-121.11880599991657,47.830997999890286],[-121.11188599970357,47.8294600002657],[-121.10693200021913,47.82897400005395],[-121.10090900015666,47.83090800022596],[-121.09807200011517,47.83126699989299],[-121.09580800035911,47.83269200026256],[-121.08573999975998,47.83275100016933],[-121.08022200021092,47.83412300014926],[-121.07803200007471,47.83355700027309],[-121.07667999963951,47.831640999738745],[-121.0731649997306,47.830458000166225],[-121.0708709998373,47.83018300028607],[-121.07068500006446,47.82661599973344],[-121.07336300009732,47.824969999928285],[-121.07450899976988,47.822835999980086],[-121.07895799963927,47.81836799970909],[-121.08173899960427,47.81601199986378],[-121.08275200010576,47.81180300001234],[-121.08417999981063,47.809804000053404],[-121.08469899966943,47.80770700019533],[-121.08921899968392,47.805908000122606],[-121.09238100031372,47.80512899989341],[-121.09257100028454,47.8007250000075],[-121.0946469997196,47.79939100006066],[-121.09758800041651,47.798467000134586],[-121.0998849997845,47.79712999978562],[-121.10516200020747,47.79569500012237],[-121.10935400015894,47.7927690001656],[-121.10940199983949,47.78972199978703],[-121.11170999997648,47.78775800023236],[-121.11642499998464,47.786843999797334],[-121.12031200033755,47.78427800008031],[-121.12069700030203,47.782603999889226],[-121.11917900018547,47.77993299975783],[-121.11869799996151,47.77801300023673],[-121.11948299995908,47.77583900019422],[-121.1142800000543,47.77168900026563],[-121.11391000015843,47.770248000094604],[-121.10921500024175,47.76675999994736],[-121.10770299997294,47.766682999932605],[-121.11050499985437,47.76159699995588],[-121.11085800003178,47.75841700002917],[-121.1094090004105,47.75720400022058],[-121.10646000021599,47.7568060001997],[-121.1009610000352,47.757315000056714],[-121.09918500017578,47.758991999940875],[-121.09401800025597,47.758183999909896],[-121.0929079996701,47.75580600017848],[-121.09264200042963,47.75309100010644],[-121.08970900012866,47.74609799987366],[-121.08633099958878,47.74428599981287],[-121.08281900005292,47.743402000065124],[-121.08163200037247,47.74256599970821],[-121.07899500034749,47.73919000017849],[-121.08076899965877,47.73702800026877],[-121.08184999993236,47.73415400021402],[-121.08494499971671,47.732297000297635],[-121.08477999986025,47.72991000012273],[-121.08736699965652,47.7284970000199],[-121.08631200022052,47.72753599991947],[-121.08363199963956,47.7227410001307],[-121.07825899985544,47.72001000003635],[-121.07312299989779,47.71915899989813],[-121.06964200032404,47.71765099999757],[-121.06600500021638,47.71360299971376],[-121.06594499994193,47.709279000295176],[-121.06711699955375,47.70627200021142],[-121.06895799971052,47.70624500000239],[-121.07499300036686,47.703782999717575],[-121.07707600037295,47.70365800016417],[-121.07937100009114,47.701964000262066],[-121.08442500003302,47.70222700021786],[-121.08829599959408,47.703140999867315],[-121.09028800026189,47.702833999742474],[-121.0914299997365,47.701319999882564],[-121.09106400003863,47.69874899980046],[-121.0941179998151,47.6954020002059],[-121.09925899979562,47.692654000173384],[-121.10551299983676,47.68881499988064],[-121.10917199968571,47.68882799987268],[-121.11261799999768,47.68662799988659],[-121.11411900039579,47.68699199979392],[-121.11895300022967,47.6853150003012],[-121.12158400040683,47.685212999825936],[-121.12274199977497,47.68390600016735],[-121.12367900010848,47.68020800009636],[-121.12650199990627,47.67830600011857],[-121.1265739998763,47.677371999765484],[-121.12882400028697,47.67618099978629],[-121.12929000044231,47.6732550002114],[-121.12740300025479,47.67120499981892],[-121.12553600015875,47.666732999868294],[-121.12351799955168,47.66459099996922],[-121.12317899961798,47.66332600026052],[-121.1248149997353,47.661334999811835],[-121.124680999841,47.65920300012688],[-121.12563499989297,47.657159000133184],[-121.12856900001884,47.655702000199526],[-121.13188399991124,47.655663999869496],[-121.13099500015662,47.65424200002731],[-121.13159299965808,47.65097200006006],[-121.13273000000814,47.64980199997355],[-121.13252300031891,47.64823499994829],[-121.13369699958058,47.64560500010446],[-121.13132400004457,47.644471999823374],[-121.12868600019472,47.6398340000475],[-121.12659300014288,47.63843899975063],[-121.1267999998321,47.634056999734305],[-121.12783699972474,47.63242500020086],[-121.12677300006794,47.631425999721024],[-121.12460700022118,47.627333999872384],[-121.12013599971215,47.62738199993802],[-121.11876200043395,47.626970999916544],[-121.11750700008314,47.62483400030139],[-121.11601999992868,47.62413100017176],[-121.11370400029409,47.62155499998047],[-121.11312299961274,47.61878199973246],[-121.113737999731,47.617999999848976],[-121.11993099967273,47.615745999715635],[-121.12010399992509,47.61158999989843],[-121.11563999998711,47.60419699989753],[-121.11319600030598,47.60347700022495],[-121.11138100008851,47.60162100003223],[-121.11110200042926,47.59978100000084],[-121.11356899967656,47.5972880000664],[-121.11071499991664,47.59473999979639],[-121.11038000018088,47.59256700008036],[-121.10799599987593,47.59226100021278],[-121.1050729996207,47.589865999955094],[-121.10352600009014,47.58953100008727],[-121.10024700018275,47.59048999985519],[-121.09620599984406,47.58939700002443],[-121.09419200033325,47.586834999990046],[-121.09210599995413,47.58515400005103],[-121.09225200044233,47.58175099980404],[-121.09068099972397,47.58099000008769],[-121.09107400008436,47.579206999951154],[-121.08966399992285,47.57733700019806],[-121.08822699999713,47.576580000205894],[-121.08737400022751,47.57440000011249],[-121.08587700002735,47.57404900007741],[-121.08923600030066,47.57210499998735],[-121.0901049999638,47.569835999746886],[-121.08779900037494,47.56653000014801],[-121.0817610002439,47.5619229997653],[-121.08163700039533,47.5611739998589],[-121.07869800024658,47.55926000017309],[-121.0777070003847,47.555388999929136],[-121.07642199989664,47.55392400008815],[-121.07523000019332,47.5511009996989],[-121.07093399958647,47.55095299994235],[-121.06567799997825,47.54847600008465],[-121.06475200041369,47.54714800002213],[-121.06116499963645,47.54565699989564],[-121.05996100023752,47.54347899993923],[-121.06062599968618,47.5420549998524],[-121.05894899956097,47.542291000079466],[-121.05410399985644,47.53813699976015],[-121.05317599974376,47.53812900005078],[-121.04857000041385,47.535638000029564],[-121.04708599973414,47.534111000108524],[-121.04565999967909,47.53525100008354],[-121.04270600036006,47.535008000223286],[-121.04037499975851,47.53559999973973],[-121.03711000009486,47.53399099997822],[-121.03082099989363,47.53155099983809],[-121.02951399966425,47.53033300002932],[-121.02581999965518,47.528878000132565],[-121.02513199974203,47.52537100008559],[-121.02345799998986,47.52375899976694],[-121.02139400025034,47.523478999777005],[-121.01923599990116,47.52235999977149],[-121.01399000033867,47.521486999973554],[-121.01038699966789,47.521696000144324],[-121.00699999980547,47.521177000032885],[-121.00289599971757,47.519673999767754],[-120.99657800010235,47.51854500001318],[-120.99601599968754,47.51580600029535],[-120.99387999997802,47.514554999754424],[-120.99129400000668,47.5111080001673],[-120.99211599981415,47.50900099997394],[-120.99459899985334,47.50721299972275],[-120.99490299962693,47.504777000008886],[-120.99192300036864,47.50262999981426],[-120.99139699993884,47.50093700001113],[-120.98974199955492,47.499838000137515],[-120.98315899962584,47.4928880002494],[-120.9788920002296,47.490246000117764],[-120.97604299959427,47.489979999811794],[-120.9726740001735,47.48840700029413],[-120.9684649996053,47.48815199977063],[-120.96127199958084,47.484586000245976],[-120.95906100042653,47.48443799972998],[-120.95821600015455,47.48327399987313],[-120.95904399980982,47.481582999867015],[-120.9569659998266,47.48003499976706],[-120.95476999984258,47.47711600001308],[-120.95048500000472,47.47595300004767],[-120.95015899959151,47.475041000151755],[-120.94649399989474,47.47252300019003],[-120.94898199995677,47.47015899980921],[-120.95147599986662,47.46717400024289],[-120.95207599991623,47.463687000174325],[-120.95282999995163,47.46288199988448],[-120.95203599973325,47.46181999988897],[-120.94819000028653,47.46099400004145],[-120.9426190001357,47.46035999978893],[-120.94104499994266,47.45978299973453],[-120.93351299998449,47.45932799996179],[-120.93063199956204,47.457744000115945],[-120.93074299989013,47.45322500021482],[-120.9294540001024,47.451876999923854],[-120.92577400033706,47.44931800014333],[-120.92287500037126,47.44854100008024],[-120.92476199966048,47.442952000077625],[-120.92382400040033,47.441915999845904],[-120.92446100025991,47.43757700021622],[-120.92418300042554,47.43351600027944],[-120.91943599973202,47.430732999800775],[-120.91800499965409,47.429416000226325],[-120.91343399958595,47.42812500014057],[-120.9083539997048,47.42536599987794],[-120.90706200044235,47.42524799981505],[-120.90477600004668,47.42641600020159],[-120.90169700015585,47.426985000248976],[-120.8982519996688,47.42618899976406],[-120.89479100018656,47.42606500004331],[-120.89269200028693,47.426680999835376],[-120.89157099983042,47.42774899974283],[-120.88721400002252,47.425294000283074],[-120.88479299990765,47.42247799972699],[-120.87881300040121,47.419988999917514],[-120.87629799967665,47.417645000005145],[-120.87191699957935,47.415289000302295],[-120.86872899990857,47.415910000047646],[-120.86691600023921,47.41698899995175],[-120.86661099974236,47.41814900025412],[-120.86185499972632,47.420576999697964],[-120.8585709997961,47.41937000000281],[-120.85455600029496,47.41617999995197],[-120.85274799975018,47.41556899978635],[-120.84960399956199,47.4136469999524],[-120.84638300027929,47.412852000210314],[-120.84358600042074,47.411650999828495],[-120.84121499963625,47.41248900017027],[-120.83747600031967,47.41497600022816],[-120.83681299962254,47.41810699980979],[-120.83373799992965,47.41986399971006],[-120.83089599986529,47.42251700028919],[-120.82888099963128,47.4237700001391],[-120.82271399962877,47.422154999835705],[-120.81833400025467,47.42062699999037],[-120.81621400043865,47.42057800015406],[-120.81359400013214,47.419692000096816],[-120.80960499967198,47.42011399982815],[-120.80585100028675,47.42128300030336],[-120.8033299997144,47.42304900000797],[-120.8025330000213,47.42262600028903],[-120.7992509997409,47.41724599972979],[-120.79456400022015,47.41414399977182],[-120.79359900029752,47.408495999950716],[-120.7917029998892,47.406642000176404],[-120.78694799969806,47.404638999807865],[-120.78541600023608,47.401552999953104],[-120.7837890003396,47.39993599994052],[-120.78218599983421,47.39940699972139],[-120.77534199978922,47.399965000210464],[-120.77303399965223,47.39901699978729],[-120.76879999986798,47.39967900020549],[-120.76513799964594,47.398344000238815],[-120.76018699963625,47.39754599971622],[-120.75709199985188,47.39771099975929],[-120.754305999864,47.395489999955124],[-120.74740900011554,47.39376199991776],[-120.74402999975072,47.39413299986415],[-120.74004899968648,47.39327499995422],[-120.73465199961294,47.39380299996149],[-120.73266599969124,47.3927799997798],[-120.7315080003231,47.39099200003488],[-120.72871899996215,47.389671000138954],[-120.7263980003047,47.3873910000114],[-120.72788700010896,47.38447300007452],[-120.72681300040638,47.38371200016867],[-120.7272569999221,47.38083300014559],[-120.72442099970553,47.37733399977414],[-120.72325199956842,47.37468800028047],[-120.72290000011421,47.372446999918274],[-120.72136299973107,47.37043199987439],[-120.71847399981104,47.36886700010569],[-120.71123899995378,47.367554999806615],[-120.71017500029696,47.36593600012799],[-120.7083409998129,47.36529200028329],[-120.70230100003202,47.36564300026649],[-120.7005040002562,47.36531100030059],[-120.69327100004875,47.36135000005103],[-120.69207199977443,47.35976900016513],[-120.6910509997753,47.357126999879334],[-120.68678900040199,47.35518399999427],[-120.68249500034331,47.35237899978268],[-120.68193299992853,47.35041399995826],[-120.67980300006677,47.34955599996927],[-120.67698399956859,47.35144199976077],[-120.67458400026844,47.35016000028138],[-120.6733780003214,47.348154999796485],[-120.6695210001057,47.34559899974134],[-120.6670349996935,47.34507499988687],[-120.66444799989726,47.343339999848894],[-120.65790099995317,47.34420699995569],[-120.65523499961587,47.342211000233384],[-120.64936499971432,47.34187299998874],[-120.64260500023319,47.34361099981976],[-120.63681499979924,47.34345499989865],[-120.63346200027203,47.341900999817454],[-120.63098199970761,47.34179999997413],[-120.62921500006901,47.34252800022336],[-120.62718300011655,47.34213699995783],[-120.62424800016578,47.34364000003524],[-120.62174300038528,47.34357500015982],[-120.61912499972858,47.3453959999538],[-120.61677999978168,47.34527999981164],[-120.61524699959651,47.344368999944784],[-120.60845000030547,47.342158000030125],[-120.60658900005726,47.33936499987938],[-120.6030320003155,47.33908700000382],[-120.5987230001882,47.34091800020055],[-120.59571999956704,47.339590999938935],[-120.59120799994847,47.33991999994758],[-120.58851300019717,47.33932599984936],[-120.58594999979206,47.338078000114244],[-120.58443699969837,47.338269999745755],[-120.57897100002785,47.337380999801155],[-120.57821199996955,47.33670400022024],[-120.57875799959251,47.33218300003601],[-120.57660299961638,47.32903100016949],[-120.57690599956511,47.32625500022401],[-120.57492999968913,47.3254750002145],[-120.5719350003622,47.323499000239075],[-120.56968599977645,47.32121899999864],[-120.56872300040199,47.318589999872735],[-120.56850999996666,47.31573099973409],[-120.57009699968019,47.31459100020928],[-120.57031799961314,47.310837000298044],[-120.56776099995413,47.31003400016261],[-120.56581600004027,47.30878799983117],[-120.56194499958089,47.307500999864544],[-120.5572770003267,47.30656700001073],[-120.55656400029918,47.306894000118646],[-120.55328399966858,47.30875200018571],[-120.5473500001929,47.30754199997238],[-120.54761999963132,47.31185899976836],[-120.545217999783,47.312634000086064],[-120.53994200008329,47.31351099999514],[-120.53570199955296,47.31480700003957],[-120.53151499962435,47.3153670000668],[-120.52818399983846,47.316661000282906],[-120.52861200035893,47.31864399993714],[-120.53057700036426,47.32119000025659],[-120.53028500028621,47.32574299986475],[-120.53196099968821,47.32915599972804],[-120.53013899979801,47.332638000075995],[-120.53050000037136,47.33432800008366],[-120.52909699988253,47.333887000203994],[-120.52466899992955,47.33330199996123],[-120.52146199999217,47.331932000026256],[-120.52350599964022,47.33068999985301],[-120.5194359998875,47.32766500000472],[-120.51917300012177,47.32580099981459],[-120.51650299958655,47.32172200006873],[-120.51532900032485,47.32014800001295],[-120.51154300025429,47.3193689999003],[-120.50885000015283,47.31792900007052],[-120.50221000032232,47.31771400018604],[-120.50016999997393,47.31695499987241],[-120.49758499982751,47.31758199990847],[-120.49608199977959,47.316043999720044],[-120.49385200035871,47.3155419998099],[-120.48765299967084,47.311084000267066],[-120.48837499991922,47.307793000147186],[-120.48740800034678,47.307222000202756],[-120.4843040003416,47.30722699984287],[-120.48187800020384,47.30568299981001],[-120.48124200016919,47.304680000223456],[-120.48066899988375,47.305564999735665],[-120.47790899983515,47.307268000163226],[-120.47618999987714,47.307138999894704],[-120.47467900033158,47.30601400007376],[-120.4725350002261,47.30541999993916],[-120.47039600014354,47.30397399991502],[-120.467739999852,47.30338300012905],[-120.4651980002616,47.301072999841104],[-120.46246199960413,47.3001150002971],[-120.4598959997243,47.300305000257616],[-120.45610399980593,47.29812699997127],[-120.45384500007275,47.29712299983086],[-120.44934199977668,47.294147999854964],[-120.4491669998745,47.292192999834405],[-120.44722799980845,47.28872299973301],[-120.44196899982714,47.285858000145154],[-120.44124900012693,47.2848310001711],[-120.43532200032398,47.28146099990721],[-120.4335439999164,47.278784999863504],[-120.42679399958271,47.27439499997538],[-120.4244210000467,47.27439099985188],[-120.42129399957697,47.27514899987363],[-120.41813600004343,47.27518700018552],[-120.41475099983084,47.274153999766305],[-120.40821999978029,47.2739180000305],[-120.40616600008653,47.274095000235775],[-120.40133700027552,47.270986999697584],[-120.3997809996258,47.26950999979808],[-120.39778600038157,47.2688439998439],[-120.39595500027058,47.26714499996457],[-120.39517699994573,47.265409999908755],[-120.39288100040261,47.263308000077416],[-120.3913030000116,47.26295199988795],[-120.3891970004393,47.26093500007382],[-120.3025749998239,47.26112199987819],[-120.280546000387,47.26112000022935],[-120.25938599971494,47.26183000006468],[-120.09446000006143,47.262159000273655],[-120.09332100006156,47.26436699999719],[-120.09319999968774,47.268902999742494],[-120.0926270003006,47.274794000260755],[-120.08991999995544,47.27711700018627],[-120.08964499959582,47.28485199987181],[-120.08912699956197,47.29050199977088],[-120.08683600004174,47.29724200022321],[-120.08604600002133,47.30029900026932],[-120.0863330000765,47.30247300019511],[-120.08783899959919,47.308584999834714],[-120.0872419999226,47.31219500011652],[-120.08738900023567,47.314639999940844],[-120.08903700004859,47.31659500008812],[-120.09030499991992,47.31924500026664],[-120.09004399980401,47.31997799995187],[-120.08927100040032,47.32214500000287],[-120.08734400002986,47.32383699997078],[-120.08505599998435,47.32918200009101],[-120.08462199961609,47.33190700011275],[-120.08327400027714,47.33369000028399],[-120.08630799996216,47.33894200026305],[-120.08963799992314,47.34135399973556],[-120.09427799958823,47.34235100015832],[-120.09827100024637,47.34235100015832],[-120.10117100003706,47.343151000085754],[-120.10287199955341,47.34445100013304],[-120.1052719997519,47.34815099977402],[-120.1120720003143,47.35405099973875],[-120.11407199958138,47.356451000202256],[-120.11857300022764,47.359750999763186],[-120.12637299997442,47.36395099990292],[-120.12997300027216,47.366251000072076],[-120.133052000163,47.36658199994122],[-120.13797399986039,47.36654999997475],[-120.14447399994884,47.36705000012332],[-120.14917399988839,47.366249999800964],[-120.1578549998922,47.36746000004268],[-120.15944300032896,47.36760699981632],[-120.1655769998212,47.36770600028981],[-120.17147500021015,47.370750000295295],[-120.17459000008601,47.37167300005499],[-120.17870000002168,47.37150800001354],[-120.18563600012821,47.373004999945955],[-120.19032699984692,47.374113000172144],[-120.1933370001408,47.37446000000373],[-120.19651899996377,47.37543699971003],[-120.20161300008864,47.37650299977376],[-120.20697699965193,47.37707699991306],[-120.21218200010489,47.37702799970741],[-120.217598000445,47.377636000277604],[-120.22604099989911,47.37938400027439],[-120.2322210003204,47.378770000193356],[-120.2364810000439,47.378750000123965],[-120.23859300036231,47.379198000103266],[-120.24811399971692,47.381043999793135],[-120.24914700030992,47.38124799990639],[-120.25308099962018,47.381635000027316],[-120.26028799988836,47.38389200000175],[-120.26637100022526,47.386031000296946],[-120.26982699968464,47.38745399970095],[-120.27918100043132,47.39015599971459],[-120.28653000009139,47.39311099976896],[-120.2903320000555,47.3979079997015],[-120.29284699988175,47.40043699994864],[-120.29484600022224,47.405094000246265],[-120.29550099962512,47.40982500011979],[-120.29662100025672,47.4135199999213],[-120.2971330004428,47.41441500018622],[-120.30060099959775,47.42036799999176],[-120.30200800028454,47.42440299988148],[-120.30452499976062,47.42760600000338],[-120.3079819999432,47.43164799983276],[-120.30894100001805,47.43326700021668],[-120.30946099970168,47.435104000211794],[-120.30968300035786,47.43724799978215],[-120.31040600043113,47.439042000299935],[-120.31138300004933,47.442048000275314],[-120.31136100030801,47.44233399986699],[-120.31238300013202,47.44614799973696],[-120.3135790000333,47.44780999970162],[-120.31618300044632,47.450747999971824],[-120.31738299964724,47.45534800000857],[-120.3180839999792,47.457747999721654],[-120.3177819998554,47.462746000283325],[-120.31698000013942,47.46694599994809],[-120.31660799969542,47.4711860002582],[-120.31659400035002,47.47127299988503],[-120.31528399974763,47.474847999882876],[-120.31428399966491,47.476047999746385],[-120.31458400013888,47.47984799985307],[-120.31248400041436,47.483648000144285],[-120.30988400019933,47.490648000278185],[-120.30858399964262,47.49634800006795],[-120.30809699957094,47.50219000012613],[-120.30772000000238,47.504111999889076],[-120.30575699964689,47.50669999975105],[-120.30293100037437,47.52005899984174],[-120.30243400025691,47.5212699997221],[-120.30001499979184,47.52370099974443],[-120.29635299956983,47.53018000011965],[-120.29553499996031,47.53124200010099],[-120.29406000039978,47.53412300028842],[-120.29428200015761,47.53559999973973],[-120.29281400026977,47.538171999914574],[-120.28679799987998,47.54360199999152],[-120.285916999623,47.54465400005645],[-120.27994100031451,47.54866799974961],[-120.27651000007118,47.55060900023722],[-120.2752720003371,47.55181400001858],[-120.27363000037197,47.55224900008434],[-120.2674159996155,47.55482599995179],[-120.25943799959349,47.55848999983553],[-120.25832999955576,47.55965399973082],[-120.25716200014188,47.56340900004399],[-120.25613299974682,47.5653950002889],[-120.25494000021861,47.56955200013632],[-120.25359700000422,47.57257399970181],[-120.25009200014104,47.57562900015638],[-120.24450400027177,47.57914800019479],[-120.24132400009861,47.58164400029168],[-120.23842500013282,47.58630799971909],[-120.2377690000067,47.589058000277745],[-120.23804099999327,47.59047299980696],[-120.23718300020076,47.59330400000559],[-120.23358399972794,47.597630000157324],[-120.23593500042097,47.60315499979413],[-120.23661400011329,47.60933100015771],[-120.23524300030984,47.614493999798405],[-120.23480899994156,47.61978500027157],[-120.23509099997385,47.62119199985408],[-120.23804400036633,47.62485100008326],[-120.23754800007376,47.627958999850094],[-120.23693499960535,47.6317790001405],[-120.23388099982887,47.63798000015107],[-120.22880500014568,47.6457079997367],[-120.22741199970258,47.647282999915205],[-120.22376600027242,47.64801100029121],[-120.22086399993357,47.65028500019596],[-120.22047499977114,47.6533099997431],[-120.22077799971986,47.6550970001472],[-120.2202110001805,47.65811499992088],[-120.2187190000032,47.660283000237015],[-120.2167759997392,47.66367999998948],[-120.21000899968709,47.667588999908176],[-120.20455800008517,47.6715809998152],[-120.2031389997028,47.673607000000686],[-120.20248699977465,47.6767690000504],[-120.19904800003371,47.68227600015987],[-120.19919000032394,47.68593799979941],[-120.19974099996975,47.68804699985556],[-120.20200800009886,47.69241299984506],[-120.20325699970358,47.698827999954844],[-120.20521900023417,47.70205899989344],[-120.2076710003112,47.704104999895016],[-120.21235100015927,47.70845899971008],[-120.21327900027197,47.7104209999144],[-120.21416999967637,47.711850000282126],[-120.21584799962652,47.71484599991997],[-120.21990400003385,47.71767599986879],[-120.2211600002096,47.71902200024646],[-120.22285800025122,47.72331399994671],[-120.22255299975436,47.72598599999573],[-120.22022500042421,47.73329800004714],[-120.21821699986288,47.737070000010476],[-120.21567199989943,47.74091300004194],[-120.21069800032349,47.74611199976858],[-120.20939500029208,47.74835600009144],[-120.20771700034193,47.750058000040596],[-120.19978299980254,47.75521899986197],[-120.19674400009468,47.756550999866846],[-120.19140499974745,47.75950400026377],[-120.18496199956043,47.76154100010716],[-120.17714699974502,47.7638409998408],[-120.16169500038944,47.767870999807265],[-120.15428999975455,47.77016299994608],[-120.14919800017785,47.772195000029704],[-120.14306799998526,47.774186999970894],[-120.1394789995582,47.7747570001218],[-120.13091399990533,47.776601000236994],[-120.12887500028017,47.7766659999511],[-120.12618600037666,47.77645800009701],[-120.11991800009184,47.77496199971281],[-120.11740400009053,47.774939999998644],[-120.11083200003208,47.77158200012994],[-120.1071449996957,47.77101600006066],[-120.10155900037458,47.76845399981069],[-120.09813800017699,47.76646499975875],[-120.09627600010383,47.76451800026908],[-120.09363700042906,47.76352400029165],[-120.08730800004483,47.76320799998424],[-120.08390399956569,47.76377499984055],[-120.08272399955791,47.764425000274755],[-120.0768079996256,47.76530400018328],[-120.06949699960035,47.766653999834745],[-120.06441000004651,47.7687710001084],[-120.05565700007269,47.770730000063764],[-120.05192799990351,47.77179399997597],[-120.04604499958315,47.77287999984496],[-120.04375499988781,47.77424399984455],[-120.03825099968412,47.77594899978884],[-120.03107000025355,47.776975999977346],[-120.0278280001561,47.77822499982279],[-120.02045500020657,47.779326999930625],[-120.01603300010134,47.778778000016594],[-120.01133599963653,47.78017699991101],[-120.00833999958637,47.77957700023118],[-120.00336799966027,47.77910999989767],[-120.00117900024729,47.77925899974236],[-119.99696899985416,47.780353000161604],[-119.99267899999343,47.78314999988913],[-119.99096099986033,47.78560900011965],[-119.98684500007687,47.79254400007627],[-119.98424200038711,47.793856000049956],[-119.98081299979357,47.79752499989213],[-119.97842199981592,47.80070199988246],[-119.97760199965828,47.80238600003398],[-119.97659800027594,47.80821200023013],[-119.97539499980363,47.81179100017303],[-119.97460300013338,47.812753999724684],[-119.97277000037256,47.81414000016714],[-119.9646840003955,47.82619300000279],[-119.96306599982151,47.831010000115164],[-119.96291500020877,47.83389199999406],[-119.96205300021833,47.8396940002314],[-119.96012699967277,47.845805999779174],[-119.95939399955374,47.84654500027462],[-119.95703799973617,47.847817000120116],[-119.95262200037706,47.84887399989649],[-119.94444099996547,47.85147899990405],[-119.93203300034061,47.85483300007371],[-119.92935399958455,47.856062999706964],[-119.92505299985316,47.85918600028742],[-119.91929400027969,47.86232300014477],[-119.9173109998327,47.864425999845956],[-119.91500799971858,47.86768699997647],[-119.9140579998646,47.870268000008835],[-119.909398000108,47.87712699980577],[-119.90842800016253,47.87940500025998],[-119.90908000009068,47.883805000172856],[-119.91125000013541,47.88799900016658],[-119.91254099957295,47.88983000000979],[-119.91472099966343,47.89421699994097],[-119.91567999973824,47.89740900022965],[-119.9157750001728,47.899511999895594],[-119.91505899977221,47.90137199999671],[-119.91256700041053,47.90449299980415],[-119.90457199977178,47.91052399983064],[-119.89576899956921,47.91477200009497],[-119.88931500040987,47.91715999971228],[-119.8870299998391,47.91938700015166],[-119.88250200032698,47.92295400022983],[-119.8815900001078,47.925192000118194],[-119.8761739997677,47.92748400028087],[-119.87201000030366,47.930388999947986],[-119.86338600020127,47.937030999750746],[-119.85973400002497,47.94194200007532],[-119.86149599964071,47.947033000021996],[-119.86588299958582,47.95489400009581],[-119.86756200025916,47.956808999757484],[-119.86809199998858,47.95869800012553],[-119.87059500011924,47.960455000063035],[-119.87299699996757,47.960600000085954],[-119.87759099960194,47.96046699979828],[-119.90972500034617,47.96043999978854],[-119.92690099968262,47.960474000043575],[-120.01171399992829,47.96049899988069],[-120.04864599962309,47.9606279997863],[-120.05134399974742,47.9620050001391],[-120.05467600025656,47.962019999959224],[-120.05679100004969,47.96374300011598],[-120.06228199983457,47.96674599984871],[-120.06631899997531,47.96637499991087],[-120.07023899994019,47.96885399990653],[-120.06985599962553,47.97102500013011],[-120.06572099957552,47.9750370002318],[-120.06501900031697,47.97710600005202],[-120.06302400017444,47.97886499990583],[-120.06378499988251,47.98146600022111],[-120.06854400027163,47.98344700025314],[-120.07001100033455,47.98512199985481],[-120.0810530001788,47.99302899990399],[-120.07985599955428,47.99670399974915],[-120.0800609995937,47.998587999931964],[-120.0782239996349,47.99929300010542],[-120.0799119996308,48.00347300008154],[-120.08243400002803,48.00498700003003],[-120.08183200032859,48.00622300000894],[-120.08314100020776,48.01088099989383],[-120.08756300031298,48.01391600021571],[-120.08795300030033,48.01551300017798],[-120.09017600004849,48.01800599976706],[-120.09336299989435,48.0194470002487],[-120.09502900014893,48.02052399980314],[-120.10823299964197,48.02306399970904],[-120.11089499978127,48.024624000045954],[-120.11432299965156,48.024999000269055],[-120.11632899966476,48.02621400022782],[-120.11952899992941,48.0270849997948],[-120.12178900038582,48.03218200004662],[-120.12473900040521,48.032123999761026],[-120.12698100041996,48.03301800018417],[-120.1344039996999,48.033280999769694],[-120.14044000018113,48.0354789997797],[-120.14330900000968,48.03582800020136],[-120.14639100027357,48.03734299998094],[-120.14714600013389,48.04124399974761],[-120.14674000025303,48.04277199983636],[-120.15010600019905,48.04449800007471],[-120.15010899967378,48.04650700023046],[-120.14738499961017,48.04838700000987],[-120.1473860003334,48.0494959997279],[-120.14900900003194,48.052233999882574],[-120.14736200004396,48.05312800023918],[-120.13935899990757,48.054163999803606],[-120.1346380000516,48.05255100024357],[-120.13169700025304,48.05525800026755],[-120.13284399975055,48.05721599987372],[-120.14039199960226,48.061486000295915],[-120.14149999963999,48.06157700002828],[-120.14307499965796,48.06488200006121],[-120.14393099980062,48.065444000170885],[-120.14907799962891,48.06498199998258],[-120.15001599978736,48.06613399978616],[-120.15632199970702,48.06588300027441],[-120.15836500042846,48.06886500011504],[-120.16176700035948,48.0689239999326],[-120.16448800005001,48.06826699989733],[-120.16593400019654,48.06929699996066],[-120.17026099986722,48.069708999736605],[-120.17862999970149,48.07287399989289],[-120.18309600018763,48.07398699973883],[-120.18357800023648,48.076293999993545],[-120.18572599964156,48.07819300022542],[-120.18712099973447,48.0785199999109],[-120.19093500029247,48.07729000014481],[-120.19708700022636,48.07688499990554],[-120.20289699985348,48.077162000043266],[-120.20763000030331,48.07843300029664],[-120.21305999998884,48.07904400027101],[-120.21629500041358,48.08125699974204],[-120.21849999972011,48.08424600016046],[-120.22026300005905,48.0846709997011],[-120.22260999965577,48.083807000071324],[-120.22510699993865,48.084724999946246],[-120.22946399974651,48.08861700000139],[-120.23259799988895,48.088361000039555],[-120.23537999967887,48.089366000116584],[-120.23536999963311,48.0933569997585],[-120.23712299992634,48.09499799984922],[-120.24077099990463,48.09662500021754],[-120.24446599973861,48.101018000216825],[-120.24686699976202,48.10227200022454],[-120.25043000024984,48.10310099993928],[-120.25168899990032,48.10467799972343],[-120.25569099988095,48.106612999856594],[-120.25857099958016,48.11042600010961],[-120.26328800013648,48.11032200024664],[-120.26620700019372,48.11108500010511],[-120.26813899968879,48.11330499971484],[-120.27220799961655,48.115569000101395],[-120.27324899970715,48.1184710000527],[-120.27637799982669,48.120647000254635],[-120.27810799965535,48.12119999994579],[-120.280101999973,48.12344700015914],[-120.2822350002078,48.12395699979608],[-120.28631099980826,48.124081000146525],[-120.2882490000494,48.125106000080415],[-120.2904299999648,48.12913700023929],[-120.29191299992125,48.12981999992563],[-120.29434699955661,48.12933800022028],[-120.29861399985114,48.12972800028393],[-120.30035500044879,48.127715999856235],[-120.30363600000598,48.126784000279],[-120.30961700023565,48.126986000023564],[-120.31576499997155,48.124716999888875],[-120.31786700024422,48.12430399974306],[-120.31960999959335,48.124424000262735],[-120.32108300040241,48.12566100008756],[-120.32695900015176,48.12903899992449],[-120.32627999956112,48.13140700002874],[-120.33082499968995,48.13523700015429],[-120.3338249999381,48.13883800021274],[-120.33959899958018,48.142139999926044],[-120.34159899974559,48.142936000242386],[-120.34857800040812,48.144284000287],[-120.35256000029727,48.14832199999909],[-120.35349099988471,48.151141000093666],[-120.35325999990604,48.15394899990957],[-120.35429000012596,48.155352999726034],[-120.35871700025405,48.15624099972151],[-120.36128800015676,48.15756900025411],[-120.36226300012513,48.164751999834515],[-120.36170300025847,48.17020699990948],[-120.36100399957631,48.17250800001908],[-120.35671899973848,48.17614499971379],[-120.35631799988047,48.17732899982555],[-120.35691999957992,48.17955099998558],[-120.35560999987582,48.183238999828795],[-120.35317799989028,48.18495200020057],[-120.35189599977525,48.187269999735186],[-120.35077699986687,48.19319900029426],[-120.34718999998792,48.19771000000128],[-120.34628399961653,48.19998599993964],[-120.34651299994539,48.20211299981725],[-120.34791800008405,48.20521099972853],[-120.350919999982,48.20884999970645],[-120.35270599988716,48.211768999939494],[-120.35421099958495,48.21338300027199],[-120.35396500043596,48.21692199972197],[-120.35554200010374,48.218422000052975],[-120.35740300035201,48.219422999742015],[-120.36006999961586,48.219585999947206],[-120.36224700023159,48.21867000011001],[-120.36717700032493,48.21867199982563],[-120.37349499994015,48.21779600019366],[-120.37868799979921,48.21830299979695],[-120.38290099966707,48.21985100023791],[-120.38496299975672,48.221997999962],[-120.38655399966825,48.22529999999166],[-120.39006100007957,48.226223999764684],[-120.39141199979153,48.22879600029145],[-120.3862470004199,48.23180800017176],[-120.38495199988608,48.233166999957724],[-120.38690500019584,48.23805099980069],[-120.38934800005201,48.240793000181114],[-120.39228899985059,48.24269399993481],[-120.40372200040541,48.2447429997425],[-120.4122469998753,48.2482720002166],[-120.42102599978838,48.24951800020122],[-120.42664100032016,48.25181300013564],[-120.42893799968816,48.25297199984021],[-120.4297219998608,48.254921000200824],[-120.43479599989418,48.25645199988258],[-120.43877299976046,48.25801799989961],[-120.44270399959599,48.26020099977006],[-120.44620500015952,48.25993600029438],[-120.45115199997132,48.26098499971658],[-120.4586420000967,48.26520900028422],[-120.46135799976437,48.26651299992855],[-120.46556300013458,48.267005999728184],[-120.46912400007426,48.268979999946744],[-120.46772200030868,48.27058900027686],[-120.46315999956306,48.27253700019228],[-120.464486000059,48.274901000250686],[-120.47051300031941,48.27687299998477],[-120.47634600041104,48.278363000009904],[-120.48234000016119,48.28401199973556],[-120.48861699976854,48.28740100013497],[-120.49427400013312,48.292817999985125],[-120.49882599993465,48.29507299985755],[-120.50397100011314,48.302380999821665],[-120.50650699985577,48.307930000151636],[-120.50821199957008,48.3103440000786],[-120.51028700007855,48.3112980001668],[-120.51229599956648,48.312045000208094],[-120.51520799995106,48.312206999709844],[-120.51910000032684,48.31134900003756],[-120.52731400035042,48.30659699985911],[-120.53345000039076,48.30669200017468],[-120.53707999992741,48.30699699974111],[-120.54271399982744,48.3064260001599],[-120.54720100022998,48.306713999826314],[-120.55288199998567,48.31119000002624],[-120.55694199969263,48.31238799973237],[-120.56051900042415,48.31568299984203],[-120.5652539996255,48.317594000042504],[-120.57172699994973,48.318101999826695],[-120.57494399993284,48.3185850000421],[-120.58316600035234,48.31912800020027],[-120.58681599998047,48.32032200005887],[-120.58759699978008,48.32180200010321],[-120.58847899986198,48.32348400006093],[-120.58465599998149,48.32631299976657],[-120.58397899993896,48.32776900003768],[-120.58598699960199,48.336808000054006],[-120.58567199995773,48.33918099993485],[-120.58255700008189,48.34272099990049],[-120.57872300033073,48.34422200028436],[-120.57745399973618,48.34612999984438],[-120.57534399996592,48.3471189999881],[-120.56971900028672,48.348879000150724],[-120.5677400000377,48.354140000289476],[-120.56766499969464,48.35649199995358],[-120.56636599986122,48.35815000020407],[-120.56178200027259,48.359232999835044],[-120.56020600042972,48.36104799997317],[-120.56227400036718,48.36449100019293],[-120.56319200043411,48.37084800000495],[-120.56635099979258,48.37283699983265],[-120.56733400015683,48.375518000202845],[-120.57026999993255,48.37649999999816],[-120.57892599982199,48.378282000018054],[-120.58421900013849,48.38003600017341],[-120.58871499986353,48.38422799984102],[-120.59660099982405,48.385042000281814],[-120.59950800018576,48.385704000146994],[-120.60416700011744,48.388503000116344],[-120.61045899979338,48.39430700010048],[-120.61311900028288,48.394947999869714],[-120.62110099960455,48.39877200018109],[-120.6252089998904,48.3975929999485],[-120.63386399995493,48.39767899984009],[-120.6400560000718,48.39708399986055],[-120.64317299959744,48.39767899984009],[-120.64993299997688,48.3981390002873],[-120.64991399971031,48.399279999878],[-120.64788599995582,48.40154999971686],[-120.64503100037098,48.40609800018482],[-120.64275099982308,48.40694899978317],[-120.64110999968285,48.40853599998203],[-120.64165299983107,48.41112100025947],[-120.64387300010452,48.41193699973711],[-120.64778200019873,48.41242199983662],[-120.65025299964401,48.41479199982929],[-120.65197499997508,48.42332500016465],[-120.65263600012408,48.424928000092656],[-120.6547359998486,48.426907999903136],[-120.65523499961587,48.43008599975114],[-120.65152300006345,48.43232099982292],[-120.65090000044763,48.43471500019985],[-120.65277500004125,48.43794900026651],[-120.65502899975155,48.4388560001114],[-120.65897600037894,48.44144199982689],[-120.66287700007724,48.44263499997116],[-120.66459600003527,48.44481700026782],[-120.6666050004215,48.446110000111],[-120.66881800012395,48.44973499990255],[-120.66659200000271,48.451452000015394],[-120.6619099996065,48.45169499999534],[-120.65476900035887,48.45317500007827],[-120.65397799961524,48.45531700000666],[-120.65083199977724,48.46073000005488],[-120.64809799966791,48.46185299982263],[-120.6442659995666,48.46486300004714],[-120.64100500010086,48.46662100009191],[-120.63334400027125,48.46811799994701],[-120.6325569997256,48.47000800024699],[-120.63786599993558,48.47351900022294],[-120.64260100003524,48.47435199996391],[-120.65135400000906,48.47770399971774],[-120.65257800039777,48.478695000138],[-120.65369800013106,48.48180999977958],[-120.6532360001737,48.48523399979802],[-120.65132600041999,48.485539999955414],[-120.65010500040432,48.48847899990208],[-120.64896399985632,48.489569999830984],[-120.64162799971673,48.49255900012303],[-120.64110399983505,48.49403899997426],[-120.63847799968076,48.49631199974823],[-120.62999900024164,48.49566899974453],[-120.62840699960692,48.497352000232624],[-120.63000599991433,48.49950100024929],[-120.63213199957814,48.49994099999095],[-120.636564999554,48.50175399975717],[-120.64059500002205,48.50236799995619],[-120.64160199977744,48.50302400000819],[-120.64768299956621,48.50522399986782],[-120.6571999996212,48.50730999985961],[-120.65725599969768,48.5088840002248],[-120.6557490003501,48.51174599997484],[-120.65783099963296,48.51556299999943],[-120.65661999966308,48.51742299991741],[-120.65663700027982,48.52109700001155],[-120.65434300038652,48.52356700002602],[-120.65037099964479,48.525586000046395],[-120.64901400008503,48.52691799998069],[-120.6489909996205,48.532842000176224],[-120.65076900002805,48.53446099973444],[-120.65228299994666,48.53693900007953],[-120.6560010002452,48.5370980002915],[-120.65704700035865,48.53565500007895],[-120.6623590000434,48.53423000022657],[-120.66895899969093,48.53286099987234],[-120.67308799989318,48.53273099993045],[-120.67747800021134,48.53095599977646],[-120.68335800015866,48.530453999861976],[-120.68762499955487,48.53052799981132],[-120.69138899988414,48.53211000022429],[-120.69591300009661,48.53252399988326],[-120.70206900022842,48.531589000281684],[-120.70358999981971,48.53032500028655],[-120.70305199969437,48.52779500012429],[-120.70355600038287,48.52640099988637],[-120.70534300011293,48.526188000228366],[-120.70948200036094,48.52334000016774],[-120.71539900011815,48.523269999801784],[-120.71835300033553,48.52273299987924],[-120.72496700022678,48.51982800007205],[-120.73086600044068,48.51786299997459],[-120.73461499980301,48.51773199995542],[-120.74184299998758,48.51811000010208],[-120.74654899977493,48.51740399978425],[-120.75021299964678,48.51553900007632],[-120.75190800021363,48.51289899982797],[-120.75519700016675,48.51159199997579],[-120.75822199963092,48.511395000005656],[-120.76562700026582,48.50887299970408],[-120.77438899956215,48.50798700002316],[-120.77855399974939,48.50830900021322],[-120.78793199988723,48.50709999986467],[-120.79185699987497,48.50753700013371],[-120.80182699966649,48.510452999717494],[-120.8041170002601,48.512221999826046],[-120.81390700012658,48.51751200013318],[-120.8167869998258,48.51960400016505],[-120.81760000031075,48.52214800009538],[-120.81634400013499,48.52343199992362],[-120.810197000224,48.52760399983932],[-120.80931199976901,48.52862600009593],[-120.81039899989035,48.53058299970366],[-120.81636199967836,48.53522400026252],[-120.81704799994168,48.53773699987799],[-120.82433700022563,48.540208999835905],[-120.82649100037683,48.54199199970589],[-120.82394700023829,48.54503000025496],[-120.82636699962995,48.54652000023197],[-120.83078600026042,48.54770600016998],[-120.83385299955738,48.54803100019896],[-120.83710100040093,48.54915599978065],[-120.83863500041102,48.55083600017449],[-120.8422749999934,48.55008599978672],[-120.84465500010043,48.55055200011913],[-120.84728999957723,48.5491470001306],[-120.85089599972275,48.548419999855355],[-120.85386400018383,48.54906500000787],[-120.85742699977334,48.547676000272524],[-120.8607269995971,48.544212999861585],[-120.86087300008529,48.54206000022585],[-120.85772200022443,48.537405999996054],[-120.85794300015736,48.53567100021819],[-120.86146300008916,48.53352900002931],[-120.86194900033595,48.53087899988285],[-120.86321300000931,48.530074000203115],[-120.87182600024107,48.531052999916184],[-120.87338600019044,48.53200300003643],[-120.87475299979593,48.53418499999121],[-120.87673100022003,48.53549699999397],[-120.88166600033622,48.53670200012723],[-120.88540100035318,48.5381869997899],[-120.88998499994179,48.53592399970287],[-120.89432099983328,48.53587600010469],[-120.89810199988098,48.532795999943126],[-120.89968299974676,48.532581999861115],[-120.90210600040974,48.53377699983895],[-120.90396000008698,48.53340099990173],[-120.90429200034801,48.53011699991464],[-120.90257699968964,48.527271000214306],[-120.90312999988362,48.524757999908644],[-120.90459600012164,48.52365299975377],[-120.92274700032473,48.525211000072396],[-120.92695599999463,48.52600700011657],[-120.93532499982888,48.52931099999631],[-120.94069000011541,48.53002199978377],[-120.94906399997257,48.53000100019416],[-120.95050199972317,48.52958100002953],[-120.95083900000706,48.52645299985958],[-120.95429399964152,48.52236900017318],[-120.95222099968116,48.51811700002308],[-120.9500389999409,48.51527599987677],[-120.95098100029726,48.51369600029124],[-120.95057899971607,48.51196399970659],[-120.94894000012398,48.51021699998254],[-120.94870599977224,48.5082110001132],[-120.94946900002849,48.506128999848244],[-120.94887099962868,48.505105999865236],[-120.95106800033592,48.4996369998521],[-120.95194899969465,48.499206000049284],[-120.95547899967217,48.50027200011895],[-120.95994699980812,48.500014999878026],[-120.96379499980299,48.498574000222526],[-120.96660599990521,48.498878000188355],[-120.96882600017864,48.50010699973182],[-120.97179700011444,48.49952900009227],[-120.9742509998413,48.49994600002692],[-120.97529399958171,48.49928599994023],[-120.97693600044515,48.500066000147605],[-120.97963100019642,48.498972999803804],[-120.98240200011568,48.49950499971757],[-120.98522699956331,48.49779999997505],[-120.99063000038296,48.49895199984151],[-120.99293000012403,48.49904499986373],[-120.9971370001441,48.497035999866874],[-120.99811299993733,48.49503900008236],[-121.00108899989601,48.49420299975101],[-121.01558999957268,48.494310000023646],[-121.02362899969408,48.49544199989157],[-121.03623399986071,48.495297000051465],[-121.03907699975,48.49188800026797],[-121.04257499994047,48.49058499987021],[-121.0497140004366,48.48539899976786],[-121.05276099964205,48.48201300020237],[-121.05393999982489,48.47939200010067],[-121.05653400019217,48.476370000184836],[-121.05674799955408,48.47140999979196],[-121.06003900005534,48.467187000118415],[-121.06055799991411,48.46266899975462],[-121.06323099992407,48.45979200028912],[-121.06126099989588,48.4582100000853],[-121.06082800025085,48.455157999879454],[-121.05887599976602,48.45243199991571],[-121.05614699967956,48.45156699986151],[-121.05553699958418,48.450175000064135],[-121.04764499977588,48.447176000226925],[-121.04507499969809,48.44793799979876],[-121.04099400007475,48.44573699992702],[-121.04036899991075,48.442062000005684],[-121.03826599981318,48.438075000088624],[-121.0388249998549,48.43532900029606],[-121.03713000018635,48.43302700018606],[-121.03767900018234,48.432080999986226],[-121.04214599959509,48.43076600029275],[-121.04334499986942,48.426643000190786],[-121.04374999992537,48.42369999983076],[-121.04549499982265,48.421128999777224],[-121.04624800003316,48.41889200028989],[-121.04158800027658,48.41127100021626],[-121.04704399990135,48.410452000240426],[-121.05392099955834,48.41254699981327],[-121.05545899976637,48.412637999760356],[-121.06233999962133,48.405282000040344],[-121.06227500022231,48.4016269998648],[-121.0650210000272,48.3992499997668],[-121.06471999972831,48.39644599974273],[-121.06642899964059,48.393539000116725],[-121.06576300036706,48.39178900019141],[-121.06278700040839,48.38939800015847],[-121.05987199965075,48.38786300011546],[-121.05895699995686,48.38569799971826],[-121.05881800003971,48.38240200012799],[-121.06183599983119,48.37964800017551],[-121.06003300020755,48.3779699999043],[-121.05257999989209,48.37363599998394],[-121.04916200006755,48.37026000022287],[-121.04672599988403,48.3663590000698],[-121.04350399987808,48.36399299995503],[-121.04167199994217,48.360315999721124],[-121.042013000424,48.35882199982373],[-121.04083900026401,48.35641299985352],[-121.04233100044131,48.35371900014923],[-121.04189799989797,48.35086300027848],[-121.04068100008027,48.35011299980893],[-121.04063099985156,48.347899999714656],[-121.04303199987497,48.34572600023324],[-121.0456670002501,48.34596200026501],[-121.05378599983912,48.345028000296075],[-121.05944700040165,48.34668000019408],[-121.06068599996063,48.346475000144295],[-121.06394099957855,48.343578999761526],[-121.06520799962496,48.340698000229644],[-121.06565899971167,48.33824200006782],[-121.06917799981854,48.339041000145585],[-121.07006200044863,48.33369000012067],[-121.07111100003681,48.33231999972617],[-121.07005400005268,48.33040500029052],[-121.06720600014054,48.32994999993225],[-121.06591800017775,48.32805900010994],[-121.06659500022027,48.32457899970984],[-121.0678229999086,48.32431400023542],[-121.0691540004274,48.32141600014874],[-121.06886800019714,48.31998299998164],[-121.07148299958247,48.31795600005628],[-121.06721299981324,48.315131000083056],[-121.06459699970468,48.31518599995679],[-121.05992500025255,48.3164760001407],[-121.0580430000879,48.31616699970382],[-121.05416599978071,48.314416999991174],[-121.05173100032044,48.312121000008894],[-121.04659500036279,48.309182000103945],[-121.04506700020049,48.308865000010094],[-121.04090500038626,48.30959899997652],[-121.03949000020187,48.31074399986822],[-121.03667999992453,48.31155200007219],[-121.03461799983485,48.31148399990626],[-121.03177900014352,48.309166000208585],[-121.02888600002555,48.30762299976491],[-121.02935800002865,48.306051000050694],[-121.02852500035054,48.303877000220254],[-121.02549300031538,48.30226800014713],[-121.02078499997988,48.302831999896654],[-121.01940499995557,48.30199900001585],[-121.01085399964812,48.30016300009702],[-121.00728199983779,48.30008100005801],[-121.00375000021042,48.2994279997032],[-121.00165799998351,48.29600900021737],[-121.00068499966498,48.29448099989455],[-121.00064799985503,48.29053300012029],[-121.00298000028147,48.286890000104144],[-121.00250099970735,48.28625999972676],[-121.00437899967405,48.28536600026157],[-121.00831799990549,48.28495299989874],[-121.01154599975925,48.283497000125976],[-121.01209399993031,48.27990900000782],[-121.01126299990202,48.278191000002806],[-121.00897499985652,48.27689399971729],[-121.00610500020306,48.27429500007935],[-121.0044880003523,48.27390199997698],[-121.00570299962186,48.27220800024841],[-121.00466099970636,48.27115599996788],[-121.00563800022282,48.27008300002154],[-120.99991700028417,48.262941999934526],[-120.99514299982646,48.26039199998911],[-120.99041100009984,48.25562899972319],[-120.9859010001311,48.25360600010307],[-120.98249099980414,48.25134099981337],[-120.98123600035163,48.246657999789726],[-120.97822600005777,48.2439319997164],[-120.97773200031337,48.24203000020452],[-120.9743639998192,48.238759000155234],[-120.97313699995577,48.235298000293085],[-120.9679640001882,48.23289000004553],[-120.9650149999937,48.23064800023411],[-120.96273100014616,48.230167000270605],[-120.95984800007393,48.22776900011473],[-120.9603329995975,48.22637099975471],[-120.96208000004292,48.22499500025132],[-120.96185800028508,48.22372299985569],[-120.96358599956562,48.220089999989916],[-120.96574800011273,48.21778600024663],[-120.96476899994641,48.21132799980748],[-120.96373100022888,48.21070800009185],[-120.96093500019528,48.209896000199244],[-120.95872800034064,48.21030000021586],[-120.95670499971068,48.20960500016119],[-120.95230600006998,48.20911299980402],[-120.95157600032404,48.20731000014074],[-120.94979500044175,48.20593100012072],[-120.94844499965633,48.20234099989866],[-120.94702600017231,48.20104900018931],[-120.94241699957102,48.20019800000646],[-120.93788200038622,48.19854800023402],[-120.93674800040922,48.1986570002065],[-120.93266100003976,48.19713800029847],[-120.92870300044005,48.19361999988754],[-120.9255390001604,48.19177599998111],[-120.92132200009459,48.19152600004406],[-120.91927099987558,48.190387999966944],[-120.92058800015067,48.187311000161564],[-120.91951799974775,48.185563000202166],[-120.91736199994675,48.1797549999995],[-120.91536699980422,48.17845799985896],[-120.9105430000161,48.17359099980186],[-120.90982099976776,48.170148999976256],[-120.90739899982795,48.16562500020174],[-120.90742499976719,48.163184000100756],[-120.91275599971853,48.161739000191275],[-120.91524299995565,48.159682999964275],[-120.91748400014548,48.15966400025817],[-120.92144400029333,48.16076900001227],[-120.92339199968191,48.160406999954105],[-120.92703700018549,48.16113899997108],[-120.93194399981427,48.161620000062356],[-120.93425299977618,48.15950300013219],[-120.93321599988354,48.15677100002343],[-120.93664100027908,48.156017000200286],[-120.9382749998483,48.15506799971712],[-120.943526000332,48.15546499985976],[-120.94842100026523,48.155032000278354],[-120.9513839998051,48.15364599998385],[-120.95397300014947,48.15308700002999],[-120.9555659997108,48.15198099996498],[-120.95595300022342,48.147698999780225],[-120.96032900029786,48.1455180001033],[-120.9644169995939,48.142982999777246],[-120.9656190002413,48.14033299993391],[-120.96438300015706,48.13807099973795],[-120.9638440002068,48.135628999741435],[-120.96521599983517,48.13396200029934],[-120.96312899963112,48.131410000214835],[-120.9582849997515,48.1292019999105],[-120.95572300006963,48.12520700005378],[-120.95673300019807,48.122640999972],[-120.9553909998086,48.12026399975224],[-120.95344199969684,48.119011999737786],[-120.95262800028527,48.117223000275224],[-120.94905899994967,48.11567800018347],[-120.94631099959665,48.1151800002563],[-120.94709999979213,48.11332699983351],[-120.94875600000097,48.11209299999787],[-120.9529479999524,48.11128400024553],[-120.95473200020777,48.10868400013452],[-120.95616099973753,48.10807200024103],[-120.96012599990827,48.10843300005316],[-120.96374100027464,48.10972099999565],[-120.96885100029301,48.108830999708516],[-120.97123700024778,48.10918499972376],[-120.97248099982967,48.108533999817496],[-120.97139600025646,48.106158000084626],[-120.9722080000182,48.1040480002127],[-120.97778599984171,48.10113200022725],[-120.98039799975233,48.098101999931735],[-120.98044999963085,48.095188999743065],[-120.98131099979639,48.09437900011438],[-120.98475700010833,48.09326599981863],[-120.98733300003394,48.09386299971078],[-120.99300399974385,48.089933000009644],[-120.99552899961583,48.08917199994224],[-120.99936200044039,48.089717999832494],[-120.99882199976693,48.08825899993884],[-121.00247300011827,48.084729999999375],[-121.00466699955415,48.08142599970102],[-121.0067000002298,48.08017600021637],[-121.01116099979478,48.07917699988424],[-121.01594199992518,48.07479500010991],[-121.02515699985638,48.07816799977851],[-121.03011999956166,48.078144999716734],[-121.03410900002184,48.077614999750224],[-121.03621700014226,48.076837999901045],[-121.03772500021311,48.07505500020227],[-121.04124699979471,48.07269800002161],[-121.04246000031274,48.072871999890964],[-121.04863200033812,48.07021900025828],[-121.05410999970422,48.07000499996979],[-121.05760200004693,48.07044300013995],[-121.06459300040501,48.07014700002494],[-121.07208500018025,48.06768200006006],[-121.07542000016412,48.065277999787895],[-121.08304500000872,48.06155699981721],[-121.08461900020177,48.061932000230506],[-121.09014400032186,48.064941999797234],[-121.09702900037475,48.06440100009004],[-121.10159600024492,48.06267100027718],[-121.10176600012423,48.061762000261574],[-121.10519700036758,48.057768999974655],[-121.10984500042858,48.0566799998021],[-121.11597600044608,48.05796300029859],[-121.1175129999309,48.05696799983521],[-121.12042899961511,48.05229300014872],[-121.12196799964806,48.05096900002038],[-121.12820599979568,48.04812800019027],[-121.13051899995556,48.045179999868324],[-121.13308499983538,48.04417700015858],[-121.13727099993905,48.04431700008736],[-121.14420799987047,48.04232500029632],[-121.15027500031384,48.042016000051916],[-121.15322500033326,48.040739999988396],[-121.15325999959506,48.03969300015399],[-121.15062199974518,48.03671100010353],[-121.14896800008448,48.03415600005281],[-121.14858099957188,48.030571000298515],[-121.14738999969347,48.02946600019152],[-121.13911799994358,48.02528300013978],[-121.13601200028857,48.023959999988925],[-121.1339440003511,48.02183700011065],[-121.13109899991368,48.02162299998858],[-121.129220999947,48.01982600020006],[-121.12850899974438,48.01384000018302],[-121.12594299986455,48.012369000011994],[-121.12518299998133,48.01029900015688],[-121.12302200015743,48.008685000202284],[-121.11793399988038,48.006283000176055],[-121.11897499997099,48.003139999995774],[-121.11799499997976,48.00153500005989],[-121.11818300030072,47.99710299975423],[-121.12129499980352,47.99628100001263],[-121.12480800006261,47.99371999979839],[-121.12814600041955,47.989992000285035],[-121.13057199965898,47.98679599994716],[-121.13454500022564,47.98538000020993],[-121.1359379997704,47.98283399992549],[-121.14002599996478,47.98341599989147],[-121.14072899994657,47.98350899971809],[-121.14714100017143,47.981476999913625],[-121.1487570001973,47.978249999820754],[-121.14844599985268,47.970694999865934],[-121.15261299968975,47.967265000238214],[-121.15323399965577,47.96417600013702],[-121.15575900042606,47.96188300011718],[-121.15750699979809,47.96086600023565],[-121.1582700000543,47.95950499994693],[-121.16236400009649,47.958397000029734],[-121.16508899998495,47.95621000004637],[-121.16496799961115,47.95450499999148],[-121.16272800014454,47.950694000142704],[-121.16186799980393,47.94829399973265],[-121.16217999997345,47.94407899989765],[-121.16330700027777,47.94293600029577],[-121.16641399975768,47.938163000035395],[-121.17113799998671,47.93642399994698],[-121.17278599979959,47.93369600004491],[-121.17274300014188,47.92967000027832],[-121.17048699988345,47.92440299973553],[-121.17359199971354,47.923253999782645],[-121.17898999961201,47.919543000056535],[-121.17951299966875,47.91878099971691],[-121.17875500033368,47.91699899976598],[-121.17368200012524,47.91534999978893],[-121.17136099956946,47.91329600000655],[-121.17136899996538,47.91217699990108],[-121.17326200000065,47.908779000185056],[-121.17734699982198,47.90545799997649],[-121.17723200019425,47.90421200004871],[-121.17892799968773,47.90111599981455]]]}},
    {"type":"Feature","id":"53009","properties":{"STATE":"53","COUNTY":"009","GEOID":"53009","NAME":"Clallam County"},"geometry":{"type":"MultiPolygon","coordinates":[[[[-124.73275538499864,48.16532894760421],[-124.73317399992102,48.16339300011585],[-124.73170299966013,48.16040200007116],[-124.72172500037101,48.153184999993634],[-124.71677000016334,48.142637999843494],[-124.70731699968246,48.13156099976229],[-124.70879899981401,48.1271390002779],[-124.71138200031062,48.125575000045814],[-124.70490899998636,48.12326499990699],[-124.69849900030961,48.11978499998405],[-124.69508800015778,48.11487799975347],[-124.69180599987735,48.10821199976963],[-124.69275200043171,48.104703999864896],[-124.69127299977487,48.100254000211336],[-124.68710099991493,48.098657000096416],[-124.6879875832014,48.095000213784836],[-124.68860200031304,48.09246599970007],[-124.69511400009704,48.08709599978934],[-124.69654199980191,48.069274000135295],[-124.69388600040868,48.066946000266185],[-124.6922460000934,48.06414299993833],[-124.69452599974296,48.06183600004866],[-124.69367600034641,48.0586970001024],[-124.69112399981196,48.05608900020581],[-124.68835899974047,48.05492700026891],[-124.68539299982754,48.049237999940516],[-124.68215699957788,48.035986999817865],[-124.68254599974031,48.02790999970803],[-124.68053899990218,48.02436699978985],[-124.68234400007395,48.02083199995249],[-124.68096655575663,48.01870152558448],[-124.67902400015868,48.01569700013517],[-124.67743999991988,48.00925499970899],[-124.67969199998036,48.00065499977023],[-124.67746599985915,47.99606199997174],[-124.67798200024319,47.99232499986645],[-124.67351199955907,47.98936200019933],[-124.67083000022662,47.98236599978646],[-124.67135599975808,47.97645600005681],[-124.6745950003808,47.973147000008915],[-124.67137300037481,47.9691560000314],[-124.67173999989762,47.967506999950054],[-124.67617799989637,47.96703199985433],[-124.67242699998589,47.9644139998794],[-124.66780800023719,47.96485900020873],[-124.66376699989848,47.963426999930874],[-124.66333099988039,47.95977700026809],[-124.66752299983182,47.95811500023155],[-124.66186600036556,47.954355000229874],[-124.66233400017073,47.95145099986491],[-124.66162799981589,47.946553999811464],[-124.65646900029203,47.94577399975453],[-124.65196599999595,47.94317700013654],[-124.64544199961807,47.93533800021143],[-124.63934493885034,47.92047400009695],[-124.63880799963536,47.91916499970759],[-124.64149599971392,47.91155099989942],[-124.64142600029204,47.907853000219305],[-124.63310699978818,47.9038699998035],[-124.62970599968209,47.89696800013262],[-124.62982308609618,47.89578901837787],[-124.6301529995708,47.89246699981621],[-124.6255120000808,47.8879629998794],[-124.61076310131833,47.880607016719814],[-124.57921800014175,47.8806959999336],[-124.56578600014477,47.881471000241035],[-124.44904699956729,47.8828320000417],[-124.43845599980975,47.8831300001269],[-124.41650500019067,47.8819480000504],[-124.29013499975541,47.88118199999954],[-124.2727319997399,47.881556999749385],[-124.27028499968574,47.88161199971741],[-123.92599899975087,47.881371999866616],[-123.79868000018486,47.881496999827235],[-123.69666200029039,47.88107999995463],[-123.50591700003314,47.88107999995463],[-123.50591700003314,47.86689699989071],[-123.46765700019262,47.866918000064],[-123.29231399996051,47.866899999829904],[-123.15740499981167,47.866874999929585],[-123.15163399964428,47.86687799987004],[-123.0375610003024,47.86689800027218],[-122.97007599972915,47.86689699989071],[-122.96124499993753,47.866676000076076],[-122.94916700002554,47.86682200014923],[-122.94858600024253,47.875381000297835],[-122.94817899963842,47.88139099999575],[-122.94885700040415,47.895294000261444],[-122.95067900029434,47.91041899993869],[-122.95125300040469,47.925137999942386],[-122.95086599989209,47.95429599973905],[-122.95149500025403,47.954289999756746],[-122.94952100002789,47.9692959998527],[-122.94987099983226,47.98368899989574],[-122.94916600020065,47.99263500023811],[-122.94872699980951,47.998070999893415],[-122.94889900023695,48.012483999938034],[-122.94748599970237,48.01965999995709],[-122.94687899998006,48.026750000178225],[-122.94928000000347,48.04289800022324],[-122.94918899976686,48.05029199981302],[-122.94913900043646,48.053916000075944],[-122.94918000044433,48.065149999821394],[-122.94477800043062,48.06521399984441],[-122.94471999980598,48.06520800014581],[-122.92767282427117,48.06529788449071],[-122.92862499984479,48.06758699990017],[-122.92475000008574,48.080563000030395],[-122.92091100031172,48.08819899978511],[-122.91826199969289,48.09161099994096],[-122.9149819999606,48.09407600018055],[-122.91630300043367,48.095420000052016],[-122.92909500019807,48.09624399973637],[-122.93916100024904,48.096337000095396],[-122.94611900009687,48.098551999714054],[-122.95055395840006,48.098204066301605],[-122.9794129998591,48.09593999984066],[-123.00412799972473,48.090516000183804],[-123.01376500032859,48.085855999953054],[-123.02154800035697,48.0840750002978],[-123.02158500016691,48.0786660000299],[-123.00705000015503,48.06983599971059],[-123.00412400042508,48.06371299981354],[-123.00723199972994,48.057459000217534],[-123.010420000299,48.054372999905645],[-123.008004000207,48.0498090001345],[-123.00297100018149,48.04548400008784],[-123.00042899969279,48.040635000293804],[-122.99805699998171,48.03008100029615],[-122.99721283873616,48.028972413402485],[-122.99611600026583,48.02753199999538],[-122.99626186959999,48.02699291658584],[-122.99692914537954,48.02452689812673],[-122.99708200001335,48.02396200008882],[-122.99926590148708,48.02295785247005],[-122.9998179997725,48.02270400004409],[-123.00707000024653,48.023186999734264],[-123.00852700026371,48.02514199982625],[-123.00968491159695,48.02547233391941],[-123.01350800041065,48.026562999717875],[-123.02063100011493,48.03271199992258],[-123.02019000007395,48.03626400022939],[-123.02694000040766,48.040722000141706],[-123.02893787965067,48.04296778756287],[-123.03125427095074,48.04557161032235],[-123.03828699985044,48.05347699999262],[-123.04675500031719,48.05764699992884],[-123.04647009962483,48.0580618272446],[-123.04462799993019,48.06074399993854],[-123.04086399960092,48.06227299989189],[-123.04283935089325,48.06584969918935],[-123.04517582223484,48.07008026708903],[-123.04624599960586,48.072017999746805],[-123.0462403995084,48.0722978892669],[-123.04602999969579,48.08281199986821],[-123.04057800026897,48.08430600012492],[-123.04691299960264,48.09775100012701],[-123.05044599995324,48.10282499972644],[-123.05892199991763,48.1139759999965],[-123.06621000037666,48.120469000177444],[-123.08515400007494,48.12713699998752],[-123.10650600036762,48.14189099995385],[-123.11176399962567,48.14837700024679],[-123.11647899963387,48.1502079998576],[-123.12481599968109,48.153472000137455],[-123.13142200007472,48.1527360000128],[-123.13737053788495,48.15513983072032],[-123.14214199970367,48.15706799970304],[-123.1392579998065,48.166479999889916],[-123.13241700013454,48.174704000003274],[-123.12479099956671,48.17561599989668],[-123.11053000008957,48.179895000020835],[-123.10078600025386,48.1824309997794],[-123.09996899957093,48.18399500008333],[-123.10189199974347,48.18495200020057],[-123.1347939998685,48.17599499991464],[-123.14478299992659,48.1759429998978],[-123.16440000036773,48.165893999856216],[-123.19152100027966,48.14382099987018],[-123.1944715662377,48.141910816078024],[-123.21719000019728,48.12720299993555],[-123.2207493687964,48.12574511716688],[-123.2391290001208,48.11821700003998],[-123.24861500021365,48.1157450002292],[-123.25439600042675,48.117217999783165],[-123.26891700019492,48.116093999994476],[-123.28017800032224,48.11730899990711],[-123.28620303147557,48.12008571469467],[-123.28826500012421,48.121036000085724],[-123.2896328207899,48.1206559547235],[-123.31457799957406,48.11372499997217],[-123.33269899963993,48.1129700000973],[-123.33890400017559,48.11360600005787],[-123.34371987739691,48.11693374517638],[-123.34464500020574,48.117572999927994],[-123.34739170698477,48.117641345669355],[-123.3538080002584,48.11780100002655],[-123.354169021493,48.1177027148057],[-123.36092299956675,48.1158639999876],[-123.37435200008899,48.11408400005977],[-123.38088499978939,48.11486899989596],[-123.39504800025558,48.11424299973986],[-123.40018320161093,48.11565503128942],[-123.40495970567335,48.116968430949576],[-123.40538000044533,48.117083999847594],[-123.40744900020769,48.11858899978253],[-123.411602999626,48.1163789999175],[-123.41550475750242,48.116882510511346],[-123.42466800010018,48.11806499991815],[-123.43009379926343,48.12000717566555],[-123.43786904593257,48.12279033966369],[-123.44197200038148,48.12425899970076],[-123.45136300003976,48.12598199975927],[-123.46015700002147,48.129790000125745],[-123.46205900027758,48.1347079998607],[-123.45683000043354,48.135341999930326],[-123.44637199984706,48.13613500023428],[-123.43686499983784,48.13946600020948],[-123.40152599970438,48.13775299990742],[-123.4008731122407,48.13853661716929],[-123.39980799957127,48.13981500007407],[-123.4033519997925,48.14136900015811],[-123.40681107957501,48.14150155083845],[-123.42558600016713,48.14222099994553],[-123.43391108136716,48.14210249583312],[-123.44012799985168,48.14201399970829],[-123.45339800575515,48.139754425263725],[-123.45573200044153,48.13935700024653],[-123.46698199979991,48.13551500011504],[-123.4695751153266,48.134932896948925],[-123.47337899995617,48.13407899980678],[-123.48732783756705,48.132581346648074],[-123.48863500039148,48.132440999829136],[-123.49269935333432,48.13230246265944],[-123.50723500013318,48.13180699991242],[-123.51303439604668,48.132689288414646],[-123.51550400040834,48.133065000015],[-123.52029378426559,48.134803545722114],[-123.52231999996594,48.13553900027832],[-123.53487900010184,48.14578000003001],[-123.54099099985275,48.14844400019648],[-123.55069314807766,48.15125513523006],[-123.55113100042189,48.15138199976312],[-123.56022099978128,48.14945699981536],[-123.56431150537698,48.14859936091542],[-123.56466764157307,48.14852469118858],[-123.565222268616,48.14840840547265],[-123.56632299589317,48.148177620547216],[-123.56826614078594,48.14777020936688],[-123.56853899956192,48.14771299980085],[-123.56967400026215,48.143996999706324],[-123.57421400036814,48.140756000062375],[-123.58354700030011,48.136426000266155],[-123.5871039218884,48.13570554310496],[-123.59083900005878,48.134948999957494],[-123.59757140329437,48.13571641517054],[-123.59871699962338,48.13584700027847],[-123.60223900010332,48.13692800028032],[-123.60247999294121,48.13692566225706],[-123.60718699973998,48.136880000042176],[-123.61298499967155,48.138990000011695],[-123.62011599977173,48.137879999729115],[-123.62881900041515,48.139279000229934],[-123.63630100014463,48.142443999901246],[-123.64110800021429,48.14612699997442],[-123.64149700037673,48.147227000017764],[-123.63696700031649,48.150319000140684],[-123.64269499992785,48.15405600020944],[-123.6514079997187,48.156952000016666],[-123.67244500036712,48.162714999713806],[-123.6854749997829,48.16384899991647],[-123.70117300547396,48.16651624293781],[-123.70274300007918,48.166783000113504],[-123.70945900007767,48.167580999783496],[-123.70622600020106,48.16339999978341],[-123.71835000014376,48.15871299985894],[-123.72535200037251,48.15919100016557],[-123.72828999979804,48.16085800009549],[-123.72873599986188,48.162799999817196],[-123.72659599995438,48.16356899994113],[-123.72997000029629,48.16509999972148],[-123.734953999918,48.16431700010078],[-123.73575099961111,48.16186000018032],[-123.73892999995937,48.160261000055314],[-123.74757400015326,48.16158399982802],[-123.7591580003208,48.15960500027437],[-123.77812200011057,48.1554660000525],[-123.79809900040182,48.155815999786746],[-123.80715699997415,48.1547619997872],[-123.81544399979266,48.15544299981],[-123.81760700016471,48.15705200011318],[-123.82670699956985,48.16112500001797],[-123.8295469999844,48.16029900021669],[-123.83157100043925,48.15793700023233],[-123.84023800019936,48.155912000163006],[-123.8588210002226,48.15427300018842],[-123.8666770000459,48.154796000202474],[-123.87062999962274,48.15706799970304],[-123.87210400025668,48.15878299988134],[-123.880068000035,48.16062099976088],[-123.88653999963603,48.161011000086425],[-123.89393299967703,48.159555000042026],[-123.90181000031501,48.160479000251975],[-123.91558899974333,48.15935200007221],[-123.93492099977914,48.16083999971408],[-123.93967299959722,48.16191400023183],[-123.93991699999471,48.16446899994358],[-123.94613599987572,48.16644700000659],[-123.94709806230738,48.16603514136698],[-123.94946699966164,48.16502099987337],[-123.95534699960893,48.16545500022941],[-123.97356599958414,48.16434600007799],[-123.9810320003184,48.1647609999388],[-123.98807499965672,48.16711499995437],[-123.99735599971017,48.168690000085654],[-123.99853499989301,48.172089999734055],[-124.00560800026686,48.17238299993695],[-124.01311799958545,48.17073900009953],[-124.01632022677367,48.17131367286975],[-124.02364399994397,48.172627999907085],[-124.02480399986021,48.174782000096506],[-124.03211499988548,48.17432500002728],[-124.03822325455995,48.17544764087377],[-124.04895619262398,48.17742025523859],[-124.05073399989374,48.17774699993285],[-124.0613690000322,48.18290900007226],[-124.0606719998982,48.18567100004584],[-124.06194999981527,48.18709099987048],[-124.0660920004363,48.18634199989238],[-124.06814216342548,48.18732668846517],[-124.07461312008246,48.190434674569936],[-124.07522799982647,48.1907300001309],[-124.08695799958386,48.194032999898226],[-124.09214600031837,48.196690999999504],[-124.10774699963684,48.20009700028742],[-124.10999299984955,48.203142000159005],[-124.10688399982152,48.2054050000188],[-124.10453399985174,48.2090500002565],[-124.10596699957945,48.2124820001751],[-124.10283099978722,48.21413299970989],[-124.1017729999782,48.21688300002979],[-124.1118750000142,48.21997600007959],[-124.1176400003338,48.22080500010092],[-124.12634700027685,48.2196669997864],[-124.13069099966596,48.220644999943076],[-124.14128999981939,48.2274130002534],[-124.14958099983586,48.22990499993982],[-124.16761700041125,48.236771999787436],[-124.17571400025898,48.23910099986417],[-124.19269200012701,48.24631599975518],[-124.19930400036844,48.247686999897205],[-124.217873000148,48.25329399985233],[-124.2224369996451,48.255316999854465],[-124.22284800044716,48.25676400000229],[-124.22752999994508,48.257240999915055],[-124.2319119998673,48.25838600008415],[-124.23858199983503,48.26247099998308],[-124.24331299973673,48.262487000160554],[-124.25088200040317,48.26477299998137],[-124.25107695907434,48.26424245802411],[-124.252266999552,48.261004000142705],[-124.25510899961638,48.258971999984304],[-124.25701099987252,48.257443999800536],[-124.26484900015245,48.25456799980751],[-124.27203074967629,48.25400654791447],[-124.27226800013271,48.25398800006073],[-124.27889200006972,48.254959000170714],[-124.28182100017271,48.257686999799716],[-124.28427499989955,48.2579689999531],[-124.28825699978871,48.257466999736735],[-124.29588599983127,48.25864999984589],[-124.29606320779244,48.25877936711403],[-124.30020500000435,48.2618030002137],[-124.30079699965805,48.26391400029537],[-124.29891600021662,48.26590799997323],[-124.29914600037037,48.268238999841365],[-124.3034058527702,48.26917008598808],[-124.31409300011089,48.27150600026123],[-124.33147900040797,48.27492299985138],[-124.33904300015321,48.275969999734585],[-124.34241199957393,48.27769499989565],[-124.34503899955314,48.280592000212756],[-124.35075000034438,48.28396499975438],[-124.3585380003956,48.28735000024342],[-124.36135100014765,48.28758200026482],[-124.37069099975233,48.28528599987024],[-124.38087399997916,48.2846989997264],[-124.3869170001331,48.285693000274314],[-124.39559300011402,48.28877200017806],[-124.40707099997636,48.2964150001967],[-124.41400700008289,48.300886999885506],[-124.42787000007507,48.30606900020973],[-124.4358330000285,48.30668299990705],[-124.44415099980914,48.31221600019818],[-124.44629099971664,48.31585200008713],[-124.45051100015549,48.31765000026206],[-124.45720899971232,48.319033999725164],[-124.47560000011495,48.32802400017841],[-124.48580900028107,48.33246400014487],[-124.4903600002577,48.33227799985097],[-124.49506400039525,48.336913999838195],[-124.50088099969504,48.33805100008997],[-124.51058199987303,48.343235999780894],[-124.52545300034386,48.34902199977389],[-124.53882099986843,48.34989300015636],[-124.54625900011528,48.35359400008298],[-124.54754263696074,48.35458370363972],[-124.54787253246904,48.35483805749748],[-124.5553098553862,48.36057234479356],[-124.55555870578789,48.36076421179829],[-124.55647537544989,48.3614709784496],[-124.56484100031365,48.36792099994018],[-124.565177246911,48.36785004560917],[-124.56544895225016,48.36779271118136],[-124.57286399964318,48.36622800024196],[-124.57681999959307,48.3699739998353],[-124.5780102718361,48.37028464655635],[-124.58401950072526,48.37185298220787],[-124.58416900015148,48.37189199976796],[-124.58644799997614,48.371208000015834],[-124.58929412959587,48.37279944141439],[-124.59073299981401,48.37360400004713],[-124.59088511154106,48.37354945641697],[-124.59444355128218,48.37227348578641],[-124.59605479293198,48.3716957330936],[-124.59935600009148,48.370511999767324],[-124.60083411231449,48.36999978434136],[-124.6102899999807,48.36672299997279],[-124.62169800042113,48.36782800011124],[-124.62860739063231,48.37197382233007],[-124.62906600034778,48.37224899974519],[-124.631108000346,48.37652199997352],[-124.63347322047164,48.37909315282075],[-124.63408490580647,48.37975809577969],[-124.63902735475301,48.385130867119656],[-124.63938900031671,48.38552400010234],[-124.63743413779937,48.386946444728835],[-124.63572100024689,48.388193000254134],[-124.64396019082767,48.38936760885536],[-124.65225709636881,48.39055044626335],[-124.65270836954338,48.39061478093871],[-124.6532430000881,48.390691000085724],[-124.65802758898808,48.39084296559151],[-124.65941400028855,48.39088700026082],[-124.66353000007203,48.38835100018124],[-124.6687609995659,48.388461000006984],[-124.67626199956196,48.3913709997236],[-124.68173300015367,48.389810999978494],[-124.68635600010035,48.38951900026803],[-124.69141800043813,48.390158999725],[-124.69442799983368,48.38756200024881],[-124.69941599965333,48.38805199987101],[-124.7037719996363,48.38707900019695],[-124.70646200026303,48.38608399980782],[-124.71694699971535,48.38977600009343],[-124.72583899960634,48.38601199992665],[-124.72700684451,48.38506528341071],[-124.7297529323498,48.38283915942816],[-124.73174847776971,48.381221464874706],[-124.73182800023193,48.38115700019049],[-124.73086300030933,48.37619999981937],[-124.72726100036175,48.3746449997232],[-124.72702199998716,48.37110099978278],[-124.72581267178201,48.37066214334819],[-124.71381699977088,48.36630899995201],[-124.71246609797527,48.365001941300605],[-124.70660700002796,48.35933300018585],[-124.70747700041434,48.35458000017816],[-124.7037440000472,48.352323000122254],[-124.69916124552357,48.35064701745115],[-124.69899498353416,48.35058621303222],[-124.69670300035871,48.34974800002886],[-124.69599399963082,48.344327000088654],[-124.69455188739283,48.34336339446472],[-124.68768199969797,48.338772999988436],[-124.68436216597104,48.33851689635002],[-124.68349499976941,48.33844999980501],[-124.68111800003541,48.34145099996961],[-124.67636500039244,48.34271499977963],[-124.67547873151626,48.342521493861106],[-124.67007199999324,48.3413410000757],[-124.66853135963656,48.33991772073282],[-124.65995993792777,48.3319992423976],[-124.65893999973733,48.33105699991715],[-124.65985500032953,48.32502699992518],[-124.66400500044817,48.3202769999721],[-124.66206800003195,48.310449999906986],[-124.66590799963089,48.299323999839245],[-124.66926500025437,48.29635299978164],[-124.67631900036167,48.29514300008992],[-124.67634930951937,48.29515960740343],[-124.67939503401543,48.296828424215605],[-124.68088899970658,48.29764700019534],[-124.68303005782948,48.294697154336724],[-124.68338799963927,48.29420399976555],[-124.68396238961846,48.29243999699297],[-124.68444299997356,48.290964000294316],[-124.6863469998795,48.28739200005233],[-124.68507702012131,48.285068620826024],[-124.68433706883863,48.283714908914085],[-124.68390630510034,48.28292684178416],[-124.68079400017034,48.27723300026868],[-124.68080843340199,48.275166589970354],[-124.68087700001101,48.26534999984138],[-124.68467700032528,48.25522799988989],[-124.6914579997228,48.25030899983923],[-124.69974500043962,48.247244999711064],[-124.69984199962568,48.24390999993636],[-124.70591999993972,48.23989399975869],[-124.7050310001851,48.23877400021141],[-124.69909099996333,48.23202700003136],[-124.69889900034269,48.22802600013973],[-124.69244399956179,48.223920000203925],[-124.69038900004311,48.21974500028626],[-124.69090000040428,48.212616999812134],[-124.69611099980669,48.198599000123686],[-124.70415300030112,48.184421999991315],[-124.7099880000426,48.18137200013264],[-124.71447899974477,48.18111300012689],[-124.71911000008737,48.178132000074726],[-124.71984922014141,48.17739909784181],[-124.7248429997216,48.17244799996976],[-124.73174600021616,48.1699970001913],[-124.73275538499864,48.16532894760421]]],[[[-124.60220800020161,48.3869299997301],[-124.60167300314426,48.385792681485235],[-124.59983200029254,48.381878999751684],[-124.60125800034758,48.3804579999753],[-124.59935600009148,48.37682700027984],[-124.5984246259066,48.37722107034533],[-124.59674199963274,48.377933000178956],[-124.59521979899392,48.377933000178956],[-124.59432096987345,48.377933000178956],[-124.59293899984372,48.377933000178956],[-124.59507799992632,48.38108999971858],[-124.59935600009148,48.3855100000457],[-124.60034191998044,48.38600088565781],[-124.60220800020161,48.3869299997301]]],[[[-124.65223700015763,47.91003299976644],[-124.65255400035002,47.90877200016357],[-124.65163999958271,47.905281999727606],[-124.64594200010859,47.904189000009794],[-124.64592253990462,47.9044495057313],[-124.64570399955889,47.90737499972447],[-124.64880599991427,47.90996499970303],[-124.65223700015763,47.91003299976644]]],[[[-124.7448159998149,48.39324399995862],[-124.74648000041965,48.39134999996198],[-124.7421050001701,48.39101700011268],[-124.73459599977814,48.38913999981215],[-124.7322190000442,48.39087599979921],[-124.73293200007171,48.39292800017275],[-124.73721100006176,48.395610999989835],[-124.73951500000081,48.3938310000225],[-124.7448159998149,48.39324399995862]]],[[[-124.75480099967503,48.15885100015404],[-124.75459599963561,48.15833700015891],[-124.75320899993862,48.15823399975386],[-124.75134900041358,48.15736200019252],[-124.74997400041217,48.155802000178824],[-124.74862100015204,48.154881999847966],[-124.74658500000163,48.15456899973507],[-124.74631200019014,48.15496900015098],[-124.74546799974306,48.155539000284875],[-124.74660199972006,48.156497999776],[-124.74899600007079,48.15781099984325],[-124.75017899955327,48.15929600008384],[-124.75100100025904,48.1598100000584],[-124.7514120001628,48.16056299977262],[-124.75274699998124,48.1608370000494],[-124.75382499988174,48.161179999726144],[-124.75480099967503,48.16046099973757],[-124.75423599978551,48.159502000018165],[-124.75480099967503,48.15885100015404]]],[[[-124.76265800022155,48.17724199970436],[-124.76306800030036,48.17628299983627],[-124.76235000024994,48.17559799990201],[-124.75988499975414,48.175461000134824],[-124.75834400007133,48.174947999853764],[-124.75767700007458,48.174092000130955],[-124.75567000023648,48.17376099976392],[-124.75521199957876,48.17419400001787],[-124.75499700039191,48.17502699998617],[-124.75567400043442,48.175564000094504],[-124.75726600017083,48.17587200013528],[-124.75865200004294,48.176248999884],[-124.76080899966885,48.17707100013062],[-124.76265800022155,48.17724199970436]]]]}},
    {"type":"Feature","id":"53011","properties":{"STATE":"53","COUNTY":"011","GEOID":"53011","NAME":"Clark County"},"geometry":{"type":"Polygon","coordinates":[[[-122.79596299973353,45.82502399988213],[-122.79572928953765,45.815216000186815],[-122.79560500043158,45.80999999975181],[-122.77898385271688,45.79124710304801],[-122.77064606125387,45.781839945893815],[-122.76953200028292,45.78058299978035],[-122.76145100032875,45.75916299995814],[-122.76097413774502,45.75037496155359],[-122.76010800011436,45.73441300002144],[-122.76218952598506,45.72857673755552],[-122.77251099971632,45.69963699971443],[-122.77268120620816,45.698003021722485],[-122.77451099988176,45.68043700002234],[-122.76380999962103,45.65713799993127],[-122.76241411019599,45.65643193547305],[-122.7435402455652,45.646885215437635],[-122.73810899991639,45.644138000223215],[-122.71330899966192,45.63743800026091],[-122.69138158351399,45.62495173204271],[-122.69118509052032,45.62483984136103],[-122.69100800023848,45.6247389999614],[-122.67532748384768,45.61817278427041],[-122.67509377365177,45.618074917891846],[-122.6750079998135,45.61803900020948],[-122.64390699966224,45.60973899981311],[-122.6349629064679,45.60928422642383],[-122.60771820674472,45.60789893668607],[-122.6026059995657,45.60763899992932],[-122.58891782250754,45.60525067106625],[-122.58600555711999,45.604742536044704],[-122.58232599303753,45.604100521288345],[-122.58140599960899,45.60393999979665],[-122.55127899780453,45.59744299599065],[-122.55021168516095,45.59721282603807],[-122.54995527723275,45.597157530626255],[-122.54943893908218,45.597046180349075],[-122.54814899965669,45.59676799979843],[-122.54598139721544,45.59613616259656],[-122.52366800014278,45.58963200022526],[-122.50535309602785,45.58592866822589],[-122.49601900823608,45.58404128549794],[-122.49225900001994,45.58328100019173],[-122.47931499991957,45.57976100020421],[-122.4757781395082,45.57865497161672],[-122.47465900036094,45.57830499979276],[-122.471883288778,45.57683588305122],[-122.45526177904227,45.56803851976796],[-122.45389100022435,45.567313000100974],[-122.4386740001471,45.56358499978562],[-122.41693400490679,45.56673157843859],[-122.41070600031335,45.56763300006146],[-122.40122295477948,45.57109834427692],[-122.39710051227878,45.57260478915874],[-122.39180199989971,45.57454100000878],[-122.38343589713226,45.57555948187479],[-122.38030200029608,45.57594100012216],[-122.3721892431,45.574023438977605],[-122.35280200026747,45.56944099995856],[-122.34181170206112,45.55850229950329],[-122.33907026569784,45.55577373347699],[-122.33150199985334,45.54824100017355],[-122.29490099969637,45.54354100012852],[-122.29481999770886,45.543541861435436],[-122.26670100005899,45.54384100026643],[-122.26262499956019,45.54432100030296],[-122.25953099960076,45.54509813150414],[-122.24899300044498,45.54774500028203],[-122.2489119472535,45.54777309980597],[-122.24921699985266,45.54865299985562],[-122.24896900015554,45.57773199982317],[-122.24897099980535,45.58151500019479],[-122.24898300039922,45.58844400001493],[-122.24900000011768,45.613941000055654],[-122.24923699994413,45.63567399983496],[-122.24985200006236,45.664109999923866],[-122.2498699996057,45.6647589998229],[-122.24924000031719,45.67291500023531],[-122.2492269998984,45.715704999820545],[-122.24925200001275,45.722151999992775],[-122.24974699958207,45.73032700010054],[-122.2494600004252,45.74410400011743],[-122.25021000026268,45.750873000249676],[-122.25013599974451,45.765818999781004],[-122.24966299991648,45.79421799981456],[-122.24978199974218,45.80508999971073],[-122.249502000258,45.80847599973781],[-122.24960099999221,45.81559499971385],[-122.24984100019171,45.818941000081196],[-122.25011700037625,45.82275600015946],[-122.24913599966182,45.83636099970058],[-122.2497979996357,45.86663300029734],[-122.24451500026326,45.86656099985787],[-122.24518399990987,45.93853100009524],[-122.24615499968026,45.953904999857315],[-122.24555299998082,46.03257900018912],[-122.24585599992952,46.05385300020429],[-122.24867799990238,46.05356200010489],[-122.25146999973806,46.054017999720806],[-122.2515230003398,46.05569400008095],[-122.25536299993874,46.05623900005158],[-122.25914999983422,46.05779300007657],[-122.26432000012709,46.05897099993402],[-122.26919900016678,46.05963199980252],[-122.27297400036669,46.059403999956324],[-122.2765300002835,46.05824299977652],[-122.28019699963008,46.0547629997121],[-122.28148899979082,46.05398300007237],[-122.28342700003198,46.051413000097334],[-122.28735399966955,46.049597999925574],[-122.28861800024121,46.04938200025475],[-122.29256199959721,46.04983700006344],[-122.29444299993693,46.04919100015674],[-122.29521500041402,46.04737599991572],[-122.29475000008361,46.04514800024295],[-122.29470800025082,46.03797300020435],[-122.29717299984831,46.03530300002257],[-122.30157400003714,46.03373500005961],[-122.30317199962131,46.03259900016796],[-122.30588499981427,46.029573999864525],[-122.31171100023322,46.02879400003442],[-122.31226299970395,46.02689900019161],[-122.31518799960902,46.021577000040615],[-122.31373099959178,46.019193000041014],[-122.31371499969829,46.016994999933345],[-122.3174689999818,46.01265900002293],[-122.31849599982868,46.01199299971401],[-122.31993199992948,46.0117929999102],[-122.32216300007359,46.01260199987191],[-122.32543100011033,46.01256000024842],[-122.32829400009106,46.011497999971276],[-122.32876799974399,46.01081100017532],[-122.32836000021332,46.00946100010331],[-122.32450999967031,46.007145999847744],[-122.32396300022245,46.005812000296245],[-122.32514700042817,46.003898000038596],[-122.32500299958981,45.99983200012812],[-122.32249500033458,45.99642200008524],[-122.31663399975555,45.99395099969693],[-122.3150610002857,45.99230099977635],[-122.31480000016981,45.990829000267944],[-122.31747800020264,45.98829000011394],[-122.31836000028454,45.985355000302896],[-122.31920200018352,45.984865999762306],[-122.32384400039676,45.983810000126596],[-122.32528600034537,45.9827259998266],[-122.32572200036343,45.97871200029017],[-122.32438099979888,45.97614499989367],[-122.32664499955492,45.97281700005897],[-122.32861700013126,45.971049999802105],[-122.33083400003164,45.9681970001049],[-122.33266299959453,45.96506400021613],[-122.33642400044904,45.96284400028594],[-122.33971099985402,45.96156300002567],[-122.34347799965803,45.959548000056024],[-122.34732300017815,45.95931000024779],[-122.35038600017546,45.95828399971535],[-122.3521340004458,45.95877600023794],[-122.35631499962827,45.95685000013901],[-122.35776499997276,45.956915000216384],[-122.36103100035966,45.95800400028017],[-122.36306499996196,45.9597759997374],[-122.36317600029003,45.962712000137735],[-122.36689399969025,45.96272299969377],[-122.36889899987852,45.96130900025818],[-122.37291500010286,45.96075799973205],[-122.37515000044492,45.960131999719266],[-122.37983299976771,45.961648999983],[-122.38292900027531,45.964843999868265],[-122.38535700006288,45.96590499993789],[-122.38976800029747,45.966663999736305],[-122.39423700025834,45.969909999848724],[-122.39851500042347,45.972495999884345],[-122.40281600015489,45.97214400018372],[-122.40626999996444,45.973269999899834],[-122.41082099994111,45.97391700017939],[-122.41355400022549,45.97362499979161],[-122.41835999957196,45.9740129999706],[-122.41848699979359,45.97671800012739],[-122.42240500010863,45.97738700023553],[-122.42602499959953,45.9773940002555],[-122.428909000395,45.97687700023302],[-122.43175999978192,45.9756829999899],[-122.4353159996987,45.97510299997527],[-122.43919600037894,45.97636599979282],[-122.44220800032261,45.97584900016114],[-122.44473700039252,45.97776999985066],[-122.44481600003526,45.981198999736556],[-122.44644600030477,45.983181999719775],[-122.45243599985697,45.984955000234585],[-122.46269500025181,45.986398000099676],[-122.46356999976274,45.986656999918935],[-122.46849499983318,45.9870009997742],[-122.47012599992763,45.98635500000034],[-122.4745000003523,45.98718300023731],[-122.47710399986697,45.98808900022341],[-122.47875300040309,45.98793799969513],[-122.4833019998316,45.9863520002099],[-122.48465900028967,45.98362499987126],[-122.48591700011526,45.98328900014447],[-122.489617999797,45.983503999730885],[-122.49387500004579,45.986778000033745],[-122.49748399966606,45.986976999853724],[-122.4983959998852,45.98634999972532],[-122.4982619999909,45.98471599976473],[-122.49656200029946,45.98245999971494],[-122.49695899995949,45.98074699986649],[-122.5012110001854,45.98000799980936],[-122.50639700037173,45.98032600002168],[-122.5082800003613,45.981691000251054],[-122.50893399993929,45.98424599984521],[-122.51066899979081,45.98493499987442],[-122.51366200036624,45.98427200026109],[-122.51551699986837,45.98311299991963],[-122.51791000039418,45.98282899990906],[-122.5208899996525,45.98417400021429],[-122.52186299997102,45.984144999842286],[-122.52300500034397,45.98408800027228],[-122.5272469996258,45.98197699987543],[-122.53449599972676,45.979216999951916],[-122.5348360003837,45.97699500020079],[-122.53179900032566,45.974019000264164],[-122.53275500002742,45.97283900015063],[-122.53606499989695,45.971610000254515],[-122.53828099997243,45.97016100009805],[-122.5428839998276,45.9689530002331],[-122.5468699999147,45.96696100013857],[-122.54980200039078,45.962646999991755],[-122.55457500012527,45.95981899987068],[-122.55603999964009,45.95660200030604],[-122.55742100038758,45.95384500008463],[-122.56019099958363,45.95216300021628],[-122.56458000007687,45.95167100031201],[-122.56957000044466,45.952590000047074],[-122.5720509999357,45.9525660002009],[-122.57802600031756,45.95469600025942],[-122.58026499995927,45.95467200007616],[-122.58316800012301,45.953705999841276],[-122.58544799977257,45.952794999793056],[-122.59027699958355,45.94837300004729],[-122.60103100044603,45.944773999789426],[-122.60452200006551,45.941860999711025],[-122.60602299956531,45.9399889998257],[-122.61025600042296,45.93818099983874],[-122.61307099982486,45.93640900022215],[-122.61572999959112,45.93570199978512],[-122.6200360002437,45.93684900030797],[-122.62717499984146,45.93562200024873],[-122.63040900044133,45.935775999768985],[-122.63891600036784,45.93746299993387],[-122.64174500001342,45.938088999883014],[-122.64382499964647,45.93785400029452],[-122.64618999968485,45.937255999949734],[-122.64749199989136,45.935939999769595],[-122.65112200032634,45.934122999847396],[-122.65342600026534,45.93213199990096],[-122.65486200036614,45.9287840002601],[-122.65638200013254,45.92795799990972],[-122.65763199956218,45.92813399981584],[-122.6594569998254,45.929595000230826],[-122.66090399979687,45.93246899973348],[-122.66925900028576,45.93699100030892],[-122.6749109997291,45.93738299981434],[-122.6769440004048,45.938044000025634],[-122.6814789995896,45.93875799986948],[-122.68395599978099,45.939771000163866],[-122.68933100011323,45.9413310000757],[-122.69323799965933,45.941451999904785],[-122.69484700001247,45.940593000222854],[-122.69488200017261,45.93770499996777],[-122.69289500042596,45.93619100022943],[-122.6886180000857,45.93438399972383],[-122.68799700011968,45.93210900022896],[-122.68925999996814,45.92911100017801],[-122.69087099997111,45.928168000052864],[-122.69323299963646,45.9280300001376],[-122.69697100002647,45.929159999888824],[-122.6991079995609,45.93098200024204],[-122.70449200011399,45.93080900030051],[-122.70643799985274,45.930479999767954],[-122.70945099962132,45.9308820002586],[-122.71511200018385,45.932294000118695],[-122.7178060001102,45.93373200004398],[-122.71971199966598,45.93325600009389],[-122.7209100001154,45.9318919998657],[-122.7185309998333,45.926149000299326],[-122.71875900033724,45.924770000246404],[-122.72244999997328,45.920223999859466],[-122.72382099977675,45.91765300008491],[-122.72593300009515,45.915728999694636],[-122.73018000029815,45.91430800020448],[-122.73256799990277,45.91402699989481],[-122.73899600002119,45.915287000249286],[-122.74012800034838,45.914753999838695],[-122.73953400014652,45.91080199998352],[-122.73775200043931,45.907997000210926],[-122.7372929999567,45.9057750001829],[-122.73766100020272,45.90188600027257],[-122.73985600036181,45.90073199973771],[-122.74012999999819,45.9006249998999],[-122.74235199992144,45.900394000049396],[-122.74443300027772,45.90050699983386],[-122.74629700000067,45.90007900001152],[-122.74716099964094,45.89972300009393],[-122.74845600017477,45.8988079997601],[-122.74863600009982,45.89834100014172],[-122.74944600021172,45.8962689997936],[-122.74706399955657,45.89348500026887],[-122.74571600021763,45.89303500021353],[-122.7445219999662,45.89263599983653],[-122.7403350000376,45.8932110002303],[-122.73470899963517,45.89528300026763],[-122.73314399966294,45.895248999885496],[-122.73240600041939,45.89424499984962],[-122.7343999998387,45.88852900028606],[-122.73419700034745,45.8857589998766],[-122.73182999976088,45.88127300027327],[-122.72867899990004,45.87739099987432],[-122.72194899965784,45.87278400022516],[-122.71976699991755,45.87090299991014],[-122.7207269998173,45.86713400014779],[-122.72296399980915,45.86666100002604],[-122.73229099989337,45.86973699979159],[-122.73585699985588,45.87059399983575],[-122.7413900003719,45.870510000295845],[-122.74320499969107,45.87012099975865],[-122.74703699979241,45.867650000296344],[-122.74874300022995,45.86534800011876],[-122.7509650001532,45.864094000188366],[-122.75432699990125,45.86314400000553],[-122.7615199999257,45.86158799990461],[-122.76577700017448,45.860202000047785],[-122.77325399988108,45.85743400017741],[-122.77491000008989,45.85616000013624],[-122.77738700028131,45.852979999768635],[-122.78043799968474,45.85130000000931],[-122.78551500009114,45.850535999712264],[-122.78569599984112,45.84421600028682],[-122.79596299973353,45.82502399988213]]]}},
    {"type":"Feature","id":"53013","properties":{"STATE":"53","COUNTY":"013","GEOID":"53013","NAME":"Columbia County"},"geometry":{"type":"Polygon","coordinates":[[[-118.24253300029781,46.556783000055205],[-118.24222500032624,46.55459200008121],[-118.24138000005424,46.47697399996802],[-118.24125000035791,46.469615000101165],[-118.24183299979079,46.454946999803816],[-118.2416729999572,46.410959000169356],[-118.24169999972139,46.367464000230214],[-118.24177199969141,46.33861900027342],[-118.24179500015595,46.33847299997979],[-118.24179599998087,46.33124300003418],[-118.24185200005735,46.295064000149864],[-118.18482900026851,46.29551300020693],[-118.13732900038241,46.29543299994238],[-118.1161169998318,46.29545500001123],[-118.11625800029711,46.28553499973426],[-118.11633899958964,46.28081900025453],[-118.116363999704,46.279253000282935],[-118.11676399973709,46.25019999974435],[-118.116623999995,46.20805000017334],[-118.04362300042081,46.20790300011037],[-117.99148100032146,46.207701999691984],[-117.99238000012184,46.12758199986639],[-117.99253599975745,46.084578999945535],[-117.99291099967618,46.077521000148494],[-117.99267800004768,46.07063900018239],[-117.99327499972425,46.063557999923475],[-117.99323700008942,46.06274000013453],[-117.9921459997701,46.0414300002008],[-117.99214999996806,46.03827200016348],[-117.99310900004289,46.03379200025363],[-117.9934549996493,46.026815000176],[-117.99310900004289,46.01972199974397],[-117.99550000002057,46.012889000188736],[-117.9964950000804,46.005967000277565],[-117.99694971290417,46.000786848645845],[-117.99691100000699,46.0007870002811],[-117.97766333470841,46.00072347568505],[-117.71785199983884,45.99986600007218],[-117.62359560030603,45.99906141544995],[-117.60342451899763,45.99888923204722],[-117.60329599972488,46.121312999752845],[-117.61260299971757,46.12132300017599],[-117.61199900036831,46.334676000205754],[-117.61190300010885,46.33847799998359],[-117.67494599958708,46.33765099984401],[-117.6739460004027,46.3832840000592],[-117.69494200014493,46.383253999834444],[-117.69508500026005,46.39767900007002],[-117.71645000007321,46.39760799969028],[-117.71662900017338,46.44179599990172],[-117.73742200042432,46.44199499995291],[-117.73736700017271,46.449330000234454],[-117.73730299970032,46.47145400009076],[-117.7795210000389,46.471447000299456],[-117.82212000014397,46.47112300004651],[-117.86334699972235,46.470666999882994],[-117.86159299960424,46.560226999719234],[-117.85316799969347,46.56019099980517],[-117.85184999959343,46.624669999933005],[-117.85964500021568,46.62357300018165],[-117.86164500038109,46.623072999722915],[-117.86644599970468,46.62117300004058],[-117.87054599959461,46.618772000080966],[-117.87404600033324,46.61557199997814],[-117.87824599978228,46.60887199979839],[-117.87984599991461,46.60377199985268],[-117.88044599996422,46.59797200004848],[-117.88185699995067,46.592193000025325],[-117.8831049997305,46.589839000268505],[-117.88503200010098,46.587847000048406],[-117.88762300009518,46.58632100011989],[-117.89186199990229,46.58538199981543],[-117.90179999990673,46.58485600021684],[-117.90904900000768,46.58477099985434],[-117.91704899977103,46.58567100008684],[-117.9216499999764,46.58657000004821],[-117.93185099974659,46.58806999976983],[-117.93885100032554,46.589769999856],[-117.94555200025539,46.59037000004778],[-117.95345300028453,46.59207000022279],[-117.95805299976665,46.59177000018109],[-117.96915400006043,46.58936999994797],[-117.97425400003307,46.58886999977022],[-117.98005399961447,46.58776900030575],[-117.98525499986943,46.586868999715286],[-117.9889559995512,46.58676899975621],[-117.99305600033944,46.58786900027209],[-117.99995700028586,46.58836899980597],[-118.00095700036857,46.58806900026869],[-118.00860399995449,46.588236000049314],[-118.01210899981764,46.58792800004223],[-118.02286399960674,46.586188999813075],[-118.02747599968274,46.586055000108225],[-118.03515599977892,46.58515999970351],[-118.03912299959948,46.58378400028257],[-118.04826599956064,46.57930900015346],[-118.05599199968758,46.5770669999912],[-118.06909499979662,46.574675000075544],[-118.07309599995233,46.57450000002969],[-118.08334500030142,46.575066000215955],[-118.0889209995768,46.57493099982756],[-118.09289499996835,46.574529000221],[-118.09663900020615,46.57312099996735],[-118.1000510001829,46.57024599991372],[-118.10168999977499,46.56740499971159],[-118.10246200025205,46.56412599991528],[-118.10439600029524,46.56156600005887],[-118.10700300018296,46.559922000017295],[-118.1103590000832,46.55841099993502],[-118.11386999979419,46.557357999804125],[-118.11844800043332,46.556783000055205],[-118.12719399983614,46.556762000268115],[-118.13537900044571,46.55712400022581],[-118.14313300016175,46.55777699983028],[-118.15010100005532,46.556908999842534],[-118.1583440003912,46.55486000023482],[-118.16180499987345,46.55472000024596],[-118.16529200019329,46.55513499982341],[-118.1725520001649,46.55694700023082],[-118.17884300001599,46.560535000203686],[-118.18336300003047,46.566101999919454],[-118.18503699978265,46.5673289999699],[-118.19296799994899,46.57183599988998],[-118.20081200007672,46.57903400021706],[-118.2047119999501,46.581831999915416],[-118.20607299970784,46.583285000029946],[-118.2111030002586,46.58759200028347],[-118.215660000083,46.58892399978931],[-118.22446800030845,46.59102200003904],[-118.22863500014552,46.59336199997848],[-118.2280130003546,46.56041300023295],[-118.24142400043516,46.56049299981943],[-118.24253300029781,46.556783000055205]]]}},
    {"type":"Feature","id":"53015","properties":{"STATE":"53","COUNTY":"015","GEOID":"53015","NAME":"Cowlitz County"},"geometry":{"type":"Polygon","coordinates":[[[-123.21830900010566,46.369734999857194],[-123.21815199974684,46.36306600001947],[-123.21707800004427,46.35586200004117],[-123.21751200041253,46.34154600029586],[-123.21616300035038,46.326173000004786],[-123.21609800005304,46.324123000094076],[-123.21513700032838,46.28352299991652],[-123.21614599973361,46.26969599983665],[-123.21671800019416,46.2314090001903],[-123.21591999977781,46.2134020000762],[-123.21382799955092,46.213435000157176],[-123.21407500032144,46.206253999842055],[-123.21399499995549,46.19901199983172],[-123.21321900017877,46.172981000112216],[-123.21305400032232,46.17254099998937],[-123.16641399987854,46.18897299975334],[-123.11973029819282,46.185548665740086],[-123.11590399969857,46.18526800025456],[-123.10502099986302,46.17767600022131],[-123.07295500068746,46.16336732715736],[-123.05106400044453,46.15359900030177],[-123.04129700014428,46.14635099995791],[-123.03382000043769,46.144335999736796],[-123.02288522440408,46.13944050340904],[-123.02214699968336,46.13911000009279],[-123.00943600010983,46.13604299974952],[-123.00423300020503,46.133823000068176],[-122.96669491347626,46.10761897252689],[-122.96268100003832,46.1048169998962],[-122.93967627479432,46.09653503215244],[-122.9374151756983,46.09572100958733],[-122.93046153806952,46.09321761941001],[-122.90411900021653,46.08373399971664],[-122.9029548267274,46.08234382033973],[-122.88593334031478,46.062017872125935],[-122.88447800038422,46.06028000006481],[-122.8830750124718,46.05390899714463],[-122.88132758353,46.045973871754796],[-122.8780920000986,46.031280999865515],[-122.87766154627907,46.030951065324],[-122.86428454114377,46.02069784165278],[-122.85615800019796,46.014469000020554],[-122.85030035752142,46.003826244987216],[-122.84587504712438,45.99578589630238],[-122.83857802129172,45.98252792604765],[-122.83763799992391,45.980820000239014],[-122.83342084355124,45.97728144172457],[-122.81399799958571,45.96098399990237],[-122.81221529739595,45.95445891891247],[-122.81184146169382,45.95309060060586],[-122.80619299981603,45.93241599995484],[-122.8112042570184,45.91385728891337],[-122.81151000042198,45.912724999932834],[-122.81006273005764,45.90966285698116],[-122.80835089775726,45.906040952817705],[-122.79908295202156,45.88643177746781],[-122.79809099994547,45.88433299970004],[-122.79467509589047,45.8799839646887],[-122.79180713900598,45.87633256047373],[-122.7850260003696,45.86769899985412],[-122.78512133318083,45.86435297800559],[-122.78529957959445,45.85809686618311],[-122.78551500009114,45.850535999712264],[-122.78043799968474,45.85130000000931],[-122.77738700028131,45.852979999768635],[-122.77491000008989,45.85616000013624],[-122.77325399988108,45.85743400017741],[-122.76577700017448,45.860202000047785],[-122.7615199999257,45.86158799990461],[-122.75432699990125,45.86314400000553],[-122.7509650001532,45.864094000188366],[-122.74874300022995,45.86534800011876],[-122.74703699979241,45.867650000296344],[-122.74320499969107,45.87012099975865],[-122.7413900003719,45.870510000295845],[-122.73585699985588,45.87059399983575],[-122.73229099989337,45.86973699979159],[-122.72296399980915,45.86666100002604],[-122.7207269998173,45.86713400014779],[-122.71976699991755,45.87090299991014],[-122.72194899965784,45.87278400022516],[-122.72867899990004,45.87739099987432],[-122.73182999976088,45.88127300027327],[-122.73419700034745,45.8857589998766],[-122.7343999998387,45.88852900028606],[-122.73240600041939,45.89424499984962],[-122.73314399966294,45.895248999885496],[-122.73470899963517,45.89528300026763],[-122.7403350000376,45.8932110002303],[-122.7445219999662,45.89263599983653],[-122.74571600021763,45.89303500021353],[-122.74706399955657,45.89348500026887],[-122.74944600021172,45.8962689997936],[-122.74863600009982,45.89834100014172],[-122.74845600017477,45.8988079997601],[-122.74716099964094,45.89972300009393],[-122.74629700000067,45.90007900001152],[-122.74443300027772,45.90050699983386],[-122.74235199992144,45.900394000049396],[-122.74012999999819,45.9006249998999],[-122.73985600036181,45.90073199973771],[-122.73766100020272,45.90188600027257],[-122.7372929999567,45.9057750001829],[-122.73775200043931,45.907997000210926],[-122.73953400014652,45.91080199998352],[-122.74012800034838,45.914753999838695],[-122.73899600002119,45.915287000249286],[-122.73256799990277,45.91402699989481],[-122.73018000029815,45.91430800020448],[-122.72593300009515,45.915728999694636],[-122.72382099977675,45.91765300008491],[-122.72244999997328,45.920223999859466],[-122.71875900033724,45.924770000246404],[-122.7185309998333,45.926149000299326],[-122.7209100001154,45.9318919998657],[-122.71971199966598,45.93325600009389],[-122.7178060001102,45.93373200004398],[-122.71511200018385,45.932294000118695],[-122.70945099962132,45.9308820002586],[-122.70643799985274,45.930479999767954],[-122.70449200011399,45.93080900030051],[-122.6991079995609,45.93098200024204],[-122.69697100002647,45.929159999888824],[-122.69323299963646,45.9280300001376],[-122.69087099997111,45.928168000052864],[-122.68925999996814,45.92911100017801],[-122.68799700011968,45.93210900022896],[-122.6886180000857,45.93438399972383],[-122.69289500042596,45.93619100022943],[-122.69488200017261,45.93770499996777],[-122.69484700001247,45.940593000222854],[-122.69323799965933,45.941451999904785],[-122.68933100011323,45.9413310000757],[-122.68395599978099,45.939771000163866],[-122.6814789995896,45.93875799986948],[-122.6769440004048,45.938044000025634],[-122.6749109997291,45.93738299981434],[-122.66925900028576,45.93699100030892],[-122.66090399979687,45.93246899973348],[-122.6594569998254,45.929595000230826],[-122.65763199956218,45.92813399981584],[-122.65638200013254,45.92795799990972],[-122.65486200036614,45.9287840002601],[-122.65342600026534,45.93213199990096],[-122.65112200032634,45.934122999847396],[-122.64749199989136,45.935939999769595],[-122.64618999968485,45.937255999949734],[-122.64382499964647,45.93785400029452],[-122.64174500001342,45.938088999883014],[-122.63891600036784,45.93746299993387],[-122.63040900044133,45.935775999768985],[-122.62717499984146,45.93562200024873],[-122.6200360002437,45.93684900030797],[-122.61572999959112,45.93570199978512],[-122.61307099982486,45.93640900022215],[-122.61025600042296,45.93818099983874],[-122.60602299956531,45.9399889998257],[-122.60452200006551,45.941860999711025],[-122.60103100044603,45.944773999789426],[-122.59027699958355,45.94837300004729],[-122.58544799977257,45.952794999793056],[-122.58316800012301,45.953705999841276],[-122.58026499995927,45.95467200007616],[-122.57802600031756,45.95469600025942],[-122.5720509999357,45.9525660002009],[-122.56957000044466,45.952590000047074],[-122.56458000007687,45.95167100031201],[-122.56019099958363,45.95216300021628],[-122.55742100038758,45.95384500008463],[-122.55603999964009,45.95660200030604],[-122.55457500012527,45.95981899987068],[-122.54980200039078,45.962646999991755],[-122.5468699999147,45.96696100013857],[-122.5428839998276,45.9689530002331],[-122.53828099997243,45.97016100009805],[-122.53606499989695,45.971610000254515],[-122.53275500002742,45.97283900015063],[-122.53179900032566,45.974019000264164],[-122.5348360003837,45.97699500020079],[-122.53449599972676,45.979216999951916],[-122.5272469996258,45.98197699987543],[-122.52300500034397,45.98408800027228],[-122.52186299997102,45.984144999842286],[-122.5208899996525,45.98417400021429],[-122.51791000039418,45.98282899990906],[-122.51551699986837,45.98311299991963],[-122.51366200036624,45.98427200026109],[-122.51066899979081,45.98493499987442],[-122.50893399993929,45.98424599984521],[-122.5082800003613,45.981691000251054],[-122.50639700037173,45.98032600002168],[-122.5012110001854,45.98000799980936],[-122.49695899995949,45.98074699986649],[-122.49656200029946,45.98245999971494],[-122.4982619999909,45.98471599976473],[-122.4983959998852,45.98634999972532],[-122.49748399966606,45.986976999853724],[-122.49387500004579,45.986778000033745],[-122.489617999797,45.983503999730885],[-122.48591700011526,45.98328900014447],[-122.48465900028967,45.98362499987126],[-122.4833019998316,45.9863520002099],[-122.47875300040309,45.98793799969513],[-122.47710399986697,45.98808900022341],[-122.4745000003523,45.98718300023731],[-122.47012599992763,45.98635500000034],[-122.46849499983318,45.9870009997742],[-122.46356999976274,45.986656999918935],[-122.46269500025181,45.986398000099676],[-122.45243599985697,45.984955000234585],[-122.44644600030477,45.983181999719775],[-122.44481600003526,45.981198999736556],[-122.44473700039252,45.97776999985066],[-122.44220800032261,45.97584900016114],[-122.43919600037894,45.97636599979282],[-122.4353159996987,45.97510299997527],[-122.43175999978192,45.9756829999899],[-122.428909000395,45.97687700023302],[-122.42602499959953,45.9773940002555],[-122.42240500010863,45.97738700023553],[-122.41848699979359,45.97671800012739],[-122.41835999957196,45.9740129999706],[-122.41355400022549,45.97362499979161],[-122.41082099994111,45.97391700017939],[-122.40626999996444,45.973269999899834],[-122.40281600015489,45.97214400018372],[-122.39851500042347,45.972495999884345],[-122.39423700025834,45.969909999848724],[-122.38976800029747,45.966663999736305],[-122.38535700006288,45.96590499993789],[-122.38292900027531,45.964843999868265],[-122.37983299976771,45.961648999983],[-122.37515000044492,45.960131999719266],[-122.37291500010286,45.96075799973205],[-122.36889899987852,45.96130900025818],[-122.36689399969025,45.96272299969377],[-122.36317600029003,45.962712000137735],[-122.36306499996196,45.9597759997374],[-122.36103100035966,45.95800400028017],[-122.35776499997276,45.956915000216384],[-122.35631499962827,45.95685000013901],[-122.3521340004458,45.95877600023794],[-122.35038600017546,45.95828399971535],[-122.34732300017815,45.95931000024779],[-122.34347799965803,45.959548000056024],[-122.33971099985402,45.96156300002567],[-122.33642400044904,45.96284400028594],[-122.33266299959453,45.96506400021613],[-122.33083400003164,45.9681970001049],[-122.32861700013126,45.971049999802105],[-122.32664499955492,45.97281700005897],[-122.32438099979888,45.97614499989367],[-122.32572200036343,45.97871200029017],[-122.32528600034537,45.9827259998266],[-122.32384400039676,45.983810000126596],[-122.31920200018352,45.984865999762306],[-122.31836000028454,45.985355000302896],[-122.31747800020264,45.98829000011394],[-122.31480000016981,45.990829000267944],[-122.3150610002857,45.99230099977635],[-122.31663399975555,45.99395099969693],[-122.32249500033458,45.99642200008524],[-122.32500299958981,45.99983200012812],[-122.32514700042817,46.003898000038596],[-122.32396300022245,46.005812000296245],[-122.32450999967031,46.007145999847744],[-122.32836000021332,46.00946100010331],[-122.32876799974399,46.01081100017532],[-122.32829400009106,46.011497999971276],[-122.32543100011033,46.01256000024842],[-122.32216300007359,46.01260199987191],[-122.31993199992948,46.0117929999102],[-122.31849599982868,46.01199299971401],[-122.3174689999818,46.01265900002293],[-122.31371499969829,46.016994999933345],[-122.31373099959178,46.019193000041014],[-122.31518799960902,46.021577000040615],[-122.31226299970395,46.02689900019161],[-122.31171100023322,46.02879400003442],[-122.30588499981427,46.029573999864525],[-122.30317199962131,46.03259900016796],[-122.30157400003714,46.03373500005961],[-122.29717299984831,46.03530300002257],[-122.29470800025082,46.03797300020435],[-122.29475000008361,46.04514800024295],[-122.29521500041402,46.04737599991572],[-122.29444299993693,46.04919100015674],[-122.29256199959721,46.04983700006344],[-122.28861800024121,46.04938200025475],[-122.28735399966955,46.049597999925574],[-122.28342700003198,46.051413000097334],[-122.28148899979082,46.05398300007237],[-122.28019699963008,46.0547629997121],[-122.2765300002835,46.05824299977652],[-122.27297400036669,46.059403999956324],[-122.26919900016678,46.05963199980252],[-122.26432000012709,46.05897099993402],[-122.25914999983422,46.05779300007657],[-122.25536299993874,46.05623900005158],[-122.2515230003398,46.05569400008095],[-122.25146999973806,46.054017999720806],[-122.24867799990238,46.05356200010489],[-122.24585599992952,46.05385300020429],[-122.24580499987589,46.06324699975765],[-122.24603599985456,46.12815400014068],[-122.24621400012981,46.14279600014824],[-122.24667699991208,46.200574999851426],[-122.24546299956913,46.21132800018408],[-122.24200799993466,46.21161999982394],[-122.24116500021078,46.31238999970936],[-122.24119399962478,46.31280599991238],[-122.2403840004112,46.35588900027229],[-122.2404120000003,46.356238000106984],[-122.23948100041287,46.3854189999524],[-122.24096600001917,46.38536100024278],[-122.29068100015581,46.38552800012674],[-122.30223299963798,46.38558400001796],[-122.34567399964203,46.385623000129605],[-122.3636469995699,46.38622700009656],[-122.36370500019454,46.38734499973329],[-122.42730500006472,46.387146000303616],[-122.4298450000053,46.38724800004896],[-122.48952499991059,46.3872819997152],[-122.57390399978802,46.387846000091976],[-122.58007400016355,46.38778099985239],[-122.69805300012494,46.38711099983069],[-122.70245599996358,46.387146999785706],[-122.9027380003673,46.387470000075204],[-122.93223400036334,46.38740600010442],[-122.93257300029707,46.38740700020139],[-122.95510499969919,46.38741300016301],[-123.1142280002966,46.388042999897344],[-123.1344280001706,46.38665000027086],[-123.13945100015034,46.38657399985269],[-123.1551750003908,46.38633700001341],[-123.17650800041692,46.38523499989199],[-123.21795000008046,46.385616999971255],[-123.21830900010566,46.369734999857194]]]}},
    {"type":"Feature","id":"53017","properties":{"STATE":"53","COUNTY":"017","GEOID":"53017","NAME":"Douglas County"},"geometry":{"type":"Polygon","coordinates":[[[-120.3177819998554,47.462746000283325],[-120.3180839999792,47.457747999721654],[-120.31738299964724,47.45534800000857],[-120.31618300044632,47.450747999971824],[-120.3135790000333,47.44780999970162],[-120.31238300013202,47.44614799973696],[-120.31136100030801,47.44233399986699],[-120.31138300004933,47.442048000275314],[-120.31040600043113,47.439042000299935],[-120.30968300035786,47.43724799978215],[-120.30946099970168,47.435104000211794],[-120.30894100001805,47.43326700021668],[-120.3079819999432,47.43164799983276],[-120.30452499976062,47.42760600000338],[-120.30200800028454,47.42440299988148],[-120.30060099959775,47.42036799999176],[-120.2971330004428,47.41441500018622],[-120.29662100025672,47.4135199999213],[-120.29550099962512,47.40982500011979],[-120.29484600022224,47.405094000246265],[-120.29284699988175,47.40043699994864],[-120.2903320000555,47.3979079997015],[-120.28653000009139,47.39311099976896],[-120.27918100043132,47.39015599971459],[-120.26982699968464,47.38745399970095],[-120.26637100022526,47.386031000296946],[-120.26028799988836,47.38389200000175],[-120.25308099962018,47.381635000027316],[-120.24914700030992,47.38124799990639],[-120.24811399971692,47.381043999793135],[-120.23859300036231,47.379198000103266],[-120.2364810000439,47.378750000123965],[-120.2322210003204,47.378770000193356],[-120.22604099989911,47.37938400027439],[-120.217598000445,47.377636000277604],[-120.21218200010489,47.37702799970741],[-120.20697699965193,47.37707699991306],[-120.20161300008864,47.37650299977376],[-120.19651899996377,47.37543699971003],[-120.1933370001408,47.37446000000373],[-120.19032699984692,47.374113000172144],[-120.18563600012821,47.373004999945955],[-120.17870000002168,47.37150800001354],[-120.17459000008601,47.37167300005499],[-120.17147500021015,47.370750000295295],[-120.1655769998212,47.36770600028981],[-120.15944300032896,47.36760699981632],[-120.1578549998922,47.36746000004268],[-120.14917399988839,47.366249999800964],[-120.14447399994884,47.36705000012332],[-120.13797399986039,47.36654999997475],[-120.133052000163,47.36658199994122],[-120.12997300027216,47.366251000072076],[-120.12637299997442,47.36395099990292],[-120.11857300022764,47.359750999763186],[-120.11407199958138,47.356451000202256],[-120.1120720003143,47.35405099973875],[-120.1052719997519,47.34815099977402],[-120.10287199955341,47.34445100013304],[-120.10117100003706,47.343151000085754],[-120.09827100024637,47.34235100015832],[-120.09427799958823,47.34235100015832],[-120.08963799992314,47.34135399973556],[-120.08630799996216,47.33894200026305],[-120.08327400027714,47.33369000028399],[-120.08462199961609,47.33190700011275],[-120.08505599998435,47.32918200009101],[-120.08734400002986,47.32383699997078],[-120.08927100040032,47.32214500000287],[-120.09004399980401,47.31997799995187],[-120.09030499991992,47.31924500026664],[-120.08903700004859,47.31659500008812],[-120.08738900023567,47.314639999940844],[-120.0872419999226,47.31219500011652],[-120.08783899959919,47.308584999834714],[-120.0863330000765,47.30247300019511],[-120.08604600002133,47.30029900026932],[-120.08683600004174,47.29724200022321],[-120.08912699956197,47.29050199977088],[-120.08964499959582,47.28485199987181],[-120.08991999995544,47.27711700018627],[-120.0926270003006,47.274794000260755],[-120.09319999968774,47.268902999742494],[-120.09332100006156,47.26436699999719],[-120.09446000006143,47.262159000273655],[-120.09506299958579,47.25840099991222],[-120.0963229999595,47.254614000183],[-120.09578800020721,47.25191799987119],[-120.09357700015461,47.246595999978794],[-120.09220899982584,47.24233200029814],[-120.09028800020147,47.23924100026243],[-120.08852400003764,47.23723899979772],[-120.08401200041904,47.23394200007516],[-120.08003300000459,47.23017400009127],[-120.0775940003464,47.22698100010711],[-120.07596900009969,47.22589800029322],[-120.07286300044467,47.22478399975197],[-120.06810300023066,47.22405700008993],[-120.06141999984413,47.22387899983229],[-120.05591999983838,47.224044999899405],[-120.05184400023794,47.22445200006571],[-120.0471540003441,47.22552000001416],[-120.0438229996599,47.22587199976319],[-120.03969600000578,47.225630000224974],[-120.03158999993721,47.22659000013987],[-120.01908799970273,47.22664500007866],[-120.01599399974329,47.22614300006238],[-120.01190700027217,47.22406200027019],[-120.00707400026322,47.22013299983244],[-120.00489800037069,47.22107599974471],[-120.00485499981468,47.225028999789394],[-120.00439000038257,47.24595899975331],[-120.00291400009881,47.262318000092066],[-120.00440200007816,47.2622990001964],[-120.00478200001973,47.305817999948886],[-120.00476399957807,47.30929700026456],[-120.00470400020194,47.31999400005256],[-119.98312500012855,47.32042800017486],[-119.98323399990848,47.33462300024872],[-119.96182300006456,47.334952000164684],[-119.96134100001571,47.34877900019559],[-119.94044200035786,47.34943499993321],[-119.94023599959522,47.36435900017475],[-119.91891500016297,47.36447499975939],[-119.9187460001086,47.39344900022315],[-119.89738299994525,47.393472000061934],[-119.89717299988297,47.40796900013801],[-119.87582200031352,47.408304999962205],[-119.87576000038922,47.43749199977852],[-119.85409900030004,47.43737999977127],[-119.74739200033667,47.43930999985249],[-119.74728699985636,47.43931200005259],[-119.64091100032913,47.440627999796],[-119.63927100001382,47.44094600021054],[-119.61905699989609,47.441376000163665],[-119.60130599972605,47.44107499983641],[-119.59809899978872,47.44110500000077],[-119.56008199962241,47.44127500000156],[-119.55780500034588,47.44113899980185],[-119.53361799966153,47.441204999817614],[-119.53335400007086,47.47001300019027],[-119.53288899974046,47.52775599994318],[-119.51169100033187,47.52763299971627],[-119.51209200018987,47.54203999977379],[-119.4904670000857,47.54201999986443],[-119.49009800001475,47.55654099970832],[-119.46917400024255,47.55660600002138],[-119.46909899989949,47.57076000014182],[-119.44768200020779,47.57045500009012],[-119.44780000020857,47.58489900001596],[-119.42683899972812,47.58477699970238],[-119.42676900030625,47.59906300030043],[-119.40531900010426,47.599012000013566],[-119.4051960000806,47.61263600024919],[-119.34176699991465,47.612387999726145],[-119.34148499988237,47.62674800005791],[-119.3203040001922,47.62679700021973],[-119.32014400035865,47.67023200004806],[-119.29884300011958,47.6704029998781],[-119.29864899995083,47.72832799974542],[-119.27723800010689,47.728237999822426],[-119.27716699996178,47.74260299981864],[-119.25578299988207,47.742514000161655],[-119.25586200042308,47.7716870000563],[-119.23416600017379,47.77198099980917],[-119.23390000003502,47.80066199990311],[-119.21240999965006,47.80069499973746],[-119.2122919996493,47.809201000038534],[-119.21224999981649,47.835792999776885],[-119.21232400033466,47.858376000158806],[-119.21217199999867,47.873080999732544],[-119.21222499970213,47.88770800024115],[-119.19063099956013,47.88781199984123],[-119.19055199991739,47.90246500017772],[-119.14739899979345,47.90265000000034],[-119.14739999961837,47.91738799978128],[-119.12590400028394,47.917301000158695],[-119.12558100024376,47.94680299996617],[-119.10396600018534,47.94669300007474],[-119.10387300029893,47.96176299991312],[-119.01380699991971,47.96208300023884],[-118.99079599994349,47.96212999970993],[-118.98935999984266,47.9621109997369],[-118.98401399982272,47.962045999998004],[-118.98223399976536,47.96202499989831],[-118.98223700013838,47.96227200001513],[-118.98243100030716,47.96911700022414],[-118.98177500018103,47.96968799985931],[-118.97855300017507,47.97302099989988],[-118.97182399975779,47.97758699978355],[-118.96594299998554,47.982981000145735],[-118.96391799970579,47.98591600018559],[-118.96094199974712,47.99249099973466],[-118.96109800028103,47.99565200005593],[-118.96106700031889,47.99763199999186],[-118.96070599974556,47.998800000212654],[-118.96003999957371,47.99957699972539],[-118.95839400030893,48.00064699996104],[-118.95620900019559,48.00260399979219],[-118.95465099989606,48.0045590002603],[-118.95216399965892,48.009000999878246],[-118.95200300000047,48.01198100009366],[-118.95101100031366,48.014691999862954],[-118.9507819999848,48.01888399997001],[-118.9520919996889,48.02058400015603],[-118.95726299980667,48.02452399984612],[-118.96724600001694,48.029382000094],[-118.97168800021366,48.032139999825645],[-118.9757889999285,48.03539399974412],[-118.97885699994869,48.036873000297774],[-118.99315900033204,48.03975299981574],[-118.99865199976674,48.041439999890606],[-119.00319000022292,48.04326299985222],[-119.00472500005792,48.04427800001675],[-119.00869199987847,48.04915199992437],[-119.01012999962907,48.05163199994951],[-119.01215999993173,48.056456000063626],[-119.014129000135,48.06292199984298],[-119.0152220001041,48.06510000004815],[-119.01773000025763,48.06769500018206],[-119.01879399991445,48.06978400016561],[-119.01994499960988,48.074598000293946],[-119.02212100040072,48.08023100023716],[-119.02287100023817,48.08447600004425],[-119.02231399984623,48.0894009997206],[-119.02245699996139,48.09314000028223],[-119.02394800031374,48.09903100004744],[-119.0246400004249,48.103117000149595],[-119.02641799993413,48.10789600022398],[-119.02953700000793,48.11419300029334],[-119.03188699997771,48.116830000174325],[-119.03463199995771,48.11886099987561],[-119.0394750000124,48.12187000001972],[-119.0452339995859,48.126864999942484],[-119.04965499986619,48.13042200020005],[-119.05241599973971,48.133862000170794],[-119.05584799980797,48.13646500005858],[-119.0584139996878,48.13749300026024],[-119.070084999894,48.14040199996743],[-119.07499700044396,48.140261000138814],[-119.07885700013438,48.13967000022777],[-119.08685500024791,48.1375229997564],[-119.08998000016948,48.13721099982303],[-119.0983249997143,48.13767100009166],[-119.10167499976677,48.13835400017402],[-119.10508400026882,48.13945099983232],[-119.11034099970196,48.14222199979696],[-119.11430699969762,48.144975000082994],[-119.11968200002985,48.14789600006192],[-119.12377199987405,48.14970899996057],[-119.12652100005201,48.15055499983119],[-119.1309630002487,48.151187000229896],[-119.13531000001086,48.15074900028268],[-119.14128399966948,48.14785600022105],[-119.14400699990816,48.147149999727176],[-119.15098300019767,48.14606700023123],[-119.15372800017768,48.14497299988798],[-119.15577500019874,48.14325200007485],[-119.1601090004404,48.14084500009337],[-119.16543000034598,48.13724000013501],[-119.17025199958596,48.13250700015551],[-119.17281900018902,48.13054700001061],[-119.17702299983604,48.12828599988753],[-119.17934600004162,48.12789000008218],[-119.18248799968164,48.128168000246745],[-119.18709999975769,48.12931300005367],[-119.1891869999617,48.12935799986509],[-119.19232199992905,48.128558999719544],[-119.19589499956427,48.126714999931906],[-119.20018600014825,48.12519700002371],[-119.2083700000346,48.11812000019963],[-119.21165599961466,48.11621899989232],[-119.2138419995529,48.11546299970627],[-119.21530100011825,48.115312999984255],[-119.22003500039298,48.1164839998694],[-119.22189200044325,48.1165020002166],[-119.23300600025753,48.11329399995187],[-119.2346819996595,48.112351000230355],[-119.23756700027992,48.109389000078835],[-119.246895000189,48.10468900013097],[-119.25255300037847,48.102586000107564],[-119.25439199998708,48.102234000292015],[-119.26016099960633,48.10211000000098],[-119.26299500017309,48.102605999970166],[-119.26669500002994,48.10407900004456],[-119.26942300029151,48.104560999823995],[-119.28856299980835,48.1139889998162],[-119.29207500024256,48.11497300015267],[-119.29858500037672,48.11548500010049],[-119.30318599968376,48.11334200004535],[-119.30729499979454,48.111782000146185],[-119.31231699994935,48.10889900018532],[-119.3171349998897,48.106023000142045],[-119.3246900003124,48.10012899987241],[-119.32752099960783,48.096655999726224],[-119.32828600041219,48.09065699978196],[-119.3296110001849,48.084200999841116],[-119.32973000001058,48.08070600020674],[-119.32880199989792,48.079356999900796],[-119.32807799999973,48.075316000134784],[-119.32793400005967,48.07027400011856],[-119.33023899982362,48.06395600010905],[-119.3304339998173,48.062392999973056],[-119.33311100002521,48.05603600025396],[-119.33514499962752,48.053335000182216],[-119.33858099989371,48.0509230001932],[-119.34122899978932,48.049846999772335],[-119.34352299968262,48.04943199998033],[-119.34823000019318,48.05001700005284],[-119.35578800009063,48.05166900023114],[-119.36000699980625,48.052294999749435],[-119.36669100001768,48.05279800014958],[-119.37047700008824,48.05266899998182],[-119.37900199955813,48.0516430002957],[-119.38583100043287,48.05114200026881],[-119.39192200026736,48.050063999932476],[-119.39621499960283,48.04982000026958],[-119.40223299964244,48.05041799981963],[-119.4058639999023,48.05203100014],[-119.4063579996467,48.0531250002861],[-119.40880899989884,48.05473999998572],[-119.41239400012796,48.05621800021183],[-119.41797000030165,48.059161999864834],[-119.42325199984917,48.062562000058286],[-119.42756400034953,48.066884999747344],[-119.42982300008273,48.07044799978051],[-119.4305339995621,48.07083999974039],[-119.43393700021635,48.07487200025341],[-119.43625700004891,48.076688000289025],[-119.44073199985755,48.07866699991832],[-119.4451489999399,48.07920299971884],[-119.44987599964364,48.07814100012245],[-119.45695599969021,48.07891099971372],[-119.46073099989012,48.080074999948664],[-119.4668960002428,48.080290000226796],[-119.47029999982365,48.07863200021186],[-119.47284700033524,48.078195000020585],[-119.4841720000367,48.07869999982547],[-119.48646799957979,48.07933200001951],[-119.49278600009335,48.08199900025176],[-119.49528599985095,48.08251799971622],[-119.49930899974798,48.082701999885586],[-119.50099400026913,48.08242900003087],[-119.50723200041675,48.07961199979644],[-119.50936800012627,48.079010000102606],[-119.51335599986322,48.076756000071285],[-119.51611099988895,48.07478399990851],[-119.5159109998724,48.07172799982696],[-119.51660100033372,48.06961000005946],[-119.5165159999449,48.06684200008608],[-119.51757100027919,48.06261499989613],[-119.52003000002891,48.060258000295235],[-119.52413099974376,48.05704300021739],[-119.5303859996098,48.054017999818],[-119.53903200035182,48.05278900023218],[-119.54580699990156,48.04973499987435],[-119.54983800019451,48.046834999984604],[-119.55087099988917,48.04662099976299],[-119.55469700014271,48.044370000089806],[-119.55961899984014,48.03906399984418],[-119.56439999997055,48.035473999746145],[-119.57092199980029,48.03197599997932],[-119.5784269999943,48.02880399994471],[-119.5832220003684,48.027004999985664],[-119.59083499961913,48.02342399986389],[-119.59510299973854,48.02085600019895],[-119.59908700017586,48.017878999927476],[-119.60166099955332,48.01556300002882],[-119.6042230001335,48.013896000123104],[-119.60754600042182,48.01070400022586],[-119.61031599961784,48.00681699985073],[-119.61138000017294,48.00473499985965],[-119.61444700036822,48.000088999839846],[-119.61552199989569,47.99903000021238],[-119.62072399997557,47.99678199973965],[-119.62405800013455,47.996770999701916],[-119.6283780001325,47.99630999989069],[-119.63337900037094,47.996397000028246],[-119.63782599969218,47.996947000024676],[-119.6472049996549,47.998884000253],[-119.65176499985236,48.00000799999924],[-119.65481899962884,48.0010449999339],[-119.65840300003309,48.002565000005205],[-119.66466799994485,48.00828300006423],[-119.66886099972122,48.010811000223384],[-119.6741680002814,48.014206000086084],[-119.68456400004526,48.01978300029342],[-119.6881149999392,48.02232800016646],[-119.69010400023397,48.02405799998527],[-119.69079600034507,48.02494099970958],[-119.69307500016977,48.02852200017351],[-119.69371200002932,48.03205599988165],[-119.69048199962742,48.03724299983231],[-119.68281800032308,48.04566099986132],[-119.68081700033274,48.04891499980689],[-119.67830400015634,48.055099000083885],[-119.6763869998316,48.058765000243326],[-119.67415999988548,48.062102000238404],[-119.6721539998723,48.06474100004608],[-119.67046599987641,48.067920999838535],[-119.66969599994746,48.07179900022751],[-119.66970699981812,48.07523199976976],[-119.67052500032594,48.077861000141844],[-119.67266500023347,48.081045000031175],[-119.68072500027121,48.09027499981808],[-119.6837160002985,48.09302599994988],[-119.68529200014142,48.09322199979653],[-119.68874099992809,48.09161500028806],[-119.6954169997436,48.0870569997156],[-119.70087499991655,48.08402300013911],[-119.70484500011015,48.082795000131775],[-119.70741799966268,48.08244400025834],[-119.71618400005529,48.08187300011569],[-119.72193199975814,48.082484000043415],[-119.72506500007563,48.08376100017865],[-119.72889999965173,48.087261000282],[-119.73240100021525,48.091788999783894],[-119.73438100028918,48.09568700020696],[-119.73630100008863,48.0976190000624],[-119.74062000026169,48.10039999983357],[-119.74544099967675,48.10221400028463],[-119.7498519999113,48.103056999935106],[-119.75500700013555,48.10311900017556],[-119.76576199992459,48.10469000011336],[-119.77343899964774,48.104466999957936],[-119.77529099967514,48.10390000015785],[-119.77634099998657,48.102814000119785],[-119.77642200017743,48.10144100024711],[-119.77403700004754,48.09424500002131],[-119.77459600008926,48.09195799994097],[-119.77679799992106,48.08901300010426],[-119.78082800038909,48.08696300024713],[-119.78338000002525,48.0863770001848],[-119.78987599991572,48.08571999975074],[-119.80271000041121,48.086274000009254],[-119.80844100039563,48.08685500019883],[-119.81093000028257,48.086719000237736],[-119.81598300039956,48.08523699998669],[-119.82316300000522,48.08096400014879],[-119.82814599980199,48.07925999993347],[-119.83198200010129,48.07879099973265],[-119.83525799963562,48.07878700018863],[-119.84120600025331,48.07762099980307],[-119.84982600015775,48.07480299981839],[-119.85236400044849,48.07361000014449],[-119.86114900020937,48.06746400020352],[-119.86369800037079,48.06610199975625],[-119.87042600006485,48.06355999981719],[-119.87845000011762,48.06087000018673],[-119.88401700007051,48.05908000008647],[-119.88499700006172,48.05866900015956],[-119.88856499967407,48.05698600000896],[-119.89251300012637,48.05413900029194],[-119.89343200001822,48.051419000261674],[-119.89442500042824,48.05122199983662],[-119.89535000016787,48.05004400005282],[-119.89501299988399,48.048094000012924],[-119.89323000035186,48.04459600005464],[-119.88515100004751,48.03499499980916],[-119.88322200002719,48.0316200002896],[-119.87512099998155,48.023508999817324],[-119.87041600001909,48.01978000020076],[-119.8692040002243,48.01831600025703],[-119.867375999588,48.009747000024866],[-119.8670840004083,48.00705099987711],[-119.86821099981428,48.004843999860256],[-119.86876499983316,48.000355999972236],[-119.87081299967915,47.99592500026406],[-119.87244999962141,47.99313599989802],[-119.87778800014374,47.98952199988086],[-119.88044500026017,47.98662599970718],[-119.88198099992007,47.98316099975941],[-119.88240000021973,47.978894999971956],[-119.88391099976529,47.97449199999],[-119.88393500005473,47.972957000194526],[-119.88210899996658,47.96987200029697],[-119.877040999781,47.965369000163115],[-119.87059500011924,47.960455000063035],[-119.86809199998858,47.95869800012553],[-119.86756200025916,47.956808999757484],[-119.86588299958582,47.95489400009581],[-119.86149599964071,47.947033000021996],[-119.85973400002497,47.94194200007532],[-119.86338600020127,47.937030999750746],[-119.87201000030366,47.930388999947986],[-119.8761739997677,47.92748400028087],[-119.8815900001078,47.925192000118194],[-119.88250200032698,47.92295400022983],[-119.8870299998391,47.91938700015166],[-119.88931500040987,47.91715999971228],[-119.89576899956921,47.91477200009497],[-119.90457199977178,47.91052399983064],[-119.91256700041053,47.90449299980415],[-119.91505899977221,47.90137199999671],[-119.9157750001728,47.899511999895594],[-119.91567999973824,47.89740900022965],[-119.91472099966343,47.89421699994097],[-119.91254099957295,47.88983000000979],[-119.91125000013541,47.88799900016658],[-119.90908000009068,47.883805000172856],[-119.90842800016253,47.87940500025998],[-119.909398000108,47.87712699980577],[-119.9140579998646,47.870268000008835],[-119.91500799971858,47.86768699997647],[-119.9173109998327,47.864425999845956],[-119.91929400027969,47.86232300014477],[-119.92505299985316,47.85918600028742],[-119.92935399958455,47.856062999706964],[-119.93203300034061,47.85483300007371],[-119.94444099996547,47.85147899990405],[-119.95262200037706,47.84887399989649],[-119.95703799973617,47.847817000120116],[-119.95939399955374,47.84654500027462],[-119.96012699967277,47.845805999779174],[-119.96205300021833,47.8396940002314],[-119.96291500020877,47.83389199999406],[-119.96306599982151,47.831010000115164],[-119.9646840003955,47.82619300000279],[-119.97277000037256,47.81414000016714],[-119.97460300013338,47.812753999724684],[-119.97539499980363,47.81179100017303],[-119.97659800027594,47.80821200023013],[-119.97760199965828,47.80238600003398],[-119.97842199981592,47.80070199988246],[-119.98081299979357,47.79752499989213],[-119.98424200038711,47.793856000049956],[-119.98684500007687,47.79254400007627],[-119.99096099986033,47.78560900011965],[-119.99267899999343,47.78314999988913],[-119.99696899985416,47.780353000161604],[-120.00117900024729,47.77925899974236],[-120.00336799966027,47.77910999989767],[-120.00833999958637,47.77957700023118],[-120.01133599963653,47.78017699991101],[-120.01603300010134,47.778778000016594],[-120.02045500020657,47.779326999930625],[-120.0278280001561,47.77822499982279],[-120.03107000025355,47.776975999977346],[-120.03825099968412,47.77594899978884],[-120.04375499988781,47.77424399984455],[-120.04604499958315,47.77287999984496],[-120.05192799990351,47.77179399997597],[-120.05565700007269,47.770730000063764],[-120.06441000004651,47.7687710001084],[-120.06949699960035,47.766653999834745],[-120.0768079996256,47.76530400018328],[-120.08272399955791,47.764425000274755],[-120.08390399956569,47.76377499984055],[-120.08730800004483,47.76320799998424],[-120.09363700042906,47.76352400029165],[-120.09627600010383,47.76451800026908],[-120.09813800017699,47.76646499975875],[-120.10155900037458,47.76845399981069],[-120.1071449996957,47.77101600006066],[-120.11083200003208,47.77158200012994],[-120.11740400009053,47.774939999998644],[-120.11991800009184,47.77496199971281],[-120.12618600037666,47.77645800009701],[-120.12887500028017,47.7766659999511],[-120.13091399990533,47.776601000236994],[-120.1394789995582,47.7747570001218],[-120.14306799998526,47.774186999970894],[-120.14919800017785,47.772195000029704],[-120.15428999975455,47.77016299994608],[-120.16169500038944,47.767870999807265],[-120.17714699974502,47.7638409998408],[-120.18496199956043,47.76154100010716],[-120.19140499974745,47.75950400026377],[-120.19674400009468,47.756550999866846],[-120.19978299980254,47.75521899986197],[-120.20771700034193,47.750058000040596],[-120.20939500029208,47.74835600009144],[-120.21069800032349,47.74611199976858],[-120.21567199989943,47.74091300004194],[-120.21821699986288,47.737070000010476],[-120.22022500042421,47.73329800004714],[-120.22255299975436,47.72598599999573],[-120.22285800025122,47.72331399994671],[-120.2211600002096,47.71902200024646],[-120.21990400003385,47.71767599986879],[-120.21584799962652,47.71484599991997],[-120.21416999967637,47.711850000282126],[-120.21327900027197,47.7104209999144],[-120.21235100015927,47.70845899971008],[-120.2076710003112,47.704104999895016],[-120.20521900023417,47.70205899989344],[-120.20325699970358,47.698827999954844],[-120.20200800009886,47.69241299984506],[-120.19974099996975,47.68804699985556],[-120.19919000032394,47.68593799979941],[-120.19904800003371,47.68227600015987],[-120.20248699977465,47.6767690000504],[-120.2031389997028,47.673607000000686],[-120.20455800008517,47.6715809998152],[-120.21000899968709,47.667588999908176],[-120.2167759997392,47.66367999998948],[-120.2187190000032,47.660283000237015],[-120.2202110001805,47.65811499992088],[-120.22077799971986,47.6550970001472],[-120.22047499977114,47.6533099997431],[-120.22086399993357,47.65028500019596],[-120.22376600027242,47.64801100029121],[-120.22741199970258,47.647282999915205],[-120.22880500014568,47.6457079997367],[-120.23388099982887,47.63798000015107],[-120.23693499960535,47.6317790001405],[-120.23754800007376,47.627958999850094],[-120.23804400036633,47.62485100008326],[-120.23509099997385,47.62119199985408],[-120.23480899994156,47.61978500027157],[-120.23524300030984,47.614493999798405],[-120.23661400011329,47.60933100015771],[-120.23593500042097,47.60315499979413],[-120.23358399972794,47.597630000157324],[-120.23718300020076,47.59330400000559],[-120.23804099999327,47.59047299980696],[-120.2377690000067,47.589058000277745],[-120.23842500013282,47.58630799971909],[-120.24132400009861,47.58164400029168],[-120.24450400027177,47.57914800019479],[-120.25009200014104,47.57562900015638],[-120.25359700000422,47.57257399970181],[-120.25494000021861,47.56955200013632],[-120.25613299974682,47.5653950002889],[-120.25716200014188,47.56340900004399],[-120.25832999955576,47.55965399973082],[-120.25943799959349,47.55848999983553],[-120.2674159996155,47.55482599995179],[-120.27363000037197,47.55224900008434],[-120.2752720003371,47.55181400001858],[-120.27651000007118,47.55060900023722],[-120.27994100031451,47.54866799974961],[-120.285916999623,47.54465400005645],[-120.28679799987998,47.54360199999152],[-120.29281400026977,47.538171999914574],[-120.29428200015761,47.53559999973973],[-120.29406000039978,47.53412300028842],[-120.29553499996031,47.53124200010099],[-120.29635299956983,47.53018000011965],[-120.30001499979184,47.52370099974443],[-120.30243400025691,47.5212699997221],[-120.30293100037437,47.52005899984174],[-120.30575699964689,47.50669999975105],[-120.30772000000238,47.504111999889076],[-120.30809699957094,47.50219000012613],[-120.30858399964262,47.49634800006795],[-120.30988400019933,47.490648000278185],[-120.31248400041436,47.483648000144285],[-120.31458400013888,47.47984799985307],[-120.31428399966491,47.476047999746385],[-120.31528399974763,47.474847999882876],[-120.31659400035002,47.47127299988503],[-120.31660799969542,47.4711860002582],[-120.31698000013942,47.46694599994809],[-120.3177819998554,47.462746000283325]]]}},
    {"type":"Feature","id":"53019","properties":{"STATE":"53","COUNTY":"019","GEOID":"53019","NAME":"Ferry County"},"geometry":{"type":"Polygon","coordinates":[[[-118.86964199983179,48.64078100025201],[-118.86985199989408,48.637043000006074],[-118.8695299996788,48.48188100003159],[-118.86569000007987,48.48161199979312],[-118.84388800042366,48.48168400009412],[-118.84454299982659,48.396494000171984],[-118.84504400014198,48.309934999849304],[-118.84579700035252,48.30990999989407],[-118.84559099958987,48.1839209999803],[-118.84561200040459,48.05007199988215],[-118.84584400020817,47.98501599998301],[-118.84578499975862,47.96347800006303],[-118.85167300010187,47.96342600021086],[-118.85196000015704,47.957906000143204],[-118.84668600010713,47.95769699981095],[-118.84170999998305,47.95642599996845],[-118.83763400038255,47.95492900027554],[-118.83485699971719,47.95321000001507],[-118.83303599965193,47.95046700004634],[-118.83060200001657,47.93837099973145],[-118.83037699988567,47.93564199998455],[-118.82940299974224,47.93313899988947],[-118.82605100003991,47.92901900003488],[-118.8231350003557,47.92623399978412],[-118.81981399971723,47.92420999979432],[-118.81187699970309,47.92028499975577],[-118.80829900004497,47.919222999991455],[-118.80213200004249,47.91787399990215],[-118.79526399970801,47.916884000185696],[-118.78321599993329,47.915715999825245],[-118.7698900002415,47.91290499974342],[-118.76174099961696,47.910604000236134],[-118.7556830002927,47.908554000053094],[-118.75112100044542,47.90565400012416],[-118.74537600021732,47.903221999703156],[-118.74064299976747,47.90152899972681],[-118.7354769996726,47.90046400003157],[-118.73032499982143,47.90016900012602],[-118.71493200001707,47.90203999985535],[-118.71168200042203,47.90334699992742],[-118.71040399960667,47.90594499977022],[-118.71003700008387,47.90976199973486],[-118.71110699958845,47.91920599984234],[-118.7092510002614,47.929458999960666],[-118.70762500018981,47.933579000272324],[-118.70380399995913,47.936550999896596],[-118.69745700003156,47.9405239999431],[-118.69259999973319,47.94215000021349],[-118.690777999843,47.94239500001449],[-118.68839400043635,47.94271799970671],[-118.67788899999422,47.94101699981465],[-118.67303900026684,47.93961600025369],[-118.66634699965948,47.93813599980515],[-118.66195300004169,47.937407000295416],[-118.66035200008444,47.93628599999877],[-118.65711500000987,47.93291599977049],[-118.65199499994573,47.92710799981128],[-118.64986400025907,47.925981999745495],[-118.64737100017415,47.925561999761904],[-118.64458799966103,47.92553600002632],[-118.6414479996708,47.92604999982909],[-118.63919700033355,47.92730200019319],[-118.637490999896,47.92929100011343],[-118.63428499978359,47.92988599977454],[-118.6247810001474,47.92755399981996],[-118.61378899963354,47.928890999857],[-118.61063799977268,47.92846700024039],[-118.60826699988654,47.92972699984843],[-118.60704500004597,47.93123100005266],[-118.60436899966294,47.93072400003696],[-118.59805000022278,47.92918599978126],[-118.59317799985578,47.93009299989982],[-118.58457600039301,47.93255300018666],[-118.57786100021944,47.932506000294644],[-118.57299600042343,47.93274000021755],[-118.5703960002084,47.932318000299375],[-118.56344099983532,47.92763099974525],[-118.56078999956665,47.92724199969979],[-118.55604600014446,47.92596400016873],[-118.55336599956348,47.92409599986814],[-118.54857199991261,47.92278499981593],[-118.54103800030458,47.92040999970837],[-118.53666300005506,47.917924999839656],[-118.5334979999505,47.91487700018594],[-118.53210600023061,47.910497999762526],[-118.53291100031967,47.90657100013926],[-118.5345880004449,47.901207000231324],[-118.54216899990855,47.89262800018969],[-118.54397699955503,47.888575000153686],[-118.54409000043125,47.8839730001266],[-118.54258400001025,47.88056699997975],[-118.53921999971408,47.87765299995535],[-118.53685999969854,47.87682699975528],[-118.53129699994363,47.87487799979371],[-118.50788699975922,47.87525600004153],[-118.50110899983646,47.873844999758454],[-118.49924299956533,47.87384900014539],[-118.4966420004237,47.873999000271944],[-118.49009700012942,47.875672999793935],[-118.48523499980817,47.875896999827255],[-118.48410300037929,47.87632800022821],[-118.47851200013697,47.876668000054565],[-118.47573700001976,47.877149999816325],[-118.46697800019815,47.88238600009556],[-118.46579099961939,47.88217499972319],[-118.46423499986798,47.881898999786095],[-118.46090999992987,47.88033099999406],[-118.45961299974623,47.878415999892844],[-118.4581049996754,47.87741200026328],[-118.45697800026943,47.874879000021174],[-118.45666299972682,47.87135800024246],[-118.4570639995848,47.86974099988895],[-118.45696300020079,47.86427300024448],[-118.45779900025195,47.859533999844984],[-118.45616499978445,47.85447400010501],[-118.45294699997645,47.850837000029145],[-118.45013699969914,47.84849299974181],[-118.44582000007422,47.845495999783836],[-118.43715999998679,47.84175199973397],[-118.43343800038865,47.83982900002617],[-118.42411100030448,47.83849900004031],[-118.4188330000566,47.83568999986315],[-118.41649300013255,47.83501500020946],[-118.41212999957858,47.83459899998566],[-118.4053869998159,47.8331369999077],[-118.40174100038571,47.8328929999664],[-118.39876700007686,47.831882999834434],[-118.39265899962562,47.83068399995493],[-118.38345100026544,47.83036300016406],[-118.38043900032174,47.83106099998459],[-118.37746500001289,47.83241099990872],[-118.37484300005657,47.83305800025743],[-118.37170499971619,47.832341000146045],[-118.3681499996243,47.83299999992618],[-118.36037599981675,47.83838999990894],[-118.35706500012235,47.8415990001446],[-118.35622599969811,47.84417499992842],[-118.35690600011368,47.84765599973692],[-118.35644699963105,47.8517759999968],[-118.35498299994117,47.858583999988575],[-118.35567099985433,47.859813999843766],[-118.35407499991997,47.86492599990036],[-118.34905000029039,47.873930000231496],[-118.34816999985829,47.874880000248616],[-118.34806199990325,47.87704899985132],[-118.34953800018704,47.88020699975459],[-118.34991099955762,47.8825720000509],[-118.34745299963278,47.88701199999809],[-118.34124100032277,47.892431000225415],[-118.34093800037407,47.894315999858414],[-118.33999600001768,47.9001780001868],[-118.35018300044248,47.916293999811394],[-118.35608900032906,47.929316999767195],[-118.35237900042648,47.953586000204695],[-118.34962299967755,47.9656179998859],[-118.34873999977069,47.97178200029422],[-118.35214300042492,47.974758000166766],[-118.37064500025734,47.98556900011313],[-118.37390499989813,47.99620699981456],[-118.37535400041772,47.99988199992766],[-118.37850500027857,48.00348200020023],[-118.38150499962836,48.00618199976443],[-118.38870600004876,48.01168199984075],[-118.39590599974595,48.01818199974672],[-118.39890699981898,48.021281999710475],[-118.4011070000009,48.02288199974871],[-118.40240699965926,48.02498200006004],[-118.40240699965926,48.02638199979875],[-118.40080700042525,48.02868199976439],[-118.39890699981898,48.030282000192514],[-118.39660700007789,48.031682000142396],[-118.3894059996575,48.035282000253474],[-118.38400600010921,48.037082000296486],[-118.37970600020273,48.03938300028788],[-118.37610599990501,48.04071599999124],[-118.3694610000516,48.0426150001147],[-118.36826599997522,48.04328799983913],[-118.36628599990131,48.04440399972267],[-118.35890499955585,48.04942700009993],[-118.35441700022673,48.050118999711586],[-118.34707699988917,48.050492000299386],[-118.33947499961077,48.04976100017264],[-118.33240299996012,48.047455000046384],[-118.31955799959398,48.04266800006661],[-118.31609999958647,48.04164799997439],[-118.31070000003815,48.04117199982648],[-118.29976399960083,48.041525000162025],[-118.28331999966015,48.040729999740655],[-118.27547600043074,48.040567000234425],[-118.27040499987211,48.04289800022324],[-118.26720200013271,48.047059000139654],[-118.26564800003116,48.051281000061266],[-118.26665399996162,48.056729000234206],[-118.26447200022136,48.058276999960896],[-118.26128399965226,48.05932699989426],[-118.25789199976695,48.059777999998396],[-118.25603800008975,48.059317000253216],[-118.25009799986798,48.05508400029048],[-118.24519799991188,48.05468399998394],[-118.2413979995976,48.056183999971665],[-118.23819800023126,48.058183999826475],[-118.23439799991698,48.06178499984169],[-118.23319799981773,48.06528500022714],[-118.2335979998508,48.0703849997121],[-118.23529800044055,48.07548499980345],[-118.23499799996658,48.07908500017942],[-118.2340980003413,48.081184999949556],[-118.23129800010973,48.084784999952035],[-118.23109800009321,48.088284999983735],[-118.23219899955993,48.09198500014543],[-118.23509900024892,48.09798600017591],[-118.23569900029855,48.101086000232414],[-118.23749900044741,48.104786000132535],[-118.2393990001554,48.10628600001366],[-118.24320000029459,48.108285999940556],[-118.2477000002176,48.10948600020766],[-118.2510999996005,48.110785999717315],[-118.25358799966254,48.11297900028746],[-118.25468099963167,48.11736099999124],[-118.2536830000971,48.12004899987538],[-118.25358199981476,48.122837000245354],[-118.25439199992668,48.128529999900735],[-118.25110299997354,48.13274500028275],[-118.24760599960797,48.13465799994771],[-118.2426029997197,48.135476000200576],[-118.23329999992495,48.13468699990315],[-118.23009999966033,48.135187000156876],[-118.22530000016164,48.137186999841866],[-118.22119900044682,48.138086999850806],[-118.20749899976289,48.13828700024135],[-118.2056979997891,48.138586999965824],[-118.20049800025735,48.141186999874776],[-118.19649799992654,48.14528700018413],[-118.19399800016893,48.14918800027132],[-118.1912980003948,48.158587999709844],[-118.19229900030241,48.167088000276756],[-118.19599900015923,48.179087999705104],[-118.19659900020889,48.19058900025052],[-118.19619900017581,48.19148899975336],[-118.19319899992769,48.194789000225526],[-118.18919899959687,48.19618900016393],[-118.18789899993848,48.19708900011174],[-118.18759900036284,48.19908899981045],[-118.18809899995506,48.20158899980699],[-118.18939899961339,48.205189000062724],[-118.18949999989573,48.207588999758286],[-118.1917999996368,48.210388999937805],[-118.19490000034234,48.2118890001081],[-118.19490000034234,48.212488999726034],[-118.19069999999498,48.21588900004289],[-118.18809999977995,48.21748999985223],[-118.18029900020825,48.221489999742786],[-118.17419900015291,48.22538999999943],[-118.16529899986597,48.230390000283386],[-118.15829800036043,48.2350900000679],[-118.15449800004616,48.23789099970523],[-118.15159800025548,48.24069100002867],[-118.14931299968472,48.2434249997169],[-118.14799799995774,48.24539100000962],[-118.14639799982541,48.24989100008258],[-118.14459299965367,48.2534019998555],[-118.14409700025942,48.25544499990823],[-118.14147699995291,48.260154999955084],[-118.14000200039236,48.268327000093336],[-118.14412900004648,48.27513400026925],[-118.14845800026526,48.27801000007212],[-118.15075399980839,48.282252999921525],[-118.15181099979249,48.28576100013284],[-118.1522829997956,48.289850000148206],[-118.154499999696,48.29589200021432],[-118.15629999984486,48.29869200029332],[-118.15870000004335,48.30099199989362],[-118.16490100038105,48.30449200026817],[-118.16890099981354,48.31239200020095],[-118.17284800044092,48.316180999707996],[-118.17560199974344,48.31949200003753],[-118.17596900016454,48.326357000060625],[-118.1794020000577,48.333293000190494],[-118.18020200012387,48.33569299984529],[-118.18000200010734,48.340792999749],[-118.1794020000577,48.34259299995528],[-118.18010300038968,48.34799300010773],[-118.17960299989915,48.35289300009479],[-118.18020299994878,48.35829300007416],[-118.18020299994878,48.363693999801455],[-118.18120300003147,48.3668939998685],[-118.18190299964023,48.37289399978153],[-118.18320300019688,48.37519400010458],[-118.18580400023686,48.37819400011835],[-118.18690399987865,48.38199400016755],[-118.1876040003857,48.38739400007634],[-118.18970400011023,48.39149400002796],[-118.19285800034415,48.39502299989569],[-118.19610499956615,48.39879400007349],[-118.20050499993003,48.4033939998347],[-118.20260499965455,48.406793999924666],[-118.20350500017818,48.40969400007313],[-118.20313399955907,48.41541200027964],[-118.2024439999961,48.41872200018878],[-118.2007059997715,48.423294999928785],[-118.20040600019584,48.42629500024685],[-118.20140600027855,48.42979500013932],[-118.20350600000307,48.43389499989549],[-118.20270599993691,48.43879500005809],[-118.20290599995347,48.4421950000319],[-118.20480599966146,48.44489499975069],[-118.21200700008183,48.44999499994424],[-118.21180700006528,48.44999499994424],[-118.21260700013144,48.452895000005824],[-118.21220700009836,48.457695000023556],[-118.21050700040692,48.463996000080236],[-118.2065070000761,48.47029600001149],[-118.20330699981146,48.47279600016161],[-118.19710700019698,48.47649599996856],[-118.19520599976579,48.477995999842044],[-118.18920600016787,48.48159700021374],[-118.18330600012905,48.495297000051465],[-118.18170199979878,48.49989700024815],[-118.18112400038876,48.50406799998896],[-118.18126800032881,48.50642599998818],[-118.17964100043231,48.51249400002872],[-118.1787469997565,48.51485699989051],[-118.1791190002005,48.51680100024927],[-118.17730800018097,48.51796900004191],[-118.17487399964728,48.521317999915034],[-118.17071500020613,48.523087000274906],[-118.16914900040896,48.52321999982115],[-118.16338999993718,48.52235899976513],[-118.15672300034248,48.52058400018022],[-118.15385299979069,48.52032299979604],[-118.14970900041817,48.520568000033514],[-118.14704899992867,48.52165699986113],[-118.14192300001675,48.526690000193796],[-118.13992600022438,48.53143399994227],[-118.14190899977305,48.535209999794326],[-118.14229700011056,48.53690500025744],[-118.14202599994891,48.54080600027837],[-118.1434400003084,48.54617599996995],[-118.14310200019962,48.54822599992811],[-118.14024599989153,48.551289000140116],[-118.13978800013214,48.55418600005432],[-118.13848000007786,48.558598999850076],[-118.13861899999503,48.561674000286104],[-118.13792400040916,48.56553200021158],[-118.1364759997145,48.569697000224636],[-118.13487700030538,48.57288400017306],[-118.13349599955784,48.57473500008841],[-118.12861800024137,48.57987799997238],[-118.12544499974088,48.58451499998075],[-118.12552799958158,48.58573099992657],[-118.12755000038662,48.59048099992075],[-118.1270289999797,48.593321999985804],[-118.12744499990632,48.59755000015745],[-118.12721599957746,48.6006769997983],[-118.128444999989,48.60481800002897],[-118.12764699957268,48.60945700004961],[-118.12610300041517,48.609956999860024],[-118.12722300014846,48.6118100002276],[-118.12701100043637,48.612987000253995],[-118.12610300041517,48.61375700006746],[-118.12544899993885,48.615985000008315],[-118.12306200015915,48.61856600023679],[-118.12053300008924,48.619761999859065],[-118.11786699975195,48.62341399975538],[-118.1181160001723,48.6259560001536],[-118.11892000043643,48.62835700006446],[-118.12006899958372,48.62932700022687],[-118.11983900032828,48.630653999773635],[-118.11708500012746,48.630638999790364],[-118.11638299997058,48.63150500003353],[-118.11614199994615,48.63658800014331],[-118.11453500014113,48.638651000252636],[-118.10713000040457,48.64092699983582],[-118.10515199998045,48.64370100007436],[-118.10452299961851,48.64602399979451],[-118.10496000035984,48.6535030002805],[-118.10615000041334,48.65763499970888],[-118.10871799994301,48.6622740002364],[-118.10912800002183,48.667023000179434],[-118.11000799955562,48.6682500002525],[-118.11019900024966,48.67132499981894],[-118.11180600005467,48.67403900019806],[-118.11638799999346,48.674002999754876],[-118.1173629999618,48.67473599986931],[-118.11732600015189,48.677136000274814],[-118.11850000031185,48.67932700014731],[-118.11546800027668,48.68035200014164],[-118.11425700030678,48.68390299999741],[-118.11694700003518,48.69262399999671],[-118.11940800033305,48.69616000022088],[-118.12095599968853,48.7022699999523],[-118.12018599975957,48.70519000013675],[-118.11820400003586,48.708342999982825],[-118.12038800032427,48.71138899972132],[-118.12065500028795,48.71296600022555],[-118.11976099961215,48.71577400023061],[-118.11934499968554,48.71886899993559],[-118.12007899962948,48.71996799994626],[-118.12251599963788,48.72124900008954],[-118.1258249996825,48.72467500029586],[-118.12610400024006,48.72774999970475],[-118.12095599968853,48.7314870000387],[-118.11785199968335,48.73445299973023],[-118.11800300019439,48.73723000002638],[-118.11844599988518,48.737637999780965],[-118.12483899984349,48.736704999848236],[-118.12875499961041,48.73992600013783],[-118.12996599958032,48.7446680000206],[-118.12856399981469,48.74536699981545],[-118.12427399995396,48.74521199981175],[-118.12266600032402,48.745810000052785],[-118.12231300014663,48.74990300018304],[-118.12356199975135,48.75169499971695],[-118.12610500006495,48.75372400019497],[-118.12937399992659,48.755068999718894],[-118.13229700018182,48.75627400018083],[-118.13364000039621,48.75741200018706],[-118.13302899957762,48.75967899979798],[-118.13135499982545,48.76048299999382],[-118.12674000027471,48.76074199971154],[-118.12535299967941,48.76160999995859],[-118.12538199999169,48.76392600007584],[-118.12703900002545,48.76514300000275],[-118.13067899960784,48.7649269999823],[-118.1332460002109,48.76636300025275],[-118.13386600035201,48.768199999760064],[-118.13398699982753,48.771595000018],[-118.13462399968708,48.77407900003576],[-118.13277000000984,48.77693500014254],[-118.13100199964802,48.77765299976404],[-118.12751799970124,48.77693799971958],[-118.12480600023154,48.774666999845614],[-118.12362700004867,48.77446499984377],[-118.12235199960637,48.776302000133114],[-118.12199900032726,48.779258000180455],[-118.12463399980409,48.78317799991584],[-118.12572400029845,48.785414000273505],[-118.12682700031336,48.78618899978496],[-118.12970000033985,48.78488499981336],[-118.13408300008699,48.78379000014033],[-118.13579299982419,48.78300200013314],[-118.13853399960621,48.77976699997289],[-118.14191999964372,48.779050000215946],[-118.1432140003526,48.77928700007002],[-118.14525399980265,48.78086699989993],[-118.14615500015115,48.785961000040984],[-118.14806200043016,48.78814399990333],[-118.15436800034983,48.78984099999147],[-118.15740399968466,48.790971000290384],[-118.160217000335,48.79331799995285],[-118.16085500001947,48.79486500000784],[-118.15877700003624,48.80001300012797],[-118.15986400015757,48.80124799985491],[-118.15976299987526,48.804712999777294],[-118.16063400008653,48.805694999954525],[-118.16092299979155,48.8089580000704],[-118.162449000304,48.81123900007388],[-118.16625100026812,48.814601000264126],[-118.16798500029475,48.818105000119594],[-118.17052400041041,48.825551999932955],[-118.17106300036068,48.828030999919946],[-118.17475800019466,48.8300440000699],[-118.17646100025912,48.831677999707914],[-118.17753199958862,48.83422200003187],[-118.17856199980857,48.835203999950686],[-118.17931699966891,48.837638999902715],[-118.18214200001484,48.838330000207726],[-118.1866269998692,48.83809899970665],[-118.18988400003529,48.83872999977171],[-118.1955079998896,48.84072499989956],[-118.19607399960401,48.84254600026507],[-118.19381499987081,48.848781000248394],[-118.194214000079,48.85154400018285],[-118.19658300031536,48.854109999707255],[-118.19880199986557,48.85504200021308],[-118.2014360004158,48.85759199973631],[-118.20113900031485,48.860634999945155],[-118.19848100037352,48.86726999987155],[-118.20285400007492,48.86955599982936],[-118.2058800002623,48.870537000291684],[-118.20698800030004,48.87034999997489],[-118.21011200039672,48.8722909999091],[-118.21021299978075,48.87367799984495],[-118.21274699987353,48.87607600001131],[-118.2136370003514,48.8779730002508],[-118.21380499968257,48.88018299977029],[-118.21287400009516,48.881872000142266],[-118.21249400015354,48.885595000252486],[-118.21411600002719,48.886729999886626],[-118.21448300044833,48.88816100017608],[-118.21200600025693,48.89060199993389],[-118.20932200037629,48.89520799988472],[-118.20930700030767,48.897906000044536],[-118.21025499961354,48.89846000013559],[-118.20949100043069,48.899830999738256],[-118.20316200004649,48.90152599986125],[-118.20083399981803,48.90421900012513],[-118.20014400025504,48.907618999817444],[-118.19764100012438,48.91176399979148],[-118.1959530001285,48.913262000024346],[-118.19692700027194,48.91445099993005],[-118.19905700013369,48.915059999837],[-118.20117000027699,48.91481800027335],[-118.20476499965356,48.9168789997165],[-118.20572200007855,48.91867799979235],[-118.21178100012602,48.92238299971424],[-118.21527000009567,48.92559600021268],[-118.21783500015059,48.92875299978464],[-118.21998599992878,48.93402799972513],[-118.22166899990177,48.937098000107774],[-118.22059699984904,48.93909900024609],[-118.22083100020076,48.94077700016464],[-118.21909299997618,48.942553999912185],[-118.21580999987084,48.951108999923875],[-118.21462900003817,48.95327599998368],[-118.2112170000614,48.95639099990065],[-118.21049300016321,48.95760299993976],[-118.21130099972699,48.95925899990619],[-118.20998699982493,48.960772000058164],[-118.20836300030147,48.961221999728316],[-118.20724000019511,48.963082000272344],[-118.21122200008426,48.96698499995994],[-118.21417100027877,48.9684099999113],[-118.21690299983997,48.967674000152485],[-118.2198849996464,48.96834800008626],[-118.22165999968095,48.97050199974589],[-118.21778900011985,48.97346999995924],[-118.21590100010745,48.97753899974359],[-118.2167279999378,48.98107499982567],[-118.21617200026908,48.98423900011751],[-118.21458999968011,48.98602200005297],[-118.21003200003078,48.985628000273124],[-118.2059010001787,48.98743300004425],[-118.20605099996652,48.98873299980785],[-118.20700199964543,48.989709000102295],[-118.21112599982482,48.9902670001146],[-118.21611899966733,48.9937080001229],[-118.21902900040207,48.99496400018538],[-118.21995499996665,48.997409000284954],[-118.21516399979048,48.997762000220845],[-118.20992999992352,48.99745600025216],[-118.20771300002315,48.997040000230605],[-118.20381200032483,48.99470400009673],[-118.1997120004349,48.9936029997341],[-118.19746200002423,48.993834000179476],[-118.19483000002212,48.9969270000809],[-118.19737505208789,49.00040675145479],[-118.22257005145423,49.00040285000371],[-118.22460505177975,49.000402534705174],[-118.36468204808004,49.00038084215996],[-118.37042104756203,49.00037995343021],[-118.49876304408205,49.000360078410864],[-118.50373404418329,49.00035930872814],[-118.83661403524266,49.00030775940599],[-118.83684000016417,48.935024999970025],[-118.83694200027145,48.82710700026618],[-118.83699900017282,48.81271199990712],[-118.83692700020282,48.79937300002418],[-118.8369599998148,48.79152300005934],[-118.83700800039367,48.68273300016067],[-118.8370059998455,48.653869000076014],[-118.86963299961096,48.65382599991999],[-118.86964199983179,48.64078100025201]]]}},
    {"type":"Feature","id":"53021","properties":{"STATE":"53","COUNTY":"021","GEOID":"53021","NAME":"Franklin County"},"geometry":{"type":"Polygon","coordinates":[[[-119.45699300039846,46.67622999978553],[-119.45745899965546,46.673095999785446],[-119.45599300031574,46.67103300029493],[-119.44793499992777,46.66662600011445],[-119.4429300003897,46.66425199976903],[-119.43326400037179,46.66051599980397],[-119.42493599964709,46.65845199978445],[-119.41984300024548,46.657002000140984],[-119.41692500001311,46.655619000113695],[-119.41304600005611,46.65263100010819],[-119.40877700011178,46.64688100022443],[-119.4074120001561,46.6424730000629],[-119.40713500014665,46.640428000223245],[-119.40731099987374,46.63543499972294],[-119.4080819996276,46.6309420001668],[-119.40800700018285,46.62677299999988],[-119.40681600030442,46.61967600021495],[-119.40529399998992,46.61603900015919],[-119.4040119998749,46.614078999966765],[-119.39795200000252,46.60834299998117],[-119.37904299956601,46.59383999981587],[-119.37315699977091,46.58836899980597],[-119.37162100011102,46.58645099980862],[-119.36866600006874,46.58427399980268],[-119.36736100038749,46.582656000289724],[-119.36495600016613,46.580935999928215],[-119.36207800011677,46.579077999781944],[-119.35410599994253,46.574806000266044],[-119.34685099999379,46.57149900001334],[-119.33237200005841,46.56648100008325],[-119.32975000010207,46.56527700004635],[-119.32673200031064,46.56324700003775],[-119.32234100016753,46.559643999905205],[-119.315918000072,46.553172000085695],[-119.31080399985566,46.54685699981284],[-119.30900000040715,46.5440969999505],[-119.30523299970483,46.53936100026647],[-119.30395599961268,46.53848999985622],[-119.30043099965803,46.53668400014935],[-119.29165400029308,46.53283000007562],[-119.28699100016343,46.53097899983666],[-119.27699299988451,46.526343000266664],[-119.27520000030664,46.52533200019733],[-119.27032000044206,46.52131099980895],[-119.26904199962667,46.5191699998955],[-119.26745699956294,46.51443399972404],[-119.25985199980984,46.49655399969115],[-119.25843300032581,46.4894649999541],[-119.25880499987147,46.486356000279486],[-119.26004000013083,46.48444999995562],[-119.26318699979372,46.481701999711944],[-119.26405800000498,46.478702000074264],[-119.26340199987887,46.476291000078135],[-119.26142699982782,46.47034500018249],[-119.26111300000845,46.46827300022808],[-119.2613280000936,46.46450600004097],[-119.26334099977949,46.453722999696154],[-119.26333099973375,46.452134000282555],[-119.26148299990433,46.44159800008439],[-119.25916100042193,46.43572599997293],[-119.25914100033044,46.4336470002978],[-119.26056400001247,46.42630799990002],[-119.26184600012746,46.42187299986017],[-119.26290200028669,46.417141000161564],[-119.26330899999246,46.41455000005368],[-119.26547999986207,46.41019399997572],[-119.2668559996884,46.4032839997047],[-119.26663999977836,46.400550999954895],[-119.26552400024299,46.397150999869204],[-119.26499199996545,46.39224700007537],[-119.26560200006081,46.38122400003475],[-119.266438000112,46.37856400014094],[-119.26945199970551,46.37422500011384],[-119.26936800003993,46.37029500011569],[-119.26720600039111,46.36419100025083],[-119.26380699993481,46.3527519998705],[-119.26266999958476,46.35133299973395],[-119.26258900029222,46.35124100001719],[-119.25943699970814,46.3486229998567],[-119.25693199992766,46.34540799980762],[-119.2536539998452,46.33487099990898],[-119.25257400029486,46.32963199983607],[-119.25175199958909,46.324280999764284],[-119.25067600023672,46.31938400015331],[-119.25022599997493,46.31475399979565],[-119.25142799972399,46.30936800016181],[-119.25248999973095,46.30704200017067],[-119.25485899996731,46.30328000003974],[-119.25722800020367,46.29961300018755],[-119.26374300036073,46.29217499972374],[-119.26626099966167,46.28748499995359],[-119.26688800037377,46.285717000142405],[-119.26747599982953,46.28264799983082],[-119.26759800002827,46.2777519998492],[-119.26698499955985,46.27565099981783],[-119.26629499999686,46.27465999977167],[-119.26585399995591,46.273987999723786],[-119.25998099968128,46.269354000020805],[-119.25680100040641,46.26829500019574],[-119.2472039999855,46.26638800013557],[-119.24704199960377,46.26635600004434],[-119.2451350002231,46.265605000128275],[-119.24375100000084,46.26490099989751],[-119.24335199979267,46.26473900016677],[-119.24250800024389,46.264346999788415],[-119.23823099990364,46.26208399995501],[-119.23678700030524,46.26108100019926],[-119.23287300018814,46.257580999913266],[-119.22784900038347,46.252997000075474],[-119.21723699981123,46.24480099989006],[-119.21203999975423,46.24053500029006],[-119.21044800001782,46.23893399970813],[-119.20703000019327,46.23681700027189],[-119.20336299994838,46.235341000251346],[-119.20127900011735,46.23481900024351],[-119.19883500043626,46.23427100005904],[-119.19159700020595,46.23342699997458],[-119.18713200044303,46.232804999965396],[-119.18121700033561,46.23101200029241],[-119.17329700003992,46.22856399969717],[-119.16800399972342,46.22741099984873],[-119.15904999990815,46.22668799969575],[-119.14859200022002,46.22688399997754],[-119.13543200020958,46.225794999988956],[-119.13523899986572,46.22577699970494],[-119.12574899957492,46.22447499996638],[-119.11982000012213,46.22330100016847],[-119.11323700019304,46.22156400027384],[-119.10450199976253,46.218487999911005],[-119.10119600009098,46.21712200028535],[-119.09758099972464,46.21496400019224],[-119.09655999972554,46.214357000280586],[-119.08900000017825,46.21093899977225],[-119.07937000014536,46.207874999935356],[-119.0735449995513,46.20575300020699],[-119.06518300028806,46.20217299969407],[-119.06146499998955,46.20076800012444],[-119.05438300029317,46.19867099989582],[-119.04564500038795,46.19528699980485],[-119.04149799974405,46.19266700030677],[-119.03991799970319,46.196256000281984],[-119.03721799992906,46.19805599973226],[-119.03196099959759,46.207376000106464],[-119.02345299984613,46.2166159997573],[-119.02121300037952,46.21747199970621],[-119.0164749999068,46.21852799997494],[-119.0101229999564,46.220738000024035],[-119.00637600024388,46.22235500021549],[-119.00116800031618,46.225419000149465],[-118.99346800012852,46.22796899986381],[-118.99029999965092,46.229265000083075],[-118.98341999962089,46.23288099981709],[-118.97649100008539,46.23755300022062],[-118.97282700021354,46.238704999799445],[-118.96985100025488,46.238862999947166],[-118.96041100019279,46.238928999929236],[-118.95100200009281,46.23932900006124],[-118.91472800017401,46.24398500002733],[-118.88288700023101,46.24985800005602],[-118.87611000013317,46.250456000226094],[-118.8682979997925,46.250541999784964],[-118.86346399995864,46.25138900030596],[-118.86073300022234,46.252454999929654],[-118.85432900039339,46.25638800001002],[-118.85067800004202,46.259808999877805],[-118.8482900004374,46.265822000228994],[-118.8464119995724,46.267678000172594],[-118.84304200032676,46.26948200010371],[-118.8350750001754,46.27267999998537],[-118.83304499987277,46.274703999823714],[-118.83209199964573,46.27628700025283],[-118.83131800041714,46.27964800022923],[-118.83007399993697,46.281624999805864],[-118.82709600032847,46.28338100026649],[-118.82125800021396,46.28601000019767],[-118.81574599961435,46.28794800022682],[-118.80683100015712,46.28986300012963],[-118.79885800015799,46.29080600006976],[-118.79278499986681,46.290497000078766],[-118.78375300023373,46.2894009999326],[-118.7808519997198,46.28946099976724],[-118.77734400038189,46.29015000026475],[-118.77304500030031,46.29184199976985],[-118.76950699992688,46.293997999748164],[-118.7681360001234,46.29532300008604],[-118.76689800038932,46.297915999967756],[-118.76661899983173,46.30358000010377],[-118.7673479997528,46.30568699980496],[-118.76871799973134,46.30773499979037],[-118.77337900021118,46.31233300024813],[-118.77431999984432,46.31313600017202],[-118.77462399961793,46.31523599998875],[-118.77374400008415,46.31804900011849],[-118.77239699967181,46.3190679999901],[-118.76720100033802,46.32167899988532],[-118.76425200014354,46.32345100011343],[-118.76185799979281,46.32551300026933],[-118.76038700043026,46.32839699986107],[-118.7594330003783,46.33713899976133],[-118.75884199965117,46.33988800016422],[-118.75740200025072,46.34332799978016],[-118.75165799984752,46.35120600009105],[-118.7503869996032,46.352591000259466],[-118.7461989998497,46.35951199978821],[-118.74242799984773,46.36085000011765],[-118.73380200009554,46.360608999716675],[-118.72086899986583,46.36128000006537],[-118.71198500037073,46.36051500017754],[-118.70489699992824,46.35959299999065],[-118.70089999997047,46.36003700023022],[-118.69809300006622,46.36194300006564],[-118.69710300002924,46.3632959997769],[-118.6953530001091,46.37599100023699],[-118.69440800027797,46.37820300029235],[-118.69117000037848,46.381099000263426],[-118.68619300042948,46.38269500002609],[-118.67873400026623,46.38392100023774],[-118.67454300013968,46.38524600015552],[-118.67002399995009,46.38810099985554],[-118.66752800039046,46.390975000161596],[-118.66535300032288,46.394338000193066],[-118.66242199967172,46.40037799979824],[-118.66077600040694,46.4025049996955],[-118.6581259999632,46.4043739997424],[-118.6551900001875,46.40573799993206],[-118.64754100005348,46.40790500023971],[-118.64489599963258,46.40842100017588],[-118.63738799996385,46.41067499971025],[-118.63441200000518,46.41258599998869],[-118.63382600019924,46.41402200023801],[-118.63385299996345,46.41881099997582],[-118.634160999935,46.421972000088346],[-118.63563200019593,46.425510000196326],[-118.63678999956403,46.427330999738146],[-118.6377019997832,46.43031099997734],[-118.63803300021931,46.43341499996784],[-118.63662800008066,46.43811599969687],[-118.63488999985606,46.44139500029684],[-118.63184299975228,46.446073999766305],[-118.63113399992271,46.44793799970319],[-118.63243699995411,46.451510999698954],[-118.6319499998824,46.45431500010107],[-118.63038699956002,46.456770999921005],[-118.62420799986194,46.46541499982717],[-118.62228399986454,46.46899300012453],[-118.62030700016362,46.47171899974815],[-118.61899099971342,46.47436200017795],[-118.61836399989964,46.47861099998947],[-118.61864699975685,46.48054800030828],[-118.62013200026145,46.48551299980256],[-118.62066899966356,46.488550999945225],[-118.61989600025989,46.4950279998971],[-118.61793399972932,46.5011559998692],[-118.61559200015546,46.504542999938984],[-118.61128600040121,46.50815499990776],[-118.60467800035775,46.514107000029426],[-118.59683199968188,46.52062499992966],[-118.59240899975175,46.52585699976658],[-118.58820900030271,46.5286959999079],[-118.58208599978283,46.531114000213904],[-118.57008800023681,46.53362200016934],[-118.56539699961978,46.53496199991758],[-118.56027599973075,46.53922099984469],[-118.55448600019511,46.547243999905724],[-118.55151100006134,46.55240300030236],[-118.54801100022104,46.555929000305504],[-118.54460400026716,46.55785999977147],[-118.53735500016619,46.561481000245074],[-118.5340770000837,46.56371700024377],[-118.53000499978288,46.56557800024478],[-118.52799399974681,46.56766400006295],[-118.52140599979484,46.569645999927396],[-118.51449200032793,46.57147600013234],[-118.5010939997678,46.573877999837364],[-118.49652000022496,46.575533999825],[-118.49114999991558,46.58010699987078],[-118.48673399965814,46.58312200003609],[-118.48438399968838,46.58522599991518],[-118.47948700010532,46.592212000210836],[-118.47593200001344,46.59514199984862],[-118.47164600035065,46.59726200024848],[-118.46734200024623,46.598576999796045],[-118.46236299974908,46.59864600010638],[-118.45263700035505,46.5969730000514],[-118.44455800005068,46.59249899979853],[-118.42318099964365,46.58374399977342],[-118.41527799996467,46.5820600002142],[-118.40937299990301,46.581325999753794],[-118.40441600004549,46.58083800002495],[-118.39757100017559,46.580445000233695],[-118.38972600022296,46.58060199994682],[-118.38564800007433,46.5825570001881],[-118.3823869997103,46.584919999828],[-118.37923400019963,46.58787800013654],[-118.37608599981353,46.58969199979386],[-118.37267499966164,46.59214499981944],[-118.36624499989344,46.59588699999416],[-118.36171700038132,46.59801399980435],[-118.35690600011368,46.59947099972099],[-118.35267300015434,46.60009699969745],[-118.3375899999714,46.60348800022006],[-118.32638800029362,46.60630899973224],[-118.32253899957551,46.60681200002831],[-118.31407600002993,46.60671699994368],[-118.30920799986086,46.606425000232065],[-118.30567899970823,46.60547700012479],[-118.30181599964477,46.603233999821974],[-118.29938000035959,46.60145299987446],[-118.28716699983009,46.594932000107285],[-118.2833930003534,46.59370999994686],[-118.27863099959126,46.59323999976564],[-118.27386100022981,46.59381600013892],[-118.26841700030057,46.5955470002703],[-118.26212599955122,46.59812300001818],[-118.25774500035222,46.59963999997872],[-118.25107799985918,46.60116200005697],[-118.24425700027872,46.600732000046825],[-118.24071300005747,46.59932799970837],[-118.2371870002779,46.59706200022505],[-118.23267999978385,46.59481600030691],[-118.22863500014552,46.59336199997848],[-118.22446800030845,46.59102200003904],[-118.215660000083,46.58892399978931],[-118.21502099967533,46.59124200009937],[-118.21216600009046,46.5934529999483],[-118.21085499966316,46.596631999773756],[-118.21231300040355,46.59844700018036],[-118.21387500000274,46.59820799981194],[-118.21388300039867,46.59959400000823],[-118.21110200043368,46.600755999746866],[-118.20931700035342,46.604486000015015],[-118.20781400030546,46.60500700017123],[-118.20827500043792,46.60971800010362],[-118.20641099981663,46.610344999872524],[-118.20402900005979,46.60997500009835],[-118.201238999874,46.607826000068776],[-118.20008300015567,46.607596999775645],[-118.19839699980959,46.61054399991165],[-118.19826399974022,46.61171999977428],[-118.19923799988365,46.61472200004799],[-118.19961799982526,46.6177899999387],[-118.19861899956746,46.61849399992524],[-118.19830100044845,46.621959999786284],[-118.19979600010049,46.624186000222345],[-118.2052810000376,46.6269800002682],[-118.2096889998991,46.62986399975864],[-118.21312199979225,46.63086600004612],[-118.21541099966268,46.632098000273686],[-118.21647400039289,46.63330299982525],[-118.21652899974616,46.63545599988515],[-118.21464099973373,46.6386889999627],[-118.21529299966188,46.63954100004795],[-118.21941500019147,46.64063500007595],[-118.22194000006341,46.642927000000846],[-118.22241399971635,46.645287000067874],[-118.22546800039115,46.6465760001808],[-118.22799800028596,46.650926999841985],[-118.22752499955963,46.65320100007534],[-118.23073200039529,46.65643699999],[-118.23075900015948,46.65704200020621],[-118.22823099991449,46.659018999927646],[-118.22815399992159,46.66082500018886],[-118.22720999991536,46.66250899976195],[-118.22411799960574,46.66339500005891],[-118.22372299959555,46.66410900005028],[-118.22490000012859,46.66638900023341],[-118.22367200044023,46.666540999826616],[-118.22439999963807,46.66930499971903],[-118.22399100028244,46.671982999887575],[-118.22264499969502,46.67229100027293],[-118.22368300031088,46.67380900008289],[-118.22160299977952,46.675278999910105],[-118.21795499980121,46.67705900018843],[-118.21751499958515,46.6791449999526],[-118.21886500037054,46.68067800030453],[-118.22084999956903,46.68419300003651],[-118.22286499980306,46.68959900018125],[-118.22604400015132,46.693815000214435],[-118.23006500039854,46.70103800028251],[-118.23284800001335,46.703486999955665],[-118.23373500011817,46.706734999813634],[-118.23511799961719,46.708623000124966],[-118.23609199976063,46.711210000212546],[-118.23946000025478,46.716970999749726],[-118.24110600041784,46.71877700030489],[-118.24185899973003,46.72087599988965],[-118.24348700034977,46.72337400024708],[-118.24601999971934,46.72876200019048],[-118.24771699993606,46.730276999994366],[-118.24920300026557,46.73257900013274],[-118.24912200007472,46.73413800026114],[-118.24550500005853,46.7347980002389],[-118.2398850004022,46.73811299985163],[-118.23812600026123,46.73707699974974],[-118.23631000021884,46.73478900017039],[-118.23349699956847,46.73386600001324],[-118.23069600041029,46.73446100027436],[-118.2272390002277,46.73656699986557],[-118.22025299989245,46.736765000038496],[-118.21626799963025,46.73787199972727],[-118.21024299991798,46.73883299991495],[-118.33924700000516,46.737340999989726],[-118.35888100016474,46.73662299999443],[-118.5054709996672,46.73661999986806],[-118.54771699959485,46.73656299989812],[-118.65158999988978,46.73590600013967],[-118.69385699973382,46.73594600028821],[-118.70306199961927,46.73563000015308],[-118.70633800005193,46.73580499978649],[-118.8985999997025,46.73606999994442],[-118.98434000023596,46.736520000075316],[-119.08079700002533,46.73776099997445],[-119.11237600002748,46.73786799985665],[-119.17646999964208,46.73804000018314],[-119.19558099974493,46.73821400019145],[-119.24387999987228,46.7382900002736],[-119.36942900032498,46.73769499978014],[-119.36916499983602,46.67817899998447],[-119.43240900005405,46.67845699986936],[-119.45318999971111,46.679243000136715],[-119.45699300039846,46.67622999978553]]]}},
    {"type":"Feature","id":"53023","properties":{"STATE":"53","COUNTY":"023","GEOID":"53023","NAME":"Garfield County"},"geometry":{"type":"Polygon","coordinates":[[[-117.86159299960424,46.560226999719234],[-117.86334699972235,46.470666999882994],[-117.82212000014397,46.47112300004651],[-117.7795210000389,46.471447000299456],[-117.73730299970032,46.47145400009076],[-117.73736700017271,46.449330000234454],[-117.73742200042432,46.44199499995291],[-117.71662900017338,46.44179599990172],[-117.71645000007321,46.39760799969028],[-117.69508500026005,46.39767900007002],[-117.69494200014493,46.383253999834444],[-117.6739460004027,46.3832840000592],[-117.67494599958708,46.33765099984401],[-117.61190300010885,46.33847799998359],[-117.61199900036831,46.334676000205754],[-117.61260299971757,46.12132300017599],[-117.60329599972488,46.121312999752845],[-117.60342451899763,45.99888923204722],[-117.60316299965551,45.9988869998748],[-117.50483299992231,45.998316999823054],[-117.48010299998806,45.997869999793316],[-117.47993513270922,45.997869469353994],[-117.47998800036032,46.12199400007628],[-117.41948199955127,46.121956000042246],[-117.41956699994009,46.20654899999394],[-117.419427000198,46.277590000224656],[-117.4194330000458,46.279293000139845],[-117.41956000026738,46.29415600012424],[-117.42075299979565,46.29415500018221],[-117.42077000041236,46.338659999933164],[-117.41933400031158,46.383139000266105],[-117.3983410000441,46.383456999876834],[-117.39842899990764,46.397995999949025],[-117.35576399968033,46.397645000065495],[-117.35598200013854,46.41218700026817],[-117.22879599974358,46.41130599999888],[-117.22800900009621,46.46072899978715],[-117.2281200004243,46.46224499995083],[-117.23166700012025,46.463281000140114],[-117.23292999996869,46.46397700028866],[-117.23699700024667,46.4683089998304],[-117.23789000019924,46.470056000039605],[-117.23850399959426,46.47180700024315],[-117.23929199996486,46.47713100024897],[-117.23876499971017,46.481187000238606],[-117.23689500013943,46.48483100025768],[-117.2352470003265,46.48883800002414],[-117.23374699975331,46.490847000231085],[-117.23336299961373,46.49324600010856],[-117.23188399985523,46.497331000263685],[-117.23133700040736,46.50058399995401],[-117.23200299968094,46.50190299972067],[-117.23226299997191,46.50475700016431],[-117.2330990000231,46.50619400005465],[-117.23571599995655,46.508789000255064],[-117.24041500007121,46.516371999892485],[-117.24126000034322,46.51846299979614],[-117.24491400016933,46.52274999984139],[-117.24580399974884,46.52541699976548],[-117.24648099979137,46.530352000278235],[-117.24991399968451,46.53572599975531],[-117.2505720003588,46.53882500005138],[-117.25264100012119,46.54212599981662],[-117.25352800022596,46.54425799984738],[-117.2578950000796,46.54736599982915],[-117.25979200031284,46.54943499999041],[-117.26893500027403,46.555004999798456],[-117.27108500022726,46.555762999948456],[-117.27492200035144,46.55786700017745],[-117.28060399993207,46.55991799993689],[-117.2829659995974,46.56128599973314],[-117.28570200025489,46.56373899975945],[-117.29081999977083,46.5692849999901],[-117.29295499965549,46.57201300009877],[-117.29603500026953,46.57445099984152],[-117.30136899969561,46.577487999714826],[-117.30602400032762,46.57931100009623],[-117.30956699982565,46.579935000254544],[-117.31144700034048,46.580765999743726],[-117.3185900001362,46.58106800005978],[-117.32680699963454,46.58078099983595],[-117.33251099985472,46.58154300017087],[-117.33753700020756,46.58197199971421],[-117.3395409996726,46.58297400027247],[-117.34254500011866,46.58368100020819],[-117.34600700032415,46.58555100017826],[-117.34984400044836,46.58850799989917],[-117.35260199994882,46.591738999849625],[-117.3527130002769,46.59302599995341],[-117.35452099992338,46.59552600005762],[-117.35621499976703,46.59938199980064],[-117.35907400044816,46.60226800015422],[-117.36396400035851,46.60519700000006],[-117.36741399997011,46.60664500009338],[-117.37101400026786,46.60904499989613],[-117.37536699987778,46.61031700003474],[-117.37859800010456,46.61198300005771],[-117.38274200037543,46.61468400002996],[-117.3839369995535,46.61590099994484],[-117.38621499955325,46.61888499992047],[-117.38863800021629,46.62508699987821],[-117.38854299978172,46.63050699992453],[-117.38699600025116,46.635843999947134],[-117.3855569997773,46.63919100008736],[-117.38500000028371,46.64292200015406],[-117.38520399959991,46.64792799996925],[-117.3861760000935,46.64970199998569],[-117.39026400028787,46.6527750001283],[-117.39302799963613,46.654019000147755],[-117.39635199974933,46.65479899995591],[-117.40232499958307,46.65569100020143],[-117.41041899995606,46.65652900013212],[-117.41315399989031,46.65588299996679],[-117.42017000036277,46.65509299985269],[-117.42585500031642,46.656224999709956],[-117.42829999982241,46.65710699970954],[-117.43273899964608,46.65945300028252],[-117.43560099980192,46.661900999714696],[-117.43596300020019,46.662579999947226],[-117.43963799994266,46.66473400007435],[-117.4418079999874,46.666507999947235],[-117.44526900036797,46.670373999929375],[-117.44834599971067,46.674865000154526],[-117.45143299999742,46.683508999728154],[-117.4524720004382,46.68493100012723],[-117.45313699988681,46.68844599983246],[-117.454373999796,46.69153199970039],[-117.46013400009271,46.69706800010061],[-117.4624139997423,46.69859499997058],[-117.46476899973494,46.6996259997346],[-117.4681439999018,46.700039000228166],[-117.47199299972155,46.699905999954616],[-117.47558499962336,46.70035599990655],[-117.4803039998295,46.69931500017327],[-117.4840709996335,46.6979310002757],[-117.4900040001826,46.695374999794055],[-117.4935049998478,46.69326400006819],[-117.49695600018264,46.68993299976303],[-117.4976099997606,46.686119000273486],[-117.49842700044353,46.684342999713884],[-117.50064699981864,46.68205300024438],[-117.50417199977332,46.680330000201856],[-117.50914700007249,46.67857499983596],[-117.51441699992444,46.67728500030317],[-117.51716399955426,46.67696400010349],[-117.52673099983797,46.67709900020668],[-117.53041800017431,46.677375000080275],[-117.5365340001232,46.67843700005842],[-117.54415599959475,46.68014000027305],[-117.54962499963834,46.68029900002553],[-117.55954900029741,46.67919899995024],[-117.56753399999212,46.6778860001982],[-117.57930700030556,46.67538500008789],[-117.58733300000814,46.674697000206635],[-117.59779200041952,46.67254300012323],[-117.60271800031487,46.67249699982728],[-117.61109100034712,46.67321200018925],[-117.61646300030633,46.67441600019771],[-117.62060800040207,46.67612199996545],[-117.62629400018064,46.67919699999693],[-117.63015800006903,46.68248599972276],[-117.6341900001869,46.68677599999826],[-117.63939200026681,46.693391999955956],[-117.64317199959126,46.696852999718516],[-117.64535800042782,46.698430000279004],[-117.64825300019567,46.69980499996346],[-117.65172600027178,46.70080200026537],[-117.65792500006131,46.70197799982423],[-117.66530800005661,46.702585999973635],[-117.67100600042906,46.702720000271256],[-117.67598900022581,46.70250200004044],[-117.68109199967319,46.70316799988123],[-117.68427600004432,46.70310299970637],[-117.68747999960863,46.70259400001915],[-117.69609500038852,46.69957899979299],[-117.69926700016575,46.699024000259044],[-117.71162499956189,46.698007999756044],[-117.71922500019045,46.69708699983818],[-117.72420499961417,46.696173000024615],[-117.73290099968659,46.69379099986893],[-117.73412699972508,46.693708999840226],[-117.73823699966078,46.69467900000402],[-117.74086799983797,46.69458300009386],[-117.74938999983308,46.6908520001673],[-117.75115900001983,46.68970100025047],[-117.75446899988933,46.68653800020594],[-117.7561689995808,46.684385999836294],[-117.75889099999455,46.67983200024708],[-117.76033100029333,46.675542999920374],[-117.76244000023867,46.6630690001323],[-117.76365100020858,46.658813000179435],[-117.76503100023287,46.655853000048374],[-117.76692199972003,46.65256399983539],[-117.77246799975649,46.64537999973769],[-117.77598299966543,46.64186299973932],[-117.78009199977618,46.638443000265376],[-117.78996700003147,46.63103000010826],[-117.79229699990977,46.629518000009995],[-117.7972420000717,46.62704000003706],[-117.80071400032291,46.62564500023908],[-117.80465900040217,46.6246250003017],[-117.8091829997163,46.62360899997228],[-117.81989200037292,46.62224099973596],[-117.82585099996295,46.621963000116196],[-117.82909100041059,46.6220540001733],[-117.84522700037968,46.62432000003238],[-117.84935099966074,46.62476299987509],[-117.85184999959343,46.624669999933005],[-117.85316799969347,46.56019099980517],[-117.86159299960424,46.560226999719234]]]}},
    {"type":"Feature","id":"53025","properties":{"STATE":"53","COUNTY":"025","GEOID":"53025","NAME":"Grant County"},"geometry":{"type":"Polygon","coordinates":[[[-120.04226600008357,47.07625299982918],[-120.0428660001332,47.07345300010874],[-120.04186600005049,47.06705299994287],[-120.0389660002598,47.06085300005259],[-120.03756600014403,47.058853000013],[-120.03296599976356,47.05425300017044],[-120.02466600042459,47.04865300020719],[-120.02086500028541,47.04635299987086],[-120.0111649999323,47.039353000064494],[-120.00926500022433,47.0372530002772],[-120.0072650000589,47.03365299972972],[-120.0072650000589,47.0285529997968],[-120.00626499997621,47.02495300021557],[-120.00586499994313,47.02115300025259],[-120.00576500038402,47.016252999830996],[-120.00506499987696,47.01455299981383],[-120.00186499961231,47.01015299977802],[-120.00136500002012,47.00815300004145],[-120.00126499956266,47.00535300029875],[-120.00246499966191,47.001152999949014],[-120.00214300034496,46.99732000006452],[-120.00112200034586,46.993640999755286],[-119.99817899999915,46.989704000182165],[-119.99683699960968,46.98697199976938],[-119.99491400033548,46.98502599992572],[-119.99285800009358,46.98052000026539],[-119.99052599966714,46.977274999733645],[-119.98607000012505,46.97098799983583],[-119.98282100035492,46.9661550002594],[-119.97839099985379,46.961059000168],[-119.9735419999513,46.95404799981725],[-119.96961299976562,46.9474579997179],[-119.96580400012878,46.94328299977285],[-119.96498599962096,46.93679099980889],[-119.96412199998072,46.934975999771716],[-119.96468000019755,46.93113400006433],[-119.96542300036229,46.929374999932826],[-119.96533299995062,46.92744400014025],[-119.96397499966763,46.92431100017266],[-119.96341700034911,46.92115899991237],[-119.96319100039331,46.91881699972198],[-119.96411600013293,46.91309700024419],[-119.96419700032378,46.90743799997157],[-119.96514899982758,46.89651799983595],[-119.96510199997195,46.89320199981507],[-119.96579800028103,46.889286000296195],[-119.96548899958621,46.881045000040224],[-119.96566900040959,46.87703900028612],[-119.96495300000899,46.86890600023031],[-119.96494299996328,46.858804000258104],[-119.9638759999334,46.85561600015459],[-119.96274699997927,46.85406200006846],[-119.95828100039145,46.84951900018588],[-119.95229500013893,46.842669999757334],[-119.944020000016,46.835520999879954],[-119.93783700011996,46.828583000142835],[-119.93363199974974,46.82471400018052],[-119.92753699971726,46.81709200007795],[-119.92623100021112,46.81417800008015],[-119.92560500022222,46.811431000250586],[-119.92743600033323,46.7984450001612],[-119.92785999975744,46.797496000143674],[-119.92861200014302,46.79632299972474],[-119.93367000028287,46.788443000203124],[-119.9386070000489,46.78183499972311],[-119.94007599976165,46.77869899997333],[-119.94305400026848,46.77470200022057],[-119.94784100024667,46.770243000290414],[-119.95113900042061,46.767776999787536],[-119.9597419997083,46.76321699995272],[-119.96637099966814,46.75862200028471],[-119.96997500016386,46.754972999976985],[-119.97079799979623,46.752736000191774],[-119.9706539998562,46.74729400016779],[-119.9715200000446,46.74269600021561],[-119.97303599961303,46.737125999940936],[-119.97360800007357,46.729447999914306],[-119.97270599990013,46.723239000024776],[-119.96869999972152,46.71442599985532],[-119.96378899989477,46.7060219997478],[-119.96298200015592,46.70482400005218],[-119.95674800020629,46.693518000117216],[-119.95415200018918,46.69024000004561],[-119.95220599955213,46.68682699994939],[-119.94901200003359,46.682202000087855],[-119.94786200016303,46.6788620003035],[-119.94644000030596,46.675934999835036],[-119.94421800038272,46.673241999721796],[-119.93855500017035,46.669326000295236],[-119.93308799977659,46.66455899988358],[-119.93046099979739,46.66255100002177],[-119.92153700011933,46.658709000271806],[-119.91982700038214,46.6576299999082],[-119.91730099978696,46.65542300021124],[-119.91580799978475,46.653502999944756],[-119.91465000041664,46.65015500009933],[-119.91448899985981,46.64972900020906],[-119.91241900027251,46.6469049998253],[-119.91039599964259,46.64466900003095],[-119.90964400015532,46.64383900022165],[-119.90148299983518,46.635601999700775],[-119.8975820001369,46.63327099991722],[-119.89476799966161,46.632331000269545],[-119.88154800027502,46.6306310000123],[-119.8761529998513,46.629337000133916],[-119.87404200025613,46.6282830002966],[-119.86670600011651,46.62662100028231],[-119.85769000037696,46.62629800023644],[-119.85398499959892,46.62594000008248],[-119.83640099983346,46.62546399975061],[-119.82242599968825,46.626080000073046],[-119.81490299995089,46.62766599974573],[-119.80545700004105,46.6298929999402],[-119.80051600007705,46.63055400012057],[-119.79289299988226,46.631786999976356],[-119.78811599994984,46.632326000060445],[-119.78269600031004,46.633424999879246],[-119.77664899995813,46.63374000020299],[-119.765458000151,46.63516699990396],[-119.76145799982018,46.6354169997537],[-119.75097199964462,46.63566199978117],[-119.74297000023147,46.63793899973938],[-119.73348199959048,46.64230799978949],[-119.72708100013459,46.6447629998352],[-119.71905299988383,46.647448999844976],[-119.71105700031848,46.648818000233305],[-119.70446099997058,46.64892599972773],[-119.6963659997727,46.648572999958475],[-119.69219399991273,46.64821700024427],[-119.68112199993126,46.64650199974519],[-119.67712499997347,46.64536700023111],[-119.67105800042843,46.64295300018355],[-119.66553999998105,46.64141699997888],[-119.66177200035212,46.64066999985658],[-119.65918899985553,46.64033299990058],[-119.65196599969383,46.64006199972551],[-119.64780499970452,46.64035499978237],[-119.64456799962994,46.64110100018016],[-119.64123600001912,46.641327000153936],[-119.63715399967256,46.6423550002214],[-119.6323270004097,46.64296499993155],[-119.62552199982443,46.64466900003095],[-119.61847899958778,46.647583000030274],[-119.60758400005665,46.653910000204334],[-119.60113500002183,46.65730900011471],[-119.59539599964151,46.66110899996884],[-119.58900100003336,46.664870999772],[-119.58168400016035,46.66990600021573],[-119.5712189999012,46.67943199985779],[-119.56243400014033,46.68812100014359],[-119.55843700018255,46.691382000267545],[-119.55428399969087,46.694233000208484],[-119.54993299973076,46.69773199993395],[-119.54576400024385,46.70150799994288],[-119.53946900019481,46.70671400022449],[-119.53468100039171,46.70964400028881],[-119.52930199986152,46.71791599991704],[-119.52613000008428,46.72116299976022],[-119.51845599983585,46.726781000092686],[-119.51658200006713,46.7276380000109],[-119.51138800038318,46.72768700015806],[-119.50501600034127,46.726157999837724],[-119.5011180001177,46.72470500003723],[-119.4950719995907,46.72098099976404],[-119.49152700044286,46.71958700012926],[-119.48576299994818,46.71566800024265],[-119.48147899993523,46.71065599983459],[-119.47682000000356,46.70654499974285],[-119.46487299961287,46.696913000240805],[-119.45859799965532,46.692837999710385],[-119.452288000436,46.689195999709455],[-119.44992599987235,46.686241000146495],[-119.44973400025174,46.68473700024343],[-119.45050500000558,46.68226400008779],[-119.45318999971111,46.679243000136715],[-119.43240900005405,46.67845699986936],[-119.36916499983602,46.67817899998447],[-119.36942900032498,46.73769499978014],[-119.36937700044646,46.79559099990059],[-119.36921599988963,46.80996999997631],[-119.3691420002698,46.82003499972244],[-119.36856700033452,46.86873400017106],[-119.36891999961365,46.87253900014262],[-119.36866199987077,46.912562000101836],[-119.2809200004204,46.912521999830744],[-119.23735200019475,46.912225999719446],[-119.21715999981834,46.91222000001129],[-119.15348999962798,46.91224000026327],[-119.13606999989405,46.91222000001129],[-119.09394199996716,46.91188399993938],[-119.07900500027239,46.91179999974567],[-118.9826520002401,46.91134399981589],[-118.98210900009188,46.956616000112426],[-118.98151900008799,47.04520599990637],[-118.98146399983641,47.045442999976345],[-118.98152400011085,47.04855399983266],[-118.98126800001783,47.071926000247565],[-118.98122199998707,47.084211000254875],[-118.98077599992322,47.174133000273955],[-118.97989700021436,47.20339799980354],[-118.9799340000243,47.2325669999364],[-118.97977699966545,47.26170900023518],[-118.97879800039745,47.36315999996719],[-118.97920000008034,47.3636950002449],[-118.97927500042343,47.36417000022641],[-118.97923400041556,47.3658979999284],[-118.97882199978855,47.40439200025183],[-118.9787170002066,47.41487399989143],[-118.97787500030765,47.46096499997644],[-118.97791999961515,47.46108300012018],[-118.97765100000166,47.508554999701836],[-118.97769299983445,47.50905599990284],[-118.97767000026823,47.55336600009119],[-118.97692100025569,47.64536200007914],[-118.9767599996989,47.64683900027757],[-118.97584699965483,47.71362700000431],[-118.97581400004286,47.722356000139776],[-118.97569299966904,47.723503999770344],[-118.97509900036552,47.83038400005889],[-118.97495299987733,47.830843000203785],[-118.9745639997149,47.866291000177185],[-118.97415399963609,47.90362899983537],[-118.97405099970392,47.91082499994583],[-118.97395500034278,47.930556999839844],[-118.97395600016768,47.93280500010852],[-118.97282300001557,47.940996999746574],[-118.97350400025606,47.943414000229964],[-118.97810100026345,47.94527699983514],[-118.98166399985294,47.947977000098874],[-118.98275400034734,47.94978199985517],[-118.98274799960123,47.95300899991474],[-118.98177000015814,47.95798500024142],[-118.98223399976536,47.96202499989831],[-118.98401399982272,47.962045999998004],[-118.98935999984266,47.9621109997369],[-118.99079599994349,47.96212999970993],[-119.01380699991971,47.96208300023884],[-119.10387300029893,47.96176299991312],[-119.10396600018534,47.94669300007474],[-119.12558100024376,47.94680299996617],[-119.12590400028394,47.917301000158695],[-119.14739999961837,47.91738799978128],[-119.14739899979345,47.90265000000034],[-119.19055199991739,47.90246500017772],[-119.19063099956013,47.88781199984123],[-119.21222499970213,47.88770800024115],[-119.21217199999867,47.873080999732544],[-119.21232400033466,47.858376000158806],[-119.21224999981649,47.835792999776885],[-119.2122919996493,47.809201000038534],[-119.21240999965006,47.80069499973746],[-119.23390000003502,47.80066199990311],[-119.23416600017379,47.77198099980917],[-119.25586200042308,47.7716870000563],[-119.25578299988207,47.742514000161655],[-119.27716699996178,47.74260299981864],[-119.27723800010689,47.728237999822426],[-119.29864899995083,47.72832799974542],[-119.29884300011958,47.6704029998781],[-119.32014400035865,47.67023200004806],[-119.3203040001922,47.62679700021973],[-119.34148499988237,47.62674800005791],[-119.34176699991465,47.612387999726145],[-119.4051960000806,47.61263600024919],[-119.40531900010426,47.599012000013566],[-119.42676900030625,47.59906300030043],[-119.42683899972812,47.58477699970238],[-119.44780000020857,47.58489900001596],[-119.44768200020779,47.57045500009012],[-119.46909899989949,47.57076000014182],[-119.46917400024255,47.55660600002138],[-119.49009800001475,47.55654099970832],[-119.4904670000857,47.54201999986443],[-119.51209200018987,47.54203999977379],[-119.51169100033187,47.52763299971627],[-119.53288899974046,47.52775599994318],[-119.53335400007086,47.47001300019027],[-119.53361799966153,47.441204999817614],[-119.55780500034588,47.44113899980185],[-119.56008199962241,47.44127500000156],[-119.59809899978872,47.44110500000077],[-119.60130599972605,47.44107499983641],[-119.61905699989609,47.441376000163665],[-119.63927100001382,47.44094600021054],[-119.64091100032913,47.440627999796],[-119.74728699985636,47.43931200005259],[-119.74739200033667,47.43930999985249],[-119.85409900030004,47.43737999977127],[-119.87576000038922,47.43749199977852],[-119.87582200031352,47.408304999962205],[-119.89717299988297,47.40796900013801],[-119.89738299994525,47.393472000061934],[-119.9187460001086,47.39344900022315],[-119.91891500016297,47.36447499975939],[-119.94023599959522,47.36435900017475],[-119.94044200035786,47.34943499993321],[-119.96134100001571,47.34877900019559],[-119.96182300006456,47.334952000164684],[-119.98323399990848,47.33462300024872],[-119.98312500012855,47.32042800017486],[-120.00470400020194,47.31999400005256],[-120.00476399957807,47.30929700026456],[-120.00478200001973,47.305817999948886],[-120.00440200007816,47.2622990001964],[-120.00291400009881,47.262318000092066],[-120.00439000038257,47.24595899975331],[-120.00485499981468,47.225028999789394],[-120.00489800037069,47.22107599974471],[-120.00707400026322,47.22013299983244],[-120.00393799957264,47.21603600013991],[-120.00263100024158,47.21226699997098],[-120.00243799989775,47.20998699988897],[-120.00300199996235,47.20752699997545],[-120.00557000039035,47.20272000012683],[-120.00591400034692,47.19734299975452],[-120.0054890001995,47.193782000030964],[-120.00448300026898,47.18962800017877],[-120.00369200042368,47.184380999923356],[-120.00417500029742,47.18266099977409],[-120.00903300042073,47.17502600002052],[-120.01048600023996,47.172266000294755],[-120.01115200041183,47.16744699986658],[-120.01058499997418,47.161274999939096],[-120.00968899964855,47.15854699979682],[-120.00776100035148,47.15539400007827],[-120.00544599964347,47.15301200021528],[-120.00106500044447,47.145477000273196],[-120.00057699964951,47.14362200006787],[-119.9999630002545,47.136733999991385],[-120.00146499957923,47.12755300007562],[-120.00206499962886,47.12615300028789],[-120.00906600003267,47.117252999704036],[-120.01026600013192,47.113553000188595],[-120.01196599982339,47.11185299997776],[-120.0188659999449,47.11035300015297],[-120.02606599964206,47.106853000220205],[-120.02756600021527,47.1052530001497],[-120.03446600033676,47.0935530001784],[-120.03766599970314,47.0874529997473],[-120.0384659997693,47.085153000077504],[-120.04046599993471,47.081253000086456],[-120.04226600008357,47.07625299982918]]]}},
    {"type":"Feature","id":"53027","properties":{"STATE":"53","COUNTY":"027","GEOID":"53027","NAME":"Grays Harbor County"},"geometry":{"type":"MultiPolygon","coordinates":[[[[-124.35485444509835,47.53353517080309],[-124.35316100041352,47.52671400003296],[-124.35284306866816,47.52521750709242],[-124.35152559498091,47.519016196678336],[-124.34575178398502,47.491839044947994],[-124.34557171758463,47.49099147680038],[-124.3451549999041,47.48902999994855],[-124.3431621871593,47.474344935462256],[-124.34212799989183,47.466723999781465],[-124.34276800012442,47.46414399973901],[-124.34449799995308,47.4635360001705],[-124.34600799967372,47.46339700029838],[-124.34632400004121,47.462928000250464],[-124.3456610002424,47.462095999768785],[-124.34440000004378,47.461691000121604],[-124.34361099984828,47.461648999804176],[-124.34193899974595,47.4612009999991],[-124.34106800043295,47.458910000149565],[-124.33971500017283,47.45352499983101],[-124.33915399958295,47.44648899997366],[-124.33950400028563,47.437717999946166],[-124.33755199980081,47.43298299978312],[-124.33672400014557,47.41599600002334],[-124.33784200022905,47.411947000008496],[-124.33636000009749,47.4050810002188],[-124.33016200013284,47.40013999990714],[-124.32664999969867,47.38875899988131],[-124.3243170003456,47.378696000081206],[-124.32409100038983,47.36760199980591],[-124.31962599972859,47.359632999951046],[-124.31937899985638,47.355559000104286],[-124.31485499964391,47.35377499970716],[-124.30750900035689,47.352268000018704],[-124.29994300006351,47.3483599999327],[-124.29983733842317,47.348216297728925],[-124.29917302079583,47.347312805789194],[-124.29328800016437,47.33930899995208],[-124.28636899977629,47.32516200007636],[-124.27809700002642,47.30637700001725],[-124.27943699986776,47.30428299979182],[-124.27879995060086,47.3039799263876],[-124.2744070002153,47.301889999821256],[-124.27119299970694,47.305025000009294],[-124.25745199991347,47.304059000173595],[-124.2521539995741,47.30077799993493],[-124.24643897792366,47.296524321954934],[-124.24299100041978,47.29395799970299],[-124.23634900004112,47.287287000049375],[-124.23614664464193,47.28677514492417],[-124.22152574951919,47.24979174759553],[-124.22058923427593,47.24742284280167],[-124.21951145536102,47.24469661264437],[-124.21297293730983,47.22815750195837],[-124.2104038238692,47.22165895543628],[-124.20901700024199,47.21815099980344],[-124.20574007723957,47.20712696732974],[-124.20573357343692,47.207105087906704],[-124.20099339993952,47.19115847063548],[-124.19589300021659,47.17399999992339],[-124.19236237860487,47.158445919681895],[-124.18972500038919,47.146827000279316],[-124.18547599963802,47.13853600019371],[-124.18401100012319,47.13534800007817],[-124.18444143507811,47.13345705985694],[-124.18508200035103,47.130642999717644],[-124.18383299984797,47.12480700015188],[-124.1804635216252,47.10968618188775],[-124.17698299007371,47.094067000418306],[-124.17674500030382,47.09299899995217],[-124.17490223585584,47.07787231518674],[-124.17350099965822,47.06637000013233],[-124.17212038338963,47.04375973449865],[-124.1712010843588,47.0287044323407],[-124.17051555481264,47.01747755933039],[-124.16911299988821,46.99450799990887],[-124.16914949035335,46.99386541133698],[-124.17094877185001,46.96218031266883],[-124.17116099973417,46.958442999965],[-124.17450300028908,46.94162300016785],[-124.17478899962101,46.931113000211],[-124.17387700030017,46.92723500024294],[-124.15862400023792,46.929439000222466],[-124.15216199978431,46.93204499979756],[-124.15187599955406,46.93695499980914],[-124.14126700025318,46.94026600019864],[-124.13943680862594,46.941813007778066],[-124.13908899981254,46.9421070002063],[-124.13554100029165,46.94354700006767],[-124.12714099959695,46.94190399994107],[-124.12012300037296,46.93888900007197],[-124.10997000028333,46.93584599993318],[-124.10624299976399,46.93755099972439],[-124.10603199987679,46.94462099977708],[-124.10965499974077,46.947236000277194],[-124.11249099995734,46.947558999736046],[-124.11936199976653,46.94437800005172],[-124.1274429997207,46.94551399984963],[-124.12832499980263,46.95078499996517],[-124.13263200028013,46.96142799987676],[-124.13089700042858,46.96490500029244],[-124.13556499968277,46.96515800006419],[-124.13803500020147,46.97095900025586],[-124.13833986145946,46.97408499323294],[-124.13973300024307,46.98837000011139],[-124.13744400037267,46.99915099985845],[-124.1392339995775,47.00292900008557],[-124.1436649999035,47.00701700030284],[-124.14666900034963,47.00987599994434],[-124.14793378335388,47.012952663385],[-124.14945322167323,47.01664878859452],[-124.1512880000983,47.02111200020354],[-124.14904299971053,47.029293999879535],[-124.14151699960011,47.035142000261736],[-124.12205700041612,47.04165000015739],[-124.10637800038151,47.04264000011395],[-124.08956885414247,47.0420177770187],[-124.06585600043474,47.04113999983688],[-124.06407700020226,47.042885000241725],[-124.06080599979249,47.04339799995301],[-124.0601772895864,47.043157020975706],[-124.05453400020804,47.040994000163145],[-124.05361899961582,47.04009200016288],[-124.05039400013511,47.03892500020538],[-124.04718299999982,47.03612200011716],[-124.04407899999462,47.03415900010129],[-124.03957499987364,47.032475000210056],[-124.0318970003256,47.030629000048286],[-124.02634500044132,47.030186999702465],[-124.01699900009056,47.0148480000462],[-124.01703500007557,47.011716999960484],[-124.01832899988617,47.01096499997472],[-124.01814599958804,47.00943599983361],[-124.01710200002273,47.00855199980289],[-124.01568600001342,47.00810100013243],[-124.01379800000102,47.008841999876104],[-124.01058900041383,47.00784400014495],[-124.00524800041676,47.00391500005655],[-124.00539451743624,47.003280722581756],[-124.00563400020616,47.00224399976636],[-124.0071439999268,47.00172899997156],[-124.01006800000692,46.997882000152636],[-124.01466900021227,46.994694000112816],[-124.01799900017328,46.99355399983472],[-124.0197270003521,46.991188999772405],[-124.01899800043108,46.98956799991682],[-124.0186009998727,46.989311000236754],[-124.01578100044797,46.98878899980313],[-124.01370900031253,46.98758000008124],[-124.01431799968469,46.986245999701254],[-124.01221799996017,46.98517599996775],[-123.99161200020527,46.98021500014039],[-123.98335299997585,46.98162000016813],[-123.95918499955806,46.981758999762036],[-123.95451253657522,46.97647626528724],[-123.94927000001816,46.97054899984072],[-123.94688200041354,46.968739000154216],[-123.93921400001292,46.969738999814425],[-123.92161699982866,46.971863999921496],[-123.91378291710168,46.971885116806185],[-123.90225894685298,46.971916180372006],[-123.89824500017738,46.971926999930915],[-123.88940199979189,46.96890400017541],[-123.87898034773674,46.96962410270049],[-123.87573999964111,46.96984800028105],[-123.86015054636897,46.967719993519175],[-123.85910300025492,46.967576999764454],[-123.85211919540225,46.964373861789575],[-123.84460400022807,46.96092699983861],[-123.84145379088467,46.957074289850794],[-123.84112133697444,46.956667698789616],[-123.83890000000784,46.95395100014955],[-123.85054600009967,46.95200400024677],[-123.85127324291604,46.95165829063808],[-123.859539000273,46.947728999894885],[-123.86049806233159,46.9473189741347],[-123.87021200004631,46.94316599986702],[-123.87768536337263,46.94126699206],[-123.87889318150981,46.94096008082391],[-123.8828840001601,46.939946000116834],[-123.9152559996574,46.932964000179304],[-123.93706200040984,46.92863600014532],[-123.95749300026255,46.92126099993481],[-123.9578837889707,46.9212724408347],[-123.9737179999201,46.921735999845474],[-123.97937799975941,46.92303800004011],[-123.98508199997961,46.921915999944886],[-123.99251299965546,46.917630999991395],[-123.99593499967797,46.91442000016621],[-123.99706577110985,46.914318663955854],[-124.00543099981657,46.913569000035835],[-124.00839000005678,46.91260100009199],[-124.00951900001091,46.91032499996424],[-124.01240980823964,46.905651259352496],[-124.01365999990874,46.90363000024643],[-124.03623999988976,46.89847300025011],[-124.04634399957557,46.89397199986218],[-124.04927900042469,46.89125300020477],[-124.05239466954542,46.88007823336368],[-124.05508499985385,46.870428999762765],[-124.06105100001488,46.86512700012921],[-124.06634900035425,46.86350400010532],[-124.06806960829661,46.8629924473401],[-124.06816656795681,46.86296362020119],[-124.07087704388381,46.862157770319065],[-124.07311300003332,46.8614929997547],[-124.08928599981233,46.86771599979757],[-124.0896719996017,46.87714900008155],[-124.09197009401605,46.87950438745238],[-124.09508700011695,46.882699000089985],[-124.09250399962033,46.88706799977173],[-124.09167057683571,46.8904433249923],[-124.09042200033747,46.895499999847566],[-124.09296099955482,46.901655000151926],[-124.09949300032861,46.90422000028924],[-124.10388077821477,46.90748682427161],[-124.1060880412758,46.909130194222705],[-124.11064099957976,46.91251999993911],[-124.1157969996289,46.913214000188724],[-124.11845999959313,46.91134899996132],[-124.12199999961638,46.905675000287104],[-124.12929800012118,46.905133000040735],[-124.13822500017227,46.90553399986038],[-124.13436700013168,46.90382799989867],[-124.13280299998435,46.89638699989219],[-124.1260970000316,46.88107199999344],[-124.12237177009168,46.871834073871526],[-124.12161405911583,46.869955081734666],[-124.11705719493702,46.858654848105175],[-124.11693108943741,46.85834212866565],[-124.10845134170167,46.83731382339447],[-124.10807800007295,46.836388000056914],[-124.10123200037813,46.81065599969599],[-124.09834303189913,46.79406699678246],[-124.08164699972401,46.79424099979797],[-124.07933699993721,46.79414799989977],[-124.07765700033725,46.79416099989518],[-124.01814599958804,46.79278500017396],[-123.99739900026617,46.79326600025556],[-123.96533900004009,46.79301299987779],[-123.91518100021264,46.792641000057536],[-123.89705199975081,46.79249500010991],[-123.88662199965177,46.79289299970092],[-123.87700599986259,46.79185700024969],[-123.85648799997125,46.79091600015384],[-123.85651300008563,46.791573999823996],[-123.85220300013339,46.7916559999744],[-123.79839499977949,46.792582000231675],[-123.73957799968957,46.792760000155745],[-123.73472999961201,46.79267799984236],[-123.71571200029389,46.79323399972897],[-123.70547299999053,46.793063000282544],[-123.69504299989151,46.79339000027135],[-123.65282000042838,46.79322100012461],[-123.63204499972076,46.79356099990871],[-123.61100100029799,46.79316899983076],[-123.588200000384,46.79368599986816],[-123.53227999971169,46.794027999793634],[-123.48292899962313,46.79287899999082],[-123.45370299996381,46.792761000181315],[-123.43256900012932,46.79256200026563],[-123.37095000015796,46.792129000008266],[-123.36088900012989,46.7918599997616],[-123.35139100034148,46.7935089999434],[-123.33045199960232,46.79366400029491],[-123.27741300025077,46.79314800006452],[-123.2665100003237,46.79384399972619],[-123.25125999973618,46.79353500023985],[-123.22565500029101,46.79340599987561],[-123.20286000022483,46.794426999727214],[-123.18199300035403,46.79399299971227],[-123.16058800035788,46.79338300017391],[-123.16035499983107,46.79812399969632],[-123.16032700024199,46.79866400001167],[-123.16030299995255,46.79916999994409],[-123.16028200003615,46.79962100013763],[-123.16059400020568,46.803256999824235],[-123.16062500016783,46.82219599979426],[-123.16058599980975,46.82411100022449],[-123.16049999959603,46.82716100001519],[-123.16051600038787,46.837478999807445],[-123.16056300024354,46.89534099978919],[-123.1605609996954,46.895486999798685],[-123.16063699986339,46.90967800001189],[-123.16010600030906,46.938998000218156],[-123.15943799958903,46.98136999978179],[-123.1583639998865,46.99587100013297],[-123.18051700007028,46.99671699979364],[-123.20310100024928,46.99697300010887],[-123.20088699982358,47.01040700012087],[-123.2010130002203,47.014672999731246],[-123.20004099972668,47.014791999811806],[-123.2010149998701,47.014750999777974],[-123.20110199990876,47.0608340001812],[-123.20097999971001,47.06809700001592],[-123.20189100010425,47.08505900000576],[-123.21295300003999,47.084982000038124],[-123.22332299986459,47.085208999885275],[-123.2316599999118,47.0851450000128],[-123.24449799970695,47.08481200015233],[-123.2602079997037,47.08504700019287],[-123.2761679999457,47.08482199983681],[-123.32915199994399,47.08381600003212],[-123.36869800009751,47.08244800017252],[-123.37161899980455,47.08244800017252],[-123.38875999987923,47.0824580003007],[-123.39998199964855,47.0830770001789],[-123.40963799962067,47.083291999983416],[-123.43082599988185,47.08287399981177],[-123.4512030002062,47.0829680000689],[-123.46823399977771,47.08243900017787],[-123.47400300029526,47.082258999965354],[-123.48340200034944,47.082503000242795],[-123.48894300036307,47.082646000282054],[-123.48973300038347,47.09076699985564],[-123.48997699988264,47.15117699976432],[-123.48971300029199,47.15486000018773],[-123.49121299996689,47.16259600001333],[-123.49003799998201,47.16925899992795],[-123.48977799969101,47.1838270001471],[-123.49076299970511,47.22789400009615],[-123.4908050004362,47.25820799975655],[-123.50502099970753,47.258535000168806],[-123.5052869998463,47.32935399987491],[-123.50506699973826,47.34406900024913],[-123.50591700003314,47.517715999907516],[-123.53210599963444,47.51771699972962],[-123.63263999974754,47.517715999907516],[-123.73901899964783,47.51782499982181],[-123.95713500006228,47.51797199985969],[-124.04674000030903,47.5185250002424],[-124.0466270003311,47.52579600029419],[-124.04650400030745,47.53366999978098],[-124.06079699957168,47.53370600000862],[-124.11134500028476,47.53389799979451],[-124.17927799967337,47.53361100028108],[-124.17972200008741,47.533616999822044],[-124.28145999959938,47.53367400027925],[-124.30183400044899,47.533237999973615],[-124.31032399975877,47.53367800017065],[-124.32796699997377,47.53359100018882],[-124.33433200034297,47.53361799994767],[-124.35108599990505,47.53352900021825],[-124.35485444509835,47.53353517080309]]],[[[-123.88453500034603,46.96579299976009],[-123.8858340001795,46.964144000124875],[-123.88133300043157,46.963377000057434],[-123.87671899980744,46.96105099987864],[-123.87170000002563,46.96060200018946],[-123.86884799991553,46.95962899979211],[-123.86052900030997,46.956059999960765],[-123.85672599962264,46.956059999960765],[-123.8533980002098,46.958656000093846],[-123.85458700043839,46.96092699983861],[-123.85957799973276,46.96271100026793],[-123.86480699957681,46.965143999863386],[-123.87716599969616,46.96692899990587],[-123.88453500034603,46.96579299976009]]]]}},
    {"type":"Feature","id":"53029","properties":{"STATE":"53","COUNTY":"029","GEOID":"53029","NAME":"Island County"},"geometry":{"type":"MultiPolygon","coordinates":[[[[-122.76993899998871,48.227548000018245],[-122.7700450002939,48.22439499996091],[-122.76304200024023,48.215341999988084],[-122.74461200037787,48.20965000021342],[-122.74067700034436,48.20707000021285],[-122.73503000002556,48.19996399982598],[-122.71590027364228,48.19476639427207],[-122.71150799968817,48.19357300002624],[-122.70496300029218,48.1894640002036],[-122.70092699997636,48.18530399981067],[-122.69740500039474,48.18433800001557],[-122.69308399967355,48.181509000277146],[-122.68662600031621,48.174653000292935],[-122.68415099977467,48.16878800020222],[-122.68307299987417,48.161648999766776],[-122.67955600031542,48.15511299972912],[-122.67674100001523,48.154048999866184],[-122.6712350001617,48.15731200017111],[-122.66531199965837,48.16006999992147],[-122.6560199997343,48.16251299972071],[-122.64608099990491,48.16403700028344],[-122.63316699994179,48.163280999912615],[-122.62429900034024,48.16179399984037],[-122.61746399961773,48.15905499983209],[-122.61271299962453,48.15590299970462],[-122.61166381498342,48.154554238692036],[-122.60956799961149,48.15186000004852],[-122.60515499972709,48.144177999804114],[-122.60210900034654,48.13524900000252],[-122.59830099963632,48.110615999800316],[-122.60470500036364,48.096650000093724],[-122.60729100033495,48.088033999901455],[-122.61321700031301,48.07948499994285],[-122.61402800024985,48.07278799973772],[-122.61233000020822,48.07009999986828],[-122.60604500020494,48.06719200004047],[-122.60573499968524,48.06422099998097],[-122.60094500023231,48.06151099984259],[-122.59741469931915,48.058467192980366],[-122.59492200016984,48.05631800015238],[-122.59362099978827,48.04719999994138],[-122.59678599989282,48.038833999987745],[-122.60070726019406,48.03592091517191],[-122.60734200038858,48.03099200015313],[-122.60078299985061,48.028449999895194],[-122.59666299986918,48.02576200023711],[-122.59367799968967,48.01997799993204],[-122.58808399997261,48.01696599985894],[-122.58177999970277,48.010386000141665],[-122.57977612600186,48.010028356103646],[-122.56001800022959,48.006502000103616],[-122.54758799996513,48.00027699976635],[-122.54292400001057,47.99640400021257],[-122.54156400007777,47.9929979998867],[-122.54306299992774,47.98598299971601],[-122.55103199972893,47.977345999850584],[-122.55122584808242,47.976643135937636],[-122.55205299972803,47.97364400011364],[-122.55184900041186,47.9723639997631],[-122.54990899962259,47.97181500014189],[-122.54779999967722,47.9704890001046],[-122.54682399988397,47.96721499988302],[-122.52121900043879,47.972997000245215],[-122.51777999979953,47.97491599981754],[-122.5148130000617,47.981152000192196],[-122.50125700021614,47.987088999785705],[-122.48752800011822,47.98973599976167],[-122.47882600019801,47.9898100002219],[-122.47266000002045,47.98844900028137],[-122.46924700021876,47.986809999913646],[-122.46915382605918,47.98596592531483],[-122.46882399972115,47.98297799971594],[-122.46179499972821,47.9758819998427],[-122.45541299964054,47.97165800018596],[-122.44668200030635,47.963155000180315],[-122.44075999962794,47.95184499981838],[-122.44078999976516,47.94659399985193],[-122.4412009996689,47.94304500024556],[-122.44208385315034,47.94208716337875],[-122.44463899958494,47.939314999732076],[-122.44575900021654,47.936189999843734],[-122.44551900001703,47.93022600011888],[-122.43069500030019,47.917657000207896],[-122.43103500005881,47.91473200011893],[-122.41927400033927,47.9121250002086],[-122.41244700001269,47.91302799987985],[-122.40967100007055,47.91494499981584],[-122.40786199970086,47.91669299993055],[-122.40756799997297,47.91779199989716],[-122.40651699983665,47.92044199991256],[-122.4054230000426,47.92080800005007],[-122.40470800036526,47.92170999997341],[-122.40331999994505,47.92218899981612],[-122.39860999995975,47.922498999895254],[-122.39537100023531,47.922077000088066],[-122.3942094686915,47.920916510861225],[-122.39314199974105,47.91984999985402],[-122.39478200005635,47.91722799995417],[-122.39541300006812,47.91407100019207],[-122.39734899976112,47.912400999831796],[-122.39042000022562,47.90569599975815],[-122.38049700028976,47.90402299992311],[-122.37730000039817,47.90594100005519],[-122.37577999973347,47.910251999815046],[-122.37585799955126,47.91699100023798],[-122.37683699971757,47.92370300017693],[-122.3678760002296,47.93241500013896],[-122.36538099959655,47.93492400019587],[-122.35881199991115,47.93742000019011],[-122.3579114082961,47.93883875045255],[-122.35761099998699,47.93931199977406],[-122.35677099973785,47.94452400028135],[-122.3507410000027,47.95323499975736],[-122.35055855037187,47.954121891075204],[-122.34959699997995,47.958796000212004],[-122.35025399993097,47.969355000054634],[-122.3528331116207,47.97863426839338],[-122.35361099965617,47.98143299992681],[-122.35426799960719,47.98447699993897],[-122.35989599965941,47.98785499996361],[-122.36414262257006,47.99126513206877],[-122.36916099981936,47.99529499987011],[-122.37156000019293,48.00032999998628],[-122.3717979998443,48.00637299999539],[-122.37278799988125,48.01003099978557],[-122.37227400004537,48.020046999951035],[-122.37370000010043,48.02624700012237],[-122.37397989627833,48.02680666737837],[-122.3759239996735,48.03069399983116],[-122.37625900030756,48.0344570000168],[-122.38035499999954,48.033716999725],[-122.38297000028321,48.034198999983694],[-122.38738200034265,48.03402999990901],[-122.38783087681202,48.03418799471034],[-122.39238799970565,48.03579200007268],[-122.40062799966849,48.036563000281674],[-122.40341000035671,48.03673699976856],[-122.40668699971596,48.04079700016199],[-122.41194900007032,48.04160100022239],[-122.41617799983167,48.04348300004122],[-122.4198705939773,48.043447068322756],[-122.42542700009804,48.04339300013206],[-122.43126600003747,48.04500099975918],[-122.43732099988698,48.04900399981165],[-122.44511999980887,48.05169999981371],[-122.44841899980771,48.05432299987224],[-122.46160599958233,48.068501000131434],[-122.46897699988203,48.07704499994385],[-122.47278100039425,48.077610000205844],[-122.47866499964124,48.08240600007369],[-122.4813315335778,48.084579084234335],[-122.48397700022429,48.08673500014592],[-122.48760599993602,48.091189999923564],[-122.49110400012654,48.09424200006449],[-122.49176000025264,48.09708800022389],[-122.49601800032634,48.095562000163206],[-122.50513600017314,48.09550600017463],[-122.50867600019642,48.09685399980493],[-122.51327599967854,48.09753799988222],[-122.52542200026087,48.09653699988475],[-122.52272499996147,48.089790999954346],[-122.5169060001135,48.08108499970379],[-122.51108100041779,48.07530100022971],[-122.51393099997975,48.06676499993277],[-122.51777499977663,48.06346600003729],[-122.51464400000728,48.06120599974099],[-122.51399399972894,48.05907699987979],[-122.51631399956148,48.05718099998669],[-122.51607000006233,48.053420999818144],[-122.51226700027331,48.04960800014567],[-122.5134410004333,48.04627299970414],[-122.51131599969611,48.04198100004342],[-122.50965199998967,48.03975599994714],[-122.5127500001471,48.0354670000588],[-122.51333775436277,48.033999723738944],[-122.51525800030062,48.02920599990347],[-122.51797099959524,48.02243200013853],[-122.52279299973351,48.01912000021094],[-122.52340446048957,48.01877473701757],[-122.528190999632,48.01607199980149],[-122.52975195269387,48.01611946450394],[-122.53342000037439,48.01623100028362],[-122.5354430692763,48.016159771219264],[-122.53793600019092,48.01607199980149],[-122.54084786223494,48.017429354431634],[-122.54152499971971,48.017745000084034],[-122.54150432140017,48.02000243018897],[-122.54150100032855,48.02036499994229],[-122.54069544328404,48.021004847262176],[-122.53880300020425,48.022508000124084],[-122.53671299962716,48.026165999906496],[-122.53683235249075,48.03324267734652],[-122.5368430002218,48.03387400013365],[-122.53689213986446,48.03676910334519],[-122.53698600033694,48.04229899984766],[-122.53895299999205,48.050231999815914],[-122.54511999999455,48.05254999984768],[-122.54887000008014,48.05373899984981],[-122.54694600008271,48.05735599978437],[-122.54534199975244,48.0624760000807],[-122.54548999989042,48.069118999713176],[-122.54676600015765,48.07301599983459],[-122.54627200041324,48.075952000249266],[-122.55120800035436,48.07627599996888],[-122.55455900023175,48.07739199979141],[-122.5636729998806,48.09183400006462],[-122.56434504391767,48.092530194955266],[-122.56720700005609,48.09549500020187],[-122.57185299956897,48.10214299986574],[-122.57161499991759,48.10511299992087],[-122.5600409997958,48.11312300011658],[-122.55766400006183,48.117884000113705],[-122.55980800016728,48.121452999946214],[-122.56001300020672,48.124450000008586],[-122.56285199989803,48.128910000197834],[-122.56639799976911,48.1328329997784],[-122.56704800004742,48.14414499995969],[-122.56793599997714,48.14862399986961],[-122.57216200026376,48.154048999866184],[-122.5730619325154,48.15455556071977],[-122.57490499969562,48.155592999798856],[-122.57804700023398,48.156804000139346],[-122.58095600024548,48.15959800008897],[-122.5811760003535,48.16768799981257],[-122.58259499983758,48.170423999873044],[-122.58505699996033,48.17426300005539],[-122.58577800038378,48.18235200027413],[-122.5881380003993,48.18593999995922],[-122.59275399977494,48.190425999964816],[-122.60068699959113,48.19624399999223],[-122.60581900024914,48.20174900024146],[-122.60486799967194,48.206381999813985],[-122.60640599987997,48.208262000090926],[-122.61249599988957,48.211846999901496],[-122.61663299958943,48.21241700002336],[-122.62531299976833,48.2204999999105],[-122.62835200037452,48.22246699970152],[-122.63125999966279,48.220685999997556],[-122.63457799992824,48.2197509999054],[-122.63781699965263,48.22171100026212],[-122.64565400010765,48.22293700000553],[-122.64825199977454,48.226887999976874],[-122.65350914473478,48.22517832922832],[-122.65961699965898,48.223192000217395],[-122.66531850076608,48.2236959533865],[-122.66838499970142,48.22396699975273],[-122.67409499976941,48.223566000025656],[-122.67840499972164,48.22091899996066],[-122.68764200029247,48.222614999789066],[-122.68827575813215,48.22257052164462],[-122.69297099969563,48.222241000214154],[-122.6995589996476,48.21806800015886],[-122.70092299798176,48.217723368104366],[-122.70556699964143,48.21655000025142],[-122.71096700008808,48.21410899979266],[-122.71548299990461,48.21490100010007],[-122.72118700012481,48.213791999780604],[-122.72380200040848,48.21505899979757],[-122.72665399962027,48.218860000277395],[-122.72617900014244,48.22266099985848],[-122.72987800017437,48.22360800019512],[-122.7323579998405,48.226144000138255],[-122.73232600005345,48.22945800015495],[-122.72831800022502,48.23247800026245],[-122.71595800028075,48.23611900014657],[-122.70414200030963,48.23805099980069],[-122.6900609998592,48.238364999857225],[-122.68648599967581,48.23991800015158],[-122.68196999985928,48.24023499992195],[-122.6808483014118,48.2398614150866],[-122.67721700021629,48.23865200010568],[-122.66920999988194,48.24061400006628],[-122.65867799967562,48.244508999705644],[-122.65297299963049,48.25147300010912],[-122.653429999565,48.25933999988042],[-122.65263899971966,48.26508100015854],[-122.66034099955716,48.27014400029431],[-122.66170384355617,48.271748980053104],[-122.66343100021697,48.27378300018955],[-122.66283343999166,48.27696439793195],[-122.66271800018944,48.27757899998094],[-122.65630099994169,48.28327300020172],[-122.64788995985043,48.28593878479391],[-122.64631799973138,48.286437000202184],[-122.64299100014343,48.28880900010559],[-122.63609799969461,48.28849300018445],[-122.63253299955699,48.28564600004671],[-122.63110700040025,48.28264099983803],[-122.63538499966708,48.2797939998979],[-122.64394099999741,48.279635999792504],[-122.64370400017096,48.276156000266944],[-122.63823699977719,48.270619000250434],[-122.63110700040025,48.26713800024408],[-122.62377899975824,48.26943100027231],[-122.62587799965786,48.271409999917076],[-122.62492699997895,48.27789600006741],[-122.62142100029085,48.27995799984607],[-122.62074800044631,48.282960999887145],[-122.62587199981004,48.2858119998179],[-122.62675700026503,48.28899100000502],[-122.61846600024859,48.294158999952224],[-122.61681643107887,48.29452003367473],[-122.59953199969773,48.2983030000094],[-122.58408600018994,48.297987000273],[-122.57487200008364,48.29490300025979],[-122.55833199988352,48.2820609999821],[-122.56122900019946,48.277262999928716],[-122.56048900040778,48.27321700003942],[-122.55843599964061,48.272165999912296],[-122.55783999978892,48.27344499974906],[-122.55890000014608,48.277093000227175],[-122.55766400006183,48.279318999741875],[-122.55552857886735,48.28011664579605],[-122.55179300033535,48.28151199979752],[-122.53097599979495,48.28244499973706],[-122.5227559999236,48.285504000253574],[-122.51953499974253,48.2883140002771],[-122.51069700027823,48.29355999973536],[-122.50582800028427,48.29767699981868],[-122.50472899956905,48.30037299988787],[-122.50656800007597,48.31004099992978],[-122.51597899982575,48.32041899983206],[-122.52232225827014,48.32304523275712],[-122.52724900017394,48.32508500008401],[-122.53094700038095,48.32862799991023],[-122.53570800041989,48.33226299975915],[-122.54454900025725,48.336035000169566],[-122.55133399985274,48.34213800028168],[-122.56552499990799,48.34821700024873],[-122.58516200044063,48.35330400018109],[-122.59387211663943,48.35453286638362],[-122.59402900021728,48.354555000014955],[-122.59711899997876,48.355661000158314],[-122.59722900048193,48.356099843791846],[-122.5975940003549,48.35755599989079],[-122.59459975291787,48.35878083117599],[-122.59450399969514,48.358820000216404],[-122.58889099971148,48.36300499995322],[-122.58024300021796,48.37161000019287],[-122.58017299989777,48.37482399996429],[-122.58391299993757,48.37998299980679],[-122.58405299967966,48.38281799983227],[-122.58600900036245,48.38551300027121],[-122.58578099985851,48.38896600003312],[-122.58529087005634,48.39305591124819],[-122.58503799969375,48.3951660000205],[-122.59046400007962,48.39497299989067],[-122.59535099961695,48.397200000161064],[-122.59673200036445,48.405625999814916],[-122.6019799995768,48.40990700027587],[-122.60971499992458,48.411565000231406],[-122.61717400008783,48.407144999943576],[-122.6201729996127,48.40365200006809],[-122.62429299959412,48.40048800019277],[-122.62611500038261,48.40144300003805],[-122.6273039997129,48.404282999735976],[-122.63086899985055,48.40302099972861],[-122.63499100038011,48.40424399984548],[-122.64452689649708,48.405453611099354],[-122.64479799996498,48.405488000271475],[-122.65107200009763,48.4028630000277],[-122.65748900034538,48.40175799986419],[-122.66152999978576,48.40254699974994],[-122.6646589999053,48.40150800023765],[-122.66492800041713,48.37482299987803],[-122.66664007166936,48.36985145477401],[-122.66685036637905,48.36924079585539],[-122.6684109996407,48.36470900010711],[-122.67373099972136,48.35468299976607],[-122.68281799960602,48.343737999732014],[-122.68719899970336,48.341286999888965],[-122.69030100005874,48.33510999986914],[-122.69488499964734,48.329694000088196],[-122.70026400017755,48.32747900010817],[-122.70265900035315,48.321730000122855],[-122.70707700026041,48.31528600011842],[-122.70809765081485,48.31437956458279],[-122.71226000007371,48.31068300027769],[-122.71648187439824,48.30806118750523],[-122.7224159717903,48.30437607316099],[-122.72258999971537,48.304267999812566],[-122.72724299979926,48.2937289997359],[-122.72879299970286,48.28517099991008],[-122.7301311553029,48.2827897554226],[-122.73202200027984,48.27942500003239],[-122.73886399977671,48.27434900004886],[-122.74832892718963,48.264477120652614],[-122.75256299973736,48.260060999710404],[-122.75621431000754,48.25376103742619],[-122.75746100004368,48.25161000002407],[-122.76238799976394,48.23834800013595],[-122.7662569996752,48.2327469997589],[-122.76993899998871,48.227548000018245]]],[[[-122.53891600018216,48.20968299982752],[-122.53846000007258,48.20271000000717],[-122.53622100043086,48.200565000160715],[-122.53612840119305,48.200006064863786],[-122.53577799984177,48.19789099982807],[-122.53294499999822,48.19541699993669],[-122.53191899997626,48.190599000118894],[-122.53318299964961,48.186860999835915],[-122.53721999979037,48.18374499992117],[-122.53052700025638,48.17453400017244],[-122.53009299988811,48.17021999987517],[-122.52713546659675,48.169009731417574],[-122.52644699955961,48.168727999994154],[-122.52340609542335,48.166191189976445],[-122.52272499996147,48.16562300021242],[-122.52397600011433,48.16248900018479],[-122.52104299981337,48.15750600024562],[-122.51834600041228,48.15535699990622],[-122.51623200044405,48.1511509998662],[-122.51353699979447,48.14836099974494],[-122.51328900009734,48.14597999981971],[-122.51572899958049,48.141917999705875],[-122.5146903737372,48.13967475874981],[-122.51203100027178,48.133930999908614],[-122.51056199966072,48.13220700027764],[-122.50871800002922,48.13116800022855],[-122.50471199985061,48.13030400007084],[-122.4954530004368,48.124997999800094],[-122.4946790003099,48.12264400007053],[-122.49301499970518,48.121215999918725],[-122.48998600004303,48.12061699989403],[-122.48673600044798,48.12095000009613],[-122.48160600033813,48.124864999959065],[-122.47798299957584,48.12904800029768],[-122.46749999977334,48.13035299994399],[-122.45777900040218,48.12079300012031],[-122.44965999991483,48.11404100026168],[-122.4467919999112,48.10919700026101],[-122.44311299997075,48.1070219997181],[-122.43596500015212,48.10551899982294],[-122.42959700030818,48.10546199991496],[-122.42370300011714,48.10294099996164],[-122.41969899958838,48.09852499995818],[-122.41624200030411,48.09462500013751],[-122.41574234566497,48.0931275657928],[-122.41558799982779,48.0926649999302],[-122.40945099996253,48.090412000236725],[-122.40069200014092,48.08525499987662],[-122.39341299990272,48.0784719997073],[-122.3907869997484,48.06947699972649],[-122.38769000031424,48.065189000295156],[-122.38843599995371,48.063588000101625],[-122.38498899981685,48.06337399985656],[-122.37711399972702,48.057567999833566],[-122.37238899967309,48.05600800006478],[-122.36310699979475,48.054546000126955],[-122.3589630004222,48.054851000055926],[-122.35682400033959,48.05675799974502],[-122.35801299966988,48.05961700004725],[-122.35943899972493,48.06279400002118],[-122.3638850001196,48.06631100002381],[-122.36847100025633,48.073752999839726],[-122.37322399989937,48.080899000062],[-122.37948100031353,48.087384000064844],[-122.39233199962915,48.09770299987],[-122.41164899959635,48.11320999983032],[-122.41427399992573,48.11393499971308],[-122.41599899973151,48.11360699986677],[-122.42147299979798,48.11582099987992],[-122.42313700040272,48.12232600004328],[-122.42910699986341,48.125409000004325],[-122.43302799965319,48.12607299994944],[-122.43905740380534,48.129146029974926],[-122.4423830002248,48.13084100015487],[-122.44542000028284,48.13575799997578],[-122.44851699971701,48.13992000007917],[-122.44999499965058,48.14294800008947],[-122.45588200016891,48.14600199973103],[-122.46201599966115,48.152405000248834],[-122.4643270001712,48.155583999883795],[-122.4659189999076,48.162293999719445],[-122.4758030003837,48.16679199986141],[-122.47447600006285,48.17132900002479],[-122.4763940002125,48.17405099991368],[-122.47900799977289,48.175702999781834],[-122.47836000004271,48.179613000152045],[-122.47853499994488,48.18808699976771],[-122.4702499997762,48.19400700006245],[-122.46480099982412,48.19476700027535],[-122.46188799961465,48.193136999793104],[-122.45492999976679,48.19663900001825],[-122.44205099996377,48.2093499999164],[-122.44173100029663,48.21177600018652],[-122.44450800006366,48.21452199984216],[-122.44951299960174,48.21473600007359],[-122.45084199957245,48.22258800001529],[-122.45361800041289,48.22683000014491],[-122.45370999957608,48.228859000079474],[-122.44960499966328,48.2325979997632],[-122.44117899992759,48.23542300010797],[-122.43376699961999,48.23654999987151],[-122.43057800012431,48.23623699985748],[-122.42872899957165,48.234515000033774],[-122.425571999863,48.23288699980929],[-122.4251130002787,48.231277000039036],[-122.4251130002787,48.22977600004928],[-122.42404600024884,48.228197000246986],[-122.41829500017293,48.22693299980125],[-122.41527200035861,48.22657700010913],[-122.41198099985735,48.227033999861426],[-122.40892799990581,48.228355000202164],[-122.40424499968468,48.22930299986272],[-122.39612100007277,48.229232999769906],[-122.39467770475358,48.229867488204],[-122.39297699988462,48.23743000021838],[-122.3936780002166,48.238757999792355],[-122.39553600009175,48.23986900020998],[-122.39915300010794,48.242100999840304],[-122.4008329997079,48.24466700014446],[-122.4008329997079,48.24632900015687],[-122.40254900019119,48.24736900005134],[-122.40547365514318,48.25197809059538],[-122.40651600001173,48.25183000016736],[-122.4165529997504,48.25588300028463],[-122.42853500030121,48.259588000214436],[-122.44204000009312,48.26376399970713],[-122.45120800016865,48.26659800010955],[-122.45602399956084,48.26635100012073],[-122.45840100019312,48.269515000024526],[-122.4639620002982,48.270541000162865],[-122.46680299963934,48.26960400023059],[-122.4701929998748,48.262219000264686],[-122.4744939996062,48.25522699984904],[-122.47709299999633,48.253261000237806],[-122.48092500009764,48.251705999876734],[-122.48355016751368,48.25134773385307],[-122.48629600023192,48.25097299976348],[-122.49344800024852,48.25204299983927],[-122.4977270002386,48.25338900005549],[-122.49964799986297,48.25661099992271],[-122.50378600028607,48.25704499985882],[-122.506936000322,48.255401000075416],[-122.51367800025976,48.25446700026486],[-122.51761300029325,48.25296300027145],[-122.52213499995759,48.251258000218705],[-122.5268530003388,48.251792999774445],[-122.53099599988644,48.24982100004121],[-122.53520899975427,48.24021299974844],[-122.53471280901891,48.22923813057602],[-122.53443100032774,48.223005000186255],[-122.53823400011676,48.213442000036885],[-122.53891600018216,48.20968299982752]]],[[[-122.84503199978982,48.31861799988992],[-122.84527100016442,48.31731599985588],[-122.84451700012902,48.316973000005014],[-122.8437980002537,48.31706400001953],[-122.84201599964818,48.31690499989478],[-122.84095399964117,48.31738500003496],[-122.83907099965165,48.31878000002804],[-122.83820600018647,48.31908500022686],[-122.83818000024719,48.31967099995499],[-122.83905599958304,48.31992699993355],[-122.8405450002856,48.32049299978749],[-122.8417439996616,48.32138400025975],[-122.84253200003222,48.32131500011337],[-122.84448399961873,48.31985199978355],[-122.84503199978982,48.31861799988992]]]]}},
    {"type":"Feature","id":"53031","properties":{"STATE":"53","COUNTY":"031","GEOID":"53031","NAME":"Jefferson County"},"geometry":{"type":"MultiPolygon","coordinates":[[[[-124.61076310131833,47.880607016719814],[-124.60953799959509,47.87999600014673],[-124.60867499977977,47.875238000293095],[-124.61052699980716,47.87167399983148],[-124.60482299958693,47.87278999975667],[-124.603214999957,47.87134599970901],[-124.59912900031078,47.875105999938434],[-124.59661000028659,47.87861399970019],[-124.58817199995701,47.877878000033526],[-124.57988599996342,47.87456300009176],[-124.5755469996989,47.868993999995126],[-124.57336699960842,47.86666700021909],[-124.56902999989202,47.86566499974007],[-124.56614599999487,47.86762500013055],[-124.56236300029734,47.866216000161465],[-124.55903400016125,47.86308499995491],[-124.55825400018658,47.8559790000575],[-124.55799999974336,47.85365500019736],[-124.55277099989927,47.85174099992813],[-124.55084000022916,47.84951999981178],[-124.55005199985857,47.845407999727605],[-124.54468999994509,47.845201999889134],[-124.53955900001033,47.84190500007794],[-124.53992700025636,47.83696699994895],[-124.54101500020262,47.83412099993046],[-124.53286700030127,47.8334379999921],[-124.52258600016515,47.8321200001725],[-124.51939099992336,47.826845999761304],[-124.51278000040517,47.82251799999661],[-124.50668000034983,47.82390999979526],[-124.49798699975214,47.82260500024825],[-124.48973699974354,47.81698800014652],[-124.48455700030327,47.80834000015542],[-124.48215399973175,47.79745400024255],[-124.48144499990217,47.788670000127354],[-124.47903100035829,47.78264200009922],[-124.47433700026652,47.77560600022953],[-124.47186599992291,47.77205799982913],[-124.47357499983521,47.77023599971267],[-124.47657000006042,47.76967099992999],[-124.4799960002809,47.7690249998631],[-124.48004099958844,47.76729999976516],[-124.47467399965207,47.76655599992582],[-124.47168699982278,47.76690699976882],[-124.46856000025136,47.76825399987064],[-124.46463100006565,47.76661199981013],[-124.4622490003088,47.76468099999441],[-124.45892199982255,47.76494199992819],[-124.45674799957987,47.76618099991228],[-124.45392700033021,47.76533399975109],[-124.45128100008442,47.763174999894915],[-124.45024199964365,47.75846799993684],[-124.44738200003594,47.75545400020225],[-124.44063199970228,47.751764000035664],[-124.43071863150288,47.746343394647276],[-124.4305459995598,47.74624900005166],[-124.43051495378359,47.74620365770095],[-124.4251950004153,47.738434000219584],[-124.42021900029121,47.72529400025218],[-124.41962061271754,47.72277926948823],[-124.41210599965167,47.691199000193485],[-124.39598300010135,47.66553400004784],[-124.38221499964541,47.63230199985652],[-124.3749270000847,47.60389100020275],[-124.37174600008662,47.59957499998619],[-124.36622099996653,47.582439000075055],[-124.36176303850387,47.56270926465687],[-124.35971246947616,47.553634000014256],[-124.35864908157207,47.54892773217407],[-124.35837799966372,47.54772800001301],[-124.35807505451226,47.546507738311945],[-124.35485444509835,47.53353517080309],[-124.35108599990505,47.53352900021825],[-124.33433200034297,47.53361799994767],[-124.32796699997377,47.53359100018882],[-124.31032399975877,47.53367800017065],[-124.30183400044899,47.533237999973615],[-124.28145999959938,47.53367400027925],[-124.17972200008741,47.533616999822044],[-124.17927799967337,47.53361100028108],[-124.11134500028476,47.53389799979451],[-124.06079699957168,47.53370600000862],[-124.04650400030745,47.53366999978098],[-124.0466270003311,47.52579600029419],[-124.04674000030903,47.5185250002424],[-123.95713500006228,47.51797199985969],[-123.73901899964783,47.51782499982181],[-123.63263999974754,47.517715999907516],[-123.53210599963444,47.51771699972962],[-123.50591700003314,47.517715999907516],[-123.50592299988094,47.5195900001814],[-123.50591700003314,47.60461500016271],[-123.49541999998695,47.60461500016271],[-123.37701000003035,47.60461500016271],[-123.37701000003035,47.606907999823825],[-123.3676000001055,47.607432000003655],[-122.9960939996262,47.60682500003268],[-122.98259999970493,47.60670000012784],[-122.98189365709197,47.60669138705668],[-122.98301499980661,47.608581000082786],[-122.98158899975157,47.613068000207484],[-122.97255700011848,47.61402899999181],[-122.96637800042045,47.61883599985795],[-122.95892554717896,47.62243954111742],[-122.95544399963289,47.62412300027177],[-122.95450170462911,47.62698261799809],[-122.9544939997789,47.6270060000605],[-122.94165900035681,47.63165099973918],[-122.94173600304465,47.63232603514601],[-122.94213399983467,47.635814999967074],[-122.93642999961443,47.63789700004356],[-122.93524077480703,47.64323933940377],[-122.93500399955938,47.644303000040566],[-122.92763599963271,47.647345999999686],[-122.92740956040075,47.65084914746104],[-122.92739799998135,47.6510280002179],[-122.92674360065308,47.65089212862663],[-122.92178699964755,47.64986299999624],[-122.91836600034827,47.646224999881554],[-122.91333989848584,47.64599907189923],[-122.90410599979771,47.645583999990016],[-122.90374813164975,47.64635544166331],[-122.90260137649403,47.64882745443363],[-122.90172900006374,47.65070799971744],[-122.90167591412204,47.651181919253105],[-122.90146481542016,47.65306647401148],[-122.90137099986346,47.65390400020526],[-122.90553199985276,47.65887299977163],[-122.9024420000913,47.661273999878865],[-122.90286091774593,47.66240310300485],[-122.90362999959665,47.66447600010744],[-122.90885900033902,47.66495600000923],[-122.90624499988029,47.67103799988329],[-122.90394064331011,47.6721666014646],[-122.90101600003622,47.67359899981184],[-122.89722756822616,47.678999929675165],[-122.89697499969752,47.679360000094455],[-122.89072335593737,47.681700776450974],[-122.88522099965064,47.68376099992646],[-122.88081299978914,47.68624099990214],[-122.87819900022873,47.69008099994828],[-122.8872300000369,47.70191900021712],[-122.88960699977086,47.70591799985302],[-122.88713999962523,47.709891000026104],[-122.8843779999268,47.71343400007485],[-122.88366499989927,47.723029000120476],[-122.88271400022036,47.73118299973434],[-122.87938699973408,47.732142000296456],[-122.87827792531128,47.73132127492456],[-122.87701000000015,47.730382999880625],[-122.8736830004122,47.730223000247875],[-122.87358519723392,47.73045973398349],[-122.87279951451679,47.73236149649024],[-122.87249400018361,47.73310100011609],[-122.87230821959967,47.73603945507298],[-122.87201899980744,47.74061400029907],[-122.87130599977992,47.74349100001619],[-122.8675029999909,47.74444999982624],[-122.86156100011928,47.74476900025445],[-122.85704500030275,47.73613800002065],[-122.85300399996406,47.736298000209345],[-122.85113699986803,47.73854500022025],[-122.85252899958789,47.745728000077854],[-122.85086499988148,47.74972400026606],[-122.84848899997242,47.751801000251795],[-122.849818999768,47.76075100004532],[-122.85490600022017,47.76314600025661],[-122.86346199965222,47.768577999821986],[-122.86631499958722,47.77720400014908],[-122.8646509998808,47.78023800022307],[-122.86490799530716,47.78058354496814],[-122.86531262974881,47.78112759833554],[-122.866552000312,47.782794000057756],[-122.86678999996337,47.78870200025661],[-122.8684539996698,47.79109800013712],[-122.86797800036705,47.79892199995758],[-122.8646509998808,47.804669000062965],[-122.85806055651125,47.80438366486294],[-122.85728299995414,47.80435000004853],[-122.85276700013759,47.804189999717835],[-122.84729999974383,47.80099700013667],[-122.85062800005501,47.79684600025644],[-122.85181599956037,47.78502899973845],[-122.85514399987156,47.782314000040394],[-122.85348000016512,47.78007900013059],[-122.84682500026601,47.77912000011938],[-122.84180800013404,47.779034999984454],[-122.82764399984295,47.784845999759085],[-122.82186799965268,47.7890219998619],[-122.81502699998073,47.80749300014612],[-122.8156439997488,47.81089800007766],[-122.81925400009229,47.81105399985151],[-122.82353200025743,47.81711899996103],[-122.82376999990882,47.81951300003352],[-122.82519599996387,47.82174800021825],[-122.82068000014733,47.827651999907104],[-122.82068000014733,47.83802299980231],[-122.81663899980865,47.84041600027943],[-122.80974700008304,47.840575000253594],[-122.80645300010706,47.8323159998634],[-122.80285399963422,47.828769000000904],[-122.79762499979014,47.825896999946174],[-122.79738700013878,47.81632099973647],[-122.79667400011127,47.81057499986853],[-122.78906900035813,47.80626500005465],[-122.78811799978094,47.804189999717835],[-122.78978200038566,47.79093800003136],[-122.79524800005619,47.77736299997893],[-122.797261999567,47.77318299987616],[-122.79572400025725,47.77065399971139],[-122.79786300033985,47.765223000116464],[-122.79993600030016,47.76209600017284],[-122.80000200042242,47.75819299986649],[-122.80967299956487,47.74741200017972],[-122.81074499961761,47.74312299991111],[-122.80760800000046,47.73709699995599],[-122.8080830003766,47.732461000014894],[-122.81502699998073,47.725996000158645],[-122.81236099964343,47.71983099988908],[-122.81354999987205,47.71567299984869],[-122.81782800003722,47.71375399984668],[-122.82044199959763,47.7127949998015],[-122.8249580003125,47.71087600019472],[-122.82759600016236,47.70523199996528],[-122.82709700039509,47.69999899980031],[-122.82923700030258,47.695039999871156],[-122.83327699991804,47.69248099986732],[-122.82989900027648,47.68911500026761],[-122.81925400009229,47.68512099990209],[-122.81366000037522,47.682537999935036],[-122.80917100032286,47.68223100005681],[-122.80115300011785,47.685377000208035],[-122.7848849999043,47.6873339997148],[-122.77222500038438,47.691707999964436],[-122.7722630000192,47.69489200014297],[-122.77908600014783,47.70047900003451],[-122.78312699958822,47.70367799999193],[-122.78220699987145,47.70720100018272],[-122.78098800040394,47.71391399990231],[-122.78288899993684,47.71871199993864],[-122.78353500001722,47.722393000108646],[-122.77943199975422,47.72923100013355],[-122.77655299987993,47.734628999915124],[-122.77209099959177,47.73988299996184],[-122.76518100032281,47.74463399974187],[-122.75906299982582,47.74614499980798],[-122.75870299997571,47.7488079999534],[-122.75639999986159,47.75125599982733],[-122.7578850003662,47.757744000200525],[-122.75412799970961,47.763859000210594],[-122.75368699966866,47.76665899993608],[-122.7508880001603,47.767779000251586],[-122.75067800009802,47.76984300016531],[-122.75165399989127,47.77242500021589],[-122.7509230003204,47.77418199998961],[-122.74787899969134,47.77537200009253],[-122.74770399978917,47.77785599995203],[-122.74980299968877,47.78149500011152],[-122.74898900027723,47.78384599973987],[-122.74946499957998,47.78889099978826],[-122.74394399965787,47.79393500022008],[-122.74881500019995,47.80169699986588],[-122.74610126698177,47.805511587346814],[-122.74298499958303,47.80989200016651],[-122.73612200016977,47.8105580002464],[-122.7359474961376,47.81052745062404],[-122.73155799977434,47.80975900026704],[-122.72516200034129,47.81079099979947],[-122.71324900028578,47.81408700017455],[-122.71087199965348,47.817439000098254],[-122.70136499964427,47.82557800004512],[-122.69375900006624,47.82637499976191],[-122.6873419998185,47.831002999833544],[-122.68374200041906,47.8387730001502],[-122.6811620002955,47.843765999961306],[-122.68160199961325,47.85040499973021],[-122.6852029997359,47.85253899996304],[-122.68829199967249,47.85987500007774],[-122.69280800038733,47.864658999888015],[-122.69375999989116,47.868001999894794],[-122.68449700027938,47.867831000090604],[-122.67617100010283,47.86705099995975],[-122.66571300041467,47.86657200022722],[-122.65008299988556,47.86385999971149],[-122.63814200024095,47.86545600018847],[-122.63387900014439,47.868400999855275],[-122.63185700023767,47.874814999886],[-122.62863500023172,47.879486000095696],[-122.62511000027705,47.878743999849874],[-122.62269300036013,47.877094999931366],[-122.61960299970033,47.877572999839366],[-122.61774900002308,47.88302999984062],[-122.61034099991346,47.887342999708224],[-122.61887299995435,47.890242000268046],[-122.62863500023172,47.88953700024279],[-122.63742500001547,47.8899450000739],[-122.64438799988616,47.89355699987043],[-122.64777200027386,47.895973999896505],[-122.6474960000893,47.89913999992654],[-122.64899800031235,47.90060300013735],[-122.6526760004279,47.90224200030056],[-122.65508499994891,47.90505800029715],[-122.65335400029531,47.91008400020696],[-122.65399000032997,47.915890000039944],[-122.65106299987679,47.920984999814344],[-122.65333400020384,47.9230020002752],[-122.65599499961994,47.92443499987762],[-122.6577137507446,47.931123897036215],[-122.65772199997387,47.93115600015704],[-122.66024600002092,47.931904999907566],[-122.66238000008063,47.93069999999133],[-122.66583800008814,47.92662499984778],[-122.67035800010264,47.921997999881434],[-122.67289200019545,47.918835999887285],[-122.6773589996082,47.91629699990073],[-122.68258800035058,47.91502199984663],[-122.68805499984603,47.91518199987266],[-122.6892349998538,47.91773699982101],[-122.6941030000228,47.91820299981942],[-122.69852400030314,47.917337999926104],[-122.69880077303878,47.917880809649866],[-122.69921999971392,47.91870299987851],[-122.69688499981272,47.919401999699836],[-122.69489800006613,47.92096599976319],[-122.69012899963128,47.9226309998699],[-122.6858069999835,47.9215989997376],[-122.68203199978356,47.921399000051075],[-122.6806190001473,47.92658899993155],[-122.680441999697,47.9315509998699],[-122.68192399982853,47.93641500017094],[-122.68445000042371,47.93959299970188],[-122.68465324425675,47.94339828133325],[-122.6846880000751,47.94404900006523],[-122.67957800005671,47.95118999975955],[-122.67621499958543,47.95874300004714],[-122.67879999973185,47.96792999975781],[-122.683222999662,47.97222600014128],[-122.69668800016923,47.97378600003822],[-122.70068799960177,47.97338300025452],[-122.71808200029471,47.987738999984245],[-122.71874599991845,47.99810399976929],[-122.72802199994902,48.01430799974393],[-122.72770899995457,48.016864999938214],[-122.73096699994555,48.017828999919026],[-122.73096699994555,48.021307999950345],[-122.7245095278993,48.02484697809199],[-122.72194399963497,48.02625300015555],[-122.71367299970997,48.02528900028518],[-122.71317200029289,48.02344500022591],[-122.70897299977045,48.01975699988528],[-122.69989576547121,48.01630450365704],[-122.69736754064739,48.01534290165274],[-122.6966289997197,48.01506200001721],[-122.69042599973217,48.0088999999812],[-122.68660299985169,48.0088999999812],[-122.67056200031718,48.01761900007497],[-122.67250499968284,48.02030199987309],[-122.6690580004443,48.03165899973092],[-122.6774790001571,48.03623000002922],[-122.68265799977245,48.0428260002115],[-122.68460100003647,48.04917499973327],[-122.68349100034888,48.055686999831615],[-122.685309999866,48.058881000205794],[-122.68484700008375,48.06329099999612],[-122.68654299957724,48.067247000134216],[-122.68567999976189,48.073035999794904],[-122.69113700010989,48.08189400005975],[-122.6928059998392,48.087277999742625],[-122.69295599962702,48.09210900025769],[-122.69160400009012,48.0974720002188],[-122.6875600002767,48.10127200006257],[-122.69040300016596,48.10266200002402],[-122.69674800044369,48.10316700017493],[-122.7182410003034,48.09742399970135],[-122.72510741331475,48.09459256483469],[-122.72978410646424,48.092664082515256],[-122.73325699964087,48.09123199999595],[-122.73716699956,48.086274000009254],[-122.73886299995179,48.08102999999591],[-122.74834499984667,48.07209699987635],[-122.7473890001449,48.07079500029943],[-122.74118399960925,48.07095800018177],[-122.7392710003808,48.06915299981474],[-122.74000699997453,48.054116000298194],[-122.74228999999717,48.04932399981309],[-122.73701699977218,48.0434180000559],[-122.73426799959424,48.03495000026848],[-122.7348982306481,48.03452590797134],[-122.73986899988228,48.0311809999824],[-122.74853200034273,48.030138000247746],[-122.75385900009609,48.03598099971661],[-122.75657134092562,48.03708903159931],[-122.75923999758119,48.03817921730983],[-122.76506300032204,48.040557999981324],[-122.76664800038576,48.044290000087805],[-122.77049600038062,48.04789700008006],[-122.77055213430612,48.052828827917295],[-122.77055900012981,48.05343199978217],[-122.76671422329018,48.056449762173465],[-122.76530099997342,48.05755900014945],[-122.77421799997879,48.06032999995376],[-122.78441700009915,48.068673000220244],[-122.78794447581073,48.07779794312889],[-122.7880740002983,48.078132999732574],[-122.79242699990822,48.08121300024756],[-122.79887900031608,48.08452900011953],[-122.80139900016516,48.08756099982155],[-122.79846400021437,48.0924509999952],[-122.7960000004418,48.092496999916186],[-122.79385299996326,48.09439900016999],[-122.79417900037653,48.09673700009603],[-122.7920587589137,48.09813262658337],[-122.78120500013893,48.10527700022009],[-122.77387675605347,48.107527677437325],[-122.77186999965882,48.10814400018334],[-122.7542035174823,48.114978517847234],[-122.74891099956112,48.117025999829785],[-122.7565192826566,48.124255257340884],[-122.75740199959411,48.12509400026037],[-122.76071599966158,48.127804999707735],[-122.76245399988619,48.13117199989568],[-122.76178900043753,48.13637099980144],[-122.75904600010739,48.140056000177594],[-122.75399499964023,48.14322199973046],[-122.75450900037445,48.14434399971683],[-122.76267599964402,48.142754999961],[-122.78134049213492,48.1428365420883],[-122.78237082293487,48.142841043763354],[-122.78419199996824,48.14284899991854],[-122.7926059389229,48.141128353296665],[-122.81143900027686,48.137277000013185],[-122.81623718877192,48.13664317251206],[-122.82180012294982,48.135908324883964],[-122.83317300016098,48.13440600024461],[-122.83794599989545,48.13647900014591],[-122.84817599997797,48.12691599979834],[-122.8648130002625,48.116447999755835],[-122.8817309998561,48.108314999792064],[-122.8849350003187,48.10511399989501],[-122.88420100037477,48.102417000087925],[-122.88009399991385,48.0991069998204],[-122.87869999964583,48.09174099996107],[-122.88061500032076,48.08707100006859],[-122.890074999576,48.07817899985661],[-122.88919000001935,48.07707300009448],[-122.88535399972005,48.07759299995068],[-122.87444599977012,48.07484799995601],[-122.85772700036814,48.065774000253505],[-122.85679199968443,48.06104000009949],[-122.85242099963288,48.05846400000677],[-122.84988999991315,48.05431499998248],[-122.84563144468059,48.05309131505236],[-122.82915899958645,48.04835799998818],[-122.82687800011198,48.046137999887016],[-122.82707499975545,48.03606800021587],[-122.83016600024015,48.02192099988767],[-122.83236696251781,48.017635693256665],[-122.83390078286483,48.014649323776375],[-122.83403500015142,48.014388000029626],[-122.83347299973663,48.00957400018501],[-122.83744999960292,48.00689799981821],[-122.83945700033934,48.00176799982656],[-122.84916699983985,47.99638799987573],[-122.86980899957973,47.992939000248455],[-122.87668000028725,47.99361000000122],[-122.88158600009115,47.990579000284036],[-122.88458799998907,47.989746000285],[-122.88841800044058,47.99229600015334],[-122.88671399965286,47.99486300018666],[-122.86754900002167,48.00294300007376],[-122.86200999965787,48.00861299986072],[-122.8606510004483,48.01552899999129],[-122.8584289996267,48.01767500011702],[-122.86219799997886,48.02101600015466],[-122.86420200034222,48.02939799980846],[-122.86802400039781,48.0378009998032],[-122.87111499998421,48.03818599979581],[-122.8754659999443,48.04456199994792],[-122.87523599979055,48.04635199971326],[-122.88599969616988,48.04841928609297],[-122.89176199974696,48.04952600016397],[-122.90240500028135,48.053816000274004],[-122.91940800026377,48.05792700002757],[-122.92735299977551,48.06452900011815],[-122.92767282427117,48.06529788449071],[-122.94471999980598,48.06520800014581],[-122.94477800043062,48.06521399984441],[-122.94918000044433,48.065149999821394],[-122.94913900043646,48.053916000075944],[-122.94918899976686,48.05029199981302],[-122.94928000000347,48.04289800022324],[-122.94687899998006,48.026750000178225],[-122.94748599970237,48.01965999995709],[-122.94889900023695,48.012483999938034],[-122.94872699980951,47.998070999893415],[-122.94916600020065,47.99263500023811],[-122.94987099983226,47.98368899989574],[-122.94952100002789,47.9692959998527],[-122.95149500025403,47.954289999756746],[-122.95086599989209,47.95429599973905],[-122.95125300040469,47.925137999942386],[-122.95067900029434,47.91041899993869],[-122.94885700040415,47.895294000261444],[-122.94817899963842,47.88139099999575],[-122.94858600024253,47.875381000297835],[-122.94916700002554,47.86682200014923],[-122.96124499993753,47.866676000076076],[-122.97007599972915,47.86689699989071],[-123.0375610003024,47.86689800027218],[-123.15163399964428,47.86687799987004],[-123.15740499981167,47.866874999929585],[-123.29231399996051,47.866899999829904],[-123.46765700019262,47.866918000064],[-123.50591700003314,47.86689699989071],[-123.50591700003314,47.88107999995463],[-123.69666200029039,47.88107999995463],[-123.79868000018486,47.881496999827235],[-123.92599899975087,47.881371999866616],[-124.27028499968574,47.88161199971741],[-124.2727319997399,47.881556999749385],[-124.29013499975541,47.88118199999954],[-124.41650500019067,47.8819480000504],[-124.43845599980975,47.8831300001269],[-124.44904699956729,47.8828320000417],[-124.56578600014477,47.881471000241035],[-124.57921800014175,47.8806959999336],[-124.61076310131833,47.880607016719814]]],[[[-122.94347000037634,48.12291099974411],[-122.94261000003573,48.1210399999423],[-122.9352870003149,48.12130399998063],[-122.92643100040891,48.12459899984342],[-122.91814899971497,48.12688600010089],[-122.91075099965109,48.126100000225215],[-122.90960199960547,48.12655400016064],[-122.91057800029705,48.12776800019917],[-122.92077700041742,48.130117000296565],[-122.92777299990009,48.13277300008413],[-122.93061599978937,48.1324660002716],[-122.94347000037634,48.12291099974411]]],[[[-124.49115299975288,47.6740789998958],[-124.49245999998222,47.672078999755435],[-124.48901299984536,47.67167900008667],[-124.48378499982621,47.672078999755435],[-124.48093199989118,47.67455899979862],[-124.47986300021151,47.67711999991969],[-124.48065300023192,47.679802000107784],[-124.48509200005557,47.67752000022126],[-124.49115299975288,47.6740789998958]]],[[[-124.50930300013107,47.79884999991942],[-124.50928100038975,47.79831600004213],[-124.50889600042528,47.79796599969887],[-124.50819000007046,47.797884999817946],[-124.50816599978101,47.79768799995301],[-124.50805100015329,47.79746100022085],[-124.50725299973695,47.79760499982303],[-124.50680599984818,47.797476999995204],[-124.50598499986565,47.79706700014943],[-124.50436499964181,47.796941000044384],[-124.5043420000756,47.797366000176744],[-124.50478800013946,47.79760300000729],[-124.50556200026635,47.79802900005535],[-124.50638400007381,47.79861199985428],[-124.50715300017784,47.79917300003112],[-124.50769799997587,47.799290000069384],[-124.50873499986851,47.799109999855],[-124.50930300013107,47.79884999991942]]]]}},
    {"type":"Feature","id":"53033","properties":{"STATE":"53","COUNTY":"033","GEOID":"53033","NAME":"King County"},"geometry":{"type":"MultiPolygon","coordinates":[[[[-122.4369409999454,47.661718999717216],[-122.42984099980734,47.65891900020663],[-122.42136700039109,47.652948999830684],[-122.42009883882302,47.65132020158022],[-122.41783999988827,47.648419000201514],[-122.41827099988349,47.64444500029947],[-122.41678569934159,47.642528363998274],[-122.41464499964648,47.63976599980058],[-122.40423999966181,47.63391999982626],[-122.39539999964933,47.63059399981224],[-122.39183500041001,47.62995300003324],[-122.38963431211855,47.63062391353652],[-122.38603900012826,47.631719999720175],[-122.38399100028228,47.631874999933096],[-122.38373900038724,47.62631999999059],[-122.37793899990753,47.62652000022061],[-122.37017400032084,47.62518300027042],[-122.36450100006275,47.62034200019909],[-122.36157903376841,47.61857749872925],[-122.35420989926956,47.61412746739325],[-122.35309299962232,47.61345299994831],[-122.35132241301078,47.61251234834967],[-122.34636283229347,47.609877495508],[-122.34493700022335,47.609120000113535],[-122.3436416484483,47.60673014314028],[-122.34232527429893,47.604301501488365],[-122.34117003994521,47.602170153846],[-122.3395709965187,47.59921999999258],[-122.33951300038561,47.59911299984456],[-122.34293700005797,47.59122000010137],[-122.34433566797217,47.590801625027886],[-122.35594499973242,47.58732899979829],[-122.35855900019114,47.58620700001323],[-122.36212500015371,47.58380200006206],[-122.3685380002035,47.584881000216015],[-122.37016699974983,47.58308699981206],[-122.37542099970825,47.58518099991074],[-122.37612729381219,47.58581622301756],[-122.3761980891414,47.58587989401617],[-122.3811750001572,47.59035599982432],[-122.38125921541844,47.590889117718326],[-122.38173800039691,47.59391999982827],[-122.38713899977009,47.59571999999825],[-122.39136599988163,47.592328000255634],[-122.4018389996384,47.58391999992548],[-122.41193032229893,47.57978935499963],[-122.42113899988712,47.576019999854324],[-122.4152924585909,47.572346509713505],[-122.41057859495157,47.56938470123846],[-122.40983900030004,47.56891999988099],[-122.40978113352436,47.5675311975822],[-122.4097389998426,47.56651999971462],[-122.40513442164747,47.56077660797454],[-122.40236400024325,47.557320999962315],[-122.39833799997317,47.550119999833484],[-122.39943799961499,47.545820000268684],[-122.39789514401284,47.539930491538065],[-122.39672899962002,47.535478999894345],[-122.40110399986955,47.52990800018906],[-122.39480685374532,47.52543690345929],[-122.39393799960926,47.524820000262636],[-122.39520150520923,47.520154367486825],[-122.39520999967854,47.52012300012222],[-122.39880499995338,47.517437000253],[-122.3965379998243,47.51521999983451],[-122.39397399959427,47.509683000236656],[-122.38663699962976,47.50222000001514],[-122.38245539947437,47.500017475033516],[-122.37565199968694,47.49643400029092],[-122.36854200040146,47.492340999834184],[-122.3652359998316,47.48841999977582],[-122.364910049724,47.488134213790005],[-122.36228322761121,47.485831075700396],[-122.36164899995265,47.48527500025176],[-122.36133599995819,47.48142100009447],[-122.36154355660291,47.48110800233813],[-122.3639253596287,47.47751621970406],[-122.36414500041062,47.47718499977325],[-122.36878000005282,47.472745000151754],[-122.37020600010788,47.467764000287524],[-122.36803600006317,47.45922100010546],[-122.37027536981077,47.45744493017962],[-122.3723619999089,47.45578999994519],[-122.38313599996455,47.450521000003064],[-122.37438893336318,47.448945441293645],[-122.36703599998046,47.44762100005253],[-122.3625050000953,47.44545100017397],[-122.36230593342835,47.44516681459159],[-122.36046100044727,47.442533000067606],[-122.35630358473595,47.44205527948218],[-122.35513499962049,47.44192100009833],[-122.35428100002598,47.43642400009804],[-122.35119100026449,47.430797000192264],[-122.35119100026449,47.423077999709015],[-122.34803500038079,47.415920999960505],[-122.33523400039554,47.40842100014923],[-122.33463284870574,47.40693847536467],[-122.3333972088459,47.403891209310856],[-122.33217700024602,47.40088199980068],[-122.33106432627388,47.397869624252706],[-122.33051299964127,47.39637700009903],[-122.3273240001456,47.39563200025321],[-122.325734000059,47.39152100020625],[-122.3272339997339,47.38772099992438],[-122.32553111375545,47.37588593789488],[-122.3252339995685,47.3738210002348],[-122.32599699982474,47.37223800025019],[-122.32579909108618,47.3720890361806],[-122.32385799974216,47.370627999997026],[-122.32505600019158,47.36759999992331],[-122.32502676272401,47.36509860823],[-122.32483299971052,47.348520999959455],[-122.32742299987979,47.34567199998087],[-122.3285596750397,47.345163956198235],[-122.33043326787161,47.34432654198974],[-122.33337574719546,47.343011382723176],[-122.33454823728744,47.3424873310081],[-122.336934000087,47.341421000177],[-122.35545242022445,47.337702900751935],[-122.36416799997683,47.33595300006201],[-122.37432400043947,47.33307399979755],[-122.37650237188433,47.32880049616247],[-122.37709799983347,47.32763199978836],[-122.37967071282344,47.326641357767166],[-122.38109999981413,47.3260909998262],[-122.38407900014583,47.32560199992063],[-122.38600399996818,47.327355000037734],[-122.39102199992506,47.328340000238484],[-122.39618299999707,47.32687699988966],[-122.40284799994191,47.322540999747986],[-122.40343378864375,47.32246581613279],[-122.41465200021752,47.32102599996678],[-122.4176373417568,47.32038577995162],[-122.40668400024123,47.312695000015204],[-122.3998319998003,47.3080009997068],[-122.39506800028661,47.30476199991042],[-122.3912910004369,47.30239499983738],[-122.39128499969078,47.302019999767765],[-122.38956699955769,47.30059700008425],[-122.38529900033659,47.297750999738916],[-122.38466499995175,47.29750799980933],[-122.38178400042764,47.295501999782545],[-122.3815480004261,47.295341999948775],[-122.37680199955747,47.29215799970221],[-122.37636100041483,47.29179900024704],[-122.36858000003629,47.28644399983444],[-122.36735300017286,47.2855939997904],[-122.36326300032869,47.28275900028779],[-122.35835599980156,47.279416999710996],[-122.35793900005004,47.27902300002492],[-122.3556839996165,47.27746599991972],[-122.34735900016317,47.27164399982717],[-122.33699199981329,47.264581999838065],[-122.33587399972983,47.26381999994717],[-122.33483000016449,47.26310999997638],[-122.33491999967787,47.25759400011369],[-122.33132199992825,47.25736500018647],[-122.32979299994106,47.257364000291126],[-122.3256210000811,47.25735500001267],[-122.31832599994938,47.25732300029734],[-122.31648099959467,47.2573039998285],[-122.3091250002619,47.25732300029734],[-122.29485300001578,47.25724599970278],[-122.29459600009781,47.25724599970278],[-122.2937359997572,47.25725099980023],[-122.29115200033401,47.25720199992248],[-122.28212099962751,47.25730600023113],[-122.27220600008758,47.25733600016498],[-122.27149899990783,47.25736000009979],[-122.26215199973215,47.25737399985351],[-122.25039500021059,47.25740899983136],[-122.24501300020565,47.25743400023681],[-122.24018100002161,47.257472999748366],[-122.23876099981435,47.25748200000676],[-122.22979199993043,47.257559000258134],[-122.22949499982951,47.25755599997334],[-122.22949400000459,47.25753800008984],[-122.22389899956434,47.2575030001973],[-122.2230380002971,47.25749399994248],[-122.21609200014485,47.2574740002514],[-122.20965499980562,47.257476000037904],[-122.20834699975134,47.2574740002514],[-122.18682499957933,47.25747099996175],[-122.17453099975732,47.25753800008984],[-122.16575900041524,47.25754699972748],[-122.14439200005391,47.25752000020026],[-122.14419100021247,47.25752500027184],[-122.14397600012731,47.257526000164134],[-122.13683400015647,47.254503999768964],[-122.13833399983136,47.25064500027369],[-122.13758499981881,47.246820999752686],[-122.135499000338,47.24659800017614],[-122.13426400007864,47.24398700023131],[-122.13126399983054,47.243146000248686],[-122.13062500032117,47.24281499987541],[-122.12895999989152,47.241585999807164],[-122.12770299989086,47.241014999805515],[-122.12609400043603,47.24054699982082],[-122.12550899955669,47.240489000248914],[-122.12377500042838,47.23991000004311],[-122.12296799979119,47.239133999742776],[-122.12244399990958,47.237953999716346],[-122.12296500031648,47.236207000189566],[-122.12384900004822,47.23514300030223],[-122.12429400028715,47.23481500029848],[-122.12587299960477,47.23402599969701],[-122.12596300001644,47.23328499989916],[-122.12573000038795,47.232662999979944],[-122.1254590002263,47.232316000201635],[-122.12479899990223,47.23208200012669],[-122.12295299972259,47.23204300021706],[-122.12054900022446,47.23083299997772],[-122.11591100020915,47.23129700003413],[-122.11603000003487,47.23099600026847],[-122.11616099955612,47.23078199987363],[-122.11608500028645,47.23019599992811],[-122.11588500026991,47.22970799973838],[-122.11541099971866,47.22934999973709],[-122.11486400027079,47.22897000003113],[-122.11500700038596,47.22872300025586],[-122.11527099997657,47.22830000015787],[-122.1175680002429,47.22659000013987],[-122.11675099956,47.225119999985544],[-122.11318399977253,47.22376200021141],[-122.11317600027492,47.223357000092925],[-122.11395200005167,47.2224540001043],[-122.11565099991819,47.22083700020081],[-122.11541499991661,47.22002799975811],[-122.11388400027958,47.218653999860535],[-122.11588899956955,47.2162460000274],[-122.1125400002403,47.213715000205994],[-122.11137100010319,47.21296300005941],[-122.11030300024841,47.209942999908314],[-122.1078109999884,47.208415999836284],[-122.10162600044256,47.201099000049595],[-122.10047599967373,47.19996199976889],[-122.09731899996508,47.19972499980118],[-122.09483099990307,47.1981990001756],[-122.09393499957741,47.196727000022875],[-122.0950240002469,47.1951780000733],[-122.09376800007117,47.19463700004998],[-122.08781299978077,47.1940630000562],[-122.083486999935,47.19250699996746],[-122.08187500010712,47.19054600022153],[-122.07818299974788,47.189151999739046],[-122.07015799987019,47.18764399990094],[-122.06865599964715,47.18785699983085],[-122.06588300007809,47.18713200000068],[-122.0633849999703,47.18587900004131],[-122.06154600036169,47.18322099994909],[-122.0584289999377,47.17991200028503],[-122.05560799978973,47.17910499990475],[-122.05368299996738,47.17571999977063],[-122.04807300035681,47.17139600003925],[-122.04548300018752,47.17117599974563],[-122.04301699986678,47.171972000244445],[-122.04237300033455,47.17244199979947],[-122.03743900004326,47.172686999821785],[-122.03438899956642,47.1742319999835],[-122.03236099981193,47.174931999886596],[-122.02888299971293,47.174918999952425],[-122.02732000028885,47.17438599991117],[-122.02324999963781,47.17404800016639],[-122.0171019999019,47.174699000207994],[-122.01188499975338,47.17597299978521],[-122.00975800026467,47.1754029997237],[-122.00669500026734,47.17287699985853],[-122.00677399991008,47.17096399975521],[-122.00400700018878,47.17013800020707],[-122.00059699986184,47.17019599980215],[-121.99745100002386,47.17219200029414],[-121.99464199957144,47.17269199995999],[-121.9946109996093,47.17267500022087],[-121.993931999917,47.17257000023878],[-121.99380399987045,47.168291999761344],[-121.99144600040307,47.163236999729165],[-121.99051800029041,47.16289599973212],[-121.98851800012497,47.16297699998873],[-121.98395100025482,47.16465999977353],[-121.98313899959476,47.16473099984178],[-121.98224200034254,47.16472000008689],[-121.98103300002248,47.164633999759204],[-121.98025200022286,47.164461999907644],[-121.9790789998878,47.16388399983467],[-121.9731710003514,47.16070899987068],[-121.9700029998738,47.15648500009311],[-121.9646660000747,47.15598799989103],[-121.96320499985951,47.15648500009311],[-121.95867399997437,47.15723699992107],[-121.95210799976371,47.154514000164475],[-121.94993699989408,47.150952999755035],[-121.95063700040113,47.14559000019229],[-121.94776100000158,47.14279400019597],[-121.94354399993577,47.13996800004427],[-121.94203099984207,47.14003200001452],[-121.9393579998321,47.1390969997125],[-121.93488100037364,47.13821900005292],[-121.93365000031223,47.13830800006352],[-121.93136700028961,47.14010199972195],[-121.93091299982984,47.142702000296694],[-121.9278580002285,47.14481600009745],[-121.92819499961404,47.14735799982708],[-121.92459299966649,47.14899899990905],[-121.92088799978674,47.149955999702485],[-121.91785400010178,47.15030499971419],[-121.91419400042788,47.15006299996366],[-121.90942199962,47.15054399996155],[-121.90810699989302,47.15107300011743],[-121.90681499973228,47.15225300014373],[-121.90165700003331,47.15561699971279],[-121.89773000039574,47.15488600009848],[-121.8929119995571,47.15485600020035],[-121.88893600041402,47.15418699990446],[-121.88618700023608,47.15294699995508],[-121.88259299978611,47.15297699970914],[-121.87899400021159,47.15392699985901],[-121.87803199976372,47.153785000072425],[-121.87597600042015,47.151701000058615],[-121.8741350002634,47.150735999933936],[-121.8712000003126,47.1508519998866],[-121.8665470002287,47.15263299972117],[-121.8630759998024,47.151930000229825],[-121.86084899985626,47.15065100026081],[-121.86109599972846,47.14745400015597],[-121.85916800043138,47.146470000021026],[-121.85622099988672,47.147419000266176],[-121.85423099976707,47.1475289999295],[-121.84895099986937,47.1471080001807],[-121.8461249996985,47.14438999988804],[-121.84133199987252,47.14315899999407],[-121.83945700027891,47.14339699977817],[-121.83615300025717,47.14524499987019],[-121.83422900025974,47.14733599984183],[-121.83200899998631,47.14824100007646],[-121.83195299990982,47.15136400019174],[-121.83007999996602,47.15234900018414],[-121.82706899984724,47.152678000222636],[-121.82263400022156,47.15572400018313],[-121.81929699968956,47.15880200022548],[-121.81442199984782,47.15904200004997],[-121.81270299988981,47.16007199978862],[-121.81039899995076,47.16386699971936],[-121.80899399981209,47.16479700015562],[-121.80635199976429,47.1652839999643],[-121.80332800012505,47.16924799988925],[-121.7994259997035,47.16982699993988],[-121.79580399966444,47.1732260001669],[-121.79197400011127,47.17261900021554],[-121.78938099956892,47.172992000064745],[-121.78485200023191,47.172285999782076],[-121.78269700025578,47.17228500011323],[-121.77812700001257,47.173404000060415],[-121.77690699982185,47.172824999922426],[-121.77792899964585,47.17099900001646],[-121.77560899981331,47.16793300005863],[-121.77334699970709,47.166492000080694],[-121.76978400011757,47.16544299978659],[-121.76437199997541,47.16750200006998],[-121.76169399994257,47.16733600013766],[-121.75698499978219,47.16489900020173],[-121.7486560001309,47.16202599991156],[-121.74590600012802,47.163062000102634],[-121.74456799993649,47.16464200009384],[-121.74308599980493,47.16453799992491],[-121.73859400027784,47.16067199977279],[-121.73494200010155,47.159386000086464],[-121.72917500013216,47.15804999994527],[-121.7271559997002,47.15696599999928],[-121.72588000033126,47.15529100012014],[-121.72265499995227,47.15279500024862],[-121.71913599984535,47.1511159999726],[-121.71718699973357,47.151484000237076],[-121.7050710001868,47.151997000002616],[-121.70272899971462,47.15132300005307],[-121.69710499986034,47.15145799988367],[-121.69269000032614,47.15070399998672],[-121.68824800012943,47.149560999699155],[-121.68454800027258,47.149766000152354],[-121.68351399985467,47.14999299993137],[-121.68079300016413,47.15257000029902],[-121.67499199985956,47.15493199990939],[-121.66865300032791,47.1558700001976],[-121.66451599972973,47.15956399994121],[-121.66219800044533,47.16004400017357],[-121.658358999773,47.158510000025785],[-121.65584800014473,47.15860900014776],[-121.65370700041234,47.157153000214834],[-121.64871200002166,47.15497600030214],[-121.64382399976115,47.15559400010877],[-121.63948700004472,47.15447400001651],[-121.63755300000156,47.153308000188176],[-121.63099299963869,47.15351300023916],[-121.62897099973196,47.153122999940166],[-121.62830899975808,47.15199900010395],[-121.62684400024325,47.1522950002209],[-121.62435799983105,47.151271999851325],[-121.62318399967107,47.14987699993665],[-121.62079400041662,47.14939899969959],[-121.62104600031172,47.14781200004449],[-121.61745400040988,47.14668300016072],[-121.61760900022058,47.144679999704536],[-121.61520599964904,47.14354400026269],[-121.61146899998226,47.14299099993626],[-121.61113800044447,47.14114200005635],[-121.60976500009285,47.139650000214445],[-121.60964999956681,47.13838200021294],[-121.606065000236,47.13715500001423],[-121.60605600001519,47.13536000016634],[-121.60089400011826,47.13146399997629],[-121.60064499969792,47.12994100016022],[-121.59867700021788,47.128628000223294],[-121.59722000020069,47.1259080002039],[-121.59544500016615,47.12545200008403],[-121.594460999977,47.122227999844455],[-121.59329299966478,47.12165800014782],[-121.5904079999427,47.12124699987491],[-121.58911400013213,47.12023100009337],[-121.58196399976538,47.1186579999252],[-121.57933900033429,47.11955700022131],[-121.57718299963494,47.11942300011987],[-121.57604100016036,47.12016900020775],[-121.57314100036965,47.120226999945146],[-121.57080800011832,47.119281999908786],[-121.56697099999413,47.11961500001461],[-121.56591099963694,47.11923699986682],[-121.56292600035577,47.12004999981087],[-121.55989699979531,47.11962399983986],[-121.55454300027779,47.12234100027611],[-121.55123199968506,47.122924999800986],[-121.54328200015043,47.12315699980067],[-121.54074399985969,47.122337000286564],[-121.53803900006264,47.122928999746314],[-121.53537000025067,47.12264299984067],[-121.53151100038514,47.124578999834455],[-121.5277830000409,47.124004999791325],[-121.52482399980066,47.12407299988559],[-121.51717200019186,47.12241900001209],[-121.51593000025983,47.121557000245645],[-121.51251499991002,47.12299500002337],[-121.50902799959019,47.12225099982736],[-121.50653200003056,47.12013800023785],[-121.50669000021428,47.11869399986457],[-121.50506499996762,47.117943000091245],[-121.50373699982183,47.11864599973623],[-121.49964899962745,47.11827999970276],[-121.49766899955354,47.11658299982022],[-121.49321399983636,47.11589699999949],[-121.49056299956769,47.116775000182145],[-121.48772300005147,47.11479999994794],[-121.4863380000043,47.11240399973531],[-121.48333399955821,47.11090499975659],[-121.48114000012237,47.11085500012354],[-121.47994300039618,47.10847800022761],[-121.47818699972994,47.10815599997326],[-121.47599400011896,47.10524500004683],[-121.47577099963789,47.1033270000045],[-121.47364699962392,47.10202699997372],[-121.47134799970779,47.09945799987875],[-121.46819799967182,47.098488000248125],[-121.46607200000805,47.09611800007543],[-121.46058899972076,47.09316700013945],[-121.45855299957033,47.09266800015109],[-121.45473600043594,47.08935300027894],[-121.44986499989382,47.0884130001558],[-121.44707899990598,47.08603800020169],[-121.44175600035055,47.08440199985097],[-121.43834299965059,47.085500000122956],[-121.43494200044279,47.085697999899274],[-121.4282349997668,47.08734600011455],[-121.42398099989107,47.08731499998648],[-121.42190600028091,47.08806500009556],[-121.41738799991622,47.08839100025095],[-121.41646900002436,47.089600999872495],[-121.41197099975119,47.09069900001201],[-121.40684200036455,47.088627999831836],[-121.40279400035313,47.08836999974947],[-121.40015200030533,47.089063000305714],[-121.39226799999464,47.08887599974295],[-121.38663699956935,47.08726600026018],[-121.38230900007376,47.088247999730484],[-121.37996099975383,47.087248000062296],[-121.37968200009458,47.08749500024175],[-121.37676899988507,47.088700999962576],[-121.37689299973366,47.089875000043804],[-121.37970300001095,47.090367999983165],[-121.38201399962269,47.092746999900655],[-121.38341000043881,47.095075000286215],[-121.38689799968526,47.0943439999777],[-121.39104500032916,47.09212000022624],[-121.39376900039275,47.09243200014709],[-121.39567199957547,47.09485299979862],[-121.39855999967058,47.09592200027012],[-121.40252599966624,47.0980129998812],[-121.40302000030896,47.09899899985606],[-121.39976099959475,47.10171599978583],[-121.39904000006962,47.10396699997635],[-121.39954100038504,47.105148000232866],[-121.40280799969855,47.10643799996414],[-121.40432300034037,47.10863899993],[-121.40472800039632,47.11053199996828],[-121.40610300039776,47.1120290002885],[-121.40717799992521,47.117003999809796],[-121.40808099992354,47.11810000019574],[-121.40544300007366,47.12127799980987],[-121.4026989999186,47.12177099995641],[-121.39971700011213,47.124539999730544],[-121.39969199999777,47.12595599989261],[-121.39815799998769,47.12714900007745],[-121.39487200040763,47.12867199977786],[-121.39396799968605,47.13276200010706],[-121.38858099965825,47.13353799987631],[-121.38439200007986,47.13545999977709],[-121.38131700038699,47.137254999915875],[-121.37823799959786,47.13721100012897],[-121.37348800032788,47.13810599974245],[-121.3673859997244,47.139973000207036],[-121.36467699972943,47.14175899978777],[-121.36250699968468,47.14150099993135],[-121.35779500004958,47.140013999935206],[-121.3538979996509,47.14054000021562],[-121.34961100016322,47.137547000189954],[-121.34801500022887,47.13803599985147],[-121.34475600041297,47.13723799983588],[-121.34328699980189,47.13596900001437],[-121.33990300031255,47.13569700005911],[-121.33792800026147,47.135012000177234],[-121.33490600027207,47.132700999960946],[-121.33238899989773,47.13329999995862],[-121.32739000020742,47.13338199989645],[-121.3252700003914,47.13376199994022],[-121.32057700012453,47.13529499970738],[-121.31553400005329,47.1338439997768],[-121.31153700009553,47.136032000169536],[-121.30828900015028,47.136691999839655],[-121.30335499985901,47.138941999838146],[-121.30220099979053,47.141348000235105],[-121.30144500010529,47.14480199993828],[-121.29991500029315,47.14703600024532],[-121.29781899986826,47.14885099973675],[-121.2991369999683,47.14960599974718],[-121.29920300009051,47.151411000058516],[-121.30118900001224,47.15400300028578],[-121.30186100003189,47.15614600007455],[-121.30450300007972,47.15945900030493],[-121.30601299980036,47.16199999982968],[-121.31027300042217,47.163159000001734],[-121.3119010001436,47.16403700001691],[-121.31337800025226,47.165751999877735],[-121.31431100038783,47.16806099976143],[-121.31776900039534,47.17297600007752],[-121.31781000040324,47.17414099978856],[-121.31491700028525,47.177325999924776],[-121.312575999638,47.17871399984456],[-121.31011699988827,47.18242500016399],[-121.30995500040486,47.185255000047626],[-121.3081769999973,47.18589199973427],[-121.3062970003808,47.18771099981339],[-121.3061569997404,47.190994999902465],[-121.30646600043521,47.19275800016952],[-121.30830000002095,47.195996000278434],[-121.31162199958602,47.19945100005654],[-121.3091419999199,47.20277899984612],[-121.30969900031181,47.204440000248766],[-121.31139300015546,47.20528600005759],[-121.31125900026116,47.207697999870426],[-121.31298700044002,47.20808599999654],[-121.31760000034095,47.21213100015637],[-121.32107599989182,47.21294599979085],[-121.32498800035908,47.2159389998123],[-121.3352259999392,47.21917900016544],[-121.33788600042868,47.218162000082565],[-121.34624100001926,47.21868599975245],[-121.35085399992018,47.220526999779544],[-121.35340200025668,47.220486999927765],[-121.35576999976983,47.22212499970966],[-121.35992800028437,47.22295000006095],[-121.36513799986186,47.224562999956994],[-121.36564599984999,47.2268540001797],[-121.36371199980682,47.229098000197865],[-121.36015300041528,47.23221000009758],[-121.35836800033502,47.234418999753395],[-121.35838300040362,47.23704200008249],[-121.35923500034835,47.23907299973168],[-121.3607469997188,47.240526000224975],[-121.35947800002258,47.241107999794906],[-121.35188599978994,47.24263799996955],[-121.35013000002199,47.24452000017527],[-121.34541800038686,47.24672300016379],[-121.33976699987011,47.24719899995328],[-121.33821500031665,47.25001400016467],[-121.3377669997047,47.25252000024616],[-121.33660099994064,47.25367899974559],[-121.33416499975712,47.25412200004851],[-121.33195899972738,47.25748500029578],[-121.33208799959881,47.258869000069346],[-121.33585000027827,47.260562000147495],[-121.33534099956694,47.26319800004499],[-121.33710200025605,47.264972999893594],[-121.33792499988844,47.26773699969881],[-121.33872800032763,47.26826000025508],[-121.33816799956267,47.2701219996984],[-121.33920799982836,47.273560000095664],[-121.33837099995228,47.27603299983858],[-121.34104999981002,47.277695000051736],[-121.3412029999709,47.28126099995894],[-121.34370399955343,47.28264699979391],[-121.3495430003912,47.28308100008227],[-121.35132799957312,47.28459799988525],[-121.35400099958306,47.28383399991088],[-121.35915900018034,47.28532200013341],[-121.36050300021965,47.286286999891956],[-121.36040100011238,47.29092899988865],[-121.36158600014303,47.291904999920476],[-121.36708500032384,47.290870000174664],[-121.37075400021853,47.28825700012669],[-121.36934800025497,47.28655500025779],[-121.37071599968539,47.28518600008515],[-121.37320499957234,47.284996000032656],[-121.37870299992827,47.28632500012647],[-121.38276600000825,47.2858350003005],[-121.38483599959555,47.28513299994031],[-121.3872950002436,47.286035000019126],[-121.39075300025111,47.286073999787796],[-121.39268200027142,47.28724899989656],[-121.39385200023345,47.28869700017692],[-121.39783699959732,47.288885999822504],[-121.40353199959674,47.28849100005517],[-121.40744099969093,47.28963000022176],[-121.40917700026573,47.289157000137955],[-121.41170899981039,47.289948999958746],[-121.41496500015151,47.293195999924365],[-121.41711299955662,47.293294000018605],[-121.41920399995864,47.29043700030109],[-121.41921200035456,47.28695299969619],[-121.42009699991121,47.286712000014234],[-121.42214200028246,47.28792600019691],[-121.42557799965037,47.288345999739725],[-121.42749199960205,47.289075000011415],[-121.43022200041173,47.292035000046184],[-121.43224900034133,47.29296299992857],[-121.43283699979708,47.294169999931064],[-121.4306729996001,47.2963039997573],[-121.43194499966938,47.29844299983567],[-121.43299199960775,47.305135000209184],[-121.43488899984102,47.30563700029762],[-121.43585700013666,47.306803999866],[-121.44072500030573,47.306928000065916],[-121.44436200041336,47.30824699998611],[-121.44533099963564,47.309816000068906],[-121.44497900018143,47.31087600004932],[-121.44187500017627,47.314080000126765],[-121.44087400026861,47.31600500012838],[-121.43843700026022,47.31773600020022],[-121.43949900026719,47.31973000020717],[-121.43995799985152,47.32197199999143],[-121.43893400037769,47.324183999850696],[-121.43730599975795,47.32562599995065],[-121.43725300005451,47.326790000191025],[-121.43594199962718,47.32869699985393],[-121.43170299982008,47.329734999932604],[-121.43037200019955,47.334085000270065],[-121.43299699963065,47.33791099991138],[-121.43679299974697,47.34095899994718],[-121.43795600003627,47.34234000010375],[-121.43869500000308,47.34376699988859],[-121.44465500031633,47.34376099996473],[-121.44863100035771,47.34632199974638],[-121.44982800008393,47.34795800015642],[-121.4519460002501,47.348007999989484],[-121.45623699993575,47.349696999867554],[-121.46062300005595,47.35288599976595],[-121.4629000002308,47.3530580002419],[-121.46423400022434,47.35441599990316],[-121.46280599962115,47.35749399972363],[-121.46145900010711,47.35910099986231],[-121.46147800037369,47.36170800016576],[-121.4629150002994,47.36234599970861],[-121.46589100025807,47.366595999996555],[-121.4659509996342,47.367976999879474],[-121.46395100036712,47.37057800030189],[-121.46240800013621,47.37070600001082],[-121.46076600017106,47.37264299985276],[-121.4592689999709,47.37307100021944],[-121.45400999998962,47.37183899974538],[-121.45240599965932,47.371864999774154],[-121.448649999726,47.37318700011287],[-121.44495099969402,47.373783000240685],[-121.44226799963835,47.37325700010337],[-121.44112500033879,47.37193500030271],[-121.4377879998068,47.37196700004406],[-121.44012100005814,47.37489800007945],[-121.44024999992956,47.37787600020561],[-121.44140599964788,47.380315999812225],[-121.44120399998152,47.38440700008295],[-121.44045800034203,47.38582799973721],[-121.43542000029369,47.386714000236196],[-121.42976499957894,47.387123000065685],[-121.42621200003518,47.389591999765315],[-121.42650400011323,47.392387000119065],[-121.4273180004231,47.39296399993666],[-121.42747499988361,47.395854999816265],[-121.43040399998661,47.39785100020138],[-121.43357699958877,47.39901800004495],[-121.4323110002656,47.40130299987757],[-121.42990900041728,47.403352999768224],[-121.42756399957206,47.40254299986199],[-121.42533099977817,47.40443100022672],[-121.42309999963405,47.40557299995691],[-121.4220950004268,47.40877899990172],[-121.42281699977684,47.411016999928435],[-121.42230200011602,47.41270800012711],[-121.42445500044234,47.41586699970324],[-121.42844300017926,47.41636399984547],[-121.42744800011943,47.420617000300375],[-121.42360500014743,47.42218000015018],[-121.4203200003923,47.42229399992646],[-121.41110100026314,47.42338200026646],[-121.41087799978206,47.42453900018756],[-121.40827500009229,47.42809299984923],[-121.40308700025612,47.431245999791514],[-121.40049999956156,47.43217700014652],[-121.39662399997759,47.43195399999172],[-121.39315099990148,47.43361199971073],[-121.38963400034272,47.43417100019967],[-121.38747699981849,47.43362300017875],[-121.38510799958212,47.434489999727376],[-121.3815159996803,47.4386529998764],[-121.38473299966338,47.44285500003432],[-121.38528699968226,47.44491299970521],[-121.38420200010906,47.446222999869974],[-121.38179799971259,47.447772000202804],[-121.3789809997626,47.450718999722675],[-121.37857499988172,47.45225600000457],[-121.37911999967977,47.454411000142336],[-121.3748919997433,47.45641000014763],[-121.37066999965465,47.46041599995811],[-121.36470000019395,47.463514999842],[-121.36401099955756,47.4647250001976],[-121.35888200017092,47.465428000053194],[-121.35152299956678,47.46450899991569],[-121.34799199976432,47.465323999889655],[-121.34667500038753,47.46750199977387],[-121.3434559998563,47.47037399983227],[-121.34150000007182,47.47472400007539],[-121.33870599968803,47.47637699975947],[-121.33680699980495,47.47524900007266],[-121.33552300004011,47.47543599996137],[-121.33463900030837,47.474454999981674],[-121.33199100041276,47.47368899972402],[-121.32905700028688,47.475972000244006],[-121.32536099972967,47.47796500029027],[-121.32461199971713,47.479396999893495],[-121.31968400017196,47.47884699996033],[-121.3163640002567,47.47974600017135],[-121.31502199986723,47.47800699971405],[-121.31407500038628,47.477943000289606],[-121.31153999957026,47.47959500015994],[-121.31109900042762,47.48297900001445],[-121.3084869996187,47.483334000001825],[-121.30665800005582,47.48500399986157],[-121.30313499975097,47.48602299999177],[-121.30255700034097,47.48834699988955],[-121.30112700008794,47.491602000075396],[-121.30155800008319,47.49256600012439],[-121.30036499965664,47.49581399996301],[-121.29657100008846,47.49985399970484],[-121.29253899997059,47.50183400001325],[-121.29220400023482,47.503311999719564],[-121.29063800043768,47.504853999778774],[-121.28991899966405,47.507710999952394],[-121.28858200019577,47.50872100010441],[-121.28910199987946,47.51106499995631],[-121.29130600025937,47.51173099990595],[-121.2919499997916,47.51355100024864],[-121.28741600043172,47.51313699995456],[-121.28535699981677,47.51360299995503],[-121.28331700036668,47.51511500006283],[-121.28528400002182,47.51608599998163],[-121.28553400026708,47.51703400029001],[-121.28369300011033,47.5187569997842],[-121.28105100006249,47.520174000214006],[-121.27891399962975,47.52297600011851],[-121.27250599960281,47.5228910000291],[-121.27016400002896,47.52351199997915],[-121.26336299964167,47.52342399979833],[-121.26178699979876,47.52384499997515],[-121.26060699979102,47.52505199987187],[-121.26065700001973,47.52663599992642],[-121.25706699976772,47.52909700027131],[-121.25719499981425,47.53154100000662],[-121.25479499961575,47.53389700028073],[-121.25160000027229,47.53204500017789],[-121.24553000035415,47.53572099991239],[-121.2428709996896,47.535875000114245],[-121.2429290003142,47.53835500001251],[-121.24153000002335,47.53906400019341],[-121.24303800009416,47.54038500011509],[-121.24333799966982,47.543041000012515],[-121.24065100031446,47.54392200009663],[-121.235393999983,47.54464899987433],[-121.23432899960295,47.546655999832694],[-121.23556499968723,47.54811800018256],[-121.23336200003054,47.55056700006917],[-121.23418999968578,47.55205799997325],[-121.23394299981358,47.55634800009424],[-121.23250000004008,47.55714100023477],[-121.23212000009849,47.55870300026675],[-121.23305999990673,47.56044200026279],[-121.2319100000362,47.56245000000202],[-121.23010400003956,47.5631419999729],[-121.22889999974234,47.56560299992208],[-121.22462199957718,47.567231999860226],[-121.22133900037015,47.567815000255216],[-121.21703899956537,47.569751999894414],[-121.2146540003338,47.56883100007833],[-121.21294700007134,47.56882100008421],[-121.20995199984611,47.56719299995468],[-121.2086289997232,47.56597400006441],[-121.20417800020401,47.566325000276386],[-121.19836100000587,47.56644300013196],[-121.19460300042269,47.56614899980271],[-121.18830599982554,47.56873100005146],[-121.1860639998108,47.56723099976976],[-121.1842240003773,47.56674599970941],[-121.18220400012038,47.56518400004738],[-121.18014200003068,47.56492400026707],[-121.17657699989304,47.56693199974604],[-121.17694400031415,47.56974200007619],[-121.17510099960928,47.57237099983438],[-121.17239499998735,47.57369400024564],[-121.17083900023594,47.5759860000492],[-121.16990399955225,47.57919700012037],[-121.17215800016089,47.5807110001413],[-121.17298499999123,47.58338400014152],[-121.17177700039439,47.5840880000937],[-121.17075499967204,47.586005999748835],[-121.17225000022239,47.5900540001877],[-121.16848500006823,47.59053200012881],[-121.16713199980809,47.591627999969205],[-121.16391900002294,47.5926050002637],[-121.16058099966604,47.59274699984373],[-121.15573500013662,47.59380099990441],[-121.15473199968085,47.59506799969933],[-121.15101299955745,47.59538699975495],[-121.14833299987478,47.593652000025486],[-121.14552500014558,47.593251999964046],[-121.14396199982318,47.592236000201964],[-121.14163100011997,47.59212199997696],[-121.1410760002762,47.593961999772404],[-121.13897700037657,47.59543900009814],[-121.13720499981682,47.595724000001034],[-121.13430800039917,47.59540800005121],[-121.12969999962282,47.59331400017078],[-121.12614000040635,47.59243299991509],[-121.12333799962664,47.59215000009774],[-121.12012700038964,47.591317999724325],[-121.11926500039918,47.59187199987889],[-121.11853399993001,47.59567000024063],[-121.11688199991914,47.59730599983998],[-121.11581999991218,47.597873999946884],[-121.11356899967656,47.5972880000664],[-121.11110200042926,47.59978100000084],[-121.11138100008851,47.60162100003223],[-121.11319600030598,47.60347700022495],[-121.11563999998711,47.60419699989753],[-121.12010399992509,47.61158999989843],[-121.11993099967273,47.615745999715635],[-121.113737999731,47.617999999848976],[-121.11312299961274,47.61878199973246],[-121.11370400029409,47.62155499998047],[-121.11601999992868,47.62413100017176],[-121.11750700008314,47.62483400030139],[-121.11876200043395,47.626970999916544],[-121.12013599971215,47.62738199993802],[-121.12460700022118,47.627333999872384],[-121.12677300006794,47.631425999721024],[-121.12783699972474,47.63242500020086],[-121.1267999998321,47.634056999734305],[-121.12659300014288,47.63843899975063],[-121.12868600019472,47.6398340000475],[-121.13132400004457,47.644471999823374],[-121.13369699958058,47.64560500010446],[-121.13252300031891,47.64823499994829],[-121.13273000000814,47.64980199997355],[-121.13159299965808,47.65097200006006],[-121.13099500015662,47.65424200002731],[-121.13188399991124,47.655663999869496],[-121.12856900001884,47.655702000199526],[-121.12563499989297,47.657159000133184],[-121.124680999841,47.65920300012688],[-121.1248149997353,47.661334999811835],[-121.12317899961798,47.66332600026052],[-121.12351799955168,47.66459099996922],[-121.12553600015875,47.666732999868294],[-121.12740300025479,47.67120499981892],[-121.12929000044231,47.6732550002114],[-121.12882400028697,47.67618099978629],[-121.1265739998763,47.677371999765484],[-121.12650199990627,47.67830600011857],[-121.12367900010848,47.68020800009636],[-121.12274199977497,47.68390600016735],[-121.12158400040683,47.685212999825936],[-121.11895300022967,47.6853150003012],[-121.11411900039579,47.68699199979392],[-121.11261799999768,47.68662799988659],[-121.10917199968571,47.68882799987268],[-121.10551299983676,47.68881499988064],[-121.09925899979562,47.692654000173384],[-121.0941179998151,47.6954020002059],[-121.09106400003863,47.69874899980046],[-121.0914299997365,47.701319999882564],[-121.09028800026189,47.702833999742474],[-121.08829599959408,47.703140999867315],[-121.08442500003302,47.70222700021786],[-121.07937100009114,47.701964000262066],[-121.07707600037295,47.70365800016417],[-121.07499300036686,47.703782999717575],[-121.06895799971052,47.70624500000239],[-121.06711699955375,47.70627200021142],[-121.06594499994193,47.709279000295176],[-121.06600500021638,47.71360299971376],[-121.06964200032404,47.71765099999757],[-121.07312299989779,47.71915899989813],[-121.07825899985544,47.72001000003635],[-121.08363199963956,47.7227410001307],[-121.08631200022052,47.72753599991947],[-121.08736699965652,47.7284970000199],[-121.08477999986025,47.72991000012273],[-121.08494499971671,47.732297000297635],[-121.08184999993236,47.73415400021402],[-121.08076899965877,47.73702800026877],[-121.07899500034749,47.73919000017849],[-121.08163200037247,47.74256599970821],[-121.08281900005292,47.743402000065124],[-121.08633099958878,47.74428599981287],[-121.08970900012866,47.74609799987366],[-121.09264200042963,47.75309100010644],[-121.0929079996701,47.75580600017848],[-121.09401800025597,47.758183999909896],[-121.09918500017578,47.758991999940875],[-121.1009610000352,47.757315000056714],[-121.10646000021599,47.7568060001997],[-121.1094090004105,47.75720400022058],[-121.11085800003178,47.75841700002917],[-121.11050499985437,47.76159699995588],[-121.10770299997294,47.766682999932605],[-121.10921500024175,47.76675999994736],[-121.11391000015843,47.770248000094604],[-121.1142800000543,47.77168900026563],[-121.11948299995908,47.77583900019422],[-121.11869799996151,47.77801300023673],[-121.11917900018547,47.77993299975783],[-121.19562600007163,47.78010199972605],[-121.19567200010236,47.77914399979853],[-121.45553499977886,47.78057600004182],[-121.45554499982461,47.77842599972546],[-121.48456600034282,47.777996999902584],[-121.49986399971263,47.77782799973223],[-121.5404910001397,47.777848000063216],[-121.58446000022332,47.7770549998482],[-121.58454100041416,47.77705400014864],[-121.64571500014661,47.777098999892374],[-121.66680600032338,47.77721099983671],[-121.71317300005737,47.77711800020176],[-121.73254000025328,47.77770400004364],[-121.74445900015654,47.77775999999804],[-121.7554580003431,47.77710499989547],[-121.81915100009967,47.776996999733136],[-121.82046500000175,47.777094999889876],[-121.84069199963993,47.77736600026721],[-121.85140899979416,47.7768520000679],[-121.86193900035066,47.77730500020745],[-121.86455299991108,47.77730100022081],[-121.923045000311,47.7769929997228],[-121.96040600035118,47.776281000227584],[-121.96779099999627,47.77618299974397],[-121.99177500029104,47.77534900021568],[-122.00034599979169,47.77539000009398],[-122.00036500005825,47.77539200016088],[-122.00774200020574,47.77543999993127],[-122.02871700003156,47.77562999971966],[-122.03393500000496,47.775679999929835],[-122.04958300007745,47.77573200014574],[-122.05470599961632,47.77567799987407],[-122.05506700018967,47.77568299971151],[-122.07464699992256,47.77597600009279],[-122.07467700005978,47.775978000137144],[-122.08089699976573,47.77605399995313],[-122.08701600008764,47.776126999902175],[-122.09951400012416,47.77587200009705],[-122.10222599959388,47.77588500010789],[-122.1094350004102,47.77591700026006],[-122.11294500029625,47.77594899978884],[-122.13183399974294,47.77604599978709],[-122.15384200016176,47.77619600028074],[-122.15415699980602,47.77619600028074],[-122.1544439998612,47.7761999997487],[-122.16674600007912,47.77624900029942],[-122.16944300037855,47.77625899986406],[-122.17003300038245,47.77626000018261],[-122.18678199992164,47.77639399983515],[-122.19120999987462,47.77640800003122],[-122.19148900043218,47.77641600014155],[-122.19628200025817,47.77642400025066],[-122.20703399967417,47.7764899998965],[-122.2169349998687,47.77660199994531],[-122.2231999997805,47.776686000125416],[-122.22760699981711,47.77674500029296],[-122.23303900005077,47.776815999863544],[-122.238370999827,47.776900000301616],[-122.24162399979511,47.776949999894285],[-122.24377600029648,47.77696100023287],[-122.24939299957975,47.77704000012651],[-122.24993900010101,47.77704299982973],[-122.25316600012984,47.77705899985377],[-122.26068300001941,47.7770829998806],[-122.26704699966541,47.77708699988401],[-122.27103299975253,47.777094999889876],[-122.28686300029817,47.777321999845334],[-122.29008699995396,47.777349000040026],[-122.2975939997978,47.77741999999321],[-122.3029790001758,47.777472999971565],[-122.3030079995898,47.777472999971565],[-122.3083589996326,47.77753300014382],[-122.31765200027992,47.77761799971601],[-122.32684499957148,47.777679000012185],[-122.32722899971104,47.7776570002402],[-122.32993900042923,47.777620000300836],[-122.33532300008399,47.77776999987578],[-122.34628600028553,47.7777940001781],[-122.35149000001525,47.777781000040875],[-122.35594999975528,47.7777659999249],[-122.36132599991244,47.77776399994938],[-122.3616170001656,47.77777700009084],[-122.37208400007457,47.777800999786294],[-122.37733399983503,47.777848000063216],[-122.37752200015602,47.77785000003556],[-122.38287900004659,47.777871999725896],[-122.39317199987829,47.777928999785786],[-122.39520333328082,47.77792176596963],[-122.39435500025908,47.77709299988854],[-122.39362299996498,47.773875999856344],[-122.39444200029773,47.772218999886704],[-122.38896900005619,47.76693900001171],[-122.38774200019276,47.76451900020969],[-122.38636573895666,47.763418138506445],[-122.38024100019672,47.75851899979452],[-122.38243091858624,47.74890189280781],[-122.38267499983208,47.747829999968516],[-122.37638499980594,47.738439999850094],[-122.37488020492405,47.73416397162058],[-122.37314000023375,47.729218999958015],[-122.3762840004219,47.72259000005588],[-122.37644000005751,47.71651900002977],[-122.37986793075756,47.71326542056664],[-122.38113900017217,47.7120590001032],[-122.38044000038836,47.70911899991143],[-122.38064946056316,47.7089351646398],[-122.38565499998872,47.70454199997698],[-122.3920746592497,47.70205631567562],[-122.39324800004627,47.70160200014354],[-122.39631416660495,47.70043395094655],[-122.40315737703082,47.697827045781096],[-122.40344100031885,47.69771900015698],[-122.40624099965211,47.69301899985202],[-122.40384100035193,47.68941900022977],[-122.40500172431034,47.68672031524122],[-122.40784099978444,47.68011900026495],[-122.40966000019989,47.6762240000199],[-122.40928358543461,47.67267302199421],[-122.40918499982375,47.671743000288096],[-122.41583999972286,47.67062200002014],[-122.42268999961566,47.666613999860836],[-122.42550599974075,47.664708999706086],[-122.4369409999454,47.661718999717216]]],[[[-122.52603099963301,47.35890599991268],[-122.52813000043095,47.34554299973104],[-122.5233760000647,47.337627000281884],[-122.51885199985225,47.33332099993046],[-122.50848799987544,47.33272299989644],[-122.50491299969207,47.33068099986867],[-122.49312600003324,47.33025399993281],[-122.49106599959337,47.33242800007632],[-122.49123399982287,47.33517099969783],[-122.48971099968344,47.351726999872284],[-122.48757199960086,47.35720200027393],[-122.48781000015053,47.36509100016176],[-122.48424400018799,47.380059999896496],[-122.47830200031639,47.384245000140396],[-122.4732690002909,47.38710700023462],[-122.46595211450389,47.38727938056668],[-122.46499199961981,47.387301999935445],[-122.4564360001878,47.38488799976846],[-122.45144499999512,47.38295699995141],[-122.44502699992243,47.389393999917466],[-122.44882999971145,47.392451000300746],[-122.45215800002262,47.3951869998425],[-122.46023899997681,47.39341700013994],[-122.46451700014197,47.39068099992398],[-122.46594300019704,47.3951869998425],[-122.46404199976583,47.39920900026527],[-122.46000100032545,47.40162199977234],[-122.45395800017148,47.402631000156056],[-122.44787900003257,47.40210500023288],[-122.44265000018848,47.404518000253745],[-122.43956100025191,47.404195999784875],[-122.43908500005085,47.39454300023666],[-122.43718399961963,47.39068099992398],[-122.43314300017923,47.38810700010912],[-122.43575799956456,47.38633699981011],[-122.44241300036201,47.384727000008354],[-122.44483811655755,47.38195359163503],[-122.45310799987664,47.372496000122275],[-122.45667399983915,47.37169100003934],[-122.46380400011444,47.37507100007935],[-122.46618099984843,47.372496000122275],[-122.46667299994299,47.36860600005338],[-122.47069699966494,47.36589599998114],[-122.4745000003523,47.35913399988547],[-122.4771139999127,47.35108300002881],[-122.47568799985766,47.347056999905035],[-122.46970400015327,47.34462400017173],[-122.45749700036987,47.342566999714286],[-122.4539949999814,47.343338000263955],[-122.45091299971753,47.349206000061336],[-122.44839500041658,47.35498800029796],[-122.44455200044459,47.356879999749225],[-122.44491999979233,47.35940499970054],[-122.4378129999816,47.36560400018088],[-122.43333399997495,47.36755799993729],[-122.42958399988939,47.369193000126195],[-122.42125900043605,47.371046999886545],[-122.41795700006415,47.374886000009184],[-122.40438399960185,47.378612000107566],[-122.40036499990276,47.38156600019027],[-122.39102500029809,47.38276699978084],[-122.3784789996827,47.385329999834504],[-122.37491100007033,47.38694799971072],[-122.37362700030548,47.38871800017056],[-122.39504999984496,47.399276999861414],[-122.40749575116962,47.40037699154414],[-122.42733000017907,47.40212999973081],[-122.437653000148,47.40742500007609],[-122.4375200000786,47.41262700024919],[-122.43993399962248,47.41700700026797],[-122.43896987106572,47.41765151305708],[-122.43573499999835,47.4198139999087],[-122.43065400029231,47.42150799974741],[-122.4299360002419,47.42367500016993],[-122.43640399964497,47.430262999839634],[-122.43987599989617,47.4377689998847],[-122.43860800002487,47.441986000298975],[-122.43953600013754,47.448897999892765],[-122.44301316570166,47.453358034057416],[-122.4430950004274,47.45346300001823],[-122.43941499976374,47.45863300021012],[-122.43338800040165,47.46643100029541],[-122.44499400031049,47.47317500001953],[-122.4474310003189,47.47825499993489],[-122.45254800000997,47.48112299980783],[-122.46002999973943,47.4868579999342],[-122.45904999974823,47.4922770002688],[-122.4604420003664,47.493762999932606],[-122.45857500027037,47.498218999933705],[-122.45310100020393,47.50225700009738],[-122.45239999987196,47.503471000271155],[-122.4572460002997,47.50584800012874],[-122.4685590003056,47.51007799987797],[-122.47662400036624,47.511078999845445],[-122.47877099994643,47.49690199972695],[-122.48274199996496,47.48313099988717],[-122.48355772863343,47.48274169174325],[-122.49786399960763,47.47591400023026],[-122.50245200029252,47.46796099989699],[-122.5089630002516,47.46111200012014],[-122.51172066557876,47.45436342639463],[-122.51395400044429,47.448897999892765],[-122.51324100041676,47.42333599995096],[-122.5144959998693,47.41930399995176],[-122.5147019997336,47.41404700011674],[-122.52203500039847,47.407251999854545],[-122.52281227757953,47.40520216020454],[-122.5239810001372,47.40212000017628],[-122.5267329997899,47.39858200022044],[-122.5277400004436,47.392289999923605],[-122.52084699999479,47.38295699995141],[-122.51633100017824,47.377323999772194],[-122.51779900006609,47.36867900010718],[-122.52393699975627,47.36653999975306],[-122.52603099963301,47.35890599991268]]]]}},
    {"type":"Feature","id":"53035","properties":{"STATE":"53","COUNTY":"035","GEOID":"53035","NAME":"Kitsap County"},"geometry":{"type":"MultiPolygon","coordinates":[[[[-123.0176450001105,47.527178999917545],[-123.02371871456235,47.520306558846585],[-122.99362300018092,47.520282999875256],[-122.97194100017533,47.52144700024066],[-122.94571099966787,47.52224600028692],[-122.9396650000392,47.52251199970997],[-122.90026600019877,47.52182900020554],[-122.87733499969015,47.52149400004498],[-122.86478300012526,47.52128399992198],[-122.84224300032722,47.52138299975538],[-122.83911699968242,47.52126699985214],[-122.81629800022509,47.520664000056435],[-122.80101199965256,47.52040599974416],[-122.80101599985053,47.520186999718],[-122.80130899975347,47.49083599971699],[-122.8009389998576,47.484099999892074],[-122.80084500014631,47.47624999990255],[-122.80075599955951,47.47058200000891],[-122.80074300003903,47.469558000298655],[-122.80062400021335,47.46195400011724],[-122.80062500003827,47.44488699986612],[-122.80124400035447,47.4326340001191],[-122.80119499995065,47.42922399985739],[-122.80119900014863,47.40357799982883],[-122.76425499985996,47.40343100001156],[-122.76403499975194,47.40342999983764],[-122.71905800008797,47.403338999743475],[-122.71782299982864,47.40320599993108],[-122.71321699960042,47.40326399989514],[-122.69495599979243,47.40349599972073],[-122.66407099955123,47.4033110002909],[-122.65309300017942,47.40309099999175],[-122.6371110001961,47.403219999991165],[-122.63400200016807,47.40326900017207],[-122.63063899969677,47.403377999889976],[-122.62713200018378,47.40349200024608],[-122.62551799980773,47.40351799986606],[-122.62470100002315,47.40350399988522],[-122.61039799981486,47.4034700000899],[-122.58893000006954,47.40367499991792],[-122.56996299990674,47.40343500009886],[-122.55704800011868,47.40342100009591],[-122.55087704213906,47.40343566708407],[-122.5503670002803,47.40667300001945],[-122.54727699962051,47.40779900015225],[-122.54703899996912,47.41053399971813],[-122.54454099986133,47.41153900014809],[-122.53987100005901,47.41792100013119],[-122.54014700024354,47.420343999885134],[-122.53975909153418,47.42065896166609],[-122.53539299987729,47.4242039997881],[-122.53188899983904,47.42882699981355],[-122.5318379997854,47.430307000244234],[-122.53539299987729,47.43562000003267],[-122.5334920003444,47.439157000116445],[-122.53563100042699,47.44928400016102],[-122.53301600014333,47.453623000071836],[-122.52992600038186,47.45603400019578],[-122.53075599968693,47.461974000185464],[-122.53087954319133,47.46255186774816],[-122.5323030001158,47.46920999989445],[-122.52873799997818,47.47226299987948],[-122.52303399975794,47.475314999787926],[-122.52089499967536,47.477564000183996],[-122.51875499976786,47.48125899982238],[-122.51875499976786,47.48575599972117],[-122.51590299965777,47.4873629999863],[-122.51471500015239,47.48993199996],[-122.51115000001477,47.49218099986407],[-122.50439700020635,47.499687999784236],[-122.50425886985835,47.50124252970645],[-122.50403099961014,47.503807000287686],[-122.49531500034453,47.511019999810685],[-122.4969695452826,47.51214892545287],[-122.50095900029031,47.514870999857045],[-122.50332400032869,47.51804000013],[-122.51540999973825,47.518569000213404],[-122.51601300016095,47.51713800002881],[-122.51700581282306,47.51719330812469],[-122.51757778094424,47.517225172303014],[-122.51782599983028,47.51723900006782],[-122.51966399961398,47.521907000180356],[-122.52110399991275,47.52331799974295],[-122.52545400004793,47.52339999999914],[-122.52915999975258,47.52187700001711],[-122.5449800002525,47.522897000189815],[-122.545699852629,47.523106131234165],[-122.5472690001229,47.523562000098835],[-122.54731536576796,47.523892646104436],[-122.54749189550108,47.52515153732341],[-122.54786300032472,47.5277980001913],[-122.54737862333366,47.52868109914845],[-122.54235499992309,47.5378399999523],[-122.53966900039265,47.54384400011462],[-122.54038599971985,47.548940999824396],[-122.54397699979674,47.55562100010679],[-122.53849268168094,47.56287199983839],[-122.53835200011754,47.56305800029568],[-122.53308300009049,47.564171999783916],[-122.53281799977663,47.56552199971141],[-122.54338500014303,47.56833899980219],[-122.54780300005028,47.568067000242905],[-122.5526970001586,47.569863000233674],[-122.5526047009581,47.57003683542109],[-122.55146199989926,47.57218899970225],[-122.54555000016488,47.57562399989952],[-122.54442000038584,47.57703900020162],[-122.54530499994249,47.57801799989755],[-122.54930899957294,47.578063000134314],[-122.55008799972273,47.5786260000702],[-122.54849699981125,47.5867159997086],[-122.55036300008233,47.589084000268144],[-122.55498500020408,47.58996899978914],[-122.56728099967593,47.58424600025041],[-122.5682919996293,47.58459800015805],[-122.56968900027034,47.583675000127556],[-122.56943700037527,47.58278299984957],[-122.57396121618342,47.57742330097701],[-122.57632499990291,47.57462300019545],[-122.58078700019111,47.573548000002226],[-122.58191299977219,47.57116500004851],[-122.58987099970271,47.56584400017469],[-122.59311199997524,47.56142399987227],[-122.59519800035439,47.560771999717005],[-122.60509026263614,47.54839375223777],[-122.60629999957476,47.54688000027962],[-122.60796800037748,47.54627700024495],[-122.6125847741009,47.54692047843099],[-122.61563747401514,47.5473459582587],[-122.61653788237388,47.54747145586388],[-122.62000000025867,47.547953999827435],[-122.62231300041853,47.547252999952626],[-122.62476200012252,47.54347500018906],[-122.62741331300488,47.543260175680814],[-122.63794300004935,47.542407000181946],[-122.64016895794971,47.541119435716894],[-122.64753100024942,47.53686100006119],[-122.65640069048034,47.538509512204115],[-122.66105199993487,47.53937399994583],[-122.66309200028326,47.53853299991917],[-122.6672919997323,47.53177700025178],[-122.67011485220637,47.530988440090916],[-122.67425517926607,47.529831845705786],[-122.68363348572936,47.52721202872758],[-122.68405600023843,47.52709399996609],[-122.68410599956881,47.527087108613095],[-122.68894600014877,47.526420000005956],[-122.68937831437927,47.526410297637284],[-122.69638699987034,47.5262530001233],[-122.69844999978497,47.5266899999192],[-122.69819000039227,47.528333999913464],[-122.6941630002973,47.53049399976153],[-122.69372928469497,47.53058780782702],[-122.69006199968412,47.5313810000176],[-122.67578799978816,47.53853099985546],[-122.67596903547076,47.541850964214134],[-122.67597399956102,47.541942000084426],[-122.6722849995748,47.54657800028067],[-122.66804924448252,47.548536691501056],[-122.65706183525809,47.55361747240979],[-122.65522875195393,47.554465124267786],[-122.65235500003756,47.55579399986338],[-122.64243899977438,47.55651099995632],[-122.63637399987913,47.55989500007384],[-122.62636899992754,47.56094300023126],[-122.62569114558718,47.561720235031984],[-122.62374299977323,47.563954000212924],[-122.62305999988293,47.56864500011813],[-122.62259825774204,47.56935431973033],[-122.62135437673781,47.57126514876345],[-122.6213049999399,47.57134100003133],[-122.61741400028733,47.57078100001644],[-122.6138569996473,47.5674359997322],[-122.61035199978413,47.56754800021541],[-122.60748999962826,47.56921699996687],[-122.60678103573132,47.56995530083407],[-122.60296541281592,47.57392881137945],[-122.60256000043324,47.57435099993982],[-122.60191677704543,47.5755223608341],[-122.60087346379298,47.57742231683708],[-122.59631700026276,47.585719999896],[-122.59679199974062,47.58780200008632],[-122.59171000020963,47.594591000167924],[-122.59249453667648,47.596299609509906],[-122.59336300004541,47.598191000253124],[-122.5977619996861,47.60116600012326],[-122.59814900019869,47.60261800011613],[-122.59668123117787,47.60947536171162],[-122.59656606715845,47.610013404124274],[-122.59413801526858,47.6213571762561],[-122.59365926801937,47.62359386528942],[-122.5911009999392,47.63554599991036],[-122.59229299964252,47.637910000010756],[-122.59543099998288,47.638299000000806],[-122.59931199958972,47.63687200022332],[-122.60233600012728,47.63881800010074],[-122.6037549996113,47.64327099986042],[-122.61135257119537,47.64680671197646],[-122.6178340004119,47.64982300020763],[-122.6183122419096,47.65037539495348],[-122.61885299986288,47.65100000014646],[-122.61879987170033,47.65102994696966],[-122.61500499986802,47.65316900024864],[-122.61322700035876,47.663637999767765],[-122.61561499996338,47.668365000250745],[-122.6156156530386,47.66837581544178],[-122.61597099961554,47.67426299981586],[-122.61890812228535,47.69090191124875],[-122.61924600022324,47.69281599991866],[-122.61737199955621,47.694592999806844],[-122.61895699961994,47.698391999737524],[-122.61462800029946,47.69874299982976],[-122.6145100002987,47.70156200009644],[-122.61770499964216,47.702012999998104],[-122.61976199970897,47.70452600001783],[-122.62551100013505,47.70384300024315],[-122.63120000028665,47.705199999861115],[-122.63110300020227,47.70733899991636],[-122.62952301004289,47.707680708631024],[-122.62678900005209,47.708272000067886],[-122.6186579998692,47.71211599974406],[-122.61271299962453,47.71187200008004],[-122.60677309103093,47.70675700174093],[-122.60406500013103,47.70442500012463],[-122.60437800012545,47.697747999973956],[-122.60312600014768,47.69616399988311],[-122.59311399962507,47.69431500004719],[-122.59113399955112,47.690763000278956],[-122.58784700014614,47.69119000014335],[-122.58594099969208,47.69616900010607],[-122.58237899992749,47.69796700021813],[-122.58336499976647,47.70276699983919],[-122.57359099979355,47.71093500004776],[-122.57338931094428,47.71092655949872],[-122.57108199981514,47.71083000022203],[-122.56226199989415,47.71923199991387],[-122.56064800041642,47.72257999984335],[-122.55788998744124,47.72391547896316],[-122.55497699980816,47.72532600010426],[-122.54965300042785,47.73092700015144],[-122.54917800005171,47.73684199971074],[-122.55003251438089,47.740383413621444],[-122.55060499993166,47.742755999979764],[-122.55239432540002,47.74412646815983],[-122.55445399975144,47.745704000078625],[-122.55113604080853,47.74598204590277],[-122.53731799969964,47.74713999988413],[-122.53258015463547,47.7468977492358],[-122.52577770257066,47.74654993296753],[-122.51932499968028,47.74622000003945],[-122.5151930000033,47.74391099995132],[-122.514267716396,47.74380432625828],[-122.51390944041293,47.74376302119262],[-122.50763799958055,47.743040000243596],[-122.50331199973482,47.743168000017604],[-122.4968839996164,47.74498700013271],[-122.48849100039101,47.74360499992805],[-122.47734400006648,47.746019000094],[-122.47712385443137,47.74617110046136],[-122.47184400006077,47.74981899980702],[-122.47264599977674,47.75282400011891],[-122.47033299961689,47.757109000270674],[-122.47140200019489,47.76596499987533],[-122.47808600040632,47.769040000085546],[-122.47834999999695,47.771198000008184],[-122.4808940001355,47.77414499999224],[-122.48306099980718,47.77712000020213],[-122.4822520004185,47.779164000226984],[-122.4835489997038,47.781864999718216],[-122.48918000012911,47.78320799977991],[-122.49478263445266,47.78631720333939],[-122.49545799956135,47.7866920002134],[-122.50187999983198,47.79068299984428],[-122.50164300000554,47.79499399982693],[-122.50056282258876,47.79534496763981],[-122.49659170399264,47.79663525033072],[-122.49534600030667,47.7970399999371],[-122.48751340878306,47.802519412826015],[-122.48521400013348,47.80412799997759],[-122.4824370003664,47.80925499987504],[-122.48252900042792,47.815510999729106],[-122.50222399978855,47.826395000107446],[-122.5051070582513,47.83035199424253],[-122.50612200001213,47.831744999703844],[-122.50663400019819,47.84143700008752],[-122.50586500009419,47.848998999881765],[-122.50817099968305,47.852198999768056],[-122.50786299971145,47.8550330001922],[-122.51192699961639,47.85977300027855],[-122.51266143524323,47.863316584300016],[-122.51277799973617,47.863879000235784],[-122.51445700040954,47.86596499993028],[-122.51181500036171,47.877634000262816],[-122.5125750002449,47.881786000118886],[-122.52612400041775,47.89995000017262],[-122.52759300013051,47.905881999706224],[-122.52532900037446,47.91233600018831],[-122.52744522187639,47.91226167254765],[-122.53233300025305,47.91208999994608],[-122.54010700006059,47.91365099983471],[-122.5490719997465,47.91907200020656],[-122.56266199992723,47.920293999931005],[-122.58184599982502,47.92028199989768],[-122.59218399986257,47.92251899989479],[-122.59849399998018,47.92734299989838],[-122.60150699974879,47.93172600012679],[-122.60386099991652,47.94047800023895],[-122.61195600011443,47.940772000102385],[-122.61702199975186,47.93898700007937],[-122.62031599972785,47.93155299994153],[-122.61620400014235,47.93005799975367],[-122.61549100011482,47.92782899980067],[-122.61786799984878,47.92528000017247],[-122.60693499978449,47.92336900025353],[-122.60523599991794,47.922320999979824],[-122.59622799967599,47.920210000241234],[-122.59515399997343,47.917798999902644],[-122.58823499958535,47.912923000251595],[-122.58633900007536,47.90202300008306],[-122.58410937974352,47.89731791363508],[-122.57309799987407,47.87408099976387],[-122.57331985140989,47.867704132752614],[-122.5736670619453,47.85772393181109],[-122.5736719999844,47.85758199997494],[-122.57372562311868,47.857557399421744],[-122.5772250004265,47.85595199973225],[-122.57772759525155,47.85613086863844],[-122.58127400026282,47.85739300023243],[-122.60810499974652,47.85672800001493],[-122.61458499974346,47.8508060002866],[-122.6231920001274,47.83619899998639],[-122.62765659115688,47.835614103535626],[-122.63070300016919,47.835215000173605],[-122.64810799983448,47.82512299970175],[-122.6500689735907,47.82372146057938],[-122.65242299980959,47.82203900020801],[-122.65351151988041,47.81716879196477],[-122.65375799962806,47.81606599985699],[-122.65503620975088,47.81537899146595],[-122.65540703519846,47.81517968117316],[-122.6581339997025,47.81371400011955],[-122.66198398317752,47.813388021026014],[-122.66486599959453,47.81314400002721],[-122.67325100022066,47.80714900024344],[-122.6749109997291,47.804412999903995],[-122.67750730786834,47.80312252118596],[-122.68201500006514,47.800882000011796],[-122.68408499965243,47.79857399985449],[-122.68485257862167,47.795845809895575],[-122.685139222944,47.79482699629734],[-122.6895749996124,47.77906100023222],[-122.69314300012309,47.776055999994476],[-122.7017689998753,47.774872000109696],[-122.70481078885213,47.77191783625831],[-122.7074620002249,47.76934300015105],[-122.71478599977061,47.767512000160295],[-122.71971199966598,47.76097600007318],[-122.72165487057256,47.75303923816378],[-122.72266916734301,47.74889576150071],[-122.72268599997481,47.74882699972669],[-122.72601199973788,47.74627200011234],[-122.73301200031678,47.73762500010439],[-122.73548858099494,47.737159882570054],[-122.73852300019315,47.736590000252974],[-122.73838599992582,47.73383499999118],[-122.74615950745658,47.72141363302731],[-122.7483389999989,47.71793100028743],[-122.74906700009502,47.70854100028869],[-122.74645299963629,47.70118299988056],[-122.74530699996373,47.69198000017534],[-122.74640900015368,47.689067000079746],[-122.74499200031947,47.68276899994263],[-122.74961916305914,47.673514674747096],[-122.75247099967586,47.6678109997094],[-122.75682066743443,47.6657645278387],[-122.75782500009173,47.6652920002181],[-122.76128899994703,47.665370000205755],[-122.7715230002275,47.66088300012344],[-122.77632500027431,47.661041000073894],[-122.77821499993655,47.65922999988764],[-122.78151535908644,47.65772312638678],[-122.78545800018973,47.65592300012193],[-122.7856610922075,47.65599638276882],[-122.78599463038427,47.65611689912331],[-122.78829199985817,47.65694699990527],[-122.79710900030443,47.65450600005293],[-122.80805200041446,47.6504120000202],[-122.82348299985364,47.642303999719786],[-122.82899399973002,47.64112299975482],[-122.83340199959153,47.63781599970937],[-122.83644500039564,47.63726899977756],[-122.83787099955241,47.63983200021954],[-122.83272999957187,47.6478899998445],[-122.82987800036008,47.6510919997196],[-122.82726399990136,47.653173999752276],[-122.82819500038707,47.65505599990402],[-122.8311479998812,47.655266999719835],[-122.84081200024927,47.65253299981881],[-122.85530999955292,47.64757000008796],[-122.85697400015766,47.64484799992489],[-122.85958799971806,47.63876200016781],[-122.86339100040541,47.63523900022612],[-122.86476208015893,47.63466705290481],[-122.86838199969978,47.63315700017475],[-122.86934102941899,47.63318090855247],[-122.87479999977246,47.633316999951354],[-122.89164799994417,47.62830999980736],[-122.89619100042319,47.62546799978495],[-122.90935599955817,47.62304600021186],[-122.91710299960152,47.6207429999005],[-122.91966699983155,47.61766800006293],[-122.91900800023069,47.61361300009215],[-122.91591799957088,47.6092860001537],[-122.91782700039802,47.6072069999061],[-122.92162299961603,47.602395999978775],[-122.9228110000197,47.59790800007552],[-122.92875299989132,47.596625999784564],[-122.93184299965279,47.594222000176494],[-122.9365960001941,47.5900540001877],[-122.94396499994566,47.5878100000903],[-122.94919299996484,47.58668799970995],[-122.96511800004673,47.5852450000836],[-122.96939600021189,47.57786999981559],[-122.97129799956971,47.57113600020118],[-122.97652700031209,47.566325000276386],[-122.97557599973489,47.56247599987188],[-122.97533800008348,47.55958900016787],[-122.9800919995514,47.55814500023713],[-122.98389500023876,47.55862600010547],[-122.9891240000828,47.55253100000416],[-122.99649200000947,47.54434900020369],[-123.00837599975264,47.5321540000412],[-123.0115249999637,47.53127000002653],[-123.01412500017872,47.528695999933596],[-123.0176450001105,47.527178999917545]]],[[[-122.5049229997378,47.54653099991154],[-122.50629400043957,47.54424299999041],[-122.49956699967213,47.53653600017183],[-122.49945600024236,47.53369499985746],[-122.49677300018666,47.5317500001516],[-122.48914900016698,47.52947699992363],[-122.48516200025495,47.53008800004235],[-122.48414899975344,47.53168799982403],[-122.48534200017998,47.53433600029503],[-122.4852669998369,47.53748699983649],[-122.48032900024599,47.54008999970413],[-122.47952300033204,47.54186200025168],[-122.49142499961859,47.545433000285925],[-122.5049229997378,47.54653099991154]]],[[[-122.59084099964818,47.66326099995201],[-122.59076799985326,47.66161500009736],[-122.58060100041824,47.64549300020336],[-122.57780200001157,47.643663999848464],[-122.57777123720467,47.642364931028084],[-122.57724299996984,47.62005800027745],[-122.5736000000144,47.615689999885774],[-122.57517406847941,47.60827341018539],[-122.57684700013473,47.60039100012715],[-122.5733120001343,47.59458299998882],[-122.56763999970114,47.59067700002107],[-122.56162099983662,47.59370900001707],[-122.55691099985134,47.601693999827674],[-122.55097099962956,47.60450600017789],[-122.54915543976166,47.604012773043245],[-122.54797100027976,47.603691000016894],[-122.54579600021218,47.60086099971282],[-122.54669900021048,47.599093999999184],[-122.54454699970911,47.59719400000404],[-122.54186216798854,47.596702343154654],[-122.53841999988961,47.59607200028359],[-122.53216599984847,47.589612000121626],[-122.52275199972563,47.57542300020905],[-122.51836700032865,47.57408000004918],[-122.50392400037832,47.575335999814335],[-122.49858099983314,47.577900000062535],[-122.49592399971668,47.5802929997783],[-122.48525500014135,47.58215699995128],[-122.48027800019236,47.58326799985026],[-122.47987099958824,47.58483000004241],[-122.48393799986623,47.58641799977694],[-122.4991909999285,47.59002400024097],[-122.50349400020802,47.5923530002225],[-122.51474000026676,47.594438000014414],[-122.51612600013884,47.59573099985368],[-122.51573329262924,47.59594939842152],[-122.51421100036225,47.596796000021136],[-122.50585400022354,47.59743300001834],[-122.49965299988584,47.5969640000544],[-122.49847899972586,47.59723000021544],[-122.49834300018175,47.59786699977515],[-122.4993259996477,47.605508000220915],[-122.4989356672837,47.606800152337875],[-122.49778599978981,47.61060600013001],[-122.49922814706211,47.61465029492926],[-122.50035699969256,47.61781600024257],[-122.5020070000536,47.61782599996138],[-122.50345900004791,47.61622399991021],[-122.5118360002781,47.61572100002609],[-122.52419299984932,47.61795099991835],[-122.5258520004312,47.619213000077224],[-122.52565711811683,47.619419794088024],[-122.52462499966943,47.62051499990693],[-122.51989700014079,47.62246200004465],[-122.5143850004395,47.62109199993522],[-122.5107674219083,47.622872532373506],[-122.50452699990268,47.62594399973867],[-122.50139899960806,47.62613499982304],[-122.49638300019932,47.621769999935985],[-122.49380600044879,47.621378000223686],[-122.49328099984393,47.622556999753094],[-122.49430400039117,47.62553199972568],[-122.49326135368868,47.62836283618427],[-122.49280899984085,47.6295910002148],[-122.48913099972529,47.63318400008437],[-122.49320499967595,47.63512199987176],[-122.50211599983352,47.63907399998089],[-122.50816400001035,47.643656999752885],[-122.51257600006981,47.64997199983956],[-122.5174139920168,47.651737052998605],[-122.51828000029005,47.65205300006284],[-122.51495299980378,47.654134000264705],[-122.5078850003511,47.656591000109294],[-122.50069700034948,47.659597000180725],[-122.4978400002165,47.66181899994746],[-122.50387908191917,47.66478409179377],[-122.50416200002968,47.664922999953085],[-122.50870899980838,47.670842999698685],[-122.50779400011449,47.6818520002427],[-122.5049863704912,47.68510467648888],[-122.50464599972837,47.685498999907104],[-122.5063019999372,47.68701999991415],[-122.50382300009599,47.69439900005686],[-122.50460399989558,47.69913600007958],[-122.50791100029036,47.70492900017526],[-122.50991399993049,47.70771500003506],[-122.5111960000455,47.70871499970329],[-122.51243799997754,47.708914999994285],[-122.51412299960037,47.70871300009548],[-122.51666199971606,47.70699799984913],[-122.51754799999594,47.70528499973556],[-122.52048200012182,47.7050709999789],[-122.5228399995892,47.70788700014977],[-122.52535699996353,47.70755399985973],[-122.52645599978045,47.70088899972002],[-122.52811426374382,47.700103554713166],[-122.52827799967064,47.70002600022173],[-122.53002699976588,47.70078700007896],[-122.52985199986371,47.7040240000902],[-122.54086799976866,47.708630999787474],[-122.54316099983704,47.71094099982414],[-122.54410599966816,47.718186000062424],[-122.5481849996417,47.72052699980722],[-122.55284799977133,47.720756999978114],[-122.56287347502321,47.71106818815171],[-122.56389600036167,47.71008000006398],[-122.56271800000373,47.701531000099294],[-122.56545799996083,47.69454100012541],[-122.56463899962812,47.681886000194815],[-122.56129199994868,47.67706999996877],[-122.56106240224015,47.67453959609358],[-122.56100700044163,47.67392900023046],[-122.56450300008397,47.67156300020207],[-122.5657219995515,47.66594199978036],[-122.56917899973409,47.66321899999814],[-122.57084900018661,47.66374399971503],[-122.56995200003608,47.673330000159325],[-122.57094700009594,47.67472599995941],[-122.57317400004204,47.674241999732864],[-122.58571499973628,47.665459999814004],[-122.59084099964818,47.66326099995201]]]]}},
    {"type":"Feature","id":"53037","properties":{"STATE":"53","COUNTY":"037","GEOID":"53037","NAME":"Kittitas County"},"geometry":{"type":"Polygon","coordinates":[[[-121.4659509996342,47.367976999879474],[-121.46589100025807,47.366595999996555],[-121.4629150002994,47.36234599970861],[-121.46147800037369,47.36170800016576],[-121.46145900010711,47.35910099986231],[-121.46280599962115,47.35749399972363],[-121.46423400022434,47.35441599990316],[-121.4629000002308,47.3530580002419],[-121.46062300005595,47.35288599976595],[-121.45623699993575,47.349696999867554],[-121.4519460002501,47.348007999989484],[-121.44982800008393,47.34795800015642],[-121.44863100035771,47.34632199974638],[-121.44465500031633,47.34376099996473],[-121.43869500000308,47.34376699988859],[-121.43795600003627,47.34234000010375],[-121.43679299974697,47.34095899994718],[-121.43299699963065,47.33791099991138],[-121.43037200019955,47.334085000270065],[-121.43170299982008,47.329734999932604],[-121.43594199962718,47.32869699985393],[-121.43725300005451,47.326790000191025],[-121.43730599975795,47.32562599995065],[-121.43893400037769,47.324183999850696],[-121.43995799985152,47.32197199999143],[-121.43949900026719,47.31973000020717],[-121.43843700026022,47.31773600020022],[-121.44087400026861,47.31600500012838],[-121.44187500017627,47.314080000126765],[-121.44497900018143,47.31087600004932],[-121.44533099963564,47.309816000068906],[-121.44436200041336,47.30824699998611],[-121.44072500030573,47.306928000065916],[-121.43585700013666,47.306803999866],[-121.43488899984102,47.30563700029762],[-121.43299199960775,47.305135000209184],[-121.43194499966938,47.29844299983567],[-121.4306729996001,47.2963039997573],[-121.43283699979708,47.294169999931064],[-121.43224900034133,47.29296299992857],[-121.43022200041173,47.292035000046184],[-121.42749199960205,47.289075000011415],[-121.42557799965037,47.288345999739725],[-121.42214200028246,47.28792600019691],[-121.42009699991121,47.286712000014234],[-121.41921200035456,47.28695299969619],[-121.41920399995864,47.29043700030109],[-121.41711299955662,47.293294000018605],[-121.41496500015151,47.293195999924365],[-121.41170899981039,47.289948999958746],[-121.40917700026573,47.289157000137955],[-121.40744099969093,47.28963000022176],[-121.40353199959674,47.28849100005517],[-121.39783699959732,47.288885999822504],[-121.39385200023345,47.28869700017692],[-121.39268200027142,47.28724899989656],[-121.39075300025111,47.286073999787796],[-121.3872950002436,47.286035000019126],[-121.38483599959555,47.28513299994031],[-121.38276600000825,47.2858350003005],[-121.37870299992827,47.28632500012647],[-121.37320499957234,47.284996000032656],[-121.37071599968539,47.28518600008515],[-121.36934800025497,47.28655500025779],[-121.37075400021853,47.28825700012669],[-121.36708500032384,47.290870000174664],[-121.36158600014303,47.291904999920476],[-121.36040100011238,47.29092899988865],[-121.36050300021965,47.286286999891956],[-121.35915900018034,47.28532200013341],[-121.35400099958306,47.28383399991088],[-121.35132799957312,47.28459799988525],[-121.3495430003912,47.28308100008227],[-121.34370399955343,47.28264699979391],[-121.3412029999709,47.28126099995894],[-121.34104999981002,47.277695000051736],[-121.33837099995228,47.27603299983858],[-121.33920799982836,47.273560000095664],[-121.33816799956267,47.2701219996984],[-121.33872800032763,47.26826000025508],[-121.33792499988844,47.26773699969881],[-121.33710200025605,47.264972999893594],[-121.33534099956694,47.26319800004499],[-121.33585000027827,47.260562000147495],[-121.33208799959881,47.258869000069346],[-121.33195899972738,47.25748500029578],[-121.33416499975712,47.25412200004851],[-121.33660099994064,47.25367899974559],[-121.3377669997047,47.25252000024616],[-121.33821500031665,47.25001400016467],[-121.33976699987011,47.24719899995328],[-121.34541800038686,47.24672300016379],[-121.35013000002199,47.24452000017527],[-121.35188599978994,47.24263799996955],[-121.35947800002258,47.241107999794906],[-121.3607469997188,47.240526000224975],[-121.35923500034835,47.23907299973168],[-121.35838300040362,47.23704200008249],[-121.35836800033502,47.234418999753395],[-121.36015300041528,47.23221000009758],[-121.36371199980682,47.229098000197865],[-121.36564599984999,47.2268540001797],[-121.36513799986186,47.224562999956994],[-121.35992800028437,47.22295000006095],[-121.35576999976983,47.22212499970966],[-121.35340200025668,47.220486999927765],[-121.35085399992018,47.220526999779544],[-121.34624100001926,47.21868599975245],[-121.33788600042868,47.218162000082565],[-121.3352259999392,47.21917900016544],[-121.32498800035908,47.2159389998123],[-121.32107599989182,47.21294599979085],[-121.31760000034095,47.21213100015637],[-121.31298700044002,47.20808599999654],[-121.31125900026116,47.207697999870426],[-121.31139300015546,47.20528600005759],[-121.30969900031181,47.204440000248766],[-121.3091419999199,47.20277899984612],[-121.31162199958602,47.19945100005654],[-121.30830000002095,47.195996000278434],[-121.30646600043521,47.19275800016952],[-121.3061569997404,47.190994999902465],[-121.3062970003808,47.18771099981339],[-121.3081769999973,47.18589199973427],[-121.30995500040486,47.185255000047626],[-121.31011699988827,47.18242500016399],[-121.312575999638,47.17871399984456],[-121.31491700028525,47.177325999924776],[-121.31781000040324,47.17414099978856],[-121.31776900039534,47.17297600007752],[-121.31431100038783,47.16806099976143],[-121.31337800025226,47.165751999877735],[-121.3119010001436,47.16403700001691],[-121.31027300042217,47.163159000001734],[-121.30601299980036,47.16199999982968],[-121.30450300007972,47.15945900030493],[-121.30186100003189,47.15614600007455],[-121.30118900001224,47.15400300028578],[-121.29920300009051,47.151411000058516],[-121.2991369999683,47.14960599974718],[-121.29781899986826,47.14885099973675],[-121.29991500029315,47.14703600024532],[-121.30144500010529,47.14480199993828],[-121.30220099979053,47.141348000235105],[-121.30335499985901,47.138941999838146],[-121.30828900015028,47.136691999839655],[-121.31153700009553,47.136032000169536],[-121.31553400005329,47.1338439997768],[-121.32057700012453,47.13529499970738],[-121.3252700003914,47.13376199994022],[-121.32739000020742,47.13338199989645],[-121.33238899989773,47.13329999995862],[-121.33490600027207,47.132700999960946],[-121.33792800026147,47.135012000177234],[-121.33990300031255,47.13569700005911],[-121.34328699980189,47.13596900001437],[-121.34475600041297,47.13723799983588],[-121.34801500022887,47.13803599985147],[-121.34961100016322,47.137547000189954],[-121.3538979996509,47.14054000021562],[-121.35779500004958,47.140013999935206],[-121.36250699968468,47.14150099993135],[-121.36467699972943,47.14175899978777],[-121.3673859997244,47.139973000207036],[-121.37348800032788,47.13810599974245],[-121.37823799959786,47.13721100012897],[-121.38131700038699,47.137254999915875],[-121.38439200007986,47.13545999977709],[-121.38858099965825,47.13353799987631],[-121.39396799968605,47.13276200010706],[-121.39487200040763,47.12867199977786],[-121.39815799998769,47.12714900007745],[-121.39969199999777,47.12595599989261],[-121.39971700011213,47.124539999730544],[-121.4026989999186,47.12177099995641],[-121.40544300007366,47.12127799980987],[-121.40808099992354,47.11810000019574],[-121.40717799992521,47.117003999809796],[-121.40610300039776,47.1120290002885],[-121.40472800039632,47.11053199996828],[-121.40432300034037,47.10863899993],[-121.40280799969855,47.10643799996414],[-121.39954100038504,47.105148000232866],[-121.39904000006962,47.10396699997635],[-121.39976099959475,47.10171599978583],[-121.40302000030896,47.09899899985606],[-121.40252599966624,47.0980129998812],[-121.39855999967058,47.09592200027012],[-121.39567199957547,47.09485299979862],[-121.39376900039275,47.09243200014709],[-121.39104500032916,47.09212000022624],[-121.38689799968526,47.0943439999777],[-121.38341000043881,47.095075000286215],[-121.38201399962269,47.092746999900655],[-121.37970300001095,47.090367999983165],[-121.37689299973366,47.089875000043804],[-121.37676899988507,47.088700999962576],[-121.37968200009458,47.08749500024175],[-121.37818900009236,47.08369600020518],[-121.37627400031577,47.08147400022134],[-121.36985299987003,47.07880099989251],[-121.36723500011166,47.07702500000616],[-121.36609699993672,47.07539299985505],[-121.36626299961804,47.0736969997236],[-121.36313600004662,47.07120899972363],[-121.35923600017327,47.07073999986276],[-121.3562819999559,47.07197000018741],[-121.35155100005417,47.076379000174875],[-121.34713599962167,47.07873900007247],[-121.34242099961348,47.07895700024533],[-121.3413310000174,47.07935299998375],[-121.33792599971335,47.07770200019315],[-121.33567299982793,47.07584299973025],[-121.32780000028623,47.07517499978358],[-121.32624500035973,47.076377000288254],[-121.32190400044539,47.07569799987272],[-121.31847499985187,47.075562999819454],[-121.31737000018718,47.076059999872676],[-121.31125900026116,47.076915000122206],[-121.30875199993258,47.078645999901305],[-121.30658199988783,47.08222799993535],[-121.30443199993461,47.08313600008931],[-121.30137499978507,47.085187999964255],[-121.29672800044729,47.08611299973335],[-121.29431099963203,47.08575300028425],[-121.29079099970025,47.086092000168755],[-121.28429499980977,47.08824600028935],[-121.28101000005461,47.08875000020368],[-121.27735899970327,47.086902999885424],[-121.27629000002356,47.08687300016332],[-121.27406399990237,47.08527800009169],[-121.27205399969122,47.08456099999483],[-121.26831000035175,47.08461400014122],[-121.26406499979853,47.082810999709245],[-121.26101299967186,47.082698999886865],[-121.25926199992682,47.08207899975645],[-121.25652399961952,47.0820130001188],[-121.25637999967948,47.0795320000366],[-121.25510599996038,47.079102999997076],[-121.25182799987793,47.07634299975693],[-121.24828399965668,47.075431999880415],[-121.2448099997556,47.073512000275954],[-121.24035699968827,47.07336300019441],[-121.23773300008212,47.072262000258455],[-121.23391100002652,47.06952599983724],[-121.23203200023494,47.068878999875665],[-121.23038000022407,47.06717200011923],[-121.22880900040407,47.06648599991707],[-121.22447699981223,47.065755999926466],[-121.22240600040003,47.066851000140716],[-121.22079600022194,47.065882999837626],[-121.21830899998483,47.06536400009433],[-121.21814599977819,47.061926000190944],[-121.21496700032824,47.06030800005513],[-121.21500499996307,47.05834000022508],[-121.212561000282,47.0555739997988],[-121.2109510001039,47.05521200019285],[-121.21015900043366,47.053500000065796],[-121.20722799978252,47.05275499976617],[-121.20537099973222,47.050951000295456],[-121.20029900024701,47.05080499992878],[-121.1990389998733,47.05018800002372],[-121.20063900000562,47.04919299985019],[-121.19822999958629,47.047510000221976],[-121.19624399966459,47.04685200028494],[-121.19464400043059,47.045620000248356],[-121.19435400000235,47.044001999930416],[-121.19085800035998,47.04259799976918],[-121.1892809997939,47.042516999797996],[-121.18549200024857,47.04456800010575],[-121.18348299986232,47.044597999772236],[-121.18173100029234,47.04437400026348],[-121.18112700004478,47.04289600010111],[-121.17885300024298,47.041627000245505],[-121.17898100028951,47.040048000235636],[-121.1738059999738,47.03808899974995],[-121.17219099977287,47.0378220002823],[-121.16851500020543,47.0356730002139],[-121.16556900038401,47.035496000000606],[-121.16359199978481,47.033203000034455],[-121.16047899955879,47.03148399974556],[-121.1592550000684,47.02910299995399],[-121.15345299993889,47.02650800024166],[-121.15185600017962,47.026871999839884],[-121.14792000032122,47.024899000149446],[-121.14753700000657,47.02338700000346],[-121.1432239996813,47.02198600010722],[-121.14227800002526,47.02000599991999],[-121.14049600031805,47.01870399970729],[-121.13883799956109,47.018682999917814],[-121.13576500041637,47.01723299987714],[-121.13402600036687,47.01533299996927],[-121.13318899959246,47.01192400029082],[-121.13109700026386,47.00964299981653],[-121.12892300002116,47.009170999702484],[-121.1269970003739,47.00690699993385],[-121.12689500026667,47.00505400007822],[-121.12283700020953,47.00323500027072],[-121.12240799986412,47.001751999924394],[-121.12371500009348,47.00006299975085],[-121.12347700044212,46.998968999917786],[-121.12200100015836,46.99921999995329],[-121.12082199997549,46.998208999720745],[-121.11719400008867,46.997238999993975],[-121.11460599956922,46.997289000271344],[-121.11265700035574,46.99541600029159],[-121.11110200042926,46.995113999792906],[-121.10596499974835,46.995724999777806],[-121.10202700024014,46.993442999962824],[-121.1008139997221,46.99102299986898],[-121.09005399991017,46.99100700028664],[-121.08995699982579,46.969294999735176],[-121.08469700001959,46.96925699975598],[-121.08474700024827,46.96572400003559],[-121.07939899968022,46.96562999969901],[-121.07941299992395,46.9620650002005],[-121.07416200033856,46.962019999786584],[-121.07411200010984,46.958432999880564],[-121.07012199982476,46.95845200003942],[-121.06884999975551,46.95846500014425],[-121.06877899961037,46.95129700025479],[-121.06881499959538,46.94757600026684],[-121.06353800007074,46.94753200014452],[-121.06353600042094,46.943955000192766],[-121.05826300019592,46.943904000040554],[-121.05826099964779,46.93669100013074],[-121.05297200042759,46.936673000021614],[-121.05298699959785,46.93302500025129],[-121.04246299978749,46.93302100015817],[-121.04244199987109,46.92214000021933],[-121.03716799982118,46.922149999722194],[-121.03716000032357,46.91856899999962],[-121.03185699996133,46.918534000005764],[-121.03186600018218,46.91489099975612],[-121.02659200013224,46.914926999882795],[-121.02661999972135,46.91130799973692],[-121.00788500026046,46.9112729999097],[-120.81429100026614,46.91097299975192],[-120.80504799984755,46.91128799975081],[-120.79732400026874,46.91132500011814],[-120.65560799988478,46.91175399975914],[-120.63456199991387,46.91213000001227],[-120.63336900038563,46.905527000247375],[-120.6338880002444,46.869337999776704],[-120.6339810001308,46.82577600014235],[-120.62514899961594,46.825790999923846],[-120.61839499998264,46.8258069997271],[-120.50860499993045,46.82486200006863],[-120.5086019995574,46.78095100019502],[-120.51000000002337,46.7379460000512],[-120.4504489999895,46.737592999880626],[-120.38564499982212,46.737534999887906],[-120.38216699972313,46.737527999916395],[-120.00152200037894,46.737517999867634],[-119.98006200013123,46.73703200006265],[-119.97303599961303,46.737125999940936],[-119.9715200000446,46.74269600021561],[-119.9706539998562,46.74729400016779],[-119.97079799979623,46.752736000191774],[-119.96997500016386,46.754972999976985],[-119.96637099966814,46.75862200028471],[-119.9597419997083,46.76321699995272],[-119.95113900042061,46.767776999787536],[-119.94784100024667,46.770243000290414],[-119.94305400026848,46.77470200022057],[-119.94007599976165,46.77869899997333],[-119.9386070000489,46.78183499972311],[-119.93367000028287,46.788443000203124],[-119.92861200014302,46.79632299972474],[-119.92785999975744,46.797496000143674],[-119.92743600033323,46.7984450001612],[-119.92560500022222,46.811431000250586],[-119.92623100021112,46.81417800008015],[-119.92753699971726,46.81709200007795],[-119.93363199974974,46.82471400018052],[-119.93783700011996,46.828583000142835],[-119.944020000016,46.835520999879954],[-119.95229500013893,46.842669999757334],[-119.95828100039145,46.84951900018588],[-119.96274699997927,46.85406200006846],[-119.9638759999334,46.85561600015459],[-119.96494299996328,46.858804000258104],[-119.96495300000899,46.86890600023031],[-119.96566900040959,46.87703900028612],[-119.96548899958621,46.881045000040224],[-119.96579800028103,46.889286000296195],[-119.96510199997195,46.89320199981507],[-119.96514899982758,46.89651799983595],[-119.96419700032378,46.90743799997157],[-119.96411600013293,46.91309700024419],[-119.96319100039331,46.91881699972198],[-119.96341700034911,46.92115899991237],[-119.96397499966763,46.92431100017266],[-119.96533299995062,46.92744400014025],[-119.96542300036229,46.929374999932826],[-119.96468000019755,46.93113400006433],[-119.96412199998072,46.934975999771716],[-119.96498599962096,46.93679099980889],[-119.96580400012878,46.94328299977285],[-119.96961299976562,46.9474579997179],[-119.9735419999513,46.95404799981725],[-119.97839099985379,46.961059000168],[-119.98282100035492,46.9661550002594],[-119.98607000012505,46.97098799983583],[-119.99052599966714,46.977274999733645],[-119.99285800009358,46.98052000026539],[-119.99491400033548,46.98502599992572],[-119.99683699960968,46.98697199976938],[-119.99817899999915,46.989704000182165],[-120.00112200034586,46.993640999755286],[-120.00214300034496,46.99732000006452],[-120.00246499966191,47.001152999949014],[-120.00126499956266,47.00535300029875],[-120.00136500002012,47.00815300004145],[-120.00186499961231,47.01015299977802],[-120.00506499987696,47.01455299981383],[-120.00576500038402,47.016252999830996],[-120.00586499994313,47.02115300025259],[-120.00626499997621,47.02495300021557],[-120.0072650000589,47.0285529997968],[-120.0072650000589,47.03365299972972],[-120.00926500022433,47.0372530002772],[-120.0111649999323,47.039353000064494],[-120.02086500028541,47.04635299987086],[-120.02466600042459,47.04865300020719],[-120.03296599976356,47.05425300017044],[-120.03756600014403,47.058853000013],[-120.0389660002598,47.06085300005259],[-120.04186600005049,47.06705299994287],[-120.0428660001332,47.07345300010874],[-120.04226600008357,47.07625299982918],[-120.04046599993471,47.081253000086456],[-120.0384659997693,47.085153000077504],[-120.03766599970314,47.0874529997473],[-120.03446600033676,47.0935530001784],[-120.02756600021527,47.1052530001497],[-120.02606599964206,47.106853000220205],[-120.0188659999449,47.11035300015297],[-120.01196599982339,47.11185299997776],[-120.01026600013192,47.113553000188595],[-120.00906600003267,47.117252999704036],[-120.00206499962886,47.12615300028789],[-120.00146499957923,47.12755300007562],[-119.9999630002545,47.136733999991385],[-120.00057699964951,47.14362200006787],[-120.00106500044447,47.145477000273196],[-120.00544599964347,47.15301200021528],[-120.00776100035148,47.15539400007827],[-120.00968899964855,47.15854699979682],[-120.01058499997418,47.161274999939096],[-120.01115200041183,47.16744699986658],[-120.01048600023996,47.172266000294755],[-120.00903300042073,47.17502600002052],[-120.00417500029742,47.18266099977409],[-120.00369200042368,47.184380999923356],[-120.00448300026898,47.18962800017877],[-120.0054890001995,47.193782000030964],[-120.00591400034692,47.19734299975452],[-120.00557000039035,47.20272000012683],[-120.00300199996235,47.20752699997545],[-120.00243799989775,47.20998699988897],[-120.00263100024158,47.21226699997098],[-120.00393799957264,47.21603600013991],[-120.00707400026322,47.22013299983244],[-120.01190700027217,47.22406200027019],[-120.01599399974329,47.22614300006238],[-120.01908799970273,47.22664500007866],[-120.03158999993721,47.22659000013987],[-120.03969600000578,47.225630000224974],[-120.0438229996599,47.22587199976319],[-120.0471540003441,47.22552000001416],[-120.05184400023794,47.22445200006571],[-120.05591999983838,47.224044999899405],[-120.06141999984413,47.22387899983229],[-120.06810300023066,47.22405700008993],[-120.07286300044467,47.22478399975197],[-120.07596900009969,47.22589800029322],[-120.0775940003464,47.22698100010711],[-120.08003300000459,47.23017400009127],[-120.08401200041904,47.23394200007516],[-120.08852400003764,47.23723899979772],[-120.09028800020147,47.23924100026243],[-120.09220899982584,47.24233200029814],[-120.09357700015461,47.246595999978794],[-120.09578800020721,47.25191799987119],[-120.0963229999595,47.254614000183],[-120.09506299958579,47.25840099991222],[-120.09446000006143,47.262159000273655],[-120.25938599971494,47.26183000006468],[-120.280546000387,47.26112000022935],[-120.3025749998239,47.26112199987819],[-120.3891970004393,47.26093500007382],[-120.3913030000116,47.26295199988795],[-120.39288100040261,47.263308000077416],[-120.39517699994573,47.265409999908755],[-120.39595500027058,47.26714499996457],[-120.39778600038157,47.2688439998439],[-120.3997809996258,47.26950999979808],[-120.40133700027552,47.270986999697584],[-120.40616600008653,47.274095000235775],[-120.40821999978029,47.2739180000305],[-120.41475099983084,47.274153999766305],[-120.41813600004343,47.27518700018552],[-120.42129399957697,47.27514899987363],[-120.4244210000467,47.27439099985188],[-120.42679399958271,47.27439499997538],[-120.4335439999164,47.278784999863504],[-120.43532200032398,47.28146099990721],[-120.44124900012693,47.2848310001711],[-120.44196899982714,47.285858000145154],[-120.44722799980845,47.28872299973301],[-120.4491669998745,47.292192999834405],[-120.44934199977668,47.294147999854964],[-120.45384500007275,47.29712299983086],[-120.45610399980593,47.29812699997127],[-120.4598959997243,47.300305000257616],[-120.46246199960413,47.3001150002971],[-120.4651980002616,47.301072999841104],[-120.467739999852,47.30338300012905],[-120.47039600014354,47.30397399991502],[-120.4725350002261,47.30541999993916],[-120.47467900033158,47.30601400007376],[-120.47618999987714,47.307138999894704],[-120.47790899983515,47.307268000163226],[-120.48066899988375,47.305564999735665],[-120.48124200016919,47.304680000223456],[-120.48187800020384,47.30568299981001],[-120.4843040003416,47.30722699984287],[-120.48740800034678,47.307222000202756],[-120.48837499991922,47.307793000147186],[-120.48765299967084,47.311084000267066],[-120.49385200035871,47.3155419998099],[-120.49608199977959,47.316043999720044],[-120.49758499982751,47.31758199990847],[-120.50016999997393,47.31695499987241],[-120.50221000032232,47.31771400018604],[-120.50885000015283,47.31792900007052],[-120.51154300025429,47.3193689999003],[-120.51532900032485,47.32014800001295],[-120.51650299958655,47.32172200006873],[-120.51917300012177,47.32580099981459],[-120.5194359998875,47.32766500000472],[-120.52350599964022,47.33068999985301],[-120.52146199999217,47.331932000026256],[-120.52466899992955,47.33330199996123],[-120.52909699988253,47.333887000203994],[-120.53050000037136,47.33432800008366],[-120.53013899979801,47.332638000075995],[-120.53196099968821,47.32915599972804],[-120.53028500028621,47.32574299986475],[-120.53057700036426,47.32119000025659],[-120.52861200035893,47.31864399993714],[-120.52818399983846,47.316661000282906],[-120.53151499962435,47.3153670000668],[-120.53570199955296,47.31480700003957],[-120.53994200008329,47.31351099999514],[-120.545217999783,47.312634000086064],[-120.54761999963132,47.31185899976836],[-120.5473500001929,47.30754199997238],[-120.55328399966858,47.30875200018571],[-120.55656400029918,47.306894000118646],[-120.5572770003267,47.30656700001073],[-120.56194499958089,47.307500999864544],[-120.56581600004027,47.30878799983117],[-120.56776099995413,47.31003400016261],[-120.57031799961314,47.310837000298044],[-120.57009699968019,47.31459100020928],[-120.56850999996666,47.31573099973409],[-120.56872300040199,47.318589999872735],[-120.56968599977645,47.32121899999864],[-120.5719350003622,47.323499000239075],[-120.57492999968913,47.3254750002145],[-120.57690599956511,47.32625500022401],[-120.57660299961638,47.32903100016949],[-120.57875799959251,47.33218300003601],[-120.57821199996955,47.33670400022024],[-120.57897100002785,47.337380999801155],[-120.58443699969837,47.338269999745755],[-120.58594999979206,47.338078000114244],[-120.58851300019717,47.33932599984936],[-120.59120799994847,47.33991999994758],[-120.59571999956704,47.339590999938935],[-120.5987230001882,47.34091800020055],[-120.6030320003155,47.33908700000382],[-120.60658900005726,47.33936499987938],[-120.60845000030547,47.342158000030125],[-120.61524699959651,47.344368999944784],[-120.61677999978168,47.34527999981164],[-120.61912499972858,47.3453959999538],[-120.62174300038528,47.34357500015982],[-120.62424800016578,47.34364000003524],[-120.62718300011655,47.34213699995783],[-120.62921500006901,47.34252800022336],[-120.63098199970761,47.34179999997413],[-120.63346200027203,47.341900999817454],[-120.63681499979924,47.34345499989865],[-120.64260500023319,47.34361099981976],[-120.64936499971432,47.34187299998874],[-120.65523499961587,47.342211000233384],[-120.65790099995317,47.34420699995569],[-120.66444799989726,47.343339999848894],[-120.6670349996935,47.34507499988687],[-120.6695210001057,47.34559899974134],[-120.6733780003214,47.348154999796485],[-120.67458400026844,47.35016000028138],[-120.67698399956859,47.35144199976077],[-120.67980300006677,47.34955599996927],[-120.68193299992853,47.35041399995826],[-120.68249500034331,47.35237899978268],[-120.68678900040199,47.35518399999427],[-120.6910509997753,47.357126999879334],[-120.69207199977443,47.35976900016513],[-120.69327100004875,47.36135000005103],[-120.7005040002562,47.36531100030059],[-120.70230100003202,47.36564300026649],[-120.7083409998129,47.36529200028329],[-120.71017500029696,47.36593600012799],[-120.71123899995378,47.367554999806615],[-120.71847399981104,47.36886700010569],[-120.72136299973107,47.37043199987439],[-120.72290000011421,47.372446999918274],[-120.72325199956842,47.37468800028047],[-120.72442099970553,47.37733399977414],[-120.7272569999221,47.38083300014559],[-120.72681300040638,47.38371200016867],[-120.72788700010896,47.38447300007452],[-120.7263980003047,47.3873910000114],[-120.72871899996215,47.389671000138954],[-120.7315080003231,47.39099200003488],[-120.73266599969124,47.3927799997798],[-120.73465199961294,47.39380299996149],[-120.74004899968648,47.39327499995422],[-120.74402999975072,47.39413299986415],[-120.74740900011554,47.39376199991776],[-120.754305999864,47.395489999955124],[-120.75709199985188,47.39771099975929],[-120.76018699963625,47.39754599971622],[-120.76513799964594,47.398344000238815],[-120.76879999986798,47.39967900020549],[-120.77303399965223,47.39901699978729],[-120.77534199978922,47.399965000210464],[-120.78218599983421,47.39940699972139],[-120.7837890003396,47.39993599994052],[-120.78541600023608,47.401552999953104],[-120.78694799969806,47.404638999807865],[-120.7917029998892,47.406642000176404],[-120.79359900029752,47.408495999950716],[-120.79456400022015,47.41414399977182],[-120.7992509997409,47.41724599972979],[-120.8025330000213,47.42262600028903],[-120.8033299997144,47.42304900000797],[-120.80585100028675,47.42128300030336],[-120.80960499967198,47.42011399982815],[-120.81359400013214,47.419692000096816],[-120.81621400043865,47.42057800015406],[-120.81833400025467,47.42062699999037],[-120.82271399962877,47.422154999835705],[-120.82888099963128,47.4237700001391],[-120.83089599986529,47.42251700028919],[-120.83373799992965,47.41986399971006],[-120.83681299962254,47.41810699980979],[-120.83747600031967,47.41497600022816],[-120.84121499963625,47.41248900017027],[-120.84358600042074,47.411650999828495],[-120.84638300027929,47.412852000210314],[-120.84960399956199,47.4136469999524],[-120.85274799975018,47.41556899978635],[-120.85455600029496,47.41617999995197],[-120.8585709997961,47.41937000000281],[-120.86185499972632,47.420576999697964],[-120.86661099974236,47.41814900025412],[-120.86691600023921,47.41698899995175],[-120.86872899990857,47.415910000047646],[-120.87191699957935,47.415289000302295],[-120.87629799967665,47.417645000005145],[-120.87881300040121,47.419988999917514],[-120.88479299990765,47.42247799972699],[-120.88721400002252,47.425294000283074],[-120.89157099983042,47.42774899974283],[-120.89269200028693,47.426680999835376],[-120.89479100018656,47.42606500004331],[-120.8982519996688,47.42618899976406],[-120.90169700015585,47.426985000248976],[-120.90477600004668,47.42641600020159],[-120.90706200044235,47.42524799981505],[-120.9083539997048,47.42536599987794],[-120.91343399958595,47.42812500014057],[-120.91800499965409,47.429416000226325],[-120.91943599973202,47.430732999800775],[-120.92418300042554,47.43351600027944],[-120.92446100025991,47.43757700021622],[-120.92382400040033,47.441915999845904],[-120.92476199966048,47.442952000077625],[-120.92287500037126,47.44854100008024],[-120.92577400033706,47.44931800014333],[-120.9294540001024,47.451876999923854],[-120.93074299989013,47.45322500021482],[-120.93063199956204,47.457744000115945],[-120.93351299998449,47.45932799996179],[-120.94104499994266,47.45978299973453],[-120.9426190001357,47.46035999978893],[-120.94819000028653,47.46099400004145],[-120.95203599973325,47.46181999988897],[-120.95282999995163,47.46288199988448],[-120.95207599991623,47.463687000174325],[-120.95147599986662,47.46717400024289],[-120.94898199995677,47.47015899980921],[-120.94649399989474,47.47252300019003],[-120.95015899959151,47.475041000151755],[-120.95048500000472,47.47595300004767],[-120.95476999984258,47.47711600001308],[-120.9569659998266,47.48003499976706],[-120.95904399980982,47.481582999867015],[-120.95821600015455,47.48327399987313],[-120.95906100042653,47.48443799972998],[-120.96127199958084,47.484586000245976],[-120.9684649996053,47.48815199977063],[-120.9726740001735,47.48840700029413],[-120.97604299959427,47.489979999811794],[-120.9788920002296,47.490246000117764],[-120.98315899962584,47.4928880002494],[-120.98974199955492,47.499838000137515],[-120.99139699993884,47.50093700001113],[-120.99192300036864,47.50262999981426],[-120.99490299962693,47.504777000008886],[-120.99459899985334,47.50721299972275],[-120.99211599981415,47.50900099997394],[-120.99129400000668,47.5111080001673],[-120.99387999997802,47.514554999754424],[-120.99601599968754,47.51580600029535],[-120.99657800010235,47.51854500001318],[-121.00289599971757,47.519673999767754],[-121.00699999980547,47.521177000032885],[-121.01038699966789,47.521696000144324],[-121.01399000033867,47.521486999973554],[-121.01923599990116,47.52235999977149],[-121.02139400025034,47.523478999777005],[-121.02345799998986,47.52375899976694],[-121.02513199974203,47.52537100008559],[-121.02581999965518,47.528878000132565],[-121.02951399966425,47.53033300002932],[-121.03082099989363,47.53155099983809],[-121.03711000009486,47.53399099997822],[-121.04037499975851,47.53559999973973],[-121.04270600036006,47.535008000223286],[-121.04565999967909,47.53525100008354],[-121.04708599973414,47.534111000108524],[-121.04857000041385,47.535638000029564],[-121.05317599974376,47.53812900005078],[-121.05410399985644,47.53813699976015],[-121.05894899956097,47.542291000079466],[-121.06062599968618,47.5420549998524],[-121.05996100023752,47.54347899993923],[-121.06116499963645,47.54565699989564],[-121.06475200041369,47.54714800002213],[-121.06567799997825,47.54847600008465],[-121.07093399958647,47.55095299994235],[-121.07523000019332,47.5511009996989],[-121.07642199989664,47.55392400008815],[-121.0777070003847,47.555388999929136],[-121.07869800024658,47.55926000017309],[-121.08163700039533,47.5611739998589],[-121.0817610002439,47.5619229997653],[-121.08779900037494,47.56653000014801],[-121.0901049999638,47.569835999746886],[-121.08923600030066,47.57210499998735],[-121.08587700002735,47.57404900007741],[-121.08737400022751,47.57440000011249],[-121.08822699999713,47.576580000205894],[-121.08966399992285,47.57733700019806],[-121.09107400008436,47.579206999951154],[-121.09068099972397,47.58099000008769],[-121.09225200044233,47.58175099980404],[-121.09210599995413,47.58515400005103],[-121.09419200033325,47.586834999990046],[-121.09620599984406,47.58939700002443],[-121.10024700018275,47.59048999985519],[-121.10352600009014,47.58953100008727],[-121.1050729996207,47.589865999955094],[-121.10799599987593,47.59226100021278],[-121.11038000018088,47.59256700008036],[-121.11071499991664,47.59473999979639],[-121.11356899967656,47.5972880000664],[-121.11581999991218,47.597873999946884],[-121.11688199991914,47.59730599983998],[-121.11853399993001,47.59567000024063],[-121.11926500039918,47.59187199987889],[-121.12012700038964,47.591317999724325],[-121.12333799962664,47.59215000009774],[-121.12614000040635,47.59243299991509],[-121.12969999962282,47.59331400017078],[-121.13430800039917,47.59540800005121],[-121.13720499981682,47.595724000001034],[-121.13897700037657,47.59543900009814],[-121.1410760002762,47.593961999772404],[-121.14163100011997,47.59212199997696],[-121.14396199982318,47.592236000201964],[-121.14552500014558,47.593251999964046],[-121.14833299987478,47.593652000025486],[-121.15101299955745,47.59538699975495],[-121.15473199968085,47.59506799969933],[-121.15573500013662,47.59380099990441],[-121.16058099966604,47.59274699984373],[-121.16391900002294,47.5926050002637],[-121.16713199980809,47.591627999969205],[-121.16848500006823,47.59053200012881],[-121.17225000022239,47.5900540001877],[-121.17075499967204,47.586005999748835],[-121.17177700039439,47.5840880000937],[-121.17298499999123,47.58338400014152],[-121.17215800016089,47.5807110001413],[-121.16990399955225,47.57919700012037],[-121.17083900023594,47.5759860000492],[-121.17239499998735,47.57369400024564],[-121.17510099960928,47.57237099983438],[-121.17694400031415,47.56974200007619],[-121.17657699989304,47.56693199974604],[-121.18014200003068,47.56492400026707],[-121.18220400012038,47.56518400004738],[-121.1842240003773,47.56674599970941],[-121.1860639998108,47.56723099976976],[-121.18830599982554,47.56873100005146],[-121.19460300042269,47.56614899980271],[-121.19836100000587,47.56644300013196],[-121.20417800020401,47.566325000276386],[-121.2086289997232,47.56597400006441],[-121.20995199984611,47.56719299995468],[-121.21294700007134,47.56882100008421],[-121.2146540003338,47.56883100007833],[-121.21703899956537,47.569751999894414],[-121.22133900037015,47.567815000255216],[-121.22462199957718,47.567231999860226],[-121.22889999974234,47.56560299992208],[-121.23010400003956,47.5631419999729],[-121.2319100000362,47.56245000000202],[-121.23305999990673,47.56044200026279],[-121.23212000009849,47.55870300026675],[-121.23250000004008,47.55714100023477],[-121.23394299981358,47.55634800009424],[-121.23418999968578,47.55205799997325],[-121.23336200003054,47.55056700006917],[-121.23556499968723,47.54811800018256],[-121.23432899960295,47.546655999832694],[-121.235393999983,47.54464899987433],[-121.24065100031446,47.54392200009663],[-121.24333799966982,47.543041000012515],[-121.24303800009416,47.54038500011509],[-121.24153000002335,47.53906400019341],[-121.2429290003142,47.53835500001251],[-121.2428709996896,47.535875000114245],[-121.24553000035415,47.53572099991239],[-121.25160000027229,47.53204500017789],[-121.25479499961575,47.53389700028073],[-121.25719499981425,47.53154100000662],[-121.25706699976772,47.52909700027131],[-121.26065700001973,47.52663599992642],[-121.26060699979102,47.52505199987187],[-121.26178699979876,47.52384499997515],[-121.26336299964167,47.52342399979833],[-121.27016400002896,47.52351199997915],[-121.27250599960281,47.5228910000291],[-121.27891399962975,47.52297600011851],[-121.28105100006249,47.520174000214006],[-121.28369300011033,47.5187569997842],[-121.28553400026708,47.51703400029001],[-121.28528400002182,47.51608599998163],[-121.28331700036668,47.51511500006283],[-121.28535699981677,47.51360299995503],[-121.28741600043172,47.51313699995456],[-121.2919499997916,47.51355100024864],[-121.29130600025937,47.51173099990595],[-121.28910199987946,47.51106499995631],[-121.28858200019577,47.50872100010441],[-121.28991899966405,47.507710999952394],[-121.29063800043768,47.504853999778774],[-121.29220400023482,47.503311999719564],[-121.29253899997059,47.50183400001325],[-121.29657100008846,47.49985399970484],[-121.30036499965664,47.49581399996301],[-121.30155800008319,47.49256600012439],[-121.30112700008794,47.491602000075396],[-121.30255700034097,47.48834699988955],[-121.30313499975097,47.48602299999177],[-121.30665800005582,47.48500399986157],[-121.3084869996187,47.483334000001825],[-121.31109900042762,47.48297900001445],[-121.31153999957026,47.47959500015994],[-121.31407500038628,47.477943000289606],[-121.31502199986723,47.47800699971405],[-121.3163640002567,47.47974600017135],[-121.31968400017196,47.47884699996033],[-121.32461199971713,47.479396999893495],[-121.32536099972967,47.47796500029027],[-121.32905700028688,47.475972000244006],[-121.33199100041276,47.47368899972402],[-121.33463900030837,47.474454999981674],[-121.33552300004011,47.47543599996137],[-121.33680699980495,47.47524900007266],[-121.33870599968803,47.47637699975947],[-121.34150000007182,47.47472400007539],[-121.3434559998563,47.47037399983227],[-121.34667500038753,47.46750199977387],[-121.34799199976432,47.465323999889655],[-121.35152299956678,47.46450899991569],[-121.35888200017092,47.465428000053194],[-121.36401099955756,47.4647250001976],[-121.36470000019395,47.463514999842],[-121.37066999965465,47.46041599995811],[-121.3748919997433,47.45641000014763],[-121.37911999967977,47.454411000142336],[-121.37857499988172,47.45225600000457],[-121.3789809997626,47.450718999722675],[-121.38179799971259,47.447772000202804],[-121.38420200010906,47.446222999869974],[-121.38528699968226,47.44491299970521],[-121.38473299966338,47.44285500003432],[-121.3815159996803,47.4386529998764],[-121.38510799958212,47.434489999727376],[-121.38747699981849,47.43362300017875],[-121.38963400034272,47.43417100019967],[-121.39315099990148,47.43361199971073],[-121.39662399997759,47.43195399999172],[-121.40049999956156,47.43217700014652],[-121.40308700025612,47.431245999791514],[-121.40827500009229,47.42809299984923],[-121.41087799978206,47.42453900018756],[-121.41110100026314,47.42338200026646],[-121.4203200003923,47.42229399992646],[-121.42360500014743,47.42218000015018],[-121.42744800011943,47.420617000300375],[-121.42844300017926,47.41636399984547],[-121.42445500044234,47.41586699970324],[-121.42230200011602,47.41270800012711],[-121.42281699977684,47.411016999928435],[-121.4220950004268,47.40877899990172],[-121.42309999963405,47.40557299995691],[-121.42533099977817,47.40443100022672],[-121.42756399957206,47.40254299986199],[-121.42990900041728,47.403352999768224],[-121.4323110002656,47.40130299987757],[-121.43357699958877,47.39901800004495],[-121.43040399998661,47.39785100020138],[-121.42747499988361,47.395854999816265],[-121.4273180004231,47.39296399993666],[-121.42650400011323,47.392387000119065],[-121.42621200003518,47.389591999765315],[-121.42976499957894,47.387123000065685],[-121.43542000029369,47.386714000236196],[-121.44045800034203,47.38582799973721],[-121.44120399998152,47.38440700008295],[-121.44140599964788,47.380315999812225],[-121.44024999992956,47.37787600020561],[-121.44012100005814,47.37489800007945],[-121.4377879998068,47.37196700004406],[-121.44112500033879,47.37193500030271],[-121.44226799963835,47.37325700010337],[-121.44495099969402,47.373783000240685],[-121.448649999726,47.37318700011287],[-121.45240599965932,47.371864999774154],[-121.45400999998962,47.37183899974538],[-121.4592689999709,47.37307100021944],[-121.46076600017106,47.37264299985276],[-121.46240800013621,47.37070600001082],[-121.46395100036712,47.37057800030189],[-121.4659509996342,47.367976999879474]]]}},
    {"type":"Feature","id":"53039","properties":{"STATE":"53","COUNTY":"039","GEOID":"53039","NAME":"Klickitat County"},"geometry":{"type":"Polygon","coordinates":[[[-121.61255799975342,45.89886500017418],[-121.61250199967694,45.87041500027601],[-121.60861799969706,45.87035699991413],[-121.60849700022158,45.8581339998891],[-121.60845299984062,45.842611000218085],[-121.6092460002341,45.782519000227495],[-121.51739099957666,45.78198899988368],[-121.51438000035621,45.78211399996961],[-121.51561600044049,45.78004799974478],[-121.51705300036619,45.77883500002604],[-121.51970499956144,45.77789100020883],[-121.5283549996031,45.77737799994947],[-121.52937599960222,45.77682300025651],[-121.53072100036472,45.774140000206735],[-121.53247299993468,45.7730980002627],[-121.53600399973716,45.77250100010488],[-121.53808300044359,45.77092900003507],[-121.53838800004212,45.76595100015185],[-121.5367610001456,45.76337600031204],[-121.53678000041218,45.760635000061335],[-121.5344560003817,45.76033200004016],[-121.53284700002851,45.75910200000955],[-121.53127600020849,45.755706999863875],[-121.52901599975209,45.75469999987221],[-121.52644800022243,45.75081400021838],[-121.52523300005456,45.749736000214305],[-121.52150700025844,45.747643999973725],[-121.5228260001834,45.747204999687554],[-121.52501100029671,45.744034000190965],[-121.52411900016905,45.74085300020428],[-121.52303299987263,45.739091999839765],[-121.52276199971098,45.735488999862476],[-121.52150999973318,45.731943999882034],[-121.52368585320029,45.724902102070686],[-121.52239199981511,45.72467700024907],[-121.51108796050417,45.722813504172436],[-121.49915300023324,45.72084600000905],[-121.49468779745106,45.71845018470617],[-121.49468679852447,45.71844964845865],[-121.48367298691552,45.71254016127754],[-121.48148945105612,45.71136857957176],[-121.46706528159073,45.70362925632101],[-121.46284900017716,45.70136699975808],[-121.44122459565604,45.69730343829234],[-121.42359199972864,45.69399000027136],[-121.40173900001884,45.69288700018917],[-121.38345177659112,45.699297717056595],[-121.37257399956059,45.70311099981541],[-121.36547044299232,45.703486139204266],[-121.35126701115182,45.70423622222542],[-121.33777000007773,45.70494899973754],[-121.31219800024452,45.69992499996421],[-121.29445388655945,45.690718747373644],[-121.28732299964699,45.68701899993351],[-121.25118299962244,45.678389999804324],[-121.21577900008997,45.671237999764614],[-121.20480814861286,45.65599825431169],[-121.20036700001904,45.64982900030119],[-121.19663114300931,45.63504565919299],[-121.19523299971122,45.62951299986535],[-121.1961492202156,45.62063196715921],[-121.19655599983412,45.61668900017149],[-121.18384100006263,45.606441000233076],[-121.17047499389969,45.60615426907397],[-121.16785200040663,45.606098000206615],[-121.14553400036642,45.60788599982906],[-121.14056036730312,45.61123627715622],[-121.13948299981655,45.611961999693385],[-121.13195300040651,45.60976200021235],[-121.12922827809744,45.611523444832265],[-121.12379379492033,45.61503666306883],[-121.12323961793336,45.615394920596366],[-121.12220000034998,45.61606700026067],[-121.1200859967885,45.616908823329965],[-121.11705199979845,45.61811699995292],[-121.12006399974214,45.62313400004988],[-121.08493300002114,45.64789299989151],[-121.07145340817871,45.650945131306734],[-121.06436999992397,45.652549000139004],[-121.03358199976715,45.650998000052354],[-121.00744900024235,45.6532169999664],[-120.98347800036636,45.6483439999889],[-120.97797800036065,45.649345000035446],[-120.95307699982386,45.656744999724886],[-120.9439770004187,45.65644499989181],[-120.91587599961723,45.64134500012663],[-120.91579517280121,45.641301219025884],[-120.91347600031708,45.640044999820596],[-120.89557500035919,45.64294500006314],[-120.8856160857783,45.650081578372635],[-120.87004199998573,45.66124199983049],[-120.85567400037844,45.67154499972145],[-120.83614147930325,45.67584348762902],[-120.78887199969549,45.686245999959745],[-120.72417100035857,45.706445999911544],[-120.68937000035045,45.71584699993752],[-120.66886900017755,45.73014700003872],[-120.6535343441543,45.7372486812117],[-120.63496799979471,45.74584700007523],[-120.59116600011568,45.74654700023976],[-120.55946499991477,45.73834799973733],[-120.55331742418367,45.73367596708781],[-120.5219640001325,45.709847999799166],[-120.50586300032352,45.70004799994553],[-120.48236199990251,45.69444900000815],[-120.4530966154062,45.69624071239757],[-120.40396000005677,45.69924900029144],[-120.32905700022646,45.711049999752234],[-120.28865599975519,45.72015000009134],[-120.28215599966678,45.721250000129395],[-120.2114742112043,45.72590358240394],[-120.21075400039999,45.72595099977979],[-120.19110325654182,45.7435045782378],[-120.17045300038613,45.76195099996025],[-120.1413520004003,45.77315199984215],[-120.07015000025174,45.785151999939366],[-120.05507510646592,45.79099608309952],[-120.00114800028516,45.81190200030704],[-119.99950117636692,45.81248171865468],[-119.96574399985434,45.824365000283805],[-119.90891724063256,45.82804080373331],[-119.90746099969178,45.828134999813244],[-119.87614399963046,45.834717999708495],[-119.86827203674457,45.835940714584616],[-119.86767299968895,45.844167000057595],[-119.8678869999492,45.851045000285865],[-119.8675299995738,45.952618000166765],[-119.86714600033257,45.99649699987572],[-119.8671920003633,46.02577500010203],[-119.86582900005747,46.040857999810406],[-119.9900510001893,46.04097400016769],[-120.03153499968563,46.041064999938826],[-120.14613000015767,46.041482000282755],[-120.14725400008892,46.04143700022669],[-120.16502600017537,46.041423000174056],[-120.16756699994085,46.04131899985008],[-120.17671400009996,46.04147999992077],[-120.33107199956218,46.04148699994034],[-120.34025300005649,46.041423000174056],[-120.36641900009155,46.041625999966534],[-120.38676700010356,46.04153300013576],[-120.42832599994298,46.0401690002216],[-120.43880700009565,46.04106099980816],[-120.45228400029848,46.04148500020205],[-120.47983500038072,46.041502000157365],[-120.48995099976209,46.04173900005314],[-120.57312200004266,46.041541999884856],[-120.5929579998686,46.04076399974],[-120.61429300044287,46.04095999999771],[-120.62463999980291,46.04091500014002],[-121.04958100036721,46.04287000021087],[-121.06870900018848,46.04217300004726],[-121.0912029999558,46.042943999847],[-121.11187800020596,46.04420899999385],[-121.23726199990392,46.04470500006964],[-121.24995099973614,46.04463799991851],[-121.2557190004288,46.04488700026536],[-121.416884999951,46.04468299986144],[-121.42552800031997,46.04439899973198],[-121.42719399967622,46.04435099979418],[-121.52232099967,46.044005999715715],[-121.6122320002385,46.044093000193456],[-121.61255799975342,45.89886500017418]]]}},
    {"type":"Feature","id":"53041","properties":{"STATE":"53","COUNTY":"041","GEOID":"53041","NAME":"Lewis County"},"geometry":{"type":"Polygon","coordinates":[[[-123.37095000015796,46.792129000008266],[-123.37270599992593,46.73468699969939],[-123.3704449996446,46.734721000288275],[-123.36897199973387,46.71127699986277],[-123.36785000035076,46.69221900022115],[-123.36496899992831,46.631683999844945],[-123.36483000001114,46.62767099976843],[-123.36540900014437,46.620070000130454],[-123.36461699957582,46.59092399984814],[-123.36558099967351,46.57713199985533],[-123.3650240001799,46.56295500017197],[-123.35950900010558,46.56264399992759],[-123.35892099975153,46.55207300007781],[-123.35837699977839,46.5414140000797],[-123.35846899983989,46.512751999774004],[-123.35809999976894,46.499231999899344],[-123.3584420000757,46.49160299984065],[-123.35765100023038,46.48474999973008],[-123.35819699985335,46.441268000234174],[-123.35790300012545,46.42734700010547],[-123.35833400012066,46.38402500013017],[-123.32106900033997,46.38394800023484],[-123.3175719999744,46.383720999935385],[-123.2798150000991,46.38364099973327],[-123.27524700040401,46.3840140002403],[-123.25906799987891,46.38345800004612],[-123.25398899982267,46.38372399980899],[-123.24409799967387,46.38462499983573],[-123.23932599976428,46.384837999939094],[-123.21795000008046,46.385616999971255],[-123.17650800041692,46.38523499989199],[-123.1551750003908,46.38633700001341],[-123.13945100015034,46.38657399985269],[-123.1344280001706,46.38665000027086],[-123.1142280002966,46.388042999897344],[-122.95510499969919,46.38741300016301],[-122.93257300029707,46.38740700020139],[-122.93223400036334,46.38740600010442],[-122.9027380003673,46.387470000075204],[-122.70245599996358,46.387146999785706],[-122.69805300012494,46.38711099983069],[-122.58007400016355,46.38778099985239],[-122.57390399978802,46.387846000091976],[-122.48952499991059,46.3872819997152],[-122.4298450000053,46.38724800004896],[-122.42730500006472,46.387146000303616],[-122.36370500019454,46.38734499973329],[-122.3636469995699,46.38622700009656],[-122.34567399964203,46.385623000129605],[-122.30223299963798,46.38558400001796],[-122.29068100015581,46.38552800012674],[-122.24096600001917,46.38536100024278],[-122.24099000030861,46.38586399985177],[-122.11429099998534,46.38647999975981],[-122.11446800043568,46.38831500010827],[-122.03213999987899,46.38780999997836],[-121.98990399999707,46.387982000238054],[-121.98989800014928,46.38862600002807],[-121.9714180000582,46.38862600002807],[-121.73131300038985,46.38862700010264],[-121.52232400004303,46.38862700010264],[-121.52232400004303,46.388224000161244],[-121.48671499957283,46.388119000129166],[-121.45943700020038,46.38846600025077],[-121.45654200043259,46.38862700010264],[-121.45363199969783,46.3866119997652],[-121.44911400023148,46.38489200025219],[-121.44723500043989,46.38472900024602],[-121.44570899992742,46.38801999979004],[-121.40267200015441,46.38804399998264],[-121.39981699967124,46.38862700010264],[-121.39655500038064,46.388234999822465],[-121.3961240003854,46.38862700010264],[-121.39575500031445,46.38877300026203],[-121.3954919996504,46.38891499975381],[-121.39466800019314,46.38942800005426],[-121.39375900034702,46.39003999982348],[-121.39373400023266,46.39020400012664],[-121.39385800008121,46.39054100023052],[-121.39385700025629,46.39076599998171],[-121.3929840003952,46.39423800001007],[-121.39150700028654,46.395274999913546],[-121.39172499984642,46.397159999753484],[-121.3899359995682,46.40143899998139],[-121.38857399998557,46.401935000045164],[-121.39087399972662,46.404993999833046],[-121.387352000145,46.40853000024855],[-121.38655700010173,46.41060099988422],[-121.39032100043097,46.414794999858685],[-121.39087100025189,46.416149999731985],[-121.39319199990935,46.417186999972195],[-121.39677799996339,46.42253799999893],[-121.40203399957164,46.42476799988753],[-121.40471400015264,46.429105000170935],[-121.40729799957582,46.429902999875246],[-121.40821599964274,46.433313999721136],[-121.40767599986756,46.43459800008406],[-121.4080499999614,46.43877799984285],[-121.41005400032479,46.441857000059976],[-121.41070500042802,46.44611900028301],[-121.41232099955553,46.44699000011374],[-121.41359699982279,46.45065799981016],[-121.41464399976117,46.45142399997525],[-121.41481600018861,46.45507900001045],[-121.41329300004918,46.45688899980664],[-121.41238099983,46.45980500023931],[-121.41558000026974,46.459800000202414],[-121.41914700005721,46.46257500019293],[-121.42537099996115,46.46408500012229],[-121.42614799956274,46.46684299972553],[-121.42772599995376,46.468010000211315],[-121.42974500038575,46.47098499970819],[-121.43442500023383,46.47435099994429],[-121.43585600031174,46.47590700022379],[-121.4365700001642,46.478213000107345],[-121.43513800026135,46.48039999974385],[-121.43507600033709,46.48222100011557],[-121.4319799998295,46.485011000173586],[-121.43179599970648,46.486659999969305],[-121.4298750000821,46.48767899988666],[-121.4285119997762,46.48956299975657],[-121.42339300043534,46.4914230000916],[-121.4232419999243,46.49274300008463],[-121.42637699989163,46.49495600015059],[-121.42729699960839,46.49698700006665],[-121.42997800001426,46.49839200023301],[-121.43322500013458,46.49836499999976],[-121.43856500030674,46.49995200015036],[-121.44448600026193,46.50092300030473],[-121.44687499969145,46.50253399988369],[-121.45014000025344,46.50352600028354],[-121.45106800036612,46.5059650001696],[-121.45255600034547,46.50656400023879],[-121.45171199989838,46.5090170002689],[-121.45232399964355,46.51044299971165],[-121.45562500019055,46.51326599995574],[-121.45598099984271,46.51672799973558],[-121.45456900003137,46.52040900010473],[-121.45463299960545,46.524078000065465],[-121.45259399998028,46.52572600004893],[-121.45235999962856,46.529192999998955],[-121.45061300008146,46.53063499996778],[-121.45096600025887,46.533894000189974],[-121.44616699968681,46.53529499992027],[-121.44011100001238,46.53601200001448],[-121.43392599956823,46.53933399999255],[-121.43008299959625,46.539162000220834],[-121.42743800007369,46.539999000177716],[-121.42686800016128,46.54122700019475],[-121.41983800034345,46.544749000307],[-121.4166459995764,46.54824000003326],[-121.41721399983896,46.54926100027813],[-121.42083400022818,46.551263999791956],[-121.41940200032536,46.55413300005824],[-121.4164709996742,46.55537700016173],[-121.41270999971798,46.55866799990273],[-121.41447300005693,46.560295000040746],[-121.41596600005914,46.56069300012263],[-121.4214619998669,46.56517499994288],[-121.42147799976041,46.566820999937256],[-121.42315400006072,46.569275000279255],[-121.42460100003218,46.57001000005227],[-121.42222299957498,46.57252899982853],[-121.41925599983716,46.57654999988363],[-121.41720700016626,46.5758320001181],[-121.414652999982,46.57651200025811],[-121.41299299957521,46.57863200015349],[-121.41157300026624,46.58090099980668],[-121.40859099956147,46.58095700023724],[-121.40571099986226,46.582343999786964],[-121.40519899967622,46.585035000261094],[-121.40273699955341,46.588417999764026],[-121.40232099962682,46.59425800014921],[-121.40474500011477,46.59719300002753],[-121.40481399971172,46.598252999794006],[-121.40758899982895,46.60147500013014],[-121.4071279996965,46.6028589997691],[-121.40552300043962,46.60525999986114],[-121.40351300022847,46.606391000302835],[-121.40071200017198,46.60664099975604],[-121.40098699963329,46.609342999885314],[-121.3996810001271,46.61189399971056],[-121.39648300041061,46.61322500019988],[-121.39594000026239,46.61452299993366],[-121.38962000009903,46.61670500024678],[-121.38831100021983,46.617934999715054],[-121.38681800021762,46.620832000304304],[-121.38814800001322,46.62482000007902],[-121.38918499990584,46.6256550000405],[-121.38960199965734,46.62873700023779],[-121.38885699984279,46.630931000164026],[-121.38723400014423,46.63315699997555],[-121.38638300002442,46.63604099971817],[-121.38927500031751,46.6387070000772],[-121.39227100036767,46.639934999708956],[-121.3961450003018,46.640180000250794],[-121.39797899988756,46.64179400020898],[-121.39711400042236,46.64354300016351],[-121.39518899970173,46.64582499984412],[-121.39603099960068,46.64641499995363],[-121.40072899989042,46.64614000013882],[-121.40288999971429,46.647294000067944],[-121.40496299967465,46.647409000084295],[-121.40833299981861,46.648438000138235],[-121.41192600044366,46.64821400013624],[-121.41374099976282,46.64871400021946],[-121.4165190002531,46.651923000033506],[-121.41679000041475,46.65502000008622],[-121.41646800019946,46.65952100006788],[-121.41463999956319,46.663115999787244],[-121.41153200025836,46.665640999820816],[-121.41227600024803,46.66841500002972],[-121.41177300028278,46.67240499973436],[-121.4131619996296,46.67449599980283],[-121.41321699988117,46.675868000085686],[-121.41146899961086,46.67732799987984],[-121.40890500027915,46.680558999740576],[-121.40834899971213,46.68280099970469],[-121.40881099966951,46.68347899973261],[-121.40366100036648,46.68456500004974],[-121.4010879999156,46.685843000079444],[-121.39894899983302,46.68808000015386],[-121.39518899970173,46.6872269998174],[-121.39195699965002,46.687423000267486],[-121.38940699966368,46.686941000173526],[-121.38668699979806,46.68725899985143],[-121.38319399963046,46.68595999977795],[-121.37867100014121,46.68595299989266],[-121.37668000019661,46.686485999832094],[-121.37503999988131,46.688856999970305],[-121.3744950000833,46.69286800005385],[-121.37822500007736,46.69626499969761],[-121.38020400032637,46.699174000029615],[-121.38022900044072,46.700940000207446],[-121.3797840002018,46.70176399976168],[-121.37586599988674,46.70527599989092],[-121.37343300007628,46.70616599984443],[-121.3692949996532,46.706848000131906],[-121.36870499964932,46.70887699999762],[-121.36246900004987,46.710789999811404],[-121.35996699974413,46.71192599977288],[-121.35812999978532,46.71218099979048],[-121.35432199997346,46.71128299985498],[-121.35318200014866,46.71195000006503],[-121.35473799990004,46.715302999903635],[-121.3582820001213,46.71675599979256],[-121.35962100013771,46.71798400004682],[-121.36335600015464,46.72297900008164],[-121.3651670001742,46.72377100013406],[-121.36883799971872,46.72616900017643],[-121.3744900000604,46.72725599980078],[-121.37909100026576,46.727196999762484],[-121.38133300028053,46.72843100000197],[-121.38332699969983,46.728487999946665],[-121.38701999988398,46.72724799971589],[-121.39280799976979,46.727642000024574],[-121.39486800020968,46.72685999971576],[-121.40006299971853,46.7273099997271],[-121.40231599960393,46.72824199994877],[-121.40601399981097,46.727393999847074],[-121.40802800022009,46.72826199979026],[-121.40920300020498,46.73021700022613],[-121.40986400035398,46.73276500004067],[-121.41243400043177,46.73555899991472],[-121.4171109999068,46.73620900006417],[-121.42137800020132,46.738008000078054],[-121.4289679998858,46.73922300016748],[-121.43073399969948,46.740607999956055],[-121.43116999971758,46.74188699991259],[-121.4305100002918,46.74387599989291],[-121.4289179996571,46.7461769997359],[-121.42642799994525,46.7480199997194],[-121.4261719998522,46.74944600023005],[-121.42382899955511,46.75233200003795],[-121.42493900014098,46.75384000022433],[-121.42428100036503,46.75662900004296],[-121.42528800012045,46.75742599986382],[-121.42866400011219,46.75818400002002],[-121.43063699961513,46.758144999806966],[-121.43166099998729,46.75900599993134],[-121.4336639996274,46.759206000227614],[-121.44151000030327,46.758263999848],[-121.44213600029215,46.759430999904275],[-121.43846099965135,46.76120199991244],[-121.43864499977437,46.762561000069454],[-121.44058100036567,46.76524499991134],[-121.4432009997739,46.76761899971334],[-121.44541199982649,46.7682020001016],[-121.4468139995921,46.76775099997073],[-121.4475669998026,46.76992600015969],[-121.44777500021506,46.7731099998859],[-121.44963200026532,46.773840999924],[-121.45251199996454,46.776676000018526],[-121.45502699979075,46.780602000306324],[-121.45521799958648,46.78379700023347],[-121.75879900017475,46.78357100001919],[-121.76067999961617,46.78224800025702],[-121.76683599974798,46.78049499974632],[-121.77306300002495,46.77709799991177],[-121.77637000041973,46.77658600027817],[-121.78394300038582,46.772459999841175],[-121.78515699983043,46.770956999931045],[-121.78770199979388,46.769818999919565],[-121.79044099992608,46.766570999951405],[-121.79056800014769,46.76417999988583],[-121.79479400043431,46.76326399985253],[-121.79941800020592,46.761006000256366],[-121.80266699997604,46.75781699983319],[-121.80539900043556,46.75612900015333],[-121.80531999989454,46.754914000104634],[-121.80338900022439,46.75294499987344],[-121.80424100016911,46.75111200024797],[-121.80618699990784,46.75047599969244],[-121.80993399962037,46.74781999976233],[-121.8138009998818,46.74698899984465],[-121.81739899963141,46.747287000232205],[-121.82068500010976,46.7449190001042],[-121.8224190001364,46.74193800013425],[-121.8259170003269,46.73798100024394],[-121.82983300009381,46.735202000057015],[-121.83168299957309,46.73143400024545],[-121.83176399976394,46.73024600016348],[-121.83327299965967,46.72956899983103],[-121.83835400026405,46.72954799989041],[-121.84189000008938,46.72845499972673],[-121.84507500028543,46.728406000277275],[-121.85080899974456,46.729291000101135],[-121.85435200014089,46.730360999803985],[-121.85497200028199,46.72924800002158],[-121.86596399989753,46.72963999995097],[-121.86743599998333,46.7291420002519],[-121.86964799986085,46.73037599971228],[-121.87138899956017,46.73017500022551],[-121.87499800007872,46.731391000027216],[-121.87693999961951,46.731575999791815],[-121.87876400005783,46.73302899984139],[-121.88075599982731,46.732642000084034],[-121.88931899983037,46.732903000153684],[-121.89224600028352,46.733631999856634],[-121.89388599970052,46.73488400013371],[-121.89923000007065,46.736084000265066],[-121.90172999982825,46.737605000168514],[-121.90592699980255,46.73791900018605],[-121.91233499982947,46.73692799986227],[-121.91818499963955,46.73903500017059],[-121.92546499970265,46.73881000029501],[-121.92620299984455,46.73986499979998],[-121.92999700031105,46.73987100030705],[-121.9314519997801,46.74073299973346],[-121.93924900005216,46.74806800018961],[-121.9419549996741,46.7490570002868],[-121.9432920000407,46.75011900011885],[-121.94582000028569,46.750026999911064],[-121.94683600026192,46.75054500021147],[-121.94676400029189,46.75271399988663],[-121.9504330001866,46.75290699971186],[-121.95292200007358,46.7546719998794],[-121.95424199982341,46.7550169999649],[-121.95712099969771,46.755041000166976],[-121.95987999992141,46.75380700013147],[-121.9621539997232,46.75401800022752],[-121.96262599972631,46.75209299979327],[-121.96401800034447,46.75017400012793],[-121.96707899979364,46.749098000133124],[-121.96953099987068,46.749366000236826],[-121.97168300037205,46.74831999980246],[-121.97268099990663,46.74650799996147],[-121.97396899986943,46.74577199999414],[-121.97916199972849,46.74426599998673],[-121.9811900003813,46.74457299970643],[-121.98452100016723,46.74433400014355],[-121.98752800008802,46.74666199994458],[-121.99172199968928,46.74765099998652],[-121.99338200009606,46.747236999786445],[-121.99476899979305,46.7486280000546],[-121.9941939998578,46.75134299971538],[-121.99644799956812,46.75162199980634],[-121.99971800015297,46.75075600015335],[-122.00246800015583,46.75326500004185],[-122.00810100023092,46.75256699982711],[-122.01113599974086,46.75046699977879],[-122.0123710000002,46.748223999883656],[-122.01469000000782,46.74848099992995],[-122.01748299966839,46.74722999984346],[-122.01992800007272,46.74386599979023],[-122.02388200037281,46.74230900027035],[-122.02469599978434,46.74288099998109],[-122.02861099972637,46.743617000022056],[-122.03161000014956,46.74292999982265],[-122.03594299966801,46.74362300011155],[-122.03697299988792,46.74295799997589],[-122.04130100028182,46.74252199989677],[-122.04634900037593,46.74454699977189],[-122.05034700015861,46.74664400007315],[-122.05725200030298,46.747212000161745],[-122.06030400042965,46.74919399972629],[-122.06174300000515,46.748935000169354],[-122.06293999973137,46.74716900021379],[-122.06487700014759,46.74686800023328],[-122.06654699970179,46.74766799988959],[-122.06975899966203,46.748345000144354],[-122.07496499993988,46.75060599971361],[-122.07942800005299,46.7513339999465],[-122.08229799970641,46.75221999973336],[-122.08922200011739,46.75178199974736],[-122.09182200033243,46.751951000111724],[-122.09670499967176,46.74999699994312],[-122.10037199991665,46.75112800010711],[-122.10952400009866,46.74979099991768],[-122.11082200010718,46.749079999844135],[-122.11602099981403,46.74899899970031],[-122.1216940000721,46.75129999998541],[-122.12410000011837,46.75165200010075],[-122.12468400027447,46.75248400029883],[-122.12903000021171,46.75466300005101],[-122.13187499975082,46.754378000193526],[-122.13386900006846,46.752948999856514],[-122.13554100017079,46.75260999977715],[-122.13811399972334,46.753483000160855],[-122.13912100037706,46.75472999990015],[-122.14159400037047,46.75406799992213],[-122.14565900010032,46.754160000002095],[-122.1474530004014,46.75279700029162],[-122.15152300015411,46.754085999776194],[-122.15493599995578,46.753489999907316],[-122.15730299964399,46.753797000024754],[-122.15980599977465,46.756422000048296],[-122.16458699990507,46.75745100028991],[-122.166855999684,46.75700100007734],[-122.16871399955919,46.75553699989847],[-122.1715029999201,46.75538400014313],[-122.17478100000258,46.756347999851286],[-122.17787699961183,46.755201999912664],[-122.17896399973317,46.75549100013035],[-122.18043499999406,46.75695900001346],[-122.18536300043759,46.75818800022962],[-122.18874000025423,46.75979200004001],[-122.19215200023102,46.76222999996958],[-122.19281000000694,46.762310999919805],[-122.19422199981831,46.762033999745675],[-122.19451399989636,46.76198999994905],[-122.20016600023803,46.76076200030356],[-122.20311500043253,46.76306099996523],[-122.4812449997648,46.76304999976759],[-122.48675099961827,46.763058000079354],[-122.48676599968691,46.76203800028484],[-122.50962600005042,46.762666999989406],[-122.57099599960141,46.76327799988022],[-122.61578700039084,46.76215499977034],[-122.63679999985148,46.76278399995504],[-122.64758999980063,46.76326800030035],[-122.67810299959785,46.76356499995382],[-122.68709400012138,46.763737000135684],[-122.69910900028412,46.763649000211394],[-122.76057699974443,46.76361500002037],[-122.78157400020987,46.76373400028749],[-122.78832000034558,46.76361100021368],[-122.80324100014683,46.763335999868254],[-122.81386000039176,46.76401099972055],[-122.89727699982132,46.76371999976294],[-122.9289010000293,46.76402199972197],[-122.92944900020039,46.76402800000147],[-122.97142599961622,46.76429499976431],[-122.99180100029074,46.76452300014601],[-122.99227800031672,46.764527999819705],[-122.99246900011244,46.764530000304426],[-122.9930089998876,46.76453400004289],[-123.00426099979411,46.76448600008492],[-123.03305299998348,46.76452500001557],[-123.11811999977407,46.763889000225745],[-123.12779199963975,46.76399100021571],[-123.16090899984995,46.76433000007992],[-123.16058800035788,46.79338300017391],[-123.18199300035403,46.79399299971227],[-123.20286000022483,46.794426999727214],[-123.22565500029101,46.79340599987561],[-123.25125999973618,46.79353500023985],[-123.2665100003237,46.79384399972619],[-123.27741300025077,46.79314800006452],[-123.33045199960232,46.79366400029491],[-123.35139100034148,46.7935089999434],[-123.36088900012989,46.7918599997616],[-123.37095000015796,46.792129000008266]]]}},
    {"type":"Feature","id":"53043","properties":{"STATE":"53","COUNTY":"043","GEOID":"53043","NAME":"Lincoln County"},"geometry":{"type":"Polygon","coordinates":[[[-118.97879800039745,47.36315999996719],[-118.97977699966545,47.26170900023518],[-118.55729300009938,47.26110000007895],[-118.44474499964842,47.260835000116025],[-118.32152400032253,47.26088400028964],[-118.3202559995529,47.26079399976169],[-118.29487200004066,47.26118900026357],[-118.27331300005872,47.26120000014581],[-118.25195400009335,47.26122299972604],[-118.23035699957826,47.26114699974982],[-118.20880400034244,47.2611760001226],[-118.14421899955985,47.261166999882505],[-118.14190999959796,47.26105999975544],[-118.10743300035325,47.26095699994163],[-118.08629799979555,47.26064600024081],[-118.07932099968114,47.26025700021947],[-118.07053599992027,47.260168000297085],[-117.96092999999112,47.26056799976666],[-117.83725000018258,47.26023999987593],[-117.83706000021178,47.26018999987394],[-117.8326199996649,47.260119999913776],[-117.82362900003969,47.260220000002725],[-117.82296299986783,47.40942700022774],[-117.822849000065,47.4205559998406],[-117.82212299961868,47.55133000009628],[-117.82191500010457,47.57986000015822],[-117.82177299981434,47.614588000266174],[-117.8194050003012,47.61459700020545],[-117.81949900001251,47.628816000033545],[-117.81961899966313,47.630222999920974],[-117.81978199986975,47.65727000024599],[-117.81964899980038,47.65815799991391],[-117.81981700002986,47.67257099982509],[-117.81971999994548,47.67880900006549],[-117.82017699987996,47.68708500026492],[-117.82009999988706,47.70156599986071],[-117.82022100026091,47.74491800002895],[-117.82042899977503,47.78870499989046],[-117.82094699980888,47.8257750002874],[-117.82830499968982,47.83331800021778],[-117.83086700027,47.83434100002087],[-117.83852499972656,47.83592099985315],[-117.83995800035264,47.838040000079815],[-117.84117199979728,47.83727399981652],[-117.84151699957879,47.83679100029578],[-117.8458680004372,47.83707600005492],[-117.85231900012181,47.838788000143055],[-117.85905799968651,47.84300600006325],[-117.86423899985002,47.844472999857786],[-117.86678200016365,47.84506100021577],[-117.8701990001633,47.84549699997545],[-117.87618700006563,47.84741099979376],[-117.88045099998709,47.84773900006055],[-117.88323600015006,47.84607899970132],[-117.88408499972171,47.84441899987213],[-117.88383600019968,47.842202999783616],[-117.88492099977289,47.83962499974505],[-117.88630599982005,47.83833499989403],[-117.89520899958173,47.83628600022094],[-117.89921800013339,47.83580399972045],[-117.90160200043832,47.83593000022351],[-117.90519000014218,47.836947000059546],[-117.90720299982807,47.83526699991738],[-117.91290399967528,47.835218000137026],[-117.91443000018774,47.83361499998178],[-117.91709499980179,47.832559000267565],[-117.91724299993977,47.832402000134024],[-117.91871199965254,47.82900899980559],[-117.92049699973283,47.828280000191135],[-117.92086099978088,47.82766199983476],[-117.92623699993804,47.82528699999095],[-117.93224900012984,47.8235800002289],[-117.93527899961688,47.82320800023114],[-117.9387390001725,47.825237999833796],[-117.9420950000728,47.82548400013142],[-117.94827799996881,47.82712600015026],[-117.9518320002358,47.827700000266155],[-117.95685600004046,47.82808099995843],[-117.96272699976694,47.83010899978661],[-117.96609000023821,47.832234000033516],[-117.97056000002401,47.833116999748064],[-117.97346599966248,47.833285999829116],[-117.97965799977933,47.83442799975267],[-117.98360600023162,47.83436599993102],[-117.98905699983354,47.83468200009658],[-117.99007399963467,47.83439999986181],[-117.9946940001066,47.83219299976852],[-118.0042119999865,47.82324799973619],[-118.00814899966983,47.8173159997322],[-118.00979900003087,47.813477999792546],[-118.01026500018617,47.80969899988787],[-118.01189100025776,47.806840999821574],[-118.01340299962824,47.80558199978378],[-118.01621399973047,47.804530999983186],[-118.02425899969965,47.80212900026748],[-118.03153299991499,47.803839999727394],[-118.03595400019525,47.80271599975742],[-118.03870000000016,47.801028999916255],[-118.04038299997318,47.79941000006699],[-118.04431299998379,47.79686499998656],[-118.04619000012555,47.795169999999075],[-118.04634199956321,47.79288400014349],[-118.04815299958273,47.792294999984506],[-118.05258899993164,47.79794400006406],[-118.05376100044181,47.798806000182196],[-118.05624000028301,47.799251999962046],[-118.06011099984408,47.797415999999274],[-118.06348099998804,47.79728799970584],[-118.0676319999316,47.799421999749754],[-118.06978100005995,47.80017800012579],[-118.07546799966342,47.79944800005872],[-118.07818199968128,47.80006200013768],[-118.08106399992862,47.80373899993816],[-118.08158600016044,47.80576400000317],[-118.08362099958762,47.80955100010426],[-118.09005399972891,47.81485199987644],[-118.0962340001502,47.82119099979246],[-118.09925899961434,47.823624000091264],[-118.09920000006312,47.82493299989564],[-118.09706500017849,47.82714999997547],[-118.09713100030073,47.82844899974115],[-118.10548400024147,47.83039099982093],[-118.10778099960949,47.83251400030088],[-118.11284200012238,47.83280500023985],[-118.11781200039869,47.83263100001248],[-118.11924500012643,47.833518000089434],[-118.11955800012088,47.83462599997093],[-118.1188979997968,47.83681299975746],[-118.12003599997178,47.83966200015708],[-118.11855600038835,47.84349200029631],[-118.11894100035283,47.84637300005111],[-118.12061699975482,47.85188300019794],[-118.12295000000614,47.856401999901806],[-118.12289499975456,47.857270999879624],[-118.12612500015646,47.861902000141704],[-118.13037800020727,47.86556699970347],[-118.13389899996398,47.86972900018628],[-118.13796399969382,47.8753690000935],[-118.14147600012802,47.882127999848684],[-118.14376900019637,47.884711000031686],[-118.14858600031178,47.88666799998333],[-118.15249100020806,47.88718099978133],[-118.15438400024335,47.886591999938126],[-118.15618699986696,47.88428699980562],[-118.15839799991957,47.88390300006151],[-118.16058600040594,47.88510200002137],[-118.16154799995549,47.88673499993072],[-118.16246000017466,47.88982800013212],[-118.16181200044446,47.89292500005541],[-118.1596180001103,47.89517599992038],[-118.16020599956605,47.89721000019065],[-118.16240200044834,47.898699000119095],[-118.163399000158,47.90017600010653],[-118.16682500037848,47.90276699987887],[-118.16834599996977,47.90311199983425],[-118.17736000005951,47.901397000116006],[-118.17850900010512,47.90198600020503],[-118.17869099968,47.90426100028092],[-118.17661299969677,47.910455000269714],[-118.1773099998308,47.911774000014255],[-118.1817660002712,47.914874000014265],[-118.1847940001084,47.91628700020436],[-118.18844200008671,47.91982900006515],[-118.18946399991073,47.92474100027435],[-118.19023600038778,47.92627399989713],[-118.19369199984718,47.9278400000825],[-118.19850700031279,47.92799599977804],[-118.20003100027711,47.92838399977374],[-118.20111300037561,47.93088700010216],[-118.20224999982734,47.935429000037956],[-118.20624400031038,47.94224700026373],[-118.20894699955926,47.94454599975742],[-118.21061399963875,47.94523000007607],[-118.21553700005937,47.94528900008684],[-118.218032999619,47.944722000042695],[-118.2214170000067,47.9427070001826],[-118.22394899955135,47.941678999807664],[-118.22955200038756,47.94022999987284],[-118.23284999966316,47.93998099994869],[-118.23782699961218,47.940122000176274],[-118.24045100011666,47.941198000229384],[-118.2428680000336,47.94321299993885],[-118.24610299956002,47.94360399980447],[-118.2510929999278,47.94287800012392],[-118.25537899959059,47.94100999994216],[-118.2592380003544,47.9375899999474],[-118.2599780001461,47.93478199996203],[-118.26086699990073,47.934166000069766],[-118.26268899979091,47.9336139998411],[-118.26715600010195,47.934018999920525],[-118.26999899999124,47.9337159999281],[-118.27186299971422,47.93268499978301],[-118.27255300017553,47.9305099999394],[-118.27406999956885,47.928923000232125],[-118.27790099984529,47.92669599977622],[-118.28576400023957,47.92333500026655],[-118.28993699992445,47.921318000147636],[-118.29377900007152,47.91896099972876],[-118.29925999981066,47.916736000260684],[-118.30332000041595,47.91546100018697],[-118.30581400032577,47.91373100022294],[-118.3137589998375,47.91020500013016],[-118.31563599997928,47.90997500001904],[-118.31716300031665,47.908775000086905],[-118.31919500026915,47.90435399990578],[-118.32112900031231,47.900765999963596],[-118.32002100027456,47.897323999731505],[-118.32171099992027,47.89628900011534],[-118.32672200020443,47.896348999767675],[-118.3325619999688,47.894192999822955],[-118.33449099998907,47.89379400029701],[-118.34093800037407,47.894315999858414],[-118.34124100032277,47.892431000225415],[-118.34745299963278,47.88701199999809],[-118.34991099955762,47.8825720000509],[-118.34953800018704,47.88020699975459],[-118.34806199990325,47.87704899985132],[-118.34816999985829,47.874880000248616],[-118.34905000029039,47.873930000231496],[-118.35407499991997,47.86492599990036],[-118.35567099985433,47.859813999843766],[-118.35498299994117,47.858583999988575],[-118.35644699963105,47.8517759999968],[-118.35690600011368,47.84765599973692],[-118.35622599969811,47.84417499992842],[-118.35706500012235,47.8415990001446],[-118.36037599981675,47.83838999990894],[-118.3681499996243,47.83299999992618],[-118.37170499971619,47.832341000146045],[-118.37484300005657,47.83305800025743],[-118.37746500001289,47.83241099990872],[-118.38043900032174,47.83106099998459],[-118.38345100026544,47.83036300016406],[-118.39265899962562,47.83068399995493],[-118.39876700007686,47.831882999834434],[-118.40174100038571,47.8328929999664],[-118.4053869998159,47.8331369999077],[-118.41212999957858,47.83459899998566],[-118.41649300013255,47.83501500020946],[-118.4188330000566,47.83568999986315],[-118.42411100030448,47.83849900004031],[-118.43343800038865,47.83982900002617],[-118.43715999998679,47.84175199973397],[-118.44582000007422,47.845495999783836],[-118.45013699969914,47.84849299974181],[-118.45294699997645,47.850837000029145],[-118.45616499978445,47.85447400010501],[-118.45779900025195,47.859533999844984],[-118.45696300020079,47.86427300024448],[-118.4570639995848,47.86974099988895],[-118.45666299972682,47.87135800024246],[-118.45697800026943,47.874879000021174],[-118.4581049996754,47.87741200026328],[-118.45961299974623,47.878415999892844],[-118.46090999992987,47.88033099999406],[-118.46423499986798,47.881898999786095],[-118.46579099961939,47.88217499972319],[-118.46697800019815,47.88238600009556],[-118.47573700001976,47.877149999816325],[-118.47851200013697,47.876668000054565],[-118.48410300037929,47.87632800022821],[-118.48523499980817,47.875896999827255],[-118.49009700012942,47.875672999793935],[-118.4966420004237,47.873999000271944],[-118.49924299956533,47.87384900014539],[-118.50110899983646,47.873844999758454],[-118.50788699975922,47.87525600004153],[-118.53129699994363,47.87487799979371],[-118.53685999969854,47.87682699975528],[-118.53921999971408,47.87765299995535],[-118.54258400001025,47.88056699997975],[-118.54409000043125,47.8839730001266],[-118.54397699955503,47.888575000153686],[-118.54216899990855,47.89262800018969],[-118.5345880004449,47.901207000231324],[-118.53291100031967,47.90657100013926],[-118.53210600023061,47.910497999762526],[-118.5334979999505,47.91487700018594],[-118.53666300005506,47.917924999839656],[-118.54103800030458,47.92040999970837],[-118.54857199991261,47.92278499981593],[-118.55336599956348,47.92409599986814],[-118.55604600014446,47.92596400016873],[-118.56078999956665,47.92724199969979],[-118.56344099983532,47.92763099974525],[-118.5703960002084,47.932318000299375],[-118.57299600042343,47.93274000021755],[-118.57786100021944,47.932506000294644],[-118.58457600039301,47.93255300018666],[-118.59317799985578,47.93009299989982],[-118.59805000022278,47.92918599978126],[-118.60436899966294,47.93072400003696],[-118.60704500004597,47.93123100005266],[-118.60826699988654,47.92972699984843],[-118.61063799977268,47.92846700024039],[-118.61378899963354,47.928890999857],[-118.6247810001474,47.92755399981996],[-118.63428499978359,47.92988599977454],[-118.637490999896,47.92929100011343],[-118.63919700033355,47.92730200019319],[-118.6414479996708,47.92604999982909],[-118.64458799966103,47.92553600002632],[-118.64737100017415,47.925561999761904],[-118.64986400025907,47.925981999745495],[-118.65199499994573,47.92710799981128],[-118.65711500000987,47.93291599977049],[-118.66035200008444,47.93628599999877],[-118.66195300004169,47.937407000295416],[-118.66634699965948,47.93813599980515],[-118.67303900026684,47.93961600025369],[-118.67788899999422,47.94101699981465],[-118.68839400043635,47.94271799970671],[-118.690777999843,47.94239500001449],[-118.69259999973319,47.94215000021349],[-118.69745700003156,47.9405239999431],[-118.70380399995913,47.936550999896596],[-118.70762500018981,47.933579000272324],[-118.7092510002614,47.929458999960666],[-118.71110699958845,47.91920599984234],[-118.71003700008387,47.90976199973486],[-118.71040399960667,47.90594499977022],[-118.71168200042203,47.90334699992742],[-118.71493200001707,47.90203999985535],[-118.73032499982143,47.90016900012602],[-118.7354769996726,47.90046400003157],[-118.74064299976747,47.90152899972681],[-118.74537600021732,47.903221999703156],[-118.75112100044542,47.90565400012416],[-118.7556830002927,47.908554000053094],[-118.76174099961696,47.910604000236134],[-118.7698900002415,47.91290499974342],[-118.78321599993329,47.915715999825245],[-118.79526399970801,47.916884000185696],[-118.80213200004249,47.91787399990215],[-118.80829900004497,47.919222999991455],[-118.81187699970309,47.92028499975577],[-118.81981399971723,47.92420999979432],[-118.8231350003557,47.92623399978412],[-118.82605100003991,47.92901900003488],[-118.82940299974224,47.93313899988947],[-118.83037699988567,47.93564199998455],[-118.83060200001657,47.93837099973145],[-118.83303599965193,47.95046700004634],[-118.83485699971719,47.95321000001507],[-118.83763400038255,47.95492900027554],[-118.84170999998305,47.95642599996845],[-118.84668600010713,47.95769699981095],[-118.85196000015704,47.957906000143204],[-118.86930200007315,47.956549000097056],[-118.8779089995588,47.95482000011903],[-118.88569900015816,47.95208999999413],[-118.89423000037415,47.94938299985796],[-118.9006269996321,47.947941000004256],[-118.90996499958693,47.94677600003638],[-118.91333599955581,47.94659000027051],[-118.92387899963276,47.94552299992519],[-118.94110000007339,47.94310999981917],[-118.9507119996646,47.94130300024268],[-118.95705100009457,47.940857000256926],[-118.96542699960153,47.94168299976909],[-118.97350400025606,47.943414000229964],[-118.97282300001557,47.940996999746574],[-118.97395600016768,47.93280500010852],[-118.97395500034278,47.930556999839844],[-118.97405099970392,47.91082499994583],[-118.97415399963609,47.90362899983537],[-118.9745639997149,47.866291000177185],[-118.97495299987733,47.830843000203785],[-118.97509900036552,47.83038400005889],[-118.97569299966904,47.723503999770344],[-118.97581400004286,47.722356000139776],[-118.97584699965483,47.71362700000431],[-118.9767599996989,47.64683900027757],[-118.97692100025569,47.64536200007914],[-118.97767000026823,47.55336600009119],[-118.97769299983445,47.50905599990284],[-118.97765100000166,47.508554999701836],[-118.97791999961515,47.46108300012018],[-118.97787500030765,47.46096499997644],[-118.9787170002066,47.41487399989143],[-118.97882199978855,47.40439200025183],[-118.97923400041556,47.3658979999284],[-118.97927500042343,47.36417000022641],[-118.97920000008034,47.3636950002449],[-118.97879800039745,47.36315999996719]]]}},
    {"type":"Feature","id":"53045","properties":{"STATE":"53","COUNTY":"045","GEOID":"53045","NAME":"Mason County"},"geometry":{"type":"Polygon","coordinates":[[[-123.50592299988094,47.5195900001814],[-123.50591700003314,47.517715999907516],[-123.50506699973826,47.34406900024913],[-123.5052869998463,47.32935399987491],[-123.50502099970753,47.258535000168806],[-123.4908050004362,47.25820799975655],[-123.49076299970511,47.22789400009615],[-123.48977799969101,47.1838270001471],[-123.49003799998201,47.16925899992795],[-123.49121299996689,47.16259600001333],[-123.48971300029199,47.15486000018773],[-123.48997699988264,47.15117699976432],[-123.48973300038347,47.09076699985564],[-123.48894300036307,47.082646000282054],[-123.48340200034944,47.082503000242795],[-123.47400300029526,47.082258999965354],[-123.46823399977771,47.08243900017787],[-123.4512030002062,47.0829680000689],[-123.43082599988185,47.08287399981177],[-123.40963799962067,47.083291999983416],[-123.39998199964855,47.0830770001789],[-123.38875999987923,47.0824580003007],[-123.37161899980455,47.08244800017252],[-123.36869800009751,47.08244800017252],[-123.32915199994399,47.08381600003212],[-123.2761679999457,47.08482199983681],[-123.2602079997037,47.08504700019287],[-123.24449799970695,47.08481200015233],[-123.2316599999118,47.0851450000128],[-123.22332299986459,47.085208999885275],[-123.21295300003999,47.084982000038124],[-123.20189100010425,47.08505900000576],[-123.18018599963415,47.084505000117545],[-123.09606799987264,47.08536300027637],[-123.08981300000659,47.08527399976304],[-123.07509600041986,47.084794999828105],[-123.07495800032758,47.09066100013358],[-123.07495699960437,47.090844000023445],[-123.07473599967143,47.10444899970058],[-123.07365399957297,47.106242000238765],[-123.06644899985294,47.11104199992885],[-123.06058300014932,47.11402500022133],[-123.05539199994008,47.11527999974287],[-123.04817499962616,47.116004999846695],[-123.04011700013652,47.11574399999357],[-123.03410900014268,47.115040999909844],[-123.0272590002499,47.115802999784236],[-123.02135900021108,47.118093999733055],[-123.01657399988272,47.12218099984848],[-123.01538899985205,47.12379199986842],[-123.01451400034115,47.126216999772204],[-123.01252300039656,47.13373500030172],[-123.01045600028401,47.14332599991818],[-123.00851499966981,47.14636999973275],[-123.00567199978056,47.14894099977503],[-123.00243499970598,47.15130199993999],[-122.99541900013182,47.15491100000068],[-122.9911169996772,47.15669100006783],[-122.98445199973236,47.1588560002958],[-122.97589999959996,47.16013300029494],[-122.96912300040042,47.16152500013433],[-122.96122499984602,47.164437000223764],[-122.95281900020184,47.17010299998912],[-122.95018800002467,47.17335599984599],[-122.94923499979762,47.1738919999813],[-122.947544000327,47.177925000253744],[-122.94714500011884,47.18153899980921],[-122.947460999588,47.18407200014845],[-122.94704600038465,47.18564100002852],[-122.94449899987308,47.18795100028189],[-122.93988500014723,47.18992999972695],[-122.9372160003352,47.19033699985218],[-122.93628300019965,47.18945700003246],[-122.93558900043871,47.18729299973377],[-122.93614500010739,47.18340900000914],[-122.93481699996163,47.18196799986617],[-122.93011100017428,47.179957000274285],[-122.92231399990224,47.17943600003046],[-122.9184259997244,47.177401999854574],[-122.91134099965497,47.1759559998751],[-122.91094099962189,47.173507999969075],[-122.90969399966698,47.171267000135835],[-122.909336000365,47.1688339999416],[-122.90749699985808,47.164903000043864],[-122.90352099981672,47.157533000183534],[-122.89553799977182,47.157144999974065],[-122.89287999983044,47.15778600009759],[-122.87994999997382,47.15833300023641],[-122.87732299999459,47.15900900029871],[-122.87143999967422,47.16114800025418],[-122.86499900003533,47.16539199969954],[-122.85835458768014,47.16783960053502],[-122.86315299985571,47.17048700019416],[-122.85816199966301,47.17420300026042],[-122.85103200028604,47.18389600011483],[-122.84936799968129,47.186964999761614],[-122.84913000002993,47.19035699985885],[-122.84669600039457,47.19222499973493],[-122.84556499989228,47.197625000257695],[-122.84223800030435,47.200208999875635],[-122.83952000008853,47.20654900016543],[-122.83924300007911,47.20969799972291],[-122.84247500013082,47.21312699989377],[-122.84604000026845,47.21554800016484],[-122.84722899959874,47.2197459999762],[-122.8524580003411,47.22248999991782],[-122.8536829996564,47.225743999736714],[-122.85626100013013,47.22813899979027],[-122.8549630001216,47.232689000228696],[-122.85646399962138,47.235199000218955],[-122.86125200032282,47.236531999860226],[-122.86481699956212,47.239274999789494],[-122.86410400043295,47.24347100004739],[-122.85962399970309,47.2504279998812],[-122.86362900005678,47.24927899984039],[-122.86790700022193,47.24605200021111],[-122.8702839999559,47.24863400029986],[-122.86838199969978,47.251375999900795],[-122.86766899967226,47.256538999707],[-122.86600599979074,47.26057199971559],[-122.86529299976321,47.26557200015703],[-122.86315299985571,47.27008799985572],[-122.86386599988325,47.27202299984029],[-122.8702839999559,47.273152000227164],[-122.87147200035959,47.276860999966075],[-122.86838199969978,47.280247000050686],[-122.8626780003779,47.282988000059035],[-122.85911300024021,47.28540699990989],[-122.85626100013013,47.28943699998349],[-122.85507199990155,47.29362899975262],[-122.85103200028604,47.29475699993878],[-122.84746700014841,47.29701399977402],[-122.84627799991983,47.30007700022306],[-122.84960600023099,47.302010999772406],[-122.85258691397428,47.30676177302056],[-122.85435899987402,47.3095859999899],[-122.84746700014841,47.31055300003878],[-122.84295100033188,47.31313099991509],[-122.84009800039682,47.31780400013082],[-122.8396230000207,47.32102599996678],[-122.83772199958949,47.32328200014517],[-122.833357000284,47.324316999923404],[-122.83097999965172,47.3235109998198],[-122.83082900003896,47.32006000026457],[-122.83422699977203,47.31730799977452],[-122.83462799963003,47.31553999978131],[-122.83154200006649,47.31425900002312],[-122.82299999997987,47.320208999794026],[-122.81978100034695,47.32780099979315],[-122.82087699979083,47.32924600027427],[-122.82845200030503,47.33198199981771],[-122.82940299998394,47.334719999996594],[-122.82436499993557,47.33901000029183],[-122.82174200015433,47.34364299969978],[-122.82155899985621,47.34679899977291],[-122.82523699997176,47.35339799988716],[-122.82463299972417,47.355131999909794],[-122.82661914517294,47.35739556063124],[-122.8267879997003,47.35758799996126],[-122.82542781471453,47.360198677386876],[-122.82536199964522,47.36032500029347],[-122.82466500040954,47.36336300018819],[-122.82516400017684,47.36662900019911],[-122.82474800025021,47.369726000255476],[-122.82616099988647,47.369894999987935],[-122.82757500024597,47.36933200006155],[-122.8286559996212,47.3696700002931],[-122.82819500038707,47.37254400012899],[-122.82857199995561,47.374229999718345],[-122.83006900015577,47.37530000024715],[-122.83289600015154,47.37636999974749],[-122.83225339749958,47.37712687360912],[-122.8313778545079,47.37815810862973],[-122.83098399984969,47.378621999865224],[-122.82898386134372,47.38107613512486],[-122.8286476533739,47.38148865613047],[-122.82832300043357,47.381886999696384],[-122.82574599978479,47.38650300017025],[-122.82557900027854,47.388754000051804],[-122.82408299990327,47.39156899992223],[-122.82337516698526,47.3964689480674],[-122.82333499971563,47.396747000184874],[-122.8243320003236,47.39888500026892],[-122.82591200036445,47.399897999919084],[-122.82807400001326,47.40237400019083],[-122.82873900036022,47.404344000056014],[-122.82840600027427,47.405188000162354],[-122.82665999965377,47.40580700020688],[-122.82474800025021,47.40546899998502],[-122.82449899982987,47.404736999916366],[-122.82374999981734,47.404511999942],[-122.82300199962971,47.40496300029044],[-122.82167199983411,47.40552500022924],[-122.8201386043902,47.40539510362339],[-122.81967699969158,47.40535599978865],[-122.81859600031633,47.404511999942],[-122.81892799967905,47.40361200016242],[-122.81818000038973,47.40237400019083],[-122.81668400001446,47.401361000112686],[-122.81510399997362,47.39877300019711],[-122.81543700005956,47.397309000209695],[-122.81402299970006,47.39612800009893],[-122.81319199967176,47.39500199981625],[-122.81322699983187,47.393030999923496],[-122.8126100000638,47.391455999710296],[-122.81327500041077,47.38785399990228],[-122.8133139998705,47.38588199977367],[-122.81385700001873,47.383745000001596],[-122.81618500024719,47.382112000186055],[-122.81709900011614,47.38019799977265],[-122.81701600027549,47.377721000034875],[-122.81601799984263,47.37541299981209],[-122.81526999965496,47.372315999707986],[-122.81518400033956,47.37175300007363],[-122.8131089998311,47.3696700002931],[-122.81320500009058,47.36865299972459],[-122.81227699997785,47.36752999972523],[-122.81028199983534,47.36730500028458],[-122.80870199979448,47.366066000091436],[-122.80670699965196,47.36319400021455],[-122.80687300023165,47.36082900009224],[-122.80734199986168,47.35869199989055],[-122.80669900015434,47.35784600029663],[-122.80591400015678,47.358498999874115],[-122.80427200019166,47.35869199989055],[-122.80105594613458,47.358611098307996],[-122.80133700024089,47.38879600018624],[-122.80120499999641,47.38935799986522],[-122.80119900014863,47.40357799982883],[-122.80119499995065,47.42922399985739],[-122.80124400035447,47.4326340001191],[-122.80062500003827,47.44488699986612],[-122.80062400021335,47.46195400011724],[-122.80074300003903,47.469558000298655],[-122.80075599955951,47.47058200000891],[-122.80084500014631,47.47624999990255],[-122.8009389998576,47.484099999892074],[-122.80130899975347,47.49083599971699],[-122.80101599985053,47.520186999718],[-122.80101199965256,47.52040599974416],[-122.81629800022509,47.520664000056435],[-122.83911699968242,47.52126699985214],[-122.84224300032722,47.52138299975538],[-122.86478300012526,47.52128399992198],[-122.87733499969015,47.52149400004498],[-122.90026600019877,47.52182900020554],[-122.9396650000392,47.52251199970997],[-122.94571099966787,47.52224600028692],[-122.97194100017533,47.52144700024066],[-122.99362300018092,47.520282999875256],[-123.02371871456235,47.520306558846585],[-123.03161400040796,47.51137300029478],[-123.03119299956016,47.502136999916246],[-123.0338070000189,47.49410800019111],[-123.03856100038512,47.488325999762104],[-123.04545399993562,47.4807769999336],[-123.0553230003431,47.4727089999919],[-123.05893699998623,47.4707760002666],[-123.06850900029279,47.45828400001339],[-123.06708300023774,47.45522999974892],[-123.0694590001468,47.45346200018721],[-123.07492599964222,47.45169400010595],[-123.07713599986992,47.447773000142],[-123.08135499958556,47.44599699978465],[-123.08240999991983,47.44408899977029],[-123.08559599994081,47.44127399993883],[-123.0856999996979,47.43905300024043],[-123.08924999976692,47.434348999854585],[-123.09156700012471,47.4330469998691],[-123.10154399958891,47.41760500018397],[-123.10094400043761,47.41599500008805],[-123.10750800010014,47.405950000185655],[-123.11072300043341,47.402699000199746],[-123.11215299978811,47.39786899976216],[-123.11730399981438,47.392289999923605],[-123.12023399974228,47.39148999996098],[-123.11968100044663,47.38553199997383],[-123.11662900031999,47.38271799999713],[-123.11350100002537,47.38263499970098],[-123.1133489996894,47.374732999786374],[-123.11060200005957,47.37284499993559],[-123.10584799969337,47.3723620001765],[-123.1006189998493,47.373489000033445],[-123.09491499962907,47.373489000033445],[-123.09087400018866,47.3713960001632],[-123.0856450003446,47.37477099970423],[-123.0816049998308,47.37477600025167],[-123.07852500011505,47.372918999742176],[-123.07399900025278,47.37268399989905],[-123.07138499979406,47.371073999877076],[-123.06948300043624,47.37155699987326],[-123.05688599976719,47.36849900005029],[-123.0531806432563,47.36530455622466],[-123.05165699992313,47.36399099969923],[-123.04737899975797,47.361576000304225],[-123.04214999991387,47.35867800017166],[-123.02955300014317,47.358838999757374],[-123.0243240002991,47.361253999699],[-123.0219469996668,47.36415200010908],[-123.0193330001064,47.36994700012426],[-123.01648099999629,47.37252299997935],[-123.01600499979523,47.375419999884826],[-123.0131529996851,47.378638999874696],[-123.00459700025309,47.38298399992645],[-122.99223700030885,47.38684699971403],[-122.9884339996215,47.388616999916486],[-122.98486900038218,47.3881339998792],[-122.98344300032713,47.38990400004318],[-122.98296799995096,47.392961000035115],[-122.97749499970942,47.39615999975211],[-122.97227199971314,47.3969839997869],[-122.96941999960305,47.396340000251584],[-122.96537999998755,47.39617900020209],[-122.96252700005252,47.399719000265556],[-122.95729800020845,47.399719000265556],[-122.95572700038845,47.40109100023628],[-122.94565200011662,47.40277499982274],[-122.94399300043307,47.4026270000077],[-122.94113600030009,47.40309699985733],[-122.9359069995577,47.40551000003936],[-122.9321039997687,47.40824499991193],[-122.92497400039173,47.41065700011655],[-122.91665499988785,47.41371299979979],[-122.9130899997502,47.41451800015965],[-122.90935599955817,47.41339800011511],[-122.90755159047788,47.41373998219523],[-122.90429599976851,47.4143569997348],[-122.90168100038316,47.416447999834205],[-122.90358299974098,47.41982500022161],[-122.90120600000702,47.42159399969694],[-122.8945510001079,47.42127200029508],[-122.88837099968661,47.42400599994116],[-122.88685096668257,47.42384782185062],[-122.88219199998855,47.42336299990319],[-122.88105454598927,47.4230550693184],[-122.87743799962232,47.422076000149644],[-122.87324429377014,47.42329268719477],[-122.87244700032792,47.42352400014121],[-122.8676929999617,47.422076000149644],[-122.87244700032792,47.41773399989333],[-122.8745860004105,47.41387399976203],[-122.87791299999847,47.410978999996914],[-122.88266700036469,47.41065700011655],[-122.8907480003189,47.407601000013564],[-122.90299812372749,47.39663998917745],[-122.91142600004379,47.38909899994709],[-122.91950699999796,47.38990400004318],[-122.92687499992462,47.38925999973358],[-122.93875899966781,47.3833059998699],[-122.94517699974048,47.382823999782275],[-122.94874199987812,47.383466999712326],[-122.95943800011595,47.379604999817715],[-122.96989499997919,47.37896100020013],[-122.97337999975089,47.380476000268835],[-122.9760569999588,47.379421999881984],[-122.9765499998783,47.37719099999179],[-122.98391899962986,47.37461500002701],[-122.98867200017119,47.374453999919105],[-122.99223700030885,47.371073999877076],[-122.9938580326969,47.3702585143694],[-123.0005559999144,47.366889000040395],[-123.00578499975846,47.36415200010908],[-123.01719400002382,47.356262999768326],[-123.0202839997853,47.35433099970688],[-123.0302660001707,47.35094899985056],[-123.03240500025328,47.351754000014466],[-123.03929799980378,47.34982199980774],[-123.04262500029004,47.350305000251446],[-123.04714100010658,47.34949999989653],[-123.05831199982227,47.34949999989653],[-123.06885430819644,47.349640018834485],[-123.07043400011513,47.3496610000977],[-123.07209799982158,47.351593000111926],[-123.07281720990267,47.3519007940269],[-123.07514499992533,47.35289700005734],[-123.08050500018899,47.352496000070715],[-123.08241900014067,47.355649999938514],[-123.09812599976438,47.35669899975007],[-123.10298800008566,47.35754199999536],[-123.10560300036929,47.35669600021892],[-123.10986800011568,47.342394999745],[-123.11144899998143,47.3419499997864],[-123.11585799966785,47.342693000213806],[-123.11848678819278,47.34048921178687],[-123.11932800026922,47.3397839997115],[-123.1230990002712,47.337801999953385],[-123.1275559996382,47.338159000139036],[-123.12791700021153,47.33972700006341],[-123.13138199989173,47.34168700022773],[-123.14040400037742,47.34179600007881],[-123.14586400020015,47.346207999898084],[-123.15516699999488,47.35016600008655],[-123.15608165563404,47.35104168984042],[-123.15957999987926,47.35439100028922],[-123.15728400033616,47.360149000050484],[-123.15541100039235,47.36114199998023],[-123.15665099977625,47.36553599972863],[-123.15840200041964,47.367488999931105],[-123.15785099987549,47.37107600023634],[-123.15078400024774,47.37342700021501],[-123.14749000027174,47.37523200012847],[-123.14724900024733,47.377441000102046],[-123.14962900035434,47.37941699977509],[-123.14539399984687,47.38719400028384],[-123.14439999961193,47.39019899976503],[-123.14368671751343,47.39346013679],[-123.14274910452887,47.39774691323188],[-123.14146300001136,47.40362700028476],[-123.13899000001791,47.406524000096944],[-123.13861500009918,47.40806299978727],[-123.13632496357292,47.4100954999389],[-123.13523599973438,47.41106200003586],[-123.1313500001047,47.41701700003574],[-123.13031099966393,47.42132800014751],[-123.12475799995474,47.429585000031615],[-123.1240159996149,47.43260200013853],[-123.12056199980536,47.43405899980774],[-123.12107300016653,47.439316999944914],[-123.11670700013781,47.44161400012165],[-123.11603699976797,47.44407600025629],[-123.11447900036676,47.44533000022856],[-123.11382099969249,47.448330999701824],[-123.11171099992224,47.450470000276674],[-123.11298600036457,47.45281399999108],[-123.11060100023468,47.454942000206636],[-123.11332699994809,47.457262999909226],[-123.11128199957683,47.458923000249015],[-123.11459800019244,47.46226200008131],[-123.11435600034312,47.4633110000318],[-123.11281599958693,47.463480999928635],[-123.1095380004028,47.46165000008689],[-123.10584900041657,47.461498000019844],[-123.10130500011263,47.46338700023223],[-123.0920729995647,47.47164499978484],[-123.08886200032771,47.47305999989119],[-123.08806999975914,47.476375999756996],[-123.08139700031666,47.48150500006136],[-123.07570999981488,47.482158999936914],[-123.07428399975983,47.48617399973947],[-123.07570999981488,47.48762000027509],[-123.06691599983318,47.494846999888985],[-123.0574089998239,47.50078799990796],[-123.05321299967453,47.50709099989878],[-123.05622100031856,47.5094579998724],[-123.05146699995234,47.51989300011532],[-123.04647599975964,47.52374500022756],[-123.04861499984221,47.52920199996367],[-123.04338599999815,47.533374000274335],[-123.04005799968698,47.53850899975579],[-123.03085100015171,47.53999100000414],[-123.02529800044252,47.54853899980591],[-123.03007600019988,47.552788000170324],[-123.02752899968831,47.554977999768624],[-123.02199500024572,47.556477000216624],[-123.02151900004466,47.560166000015755],[-123.01581499982443,47.5644959997391],[-123.00988100034873,47.57139500004524],[-123.00630799981518,47.576522999739396],[-123.00416899973261,47.583417000208755],[-123.00060399959496,47.58470000030177],[-122.99608799977844,47.58998999983627],[-122.98815699961207,47.59834499983295],[-122.9825400003288,47.60297300006964],[-122.98158899975157,47.60617799978733],[-122.98189365709197,47.60669138705668],[-122.98259999970493,47.60670000012784],[-122.9960939996262,47.60682500003268],[-123.3676000001055,47.607432000003655],[-123.37701000003035,47.606907999823825],[-123.37701000003035,47.60461500016271],[-123.49541999998695,47.60461500016271],[-123.50591700003314,47.60461500016271],[-123.50592299988094,47.5195900001814]]]}},
    {"type":"Feature","id":"53047","properties":{"STATE":"53","COUNTY":"047","GEOID":"53047","NAME":"Okanogan County"},"geometry":{"type":"Polygon","coordinates":[[[-120.88206399982118,48.977947000060375],[-120.88563999982946,48.975212000045765],[-120.88194300034567,48.97368199999446],[-120.88066899972826,48.971658999782676],[-120.88257500018234,48.96852299986976],[-120.88074700044437,48.966661999774374],[-120.87337899961942,48.96273400020992],[-120.87093900013626,48.96181199980266],[-120.86777999987949,48.961670999753785],[-120.86158699993771,48.96022199979715],[-120.8598959995688,48.95799600027731],[-120.85686299970871,48.95668899991988],[-120.8518220001856,48.955826999718056],[-120.84897900029635,48.955911000136865],[-120.84348099994044,48.951423000109536],[-120.84020399968288,48.94998099999282],[-120.83969400004496,48.947769999968685],[-120.83543599997128,48.93930700001461],[-120.831783999795,48.938277000225874],[-120.82970099978888,48.938151000150384],[-120.8261730003595,48.93892200014059],[-120.82009400022055,48.9411429998886],[-120.81905300012998,48.94431899997153],[-120.81417999993805,48.94596399988886],[-120.81381199969202,48.94719800023039],[-120.81509800000501,48.95063500026667],[-120.81138700027748,48.95067699985061],[-120.80768599969741,48.951812999850574],[-120.804775999861,48.95210099985332],[-120.80104599986687,48.95362599971869],[-120.8004120003804,48.95595600007128],[-120.80109899957036,48.95871900014951],[-120.79925800031191,48.95932900026581],[-120.79207199996011,48.95940600001709],[-120.78717700002689,48.957731000036986],[-120.78306399971817,48.95720300024688],[-120.77968000022882,48.95740299990441],[-120.77488599967963,48.95678699978266],[-120.76994600043885,48.95532700008488],[-120.76851500036092,48.954489999915],[-120.76307899992932,48.94846999990165],[-120.75741999991493,48.944322000154166],[-120.75559300000188,48.941844000259465],[-120.75484300016443,48.93958899987115],[-120.75404700029621,48.93626200001995],[-120.75525700044122,48.932241999987234],[-120.75894800007723,48.929668000240646],[-120.7631960001052,48.92855499994057],[-120.77036200036545,48.927403999785696],[-120.77205200001116,48.92650599977015],[-120.77237599987626,48.924200999845255],[-120.77129600032595,48.920146000081786],[-120.77195499992678,48.91667499987184],[-120.7704059998481,48.91435499971223],[-120.76883500002808,48.913290999753976],[-120.76788099997611,48.911425000130365],[-120.7714209999994,48.908328000113436],[-120.77213200037711,48.906705000052995],[-120.77096499988984,48.90429300025285],[-120.76523700027847,48.899826000292194],[-120.76270400001059,48.89951800014284],[-120.76361600022976,48.89704999982107],[-120.76620999969867,48.89316099991721],[-120.7642329999978,48.88933699987075],[-120.76312400013516,48.88853899984561],[-120.76373300040561,48.887788000071644],[-120.76899900005962,48.88424999987583],[-120.77022300044831,48.88182600003778],[-120.76694700001565,48.87641200005097],[-120.76423600037086,48.87544399998329],[-120.76234199961235,48.87301199985037],[-120.75855700026499,48.87200200001731],[-120.75267800014257,48.869405999855914],[-120.74825600003737,48.86684800015458],[-120.7435059998691,48.86634500024966],[-120.73985500041604,48.86469599981605],[-120.73528099997488,48.864373999908935],[-120.73522800027142,48.86243500001325],[-120.7362400000497,48.8595329998796],[-120.73605500010174,48.858165999949435],[-120.73135099996425,48.855014999938305],[-120.73175000017241,48.85327999975594],[-120.73666199982408,48.84447400009197],[-120.73972399999649,48.843914000178614],[-120.7397979996163,48.84138099984194],[-120.73580599968143,48.834841999909656],[-120.73528400034793,48.831444999961946],[-120.73764000016547,48.82836200016185],[-120.73737999987448,48.82567299976798],[-120.74239899965626,48.82206900022637],[-120.74201299986689,48.81780500012334],[-120.74272199969647,48.815931000253414],[-120.74205499969968,48.81130200015624],[-120.73901799964165,48.808282000282134],[-120.73844899955415,48.80659600001885],[-120.7353450004473,48.80375800001127],[-120.73618700034625,48.80149599978118],[-120.73583499999373,48.79906500028482],[-120.73701800037452,48.797726999951806],[-120.73724299960715,48.795833000237955],[-120.73402999982198,48.79249299995704],[-120.73542699956475,48.78648700021449],[-120.73363300016196,48.78311900014492],[-120.7308680000905,48.77952600019587],[-120.72552299989547,48.773389999954276],[-120.72278399976325,48.77255700014146],[-120.71946899987087,48.77289100001906],[-120.71220399987638,48.77230599998358],[-120.70991800037902,48.77181400025103],[-120.70876900033342,48.7691040001494],[-120.70597699959944,48.76569300007637],[-120.70336300003899,48.76361999970982],[-120.70285099985293,48.76151400008777],[-120.69946700036358,48.75728499993852],[-120.69502000014401,48.75622699988226],[-120.69289000028226,48.75639199998058],[-120.69173000036598,48.75504899974755],[-120.69059600038895,48.75199599988227],[-120.69172699999294,48.7498429999985],[-120.69147599992276,48.747916999844875],[-120.6887329995926,48.745199999845],[-120.68303199974541,48.74301399976749],[-120.68040399994132,48.741449000241595],[-120.67864499980033,48.73920200005584],[-120.6778620003509,48.73639900014366],[-120.67816299975146,48.73505200011034],[-120.67663499958915,48.734076999895144],[-120.67338099979612,48.733221999714296],[-120.66791699977543,48.73361999989918],[-120.66428300004083,48.73138599980594],[-120.66244299970899,48.72965799985297],[-120.6612200000435,48.72733999978347],[-120.65598000032877,48.72489699979483],[-120.65585700030513,48.72434200009889],[-120.65776700005888,48.72131199997386],[-120.65976800004918,48.719597999732265],[-120.66458199979157,48.72089100025533],[-120.670717000007,48.720588000290235],[-120.67709700044482,48.71862899992501],[-120.67819500043682,48.71782600016824],[-120.68115600032688,48.71247600006975],[-120.68158999979686,48.710649000184056],[-120.68022300019133,48.708121999783835],[-120.68005099976389,48.70394700018631],[-120.67778600018292,48.70139999999751],[-120.67808900013159,48.69619699993269],[-120.67997200012115,48.69429599982003],[-120.68418300033917,48.69421099998842],[-120.68884899994354,48.694991000244634],[-120.6954560001621,48.696651999709815],[-120.70122700032947,48.6973810000686],[-120.70338800015337,48.69691900027582],[-120.70842299982866,48.691281999887146],[-120.71199200016426,48.687870999957795],[-120.71316399977613,48.684805000091075],[-120.71324599979187,48.68229499971129],[-120.71637099971346,48.67673699971889],[-120.71866299995692,48.674492000066905],[-120.71863799984258,48.67159399978478],[-120.71765700002645,48.670045999836255],[-120.71733300016133,48.66452600006579],[-120.72077699992515,48.663895000144194],[-120.72564500009422,48.66442199971323],[-120.73059299973087,48.66604299995183],[-120.7330790001431,48.666192000224484],[-120.73818599978843,48.66267800021],[-120.74437999955511,48.66096199985352],[-120.74502599963547,48.659955000140414],[-120.74978000000172,48.65927200007499],[-120.75190400001567,48.657001999813694],[-120.75062400044881,48.653723999913815],[-120.75261100019543,48.652299999979085],[-120.75289300022773,48.649378000043804],[-120.75425599963528,48.647523999979924],[-120.75760800023589,48.64456099976239],[-120.75946500028618,48.644099999872466],[-120.76639800001966,48.64436399971732],[-120.77169200016105,48.642627000032356],[-120.77329700031625,48.64100000006281],[-120.77407700029094,48.63755900023892],[-120.77748099987177,48.63532199999026],[-120.78060199959542,48.63028700028734],[-120.78230200018517,48.62859700002272],[-120.78714600006477,48.62626200001623],[-120.78830699980595,48.625114999826266],[-120.78752199980839,48.62247200010255],[-120.78243699990436,48.61394000019962],[-120.7821149996891,48.61273299990411],[-120.7839590002189,48.611126000004255],[-120.78530900010597,48.608289999768054],[-120.7853119995807,48.60516400010126],[-120.78365899974493,48.601863999872634],[-120.77956100040312,48.59859800025235],[-120.77858399988664,48.59737000022772],[-120.77404100030593,48.59442599981103],[-120.77383200006855,48.59307999995214],[-120.76913899980168,48.589930999760334],[-120.76585800024449,48.58901099994932],[-120.76465999979507,48.58625600027727],[-120.76045799979786,48.58276100009144],[-120.75385800015033,48.58055600025107],[-120.74547900027032,48.579521999829645],[-120.74413000020817,48.57884299971285],[-120.74158100004675,48.57887800011951],[-120.73522599972327,48.58068599978091],[-120.73065999967804,48.582304000201596],[-120.72930899996604,48.58523000024501],[-120.72752200023596,48.585716999763335],[-120.72438200024577,48.58894799970793],[-120.72258499957161,48.59614299994765],[-120.71921199995292,48.596432000109566],[-120.71720099991687,48.59507200027431],[-120.7149920004124,48.59455599990778],[-120.71546600006532,48.59366400003077],[-120.71224300023442,48.59141900001257],[-120.70648499958753,48.590758999826456],[-120.7039899998528,48.589148999948925],[-120.70190500019692,48.586922000293804],[-120.70012099994157,48.583779999978425],[-120.69741199994658,48.581191000085376],[-120.69505799977884,48.579762000181205],[-120.69280099969548,48.57751300017979],[-120.68851500003272,48.57570499995643],[-120.68873199976768,48.572852000236615],[-120.68673099977735,48.57089099975291],[-120.68609700029087,48.56649600019224],[-120.68809999993101,48.56295199984892],[-120.69293499958978,48.56069499999527],[-120.69636900020616,48.559518000273734],[-120.69919399965379,48.55968799990412],[-120.70049599986028,48.559021000134116],[-120.70099200015285,48.55662300021437],[-120.70033000017892,48.555759000008415],[-120.70197700016692,48.5510740001449],[-120.70454300004677,48.549168999734825],[-120.7054589995656,48.54772799980598],[-120.70523900035586,48.546085999881996],[-120.70867600044699,48.54180199981548],[-120.70740699985244,48.53809000023167],[-120.70746499957876,48.53683500020194],[-120.70508299982194,48.53597799979122],[-120.70389299976843,48.533654999959694],[-120.70206900022842,48.531589000281684],[-120.69591300009661,48.53252399988326],[-120.69138899988414,48.53211000022429],[-120.68762499955487,48.53052799981132],[-120.68335800015866,48.530453999861976],[-120.67747800021134,48.53095599977646],[-120.67308799989318,48.53273099993045],[-120.66895899969093,48.53286099987234],[-120.6623590000434,48.53423000022657],[-120.65704700035865,48.53565500007895],[-120.6560010002452,48.5370980002915],[-120.65228299994666,48.53693900007953],[-120.65076900002805,48.53446099973444],[-120.6489909996205,48.532842000176224],[-120.64901400008503,48.52691799998069],[-120.65037099964479,48.525586000046395],[-120.65434300038652,48.52356700002602],[-120.65663700027982,48.52109700001155],[-120.65661999966308,48.51742299991741],[-120.65783099963296,48.51556299999943],[-120.6557490003501,48.51174599997484],[-120.65725599969768,48.5088840002248],[-120.6571999996212,48.50730999985961],[-120.64768299956621,48.50522399986782],[-120.64160199977744,48.50302400000819],[-120.64059500002205,48.50236799995619],[-120.636564999554,48.50175399975717],[-120.63213199957814,48.49994099999095],[-120.63000599991433,48.49950100024929],[-120.62840699960692,48.497352000232624],[-120.62999900024164,48.49566899974453],[-120.63847799968076,48.49631199974823],[-120.64110399983505,48.49403899997426],[-120.64162799971673,48.49255900012303],[-120.64896399985632,48.489569999830984],[-120.65010500040432,48.48847899990208],[-120.65132600041999,48.485539999955414],[-120.6532360001737,48.48523399979802],[-120.65369800013106,48.48180999977958],[-120.65257800039777,48.478695000138],[-120.65135400000906,48.47770399971774],[-120.64260100003524,48.47435199996391],[-120.63786599993558,48.47351900022294],[-120.6325569997256,48.47000800024699],[-120.63334400027125,48.46811799994701],[-120.64100500010086,48.46662100009191],[-120.6442659995666,48.46486300004714],[-120.64809799966791,48.46185299982263],[-120.65083199977724,48.46073000005488],[-120.65397799961524,48.45531700000666],[-120.65476900035887,48.45317500007827],[-120.6619099996065,48.45169499999534],[-120.66659200000271,48.451452000015394],[-120.66881800012395,48.44973499990255],[-120.6666050004215,48.446110000111],[-120.66459600003527,48.44481700026782],[-120.66287700007724,48.44263499997116],[-120.65897600037894,48.44144199982689],[-120.65502899975155,48.4388560001114],[-120.65277500004125,48.43794900026651],[-120.65090000044763,48.43471500019985],[-120.65152300006345,48.43232099982292],[-120.65523499961587,48.43008599975114],[-120.6547359998486,48.426907999903136],[-120.65263600012408,48.424928000092656],[-120.65197499997508,48.42332500016465],[-120.65025299964401,48.41479199982929],[-120.64778200019873,48.41242199983662],[-120.64387300010452,48.41193699973711],[-120.64165299983107,48.41112100025947],[-120.64110999968285,48.40853599998203],[-120.64275099982308,48.40694899978317],[-120.64503100037098,48.40609800018482],[-120.64788599995582,48.40154999971686],[-120.64991399971031,48.399279999878],[-120.64993299997688,48.3981390002873],[-120.64317299959744,48.39767899984009],[-120.6400560000718,48.39708399986055],[-120.63386399995493,48.39767899984009],[-120.6252089998904,48.3975929999485],[-120.62110099960455,48.39877200018109],[-120.61311900028288,48.394947999869714],[-120.61045899979338,48.39430700010048],[-120.60416700011744,48.388503000116344],[-120.59950800018576,48.385704000146994],[-120.59660099982405,48.385042000281814],[-120.58871499986353,48.38422799984102],[-120.58421900013849,48.38003600017341],[-120.57892599982199,48.378282000018054],[-120.57026999993255,48.37649999999816],[-120.56733400015683,48.375518000202845],[-120.56635099979258,48.37283699983265],[-120.56319200043411,48.37084800000495],[-120.56227400036718,48.36449100019293],[-120.56020600042972,48.36104799997317],[-120.56178200027259,48.359232999835044],[-120.56636599986122,48.35815000020407],[-120.56766499969464,48.35649199995358],[-120.5677400000377,48.354140000289476],[-120.56971900028672,48.348879000150724],[-120.57534399996592,48.3471189999881],[-120.57745399973618,48.34612999984438],[-120.57872300033073,48.34422200028436],[-120.58255700008189,48.34272099990049],[-120.58567199995773,48.33918099993485],[-120.58598699960199,48.336808000054006],[-120.58397899993896,48.32776900003768],[-120.58465599998149,48.32631299976657],[-120.58847899986198,48.32348400006093],[-120.58759699978008,48.32180200010321],[-120.58681599998047,48.32032200005887],[-120.58316600035234,48.31912800020027],[-120.57494399993284,48.3185850000421],[-120.57172699994973,48.318101999826695],[-120.5652539996255,48.317594000042504],[-120.56051900042415,48.31568299984203],[-120.55694199969263,48.31238799973237],[-120.55288199998567,48.31119000002624],[-120.54720100022998,48.306713999826314],[-120.54271399982744,48.3064260001599],[-120.53707999992741,48.30699699974111],[-120.53345000039076,48.30669200017468],[-120.52731400035042,48.30659699985911],[-120.51910000032684,48.31134900003756],[-120.51520799995106,48.312206999709844],[-120.51229599956648,48.312045000208094],[-120.51028700007855,48.3112980001668],[-120.50821199957008,48.3103440000786],[-120.50650699985577,48.307930000151636],[-120.50397100011314,48.302380999821665],[-120.49882599993465,48.29507299985755],[-120.49427400013312,48.292817999985125],[-120.48861699976854,48.28740100013497],[-120.48234000016119,48.28401199973556],[-120.47634600041104,48.278363000009904],[-120.47051300031941,48.27687299998477],[-120.464486000059,48.274901000250686],[-120.46315999956306,48.27253700019228],[-120.46772200030868,48.27058900027686],[-120.46912400007426,48.268979999946744],[-120.46556300013458,48.267005999728184],[-120.46135799976437,48.26651299992855],[-120.4586420000967,48.26520900028422],[-120.45115199997132,48.26098499971658],[-120.44620500015952,48.25993600029438],[-120.44270399959599,48.26020099977006],[-120.43877299976046,48.25801799989961],[-120.43479599989418,48.25645199988258],[-120.4297219998608,48.254921000200824],[-120.42893799968816,48.25297199984021],[-120.42664100032016,48.25181300013564],[-120.42102599978838,48.24951800020122],[-120.4122469998753,48.2482720002166],[-120.40372200040541,48.2447429997425],[-120.39228899985059,48.24269399993481],[-120.38934800005201,48.240793000181114],[-120.38690500019584,48.23805099980069],[-120.38495199988608,48.233166999957724],[-120.3862470004199,48.23180800017176],[-120.39141199979153,48.22879600029145],[-120.39006100007957,48.226223999764684],[-120.38655399966825,48.22529999999166],[-120.38496299975672,48.221997999962],[-120.38290099966707,48.21985100023791],[-120.37868799979921,48.21830299979695],[-120.37349499994015,48.21779600019366],[-120.36717700032493,48.21867199982563],[-120.36224700023159,48.21867000011001],[-120.36006999961586,48.219585999947206],[-120.35740300035201,48.219422999742015],[-120.35554200010374,48.218422000052975],[-120.35396500043596,48.21692199972197],[-120.35421099958495,48.21338300027199],[-120.35270599988716,48.211768999939494],[-120.350919999982,48.20884999970645],[-120.34791800008405,48.20521099972853],[-120.34651299994539,48.20211299981725],[-120.34628399961653,48.19998599993964],[-120.34718999998792,48.19771000000128],[-120.35077699986687,48.19319900029426],[-120.35189599977525,48.187269999735186],[-120.35317799989028,48.18495200020057],[-120.35560999987582,48.183238999828795],[-120.35691999957992,48.17955099998558],[-120.35631799988047,48.17732899982555],[-120.35671899973848,48.17614499971379],[-120.36100399957631,48.17250800001908],[-120.36170300025847,48.17020699990948],[-120.36226300012513,48.164751999834515],[-120.36128800015676,48.15756900025411],[-120.35871700025405,48.15624099972151],[-120.35429000012596,48.155352999726034],[-120.35325999990604,48.15394899990957],[-120.35349099988471,48.151141000093666],[-120.35256000029727,48.14832199999909],[-120.34857800040812,48.144284000287],[-120.34159899974559,48.142936000242386],[-120.33959899958018,48.142139999926044],[-120.3338249999381,48.13883800021274],[-120.33082499968995,48.13523700015429],[-120.32627999956112,48.13140700002874],[-120.32695900015176,48.12903899992449],[-120.32108300040241,48.12566100008756],[-120.31960999959335,48.124424000262735],[-120.31786700024422,48.12430399974306],[-120.31576499997155,48.124716999888875],[-120.30961700023565,48.126986000023564],[-120.30363600000598,48.126784000279],[-120.30035500044879,48.127715999856235],[-120.29861399985114,48.12972800028393],[-120.29434699955661,48.12933800022028],[-120.29191299992125,48.12981999992563],[-120.2904299999648,48.12913700023929],[-120.2882490000494,48.125106000080415],[-120.28631099980826,48.124081000146525],[-120.2822350002078,48.12395699979608],[-120.280101999973,48.12344700015914],[-120.27810799965535,48.12119999994579],[-120.27637799982669,48.120647000254635],[-120.27324899970715,48.1184710000527],[-120.27220799961655,48.115569000101395],[-120.26813899968879,48.11330499971484],[-120.26620700019372,48.11108500010511],[-120.26328800013648,48.11032200024664],[-120.25857099958016,48.11042600010961],[-120.25569099988095,48.106612999856594],[-120.25168899990032,48.10467799972343],[-120.25043000024984,48.10310099993928],[-120.24686699976202,48.10227200022454],[-120.24446599973861,48.101018000216825],[-120.24077099990463,48.09662500021754],[-120.23712299992634,48.09499799984922],[-120.23536999963311,48.0933569997585],[-120.23537999967887,48.089366000116584],[-120.23259799988895,48.088361000039555],[-120.22946399974651,48.08861700000139],[-120.22510699993865,48.084724999946246],[-120.22260999965577,48.083807000071324],[-120.22026300005905,48.0846709997011],[-120.21849999972011,48.08424600016046],[-120.21629500041358,48.08125699974204],[-120.21305999998884,48.07904400027101],[-120.20763000030331,48.07843300029664],[-120.20289699985348,48.077162000043266],[-120.19708700022636,48.07688499990554],[-120.19093500029247,48.07729000014481],[-120.18712099973447,48.0785199999109],[-120.18572599964156,48.07819300022542],[-120.18357800023648,48.076293999993545],[-120.18309600018763,48.07398699973883],[-120.17862999970149,48.07287399989289],[-120.17026099986722,48.069708999736605],[-120.16593400019654,48.06929699996066],[-120.16448800005001,48.06826699989733],[-120.16176700035948,48.0689239999326],[-120.15836500042846,48.06886500011504],[-120.15632199970702,48.06588300027441],[-120.15001599978736,48.06613399978616],[-120.14907799962891,48.06498199998258],[-120.14393099980062,48.065444000170885],[-120.14307499965796,48.06488200006121],[-120.14149999963999,48.06157700002828],[-120.14039199960226,48.061486000295915],[-120.13284399975055,48.05721599987372],[-120.13169700025304,48.05525800026755],[-120.1346380000516,48.05255100024357],[-120.13935899990757,48.054163999803606],[-120.14736200004396,48.05312800023918],[-120.14900900003194,48.052233999882574],[-120.1473860003334,48.0494959997279],[-120.14738499961017,48.04838700000987],[-120.15010899967378,48.04650700023046],[-120.15010600019905,48.04449800007471],[-120.14674000025303,48.04277199983636],[-120.14714600013389,48.04124399974761],[-120.14639100027357,48.03734299998094],[-120.14330900000968,48.03582800020136],[-120.14044000018113,48.0354789997797],[-120.1344039996999,48.033280999769694],[-120.12698100041996,48.03301800018417],[-120.12473900040521,48.032123999761026],[-120.12178900038582,48.03218200004662],[-120.11952899992941,48.0270849997948],[-120.11632899966476,48.02621400022782],[-120.11432299965156,48.024999000269055],[-120.11089499978127,48.024624000045954],[-120.10823299964197,48.02306399970904],[-120.09502900014893,48.02052399980314],[-120.09336299989435,48.0194470002487],[-120.09017600004849,48.01800599976706],[-120.08795300030033,48.01551300017798],[-120.08756300031298,48.01391600021571],[-120.08314100020776,48.01088099989383],[-120.08183200032859,48.00622300000894],[-120.08243400002803,48.00498700003003],[-120.0799119996308,48.00347300008154],[-120.0782239996349,47.99929300010542],[-120.0800609995937,47.998587999931964],[-120.07985599955428,47.99670399974915],[-120.0810530001788,47.99302899990399],[-120.07001100033455,47.98512199985481],[-120.06854400027163,47.98344700025314],[-120.06378499988251,47.98146600022111],[-120.06302400017444,47.97886499990583],[-120.06501900031697,47.97710600005202],[-120.06572099957552,47.9750370002318],[-120.06985599962553,47.97102500013011],[-120.07023899994019,47.96885399990653],[-120.06631899997531,47.96637499991087],[-120.06228199983457,47.96674599984871],[-120.05679100004969,47.96374300011598],[-120.05467600025656,47.962019999959224],[-120.05134399974742,47.9620050001391],[-120.04864599962309,47.9606279997863],[-120.01171399992829,47.96049899988069],[-119.92690099968262,47.960474000043575],[-119.90972500034617,47.96043999978854],[-119.87759099960194,47.96046699979828],[-119.87299699996757,47.960600000085954],[-119.87059500011924,47.960455000063035],[-119.877040999781,47.965369000163115],[-119.88210899996658,47.96987200029697],[-119.88393500005473,47.972957000194526],[-119.88391099976529,47.97449199999],[-119.88240000021973,47.978894999971956],[-119.88198099992007,47.98316099975941],[-119.88044500026017,47.98662599970718],[-119.87778800014374,47.98952199988086],[-119.87244999962141,47.99313599989802],[-119.87081299967915,47.99592500026406],[-119.86876499983316,48.000355999972236],[-119.86821099981428,48.004843999860256],[-119.8670840004083,48.00705099987711],[-119.867375999588,48.009747000024866],[-119.8692040002243,48.01831600025703],[-119.87041600001909,48.01978000020076],[-119.87512099998155,48.023508999817324],[-119.88322200002719,48.0316200002896],[-119.88515100004751,48.03499499980916],[-119.89323000035186,48.04459600005464],[-119.89501299988399,48.048094000012924],[-119.89535000016787,48.05004400005282],[-119.89442500042824,48.05122199983662],[-119.89343200001822,48.051419000261674],[-119.89251300012637,48.05413900029194],[-119.88856499967407,48.05698600000896],[-119.88499700006172,48.05866900015956],[-119.88401700007051,48.05908000008647],[-119.87845000011762,48.06087000018673],[-119.87042600006485,48.06355999981719],[-119.86369800037079,48.06610199975625],[-119.86114900020937,48.06746400020352],[-119.85236400044849,48.07361000014449],[-119.84982600015775,48.07480299981839],[-119.84120600025331,48.07762099980307],[-119.83525799963562,48.07878700018863],[-119.83198200010129,48.07879099973265],[-119.82814599980199,48.07925999993347],[-119.82316300000522,48.08096400014879],[-119.81598300039956,48.08523699998669],[-119.81093000028257,48.086719000237736],[-119.80844100039563,48.08685500019883],[-119.80271000041121,48.086274000009254],[-119.78987599991572,48.08571999975074],[-119.78338000002525,48.0863770001848],[-119.78082800038909,48.08696300024713],[-119.77679799992106,48.08901300010426],[-119.77459600008926,48.09195799994097],[-119.77403700004754,48.09424500002131],[-119.77642200017743,48.10144100024711],[-119.77634099998657,48.102814000119785],[-119.77529099967514,48.10390000015785],[-119.77343899964774,48.104466999957936],[-119.76576199992459,48.10469000011336],[-119.75500700013555,48.10311900017556],[-119.7498519999113,48.103056999935106],[-119.74544099967675,48.10221400028463],[-119.74062000026169,48.10039999983357],[-119.73630100008863,48.0976190000624],[-119.73438100028918,48.09568700020696],[-119.73240100021525,48.091788999783894],[-119.72889999965173,48.087261000282],[-119.72506500007563,48.08376100017865],[-119.72193199975814,48.082484000043415],[-119.71618400005529,48.08187300011569],[-119.70741799966268,48.08244400025834],[-119.70484500011015,48.082795000131775],[-119.70087499991655,48.08402300013911],[-119.6954169997436,48.0870569997156],[-119.68874099992809,48.09161500028806],[-119.68529200014142,48.09322199979653],[-119.6837160002985,48.09302599994988],[-119.68072500027121,48.09027499981808],[-119.67266500023347,48.081045000031175],[-119.67052500032594,48.077861000141844],[-119.66970699981812,48.07523199976976],[-119.66969599994746,48.07179900022751],[-119.67046599987641,48.067920999838535],[-119.6721539998723,48.06474100004608],[-119.67415999988548,48.062102000238404],[-119.6763869998316,48.058765000243326],[-119.67830400015634,48.055099000083885],[-119.68081700033274,48.04891499980689],[-119.68281800032308,48.04566099986132],[-119.69048199962742,48.03724299983231],[-119.69371200002932,48.03205599988165],[-119.69307500016977,48.02852200017351],[-119.69079600034507,48.02494099970958],[-119.69010400023397,48.02405799998527],[-119.6881149999392,48.02232800016646],[-119.68456400004526,48.01978300029342],[-119.6741680002814,48.014206000086084],[-119.66886099972122,48.010811000223384],[-119.66466799994485,48.00828300006423],[-119.65840300003309,48.002565000005205],[-119.65481899962884,48.0010449999339],[-119.65176499985236,48.00000799999924],[-119.6472049996549,47.998884000253],[-119.63782599969218,47.996947000024676],[-119.63337900037094,47.996397000028246],[-119.6283780001325,47.99630999989069],[-119.62405800013455,47.996770999701916],[-119.62072399997557,47.99678199973965],[-119.61552199989569,47.99903000021238],[-119.61444700036822,48.000088999839846],[-119.61138000017294,48.00473499985965],[-119.61031599961784,48.00681699985073],[-119.60754600042182,48.01070400022586],[-119.6042230001335,48.013896000123104],[-119.60166099955332,48.01556300002882],[-119.59908700017586,48.017878999927476],[-119.59510299973854,48.02085600019895],[-119.59083499961913,48.02342399986389],[-119.5832220003684,48.027004999985664],[-119.5784269999943,48.02880399994471],[-119.57092199980029,48.03197599997932],[-119.56439999997055,48.035473999746145],[-119.55961899984014,48.03906399984418],[-119.55469700014271,48.044370000089806],[-119.55087099988917,48.04662099976299],[-119.54983800019451,48.046834999984604],[-119.54580699990156,48.04973499987435],[-119.53903200035182,48.05278900023218],[-119.5303859996098,48.054017999818],[-119.52413099974376,48.05704300021739],[-119.52003000002891,48.060258000295235],[-119.51757100027919,48.06261499989613],[-119.5165159999449,48.06684200008608],[-119.51660100033372,48.06961000005946],[-119.5159109998724,48.07172799982696],[-119.51611099988895,48.07478399990851],[-119.51335599986322,48.076756000071285],[-119.50936800012627,48.079010000102606],[-119.50723200041675,48.07961199979644],[-119.50099400026913,48.08242900003087],[-119.49930899974798,48.082701999885586],[-119.49528599985095,48.08251799971622],[-119.49278600009335,48.08199900025176],[-119.48646799957979,48.07933200001951],[-119.4841720000367,48.07869999982547],[-119.47284700033524,48.078195000020585],[-119.47029999982365,48.07863200021186],[-119.4668960002428,48.080290000226796],[-119.46073099989012,48.080074999948664],[-119.45695599969021,48.07891099971372],[-119.44987599964364,48.07814100012245],[-119.4451489999399,48.07920299971884],[-119.44073199985755,48.07866699991832],[-119.43625700004891,48.076688000289025],[-119.43393700021635,48.07487200025341],[-119.4305339995621,48.07083999974039],[-119.42982300008273,48.07044799978051],[-119.42756400034953,48.066884999747344],[-119.42325199984917,48.062562000058286],[-119.41797000030165,48.059161999864834],[-119.41239400012796,48.05621800021183],[-119.40880899989884,48.05473999998572],[-119.4063579996467,48.0531250002861],[-119.4058639999023,48.05203100014],[-119.40223299964244,48.05041799981963],[-119.39621499960283,48.04982000026958],[-119.39192200026736,48.050063999932476],[-119.38583100043287,48.05114200026881],[-119.37900199955813,48.0516430002957],[-119.37047700008824,48.05266899998182],[-119.36669100001768,48.05279800014958],[-119.36000699980625,48.052294999749435],[-119.35578800009063,48.05166900023114],[-119.34823000019318,48.05001700005284],[-119.34352299968262,48.04943199998033],[-119.34122899978932,48.049846999772335],[-119.33858099989371,48.0509230001932],[-119.33514499962752,48.053335000182216],[-119.33311100002521,48.05603600025396],[-119.3304339998173,48.062392999973056],[-119.33023899982362,48.06395600010905],[-119.32793400005967,48.07027400011856],[-119.32807799999973,48.075316000134784],[-119.32880199989792,48.079356999900796],[-119.32973000001058,48.08070600020674],[-119.3296110001849,48.084200999841116],[-119.32828600041219,48.09065699978196],[-119.32752099960783,48.096655999726224],[-119.3246900003124,48.10012899987241],[-119.3171349998897,48.106023000142045],[-119.31231699994935,48.10889900018532],[-119.30729499979454,48.111782000146185],[-119.30318599968376,48.11334200004535],[-119.29858500037672,48.11548500010049],[-119.29207500024256,48.11497300015267],[-119.28856299980835,48.1139889998162],[-119.26942300029151,48.104560999823995],[-119.26669500002994,48.10407900004456],[-119.26299500017309,48.102605999970166],[-119.26016099960633,48.10211000000098],[-119.25439199998708,48.102234000292015],[-119.25255300037847,48.102586000107564],[-119.246895000189,48.10468900013097],[-119.23756700027992,48.109389000078835],[-119.2346819996595,48.112351000230355],[-119.23300600025753,48.11329399995187],[-119.22189200044325,48.1165020002166],[-119.22003500039298,48.1164839998694],[-119.21530100011825,48.115312999984255],[-119.2138419995529,48.11546299970627],[-119.21165599961466,48.11621899989232],[-119.2083700000346,48.11812000019963],[-119.20018600014825,48.12519700002371],[-119.19589499956427,48.126714999931906],[-119.19232199992905,48.128558999719544],[-119.1891869999617,48.12935799986509],[-119.18709999975769,48.12931300005367],[-119.18248799968164,48.128168000246745],[-119.17934600004162,48.12789000008218],[-119.17702299983604,48.12828599988753],[-119.17281900018902,48.13054700001061],[-119.17025199958596,48.13250700015551],[-119.16543000034598,48.13724000013501],[-119.1601090004404,48.14084500009337],[-119.15577500019874,48.14325200007485],[-119.15372800017768,48.14497299988798],[-119.15098300019767,48.14606700023123],[-119.14400699990816,48.147149999727176],[-119.14128399966948,48.14785600022105],[-119.13531000001086,48.15074900028268],[-119.1309630002487,48.151187000229896],[-119.12652100005201,48.15055499983119],[-119.12377199987405,48.14970899996057],[-119.11968200002985,48.14789600006192],[-119.11430699969762,48.144975000082994],[-119.11034099970196,48.14222199979696],[-119.10508400026882,48.13945099983232],[-119.10167499976677,48.13835400017402],[-119.0983249997143,48.13767100009166],[-119.08998000016948,48.13721099982303],[-119.08685500024791,48.1375229997564],[-119.07885700013438,48.13967000022777],[-119.07499700044396,48.140261000138814],[-119.070084999894,48.14040199996743],[-119.0584139996878,48.13749300026024],[-119.05584799980797,48.13646500005858],[-119.05241599973971,48.133862000170794],[-119.04965499986619,48.13042200020005],[-119.0452339995859,48.126864999942484],[-119.0394750000124,48.12187000001972],[-119.03463199995771,48.11886099987561],[-119.03188699997771,48.116830000174325],[-119.02953700000793,48.11419300029334],[-119.02641799993413,48.10789600022398],[-119.0246400004249,48.103117000149595],[-119.02394800031374,48.09903100004744],[-119.02245699996139,48.09314000028223],[-119.02231399984623,48.0894009997206],[-119.02287100023817,48.08447600004425],[-119.02212100040072,48.08023100023716],[-119.01994499960988,48.074598000293946],[-119.01879399991445,48.06978400016561],[-119.01773000025763,48.06769500018206],[-119.0152220001041,48.06510000004815],[-119.014129000135,48.06292199984298],[-119.01215999993173,48.056456000063626],[-119.01012999962907,48.05163199994951],[-119.00869199987847,48.04915199992437],[-119.00472500005792,48.04427800001675],[-119.00319000022292,48.04326299985222],[-118.99865199976674,48.041439999890606],[-118.99315900033204,48.03975299981574],[-118.97885699994869,48.036873000297774],[-118.9757889999285,48.03539399974412],[-118.97168800021366,48.032139999825645],[-118.96724600001694,48.029382000094],[-118.95726299980667,48.02452399984612],[-118.9520919996889,48.02058400015603],[-118.9507819999848,48.01888399997001],[-118.95101100031366,48.014691999862954],[-118.95200300000047,48.01198100009366],[-118.95216399965892,48.009000999878246],[-118.95465099989606,48.0045590002603],[-118.95620900019559,48.00260399979219],[-118.95839400030893,48.00064699996104],[-118.96003999957371,47.99957699972539],[-118.96070599974556,47.998800000212654],[-118.96106700031889,47.99763199999186],[-118.96109800028103,47.99565200005593],[-118.96094199974712,47.99249099973466],[-118.96391799970579,47.98591600018559],[-118.96594299998554,47.982981000145735],[-118.97182399975779,47.97758699978355],[-118.97855300017507,47.97302099989988],[-118.98177500018103,47.96968799985931],[-118.98243100030716,47.96911700022414],[-118.98223700013838,47.96227200001513],[-118.98223399976536,47.96202499989831],[-118.98177000015814,47.95798500024142],[-118.98274799960123,47.95300899991474],[-118.98275400034734,47.94978199985517],[-118.98166399985294,47.947977000098874],[-118.97810100026345,47.94527699983514],[-118.97350400025606,47.943414000229964],[-118.96542699960153,47.94168299976909],[-118.95705100009457,47.940857000256926],[-118.9507119996646,47.94130300024268],[-118.94110000007339,47.94310999981917],[-118.92387899963276,47.94552299992519],[-118.91333599955581,47.94659000027051],[-118.90996499958693,47.94677600003638],[-118.9006269996321,47.947941000004256],[-118.89423000037415,47.94938299985796],[-118.88569900015816,47.95208999999413],[-118.8779089995588,47.95482000011903],[-118.86930200007315,47.956549000097056],[-118.85196000015704,47.957906000143204],[-118.85167300010187,47.96342600021086],[-118.84578499975862,47.96347800006303],[-118.84584400020817,47.98501599998301],[-118.84561200040459,48.05007199988215],[-118.84559099958987,48.1839209999803],[-118.84579700035252,48.30990999989407],[-118.84504400014198,48.309934999849304],[-118.84454299982659,48.396494000171984],[-118.84388800042366,48.48168400009412],[-118.86569000007987,48.48161199979312],[-118.8695299996788,48.48188100003159],[-118.86985199989408,48.637043000006074],[-118.86964199983179,48.64078100025201],[-118.86963299961096,48.65382599991999],[-118.8370059998455,48.653869000076014],[-118.83700800039367,48.68273300016067],[-118.8369599998148,48.79152300005934],[-118.83692700020282,48.79937300002418],[-118.83699900017282,48.81271199990712],[-118.83694200027145,48.82710700026618],[-118.83684000016417,48.935024999970025],[-118.83661403524266,49.00030775940599],[-118.90277603120145,49.00029751306647],[-119.13210200024858,49.00026199975368],[-119.13727400019124,49.00029699974756],[-119.18072802397027,49.00029043857659],[-119.42867800023507,49.00025299986912],[-119.44209495434936,49.00025669859731],[-119.45769999967987,49.00026100022495],[-119.7012180000482,49.00025799987068],[-119.70170282619696,49.00026468304024],[-119.70201599956624,49.00026899999015],[-119.8761949996841,49.00044800014642],[-119.91926190167794,49.00009313981948],[-120.00119900033876,48.99941800023298],[-120.0355096989665,48.99953574904529],[-120.37621599963069,49.00070499998342],[-120.7166040002403,49.00018799980351],[-120.85156090035673,49.00028008025809],[-120.85525099988082,48.99771700029134],[-120.8528549998803,48.994696000027155],[-120.85121499956502,48.993829999780274],[-120.85425900019405,48.99014099987845],[-120.85826500037263,48.98636700027798],[-120.86136199980683,48.98464399971132],[-120.86225599958432,48.98223199974213],[-120.86565599986551,48.979833000154386],[-120.87374299966747,48.97865400021356],[-120.8775599997002,48.97870200014812],[-120.87849100018592,48.978149000200936],[-120.88206399982118,48.977947000060375]]]}},
    {"type":"Feature","id":"53049","properties":{"STATE":"53","COUNTY":"049","GEOID":"53049","NAME":"Pacific County"},"geometry":{"type":"Polygon","coordinates":[[[-124.09834303189913,46.79406699678246],[-124.0966549995639,46.784373999718845],[-124.09504100008618,46.75681199983979],[-124.0965149998218,46.74620199984065],[-124.09217599955726,46.74162400012823],[-124.0809830001003,46.73500299981923],[-124.06311700030254,46.73366400009588],[-124.05613900036322,46.72910699986397],[-124.04735700007707,46.72531499984342],[-124.04347399992213,46.72414200025728],[-124.03781400008282,46.72233700017494],[-124.03728122545749,46.72205475890528],[-124.02912700023124,46.71773500024093],[-124.01798168245124,46.719154655908795],[-124.01708399958108,46.71926899990081],[-124.01641190434002,46.71892631392994],[-124.00655399992291,46.71390000030472],[-124.00484300036081,46.712321000169496],[-124.00576399990248,46.71033500020566],[-124.00234199987997,46.70744699994011],[-123.99885399973525,46.705957999718464],[-123.99424199965922,46.70792899997586],[-123.98752099963784,46.707506999777806],[-123.9736629996685,46.70335299971373],[-123.96688599957065,46.70518400017054],[-123.96851008802733,46.70690940943264],[-123.97515700039393,46.713971000106575],[-123.9786478230453,46.72226500388738],[-123.97965499976881,46.72465799976193],[-123.97499400018735,46.73339100002328],[-123.96856400041911,46.73610599996996],[-123.94868300038732,46.7253689998654],[-123.92907299961887,46.725277999956774],[-123.92140701863099,46.72619610814439],[-123.92089629225599,46.726257274365004],[-123.91687400023137,46.72673899987965],[-123.9135099999352,46.72667999989166],[-123.91210499979655,46.72819900026448],[-123.91284999961113,46.73064699975826],[-123.91513099998393,46.7332370003041],[-123.91767099992451,46.73464400022775],[-123.91880599972643,46.73882900011558],[-123.91637100026615,46.74132200021659],[-123.9107159995514,46.74671499987293],[-123.89864100001252,46.750205000197845],[-123.89305399996816,46.750203999997304],[-123.88875999990945,46.750382999896814],[-123.88747358457482,46.749722127075685],[-123.88530100007702,46.748605999919114],[-123.88713899986072,46.74564300029471],[-123.87969703265358,46.73497990375063],[-123.87668000034768,46.730656999849785],[-123.87078199995872,46.728326999839595],[-123.86214899963547,46.72774900028042],[-123.85485500022698,46.725353999796276],[-123.8487250000344,46.719897999918814],[-123.84708899991708,46.718560999981456],[-123.84025099971984,46.71820300013582],[-123.83347000032232,46.71832200028957],[-123.8293560001887,46.713356000041564],[-123.82923999983774,46.70898500024575],[-123.82912400038511,46.70477200003517],[-123.83300699964173,46.70246700023506],[-123.83655610588706,46.701954458990194],[-123.83961300003537,46.70151299991727],[-123.85135600021157,46.702560000125644],[-123.86037978115812,46.69997863661101],[-123.8649020000114,46.69868499998187],[-123.89560099958142,46.68367200023441],[-123.90423899992753,46.679081000113705],[-123.91559600031435,46.67864900014318],[-123.92326899983952,46.672708000004995],[-123.9206619999518,46.66814200024665],[-123.92091600039501,46.653575999909194],[-123.92191300010467,46.65026199980364],[-123.93316500001119,46.64598900020883],[-123.94061599977853,46.64086199990677],[-123.93634900038234,46.63306400026728],[-123.93611099983264,46.62702499979261],[-123.94419199978681,46.62702499979261],[-123.95084699968592,46.63175800019273],[-123.95274899994206,46.63632800027716],[-123.95689599968766,46.637204999945965],[-123.9585499849753,46.63683367007006],[-123.96064199957527,46.63636400022048],[-123.95891400029475,46.62792999969743],[-123.95892310022857,46.62742968722545],[-123.95911357271319,46.61695809770451],[-123.95917500041064,46.61358099998372],[-123.95444986111787,46.60630431988861],[-123.95369899979606,46.605147999783156],[-123.93913899966984,46.596325999880875],[-123.92886099990675,46.58887500028872],[-123.92233200040435,46.57705699986266],[-123.92256599985774,46.57017699988251],[-123.9202469998501,46.56734300019038],[-123.91690199982048,46.56263300025767],[-123.90812499955723,46.5533060001277],[-123.9033209998606,46.551910000166366],[-123.89618100043789,46.550253999868154],[-123.8945789997574,46.547267999811034],[-123.89570500023683,46.54257100023978],[-123.89329199961955,46.53961000016886],[-123.8942540000674,46.53702800001642],[-123.89813100037458,46.534880000045256],[-123.89766313711335,46.531511808273606],[-123.89724199972164,46.528480000033646],[-123.89670299977138,46.52266499980892],[-123.89513699997423,46.51849800002363],[-123.89553592472392,46.514105861306874],[-123.89553899965716,46.51407200006464],[-123.89982699986805,46.510522000300405],[-123.90739800018429,46.507663000219814],[-123.91027899970841,46.50927700015874],[-123.91222199997243,46.51416500004504],[-123.91342799991943,46.51444100016672],[-123.91726524797866,46.51198892497114],[-123.91811799981325,46.51144400001988],[-123.92428200034102,46.51116699983343],[-123.92119199968124,46.50773100023582],[-123.92304799990659,46.50144599979529],[-123.926991000336,46.49681000004129],[-123.92669199968692,46.494322999873766],[-123.93197800033073,46.49322599987673],[-123.94257800030911,46.487831999759806],[-123.94366700008027,46.47719700010179],[-123.94062699964918,46.470920000167396],[-123.9394390001438,46.46715499976562],[-123.9425280000804,46.46518999986008],[-123.94775699992447,46.46731900023567],[-123.95678899955755,46.46911900005529],[-123.9680439998371,46.47349699987467],[-123.97082999982499,46.47537000028624],[-123.97176299996053,46.479921999919206],[-123.97200099961192,46.48614199999572],[-123.97705999957665,46.48745800027225],[-123.97921299990297,46.48994899986135],[-123.97905300006938,46.497377999722595],[-123.9836879997116,46.4985419999105],[-123.98838600000134,46.49700800009429],[-123.99268000006003,46.48861700017072],[-123.99418099955984,46.46886799974297],[-123.99086999986542,46.46573800012868],[-123.9906149995973,46.46301900008518],[-123.99172799965791,46.448816999974724],[-123.98840100006996,46.44504999987266],[-123.97009900025412,46.439153999765104],[-123.96534599971277,46.433257000026416],[-123.97009900025412,46.424410999884934],[-123.96700899959428,46.41572700030059],[-123.96677199976786,46.41015500007917],[-123.96534599971277,46.408679999878785],[-123.95774000013475,46.4091719997347],[-123.94989600000704,46.410319000012024],[-123.95203599991451,46.40261600007579],[-123.95155999971345,46.39015799986463],[-123.95227299974098,46.38179699973088],[-123.95369899979606,46.37884500028869],[-123.95805490994749,46.377936826130586],[-123.96391999965772,46.37671399981867],[-123.97651700032677,46.37966500020268],[-123.98483500010741,46.3786809999437],[-123.9950559999691,46.373925999753986],[-124.00717700043707,46.37146600016942],[-124.01525800039123,46.3786809999437],[-124.01608789549175,46.39241659972405],[-124.01620900007013,46.39442100011288],[-124.01715999974905,46.41638199985108],[-124.02534414875575,46.45936538447656],[-124.02603200044689,46.4629779997145],[-124.03000606551713,46.48624213162439],[-124.03095907742228,46.491821052386435],[-124.03173699959369,46.49637500020387],[-124.02834800008148,46.505098000051014],[-124.02775854625328,46.50828609887227],[-124.0274840004412,46.509771000108984],[-124.02368099975386,46.51211299972774],[-124.02382222479801,46.51328942820003],[-124.02601900002809,46.5315890002472],[-124.02314799965141,46.564113000042624],[-124.02356600012615,46.58255900001112],[-124.02879900016816,46.591039999954084],[-124.03228999978765,46.595218000118834],[-124.03832899974364,46.59859899998505],[-124.04086200001151,46.60624200010711],[-124.04603300012928,46.61310000007603],[-124.05236699963801,46.6200249997605],[-124.05134800018708,46.62383500020197],[-124.04579799995261,46.624277000244604],[-124.04401200004746,46.627397999702204],[-124.03408099971571,46.631150999794215],[-124.0353069997542,46.63595100020294],[-124.04649799956135,46.6383139999169],[-124.05032100034018,46.642025000301864],[-124.05090299994815,46.64549900005681],[-124.05783700040483,46.645256000142375],[-124.06434099979292,46.64125599981632],[-124.06958300005577,46.630651000238664],[-124.06841999976645,46.601397000249484],[-124.0619530001883,46.55616500027386],[-124.05854583224948,46.51273587983126],[-124.05702399991988,46.49333799984326],[-124.05703351218041,46.491344955094675],[-124.05712096496997,46.47302050587152],[-124.05715137473895,46.4666487402733],[-124.05742499977788,46.4093149997316],[-124.05799453076972,46.39528462399338],[-124.05835100024073,46.38650299989633],[-124.05949110696504,46.37567007458137],[-124.06031886946505,46.367804950379686],[-124.06204324314511,46.351420512635],[-124.06331235063917,46.33936186657212],[-124.06336899929929,46.33882360320377],[-124.06425882101242,46.33036881079591],[-124.06462399965012,46.32689900000754],[-124.06779765412413,46.31685457161394],[-124.0688733758971,46.31344997770851],[-124.07138400002955,46.30550400024045],[-124.0799069998496,46.299589000241696],[-124.07935216529584,46.29911849429087],[-124.07626200024434,46.29649799982121],[-124.07800600031672,46.2759379999049],[-124.07776799976702,46.27232399974109],[-124.0751540002066,46.27150199988398],[-124.06096099960322,46.27876100015087],[-124.05528099967243,46.27781000016557],[-124.05234800026977,46.275502000140406],[-124.0420300003237,46.27605200004594],[-124.0412620000446,46.278442999691244],[-124.04158199971175,46.285792999942835],[-124.04311900009486,46.28911300018398],[-124.05164000026512,46.29150399970155],[-124.04933399977796,46.29579800008319],[-124.04852668023885,46.29646175392701],[-124.0442730001634,46.299958999789645],[-124.03549599990009,46.30217199999475],[-124.03293300039331,46.30332300029467],[-124.02992399992435,46.308312000169394],[-124.02055099980943,46.31573699975877],[-124.02041446127613,46.315719464546454],[-124.00126399997947,46.31326000012002],[-123.99374741331494,46.3112844389561],[-123.98520400017836,46.30903899981232],[-123.97450899976545,46.303062999941105],[-123.97035500034717,46.29935199974595],[-123.97091199984075,46.293866000035194],[-123.96942700023445,46.291397999992434],[-123.95892799964012,46.28595799980013],[-123.95780616824196,46.28208193626309],[-123.95760919285297,46.281401365258155],[-123.95750199958508,46.28103100005793],[-123.95435300027236,46.2770010002288],[-123.94914021681579,46.27162015224385],[-123.94870799960334,46.27117400025577],[-123.94103000005532,46.26715899988805],[-123.93011155269863,46.260052370505505],[-123.92624700034634,46.257536999779646],[-123.92309200028751,46.251781000154466],[-123.91958099967823,46.25121699998243],[-123.90930600028821,46.24549099994613],[-123.87552499955596,46.239786999927496],[-123.87454245643417,46.240178025846],[-123.87098699999811,46.24159299986313],[-123.86582199972814,46.24895200024118],[-123.86278380580909,46.249155769334244],[-123.85953000005219,46.2493739999187],[-123.85554722761186,46.252716505219176],[-123.85078399975104,46.25671399990654],[-123.85237600038577,46.25866700029414],[-123.85049804982643,46.259679259280645],[-123.84974921869718,46.26008289734205],[-123.84895500018818,46.260510999793176],[-123.83890000000784,46.26213699993695],[-123.83377699957066,46.2684869998811],[-123.82903899999629,46.26967300021011],[-123.82439500013321,46.2694319997091],[-123.81876299988303,46.26969599983665],[-123.81816435628947,46.27007921623417],[-123.81692334270763,46.2708736407193],[-123.81650099977679,46.27114399995706],[-123.81545843482097,46.273891626488634],[-123.81451499985509,46.27637799975048],[-123.81173800008804,46.28035499975532],[-123.80613900034811,46.283588000035735],[-123.79555600008818,46.28450100017005],[-123.78265399982061,46.280227000232024],[-123.77505400009039,46.27459900019145],[-123.76668199988305,46.27349899984526],[-123.75956000000369,46.27507300018198],[-123.75955699963066,46.279186000177766],[-123.75357299992625,46.281194999799894],[-123.75024499961509,46.292035000116535],[-123.74560099975204,46.29238399973056],[-123.74147800029587,46.29027400014123],[-123.72858500024914,46.28872499986136],[-123.72789556572647,46.28968523395641],[-123.72779900042669,46.307544999882005],[-123.72736000003553,46.31465099974321],[-123.72655699959631,46.384871999867045],[-123.65734399974252,46.384458000287665],[-123.55810900036118,46.38406800012913],[-123.52289499990123,46.383945999914175],[-123.51034900018409,46.38375499993936],[-123.49076699990303,46.38358299999365],[-123.35833400012066,46.38402500013017],[-123.35790300012545,46.42734700010547],[-123.35819699985335,46.441268000234174],[-123.35765100023038,46.48474999973008],[-123.3584420000757,46.49160299984065],[-123.35809999976894,46.499231999899344],[-123.35846899983989,46.512751999774004],[-123.35837699977839,46.5414140000797],[-123.35892099975153,46.55207300007781],[-123.35950900010558,46.56264399992759],[-123.3650240001799,46.56295500017197],[-123.36558099967351,46.57713199985533],[-123.36461699957582,46.59092399984814],[-123.36540900014437,46.620070000130454],[-123.36483000001114,46.62767099976843],[-123.36496899992831,46.631683999844945],[-123.36785000035076,46.69221900022115],[-123.36897199973387,46.71127699986277],[-123.3704449996446,46.734721000288275],[-123.37270599992593,46.73468699969939],[-123.37095000015796,46.792129000008266],[-123.43256900012932,46.79256200026563],[-123.45370299996381,46.792761000181315],[-123.48292899962313,46.79287899999082],[-123.53227999971169,46.794027999793634],[-123.588200000384,46.79368599986816],[-123.61100100029799,46.79316899983076],[-123.63204499972076,46.79356099990871],[-123.65282000042838,46.79322100012461],[-123.69504299989151,46.79339000027135],[-123.70547299999053,46.793063000282544],[-123.71571200029389,46.79323399972897],[-123.73472999961201,46.79267799984236],[-123.73957799968957,46.792760000155745],[-123.79839499977949,46.792582000231675],[-123.85220300013339,46.7916559999744],[-123.85651300008563,46.791573999823996],[-123.85648799997125,46.79091600015384],[-123.87700599986259,46.79185700024969],[-123.88662199965177,46.79289299970092],[-123.89705199975081,46.79249500010991],[-123.91518100021264,46.792641000057536],[-123.96533900004009,46.79301299987779],[-123.99739900026617,46.79326600025556],[-124.01814599958804,46.79278500017396],[-124.07765700033725,46.79416099989518],[-124.07933699993721,46.79414799989977],[-124.08164699972401,46.79424099979797],[-124.09834303189913,46.79406699678246]]]}},
    {"type":"Feature","id":"53051","properties":{"STATE":"53","COUNTY":"051","GEOID":"53051","NAME":"Pend Oreille County"},"geometry":{"type":"Polygon","coordinates":[[[-117.62942099975206,48.74263400018714],[-117.62924099982702,48.6558519997209],[-117.60879099970774,48.655951999789984],[-117.60720700036725,48.65613099988116],[-117.56764799979494,48.65604100026614],[-117.56393200004457,48.65620400005744],[-117.49997499979901,48.65618700018024],[-117.4999520002328,48.65276700001601],[-117.5007849999109,48.571664999708275],[-117.50099900017116,48.571666999863275],[-117.50121400025631,48.484037999822114],[-117.5005720003739,48.48404100018941],[-117.50038999990069,48.442950000274976],[-117.50039900012153,48.4329279998814],[-117.50053600038889,48.394848000259664],[-117.49997599962393,48.39484899995252],[-117.50039999994644,48.30888299977415],[-117.50000699958606,48.28851999984553],[-117.50005199979188,48.26204400001174],[-117.5001430000285,48.238114999938105],[-117.5008059998273,48.23049200002969],[-117.50085100003315,48.22336599991443],[-117.50223799973014,48.223362000251385],[-117.50224799977589,48.203828999927254],[-117.50246100021124,48.19471100003294],[-117.50212200027751,48.173168000121414],[-117.50237099979952,48.1347079998607],[-117.43762899955644,48.13468799990137],[-117.43737400018662,48.104510999954925],[-117.4373380002016,48.101786999860884],[-117.43698900022216,48.07736199998698],[-117.43682000016774,48.07654499974759],[-117.43699300042013,48.04720699983631],[-117.43690300000844,48.04720599993716],[-117.42474399990563,48.047079999879024],[-117.3930539995754,48.04689899995672],[-117.34380600031729,48.04659600019266],[-117.30657099977549,48.04633599985803],[-117.24012899984093,48.04604099975993],[-117.21844600001046,48.04598399998389],[-117.21797599965718,48.04587300001774],[-117.19721900028956,48.046001999793575],[-117.18717300033006,48.04585999978968],[-117.1867880003656,48.045806000192925],[-117.17583699985964,48.04571199982569],[-117.17372299989141,48.04578900024146],[-117.04167682634846,48.04546427168451],[-117.04167599989843,48.04555999971222],[-117.04140100043712,48.085499999985835],[-117.04140073723073,48.085535206852505],[-117.04112134051614,48.12298200505418],[-117.04110699981095,48.12490400013751],[-117.0397862014588,48.16657159455624],[-117.03961362431295,48.17201591355071],[-117.03955199988444,48.17396000029321],[-117.03952002884348,48.17471673524617],[-117.0394129999673,48.177250000244925],[-117.03948948792043,48.1775828146787],[-117.03961800000668,48.17814199997765],[-117.0395829998466,48.18031300017143],[-117.03958200002168,48.18085299971382],[-117.03958200002168,48.18112399973979],[-117.03961499963363,48.1840149999957],[-117.0395989997401,48.1843869998185],[-117.03955622466123,48.18539747562441],[-117.03953135390427,48.185984989658635],[-117.03928615066265,48.19177740548769],[-117.0392812413696,48.19189335994995],[-117.03921530592608,48.19345095444441],[-117.03912008270933,48.19570040089391],[-117.03908047239518,48.196636111428255],[-117.03860200003045,48.207938999995974],[-117.03751166266782,48.25982524449205],[-117.03517800035812,48.370878000152786],[-117.03517800035812,48.371221000268626],[-117.0352889997879,48.422731999808754],[-117.03525399962781,48.42314399994311],[-117.03528499958993,48.42981600012406],[-117.03528499958993,48.43011300017144],[-117.03530127077468,48.43822506772173],[-117.03538269946192,48.47882398231791],[-117.03542500023032,48.49991399978801],[-117.034896539315,48.56888499900604],[-117.0345952084361,48.608212499814314],[-117.0344989997675,48.62076900003434],[-117.03435800020048,48.62852299981591],[-117.0337088614065,48.655338000104955],[-117.03367100011222,48.65690200004723],[-117.03333499965325,48.74992100022441],[-117.03238462250683,48.84666529294927],[-117.0321069999649,48.87492599973881],[-117.03235100036238,48.99918799988928],[-117.12607499986733,48.99888800012543],[-117.26824700036084,48.9998180001715],[-117.26819200010927,48.99992799987135],[-117.29979089689664,49.00001325616071],[-117.42996799972683,49.00036448316468],[-117.43037699998072,48.92316799975145],[-117.49895700017294,48.92315900011043],[-117.4984960000405,48.83689999981314],[-117.56385800042472,48.836671000106705],[-117.56395799998383,48.78611799974729],[-117.56401800025829,48.75824399992151],[-117.56381099967074,48.74296099984564],[-117.59591000025488,48.7429040000909],[-117.62942099975206,48.74263400018714]]]}},
    {"type":"Feature","id":"53053","properties":{"STATE":"53","COUNTY":"053","GEOID":"53053","NAME":"Pierce County"},"geometry":{"type":"MultiPolygon","coordinates":[[[[-122.70787700032658,47.0788630002521],[-122.70811199960488,47.07760799982118],[-122.70547799995299,47.07481099994407],[-122.7040490004232,47.071869999937796],[-122.7038870000415,47.071688000054316],[-122.70063800027134,47.0678310000197],[-122.7032950003878,47.065004999807805],[-122.70134799992584,47.063292000300045],[-122.6961080002111,47.06176499999081],[-122.69557000008577,47.05941100023352],[-122.69134299997421,47.05801599974862],[-122.68989500017784,47.05741199995078],[-122.69320599987228,47.05329099982767],[-122.68566100039362,47.051565999737036],[-122.68437799955537,47.05070800011402],[-122.67995499962528,47.04556000021158],[-122.67731599995048,47.043277999710774],[-122.67552800039549,47.03826599993324],[-122.67549499988522,47.03719500014571],[-122.67702800007041,47.03514300006022],[-122.67952199998022,47.03275999973297],[-122.68036100040445,47.03055099992905],[-122.6798650001119,47.02819099988502],[-122.67806300031322,47.02694200020813],[-122.67550199955791,47.02610799994702],[-122.67317300040284,47.02467899997319],[-122.67256300030745,47.02362899969689],[-122.67442399965738,47.02061100019768],[-122.67442100018266,47.019093999983184],[-122.67239699972781,47.01541499972426],[-122.67161099990533,47.01484999979098],[-122.66663700032939,47.01361699990083],[-122.66485300007405,47.01176500030381],[-122.66069000043493,47.010459999883324],[-122.65877399993511,47.0095239999007],[-122.65701599961903,47.00613900026779],[-122.65938900005337,47.00434199972407],[-122.65986299970629,47.00322499998407],[-122.65702200036513,47.0029670000277],[-122.65357900042622,47.00506400002248],[-122.65203100017243,47.00736500027905],[-122.64870299986127,47.00654800003817],[-122.6464459997779,47.003944000140585],[-122.64223399973498,47.00294199979476],[-122.63923500021008,47.00143599981289],[-122.64058799957188,46.99987900016086],[-122.63812200014947,46.99821399972105],[-122.63603800031848,46.99826699994104],[-122.63283200020602,46.999184999987335],[-122.63030200031122,46.99833900019033],[-122.63048200023626,46.99594299993463],[-122.63074300035217,46.990302999827506],[-122.63151699958075,46.9880819999542],[-122.63668699987358,46.98310600020993],[-122.63818300024884,46.980815000298435],[-122.63855200031979,46.97908600006033],[-122.63739599970314,46.977096999930616],[-122.63513699996996,46.975601999949546],[-122.63123700009658,46.973198999715024],[-122.62911700028057,46.97146300003891],[-122.62442900003657,46.970604000086446],[-122.6198610003415,46.97053900018004],[-122.61849800003561,46.97020999969681],[-122.61160200011209,46.967213000004186],[-122.61045300006646,46.97149400010035],[-122.61135400041496,46.97476000014249],[-122.61104700026829,46.97669999995359],[-122.60441499993537,46.97655199998603],[-122.60122399989157,46.97613800022045],[-122.59847200023887,46.974638000030254],[-122.59599199967445,46.974039000148764],[-122.59000999961988,46.973965999929675],[-122.58452300003293,46.9742860001259],[-122.5827089996404,46.97555600020198],[-122.581597000303,46.97717400002489],[-122.58005499989697,46.977501999693686],[-122.57778500029315,46.97586800016547],[-122.57641000029173,46.97408900006502],[-122.57537199967587,46.97159599987919],[-122.57690400003614,46.970446999904084],[-122.5846190002924,46.97147399990455],[-122.58696900026219,46.970587999909334],[-122.58787399991036,46.96860699977081],[-122.58717699977633,46.966849000218986],[-122.58501599995243,46.9660449997571],[-122.58243400017906,46.96817000011516],[-122.57959100028978,46.96844200005942],[-122.57535599978233,46.96704100012469],[-122.57318400008778,46.964405000219486],[-122.5660179998275,46.96677500014159],[-122.56516300040806,46.96657300010504],[-122.56465399969672,46.96640800024963],[-122.56313599958015,46.964402999812535],[-122.56495300034577,46.96340199979422],[-122.56982700036262,46.962503000004354],[-122.57187500020858,46.961054999716936],[-122.5716500000777,46.95821099997682],[-122.56967599985155,46.953860000257215],[-122.56877899970101,46.94963700018719],[-122.56683799998517,46.94758299990666],[-122.56613199963033,46.94425000014405],[-122.56574400019112,46.94315000006969],[-122.56619899957747,46.939829000278394],[-122.5635259995675,46.935621999925694],[-122.56043599980602,46.93345699995913],[-122.55687900006428,46.93195699975068],[-122.55034399981575,46.930709999940234],[-122.54660700014898,46.930807999922834],[-122.54307399979841,46.92944299996966],[-122.53592599997978,46.92725399982114],[-122.53286700018042,46.92658700016516],[-122.52786900031506,46.924974999886714],[-122.52730199987738,46.92351100005266],[-122.5257340004304,46.92006599991619],[-122.52378500031863,46.91785800023238],[-122.5206229996888,46.91560599978747],[-122.51881400021743,46.91530499975264],[-122.51491599999385,46.915589000150646],[-122.51178600004938,46.9153299998546],[-122.50610699994353,46.91338999974483],[-122.50473899961477,46.91228200003177],[-122.49779599983557,46.90884300029957],[-122.49407300041248,46.90482300021964],[-122.49597200029558,46.90375099981392],[-122.49725699988532,46.899377999979734],[-122.49725299968735,46.89715200000351],[-122.49591299984604,46.893841999824694],[-122.49421900000237,46.89245900012321],[-122.49281600041185,46.88900600019863],[-122.49113900028662,46.888106000246644],[-122.49107099961624,46.88506399982759],[-122.49358700016569,46.8800349999658],[-122.4911099999743,46.880244999990566],[-122.48790700023494,46.878935000062334],[-122.48880400038547,46.87700200020376],[-122.49141200009808,46.87504599970591],[-122.49162100033547,46.87158800005359],[-122.49088800021644,46.867451999811905],[-122.48784199993759,46.8667219999368],[-122.4854919999678,46.86814600000476],[-122.4823090003199,46.86771199974235],[-122.47934099985883,46.86608799998121],[-122.47620300041676,46.86582399997314],[-122.47495700028678,46.86475499972847],[-122.47528699999965,46.86336499984911],[-122.4738400000282,46.86197099973588],[-122.4714940002564,46.86246299979005],[-122.46820500030326,46.86580400021739],[-122.4666160000416,46.86599000017628],[-122.45814000007721,46.863583000117046],[-122.45902399980893,46.86123399978105],[-122.45885200027982,46.85913299989264],[-122.45570399989369,46.85677300011086],[-122.45174000044622,46.85264800010531],[-122.44876600013734,46.85335999984998],[-122.44977000041803,46.855273999891686],[-122.44825300012636,46.85637899984386],[-122.44601000028672,46.85615700012266],[-122.44390499964099,46.854636000085655],[-122.44379900023411,46.85303499978112],[-122.4425520002792,46.85246199999749],[-122.43985300032996,46.85234199974458],[-122.43244000019747,46.85000800011214],[-122.42791000013722,46.850764000225425],[-122.42640899973908,46.85062200024054],[-122.42278699970002,46.848717999967434],[-122.42147100014817,46.84886400030223],[-122.41897300004038,46.84882200001093],[-122.41696500037736,46.84792699992279],[-122.41746900016751,46.846084000072665],[-122.41660999965178,46.84529699983048],[-122.4129630003967,46.8451750002128],[-122.41131899988345,46.846113999970115],[-122.4078099998223,46.845625999886025],[-122.40950299984107,46.84350899999981],[-122.40832600020634,46.842546999989295],[-122.40598499955907,46.84249399973271],[-122.4017049997441,46.84401900014774],[-122.39420799994599,46.84530900009012],[-122.39067799996847,46.845681000051705],[-122.38854399990875,46.84522899994679],[-122.38825000018088,46.844025999800444],[-122.385568999775,46.84217200005257],[-122.38486800034134,46.840927999695225],[-122.38296500026031,46.83997100021056],[-122.37851600039093,46.839357000000525],[-122.37492399959078,46.84370200008548],[-122.37291400027794,46.84518299999477],[-122.37119000029708,46.845407999826044],[-122.36880299961904,46.84368200007695],[-122.3640969998317,46.84165700030603],[-122.3633550003902,46.842843999787476],[-122.3604200004394,46.84330300004438],[-122.3574710002449,46.839969999833635],[-122.35598800028845,46.83903599973379],[-122.35204599968392,46.83852499980943],[-122.34987999983716,46.8374740001486],[-122.34682100003783,46.83697900028258],[-122.3442219996477,46.837051000043694],[-122.33826100040784,46.837955999900586],[-122.33413700022845,46.84210199984001],[-122.33053199990785,46.84336200015709],[-122.32768099962264,46.84434299979418],[-122.32553099966941,46.84245199999075],[-122.32555999998173,46.84140400015784],[-122.32808300020386,46.84039299969516],[-122.32937600018953,46.83891100007022],[-122.32476900013641,46.83596899996868],[-122.32388700005447,46.834374999698845],[-122.32558900029404,46.832101999883605],[-122.32510600042028,46.83048899977549],[-122.32133000039545,46.82893699972299],[-122.31857600019464,46.828362999808924],[-122.31568499972646,46.82925300027819],[-122.31011199992581,46.82985700027791],[-122.30567700030012,46.82915700016595],[-122.30357599985236,46.82811700025213],[-122.30281299959613,46.82560000009888],[-122.30416300038151,46.82282700015902],[-122.3041619996583,46.815245000259615],[-122.30259900023421,46.81114200014608],[-122.30247299983749,46.80902000000905],[-122.30625899990808,46.806310999908995],[-122.30772799962085,46.80310900011163],[-122.31030799974438,46.80087100025088],[-122.31121499994069,46.798215000254395],[-122.31252200017003,46.79596600013701],[-122.31140900010944,46.793212999988036],[-122.30969500017429,46.791563999962115],[-122.30846699958764,46.78916800004413],[-122.30489899997528,46.78902500018602],[-122.30328899979719,46.78848099990365],[-122.30058099962714,46.78598199977931],[-122.29674799970087,46.7856289998861],[-122.29536199982878,46.78442899982454],[-122.29304299982115,46.78050299992776],[-122.28871600015052,46.7782479997683],[-122.28711699984308,46.77683100024403],[-122.28576199993314,46.77410400000855],[-122.2847230003907,46.773726999886016],[-122.28090200016003,46.7762409998801],[-122.27994999975787,46.77639200003925],[-122.2778030001777,46.7749859998845],[-122.26962400031421,46.76679600025227],[-122.26590600001572,46.76547200004717],[-122.26247999979523,46.765197999893815],[-122.26162100017785,46.76599200000031],[-122.26208800015807,46.76882599993748],[-122.26096099985375,46.771328000290154],[-122.25953099960076,46.772148000035564],[-122.25684800044336,46.77263600029085],[-122.25159199993678,46.771526000149],[-122.24998299958364,46.77175600028925],[-122.24783900037649,46.77507200026713],[-122.24062200006256,46.77592800010849],[-122.23809600036569,46.7753209999066],[-122.23609899967502,46.7729309998035],[-122.23381499982746,46.773302999871916],[-122.23055400036178,46.77228000026858],[-122.22948899998175,46.76980600019796],[-122.22654999983298,46.768812000120995],[-122.22273899964804,46.77010200027631],[-122.21976100003957,46.7698459998047],[-122.21802500036313,46.768653000148134],[-122.21588999958018,46.76872899977191],[-122.21360900010569,46.76986200025439],[-122.2113000001438,46.77016400023635],[-122.2095569998963,46.768933000304365],[-122.20799399957392,46.76554199974152],[-122.2033730001754,46.76380900013463],[-122.20311500043253,46.76306099996523],[-122.20016600023803,46.76076200030356],[-122.19451399989636,46.76198999994905],[-122.19422199981831,46.762033999745675],[-122.19281000000694,46.762310999919805],[-122.19215200023102,46.76222999996958],[-122.18874000025423,46.75979200004001],[-122.18536300043759,46.75818800022962],[-122.18043499999406,46.75695900001346],[-122.17896399973317,46.75549100013035],[-122.17787699961183,46.755201999912664],[-122.17478100000258,46.756347999851286],[-122.1715029999201,46.75538400014313],[-122.16871399955919,46.75553699989847],[-122.166855999684,46.75700100007734],[-122.16458699990507,46.75745100028991],[-122.15980599977465,46.756422000048296],[-122.15730299964399,46.753797000024754],[-122.15493599995578,46.753489999907316],[-122.15152300015411,46.754085999776194],[-122.1474530004014,46.75279700029162],[-122.14565900010032,46.754160000002095],[-122.14159400037047,46.75406799992213],[-122.13912100037706,46.75472999990015],[-122.13811399972334,46.753483000160855],[-122.13554100017079,46.75260999977715],[-122.13386900006846,46.752948999856514],[-122.13187499975082,46.754378000193526],[-122.12903000021171,46.75466300005101],[-122.12468400027447,46.75248400029883],[-122.12410000011837,46.75165200010075],[-122.1216940000721,46.75129999998541],[-122.11602099981403,46.74899899970031],[-122.11082200010718,46.749079999844135],[-122.10952400009866,46.74979099991768],[-122.10037199991665,46.75112800010711],[-122.09670499967176,46.74999699994312],[-122.09182200033243,46.751951000111724],[-122.08922200011739,46.75178199974736],[-122.08229799970641,46.75221999973336],[-122.07942800005299,46.7513339999465],[-122.07496499993988,46.75060599971361],[-122.06975899966203,46.748345000144354],[-122.06654699970179,46.74766799988959],[-122.06487700014759,46.74686800023328],[-122.06293999973137,46.74716900021379],[-122.06174300000515,46.748935000169354],[-122.06030400042965,46.74919399972629],[-122.05725200030298,46.747212000161745],[-122.05034700015861,46.74664400007315],[-122.04634900037593,46.74454699977189],[-122.04130100028182,46.74252199989677],[-122.03697299988792,46.74295799997589],[-122.03594299966801,46.74362300011155],[-122.03161000014956,46.74292999982265],[-122.02861099972637,46.743617000022056],[-122.02469599978434,46.74288099998109],[-122.02388200037281,46.74230900027035],[-122.01992800007272,46.74386599979023],[-122.01748299966839,46.74722999984346],[-122.01469000000782,46.74848099992995],[-122.0123710000002,46.748223999883656],[-122.01113599974086,46.75046699977879],[-122.00810100023092,46.75256699982711],[-122.00246800015583,46.75326500004185],[-121.99971800015297,46.75075600015335],[-121.99644799956812,46.75162199980634],[-121.9941939998578,46.75134299971538],[-121.99476899979305,46.7486280000546],[-121.99338200009606,46.747236999786445],[-121.99172199968928,46.74765099998652],[-121.98752800008802,46.74666199994458],[-121.98452100016723,46.74433400014355],[-121.9811900003813,46.74457299970643],[-121.97916199972849,46.74426599998673],[-121.97396899986943,46.74577199999414],[-121.97268099990663,46.74650799996147],[-121.97168300037205,46.74831999980246],[-121.96953099987068,46.749366000236826],[-121.96707899979364,46.749098000133124],[-121.96401800034447,46.75017400012793],[-121.96262599972631,46.75209299979327],[-121.9621539997232,46.75401800022752],[-121.95987999992141,46.75380700013147],[-121.95712099969771,46.755041000166976],[-121.95424199982341,46.7550169999649],[-121.95292200007358,46.7546719998794],[-121.9504330001866,46.75290699971186],[-121.94676400029189,46.75271399988663],[-121.94683600026192,46.75054500021147],[-121.94582000028569,46.750026999911064],[-121.9432920000407,46.75011900011885],[-121.9419549996741,46.7490570002868],[-121.93924900005216,46.74806800018961],[-121.9314519997801,46.74073299973346],[-121.92999700031105,46.73987100030705],[-121.92620299984455,46.73986499979998],[-121.92546499970265,46.73881000029501],[-121.91818499963955,46.73903500017059],[-121.91233499982947,46.73692799986227],[-121.90592699980255,46.73791900018605],[-121.90172999982825,46.737605000168514],[-121.89923000007065,46.736084000265066],[-121.89388599970052,46.73488400013371],[-121.89224600028352,46.733631999856634],[-121.88931899983037,46.732903000153684],[-121.88075599982731,46.732642000084034],[-121.87876400005783,46.73302899984139],[-121.87693999961951,46.731575999791815],[-121.87499800007872,46.731391000027216],[-121.87138899956017,46.73017500022551],[-121.86964799986085,46.73037599971228],[-121.86743599998333,46.7291420002519],[-121.86596399989753,46.72963999995097],[-121.85497200028199,46.72924800002158],[-121.85435200014089,46.730360999803985],[-121.85080899974456,46.729291000101135],[-121.84507500028543,46.728406000277275],[-121.84189000008938,46.72845499972673],[-121.83835400026405,46.72954799989041],[-121.83327299965967,46.72956899983103],[-121.83176399976394,46.73024600016348],[-121.83168299957309,46.73143400024545],[-121.82983300009381,46.735202000057015],[-121.8259170003269,46.73798100024394],[-121.8224190001364,46.74193800013425],[-121.82068500010976,46.7449190001042],[-121.81739899963141,46.747287000232205],[-121.8138009998818,46.74698899984465],[-121.80993399962037,46.74781999976233],[-121.80618699990784,46.75047599969244],[-121.80424100016911,46.75111200024797],[-121.80338900022439,46.75294499987344],[-121.80531999989454,46.754914000104634],[-121.80539900043556,46.75612900015333],[-121.80266699997604,46.75781699983319],[-121.79941800020592,46.761006000256366],[-121.79479400043431,46.76326399985253],[-121.79056800014769,46.76417999988583],[-121.79044099992608,46.766570999951405],[-121.78770199979388,46.769818999919565],[-121.78515699983043,46.770956999931045],[-121.78394300038582,46.772459999841175],[-121.77637000041973,46.77658600027817],[-121.77306300002495,46.77709799991177],[-121.76683599974798,46.78049499974632],[-121.76067999961617,46.78224800025702],[-121.75879900017475,46.78357100001919],[-121.45521799958648,46.78379700023347],[-121.45556099971816,46.785880999760515],[-121.45383400026253,46.78817899992432],[-121.45044499985197,46.78990300013297],[-121.44846200030332,46.79185200003776],[-121.44251700005866,46.792660999994254],[-121.44416599969648,46.794862999905156],[-121.44932299957051,46.797489999903014],[-121.45060999970843,46.80057699996518],[-121.45501799956993,46.802051000113],[-121.45681400041914,46.80549400025321],[-121.456663999733,46.806819000006385],[-121.45819299972021,46.807810999906806],[-121.45699799964386,46.810712000303134],[-121.4581910000704,46.81197599998967],[-121.46074400042977,46.81197200008616],[-121.46344199965579,46.81327399969288],[-121.46457599963276,46.81474700029492],[-121.46965100038939,46.817835000063894],[-121.4718280001068,46.818335000038736],[-121.47408699983998,46.819982000005574],[-121.47126900006504,46.821900000298584],[-121.47241700028579,46.82317400024174],[-121.4708909997733,46.82396600029351],[-121.47018799979152,46.82627299997568],[-121.47469699993535,46.831401000203044],[-121.4841970002719,46.834274000175036],[-121.48543500000596,46.841013999786256],[-121.49089700037686,46.847845999761745],[-121.49553899969179,46.85491000019728],[-121.49734499968844,46.86286599980854],[-121.50753200011323,46.864802999944885],[-121.5151679998285,46.87096699969798],[-121.52306999968253,46.872783000060416],[-121.52028399969467,46.87917699985149],[-121.51326499974748,46.884805000000284],[-121.5142449997387,46.89098699989536],[-121.51044299977458,46.896611000075055],[-121.5028399996713,46.90127000020278],[-121.49777400003384,46.9073899998405],[-121.49698599966322,46.90834200024252],[-121.49419600037571,46.90876100028124],[-121.49170400011572,46.909108999794924],[-121.48964899969872,46.91001399979909],[-121.48812899993234,46.91186099998712],[-121.48495399978204,46.912835000050386],[-121.48089099970203,46.91263300014135],[-121.47823600013373,46.91348500002857],[-121.47537599962769,46.91327199994591],[-121.4736869998069,46.915237999765615],[-121.4701660000502,46.91769199973166],[-121.46798400030991,46.91789000021063],[-121.4659060003267,46.92016700006887],[-121.46438200036232,46.92077099985732],[-121.46028400012221,46.92146100028131],[-121.4568310001376,46.923145999879075],[-121.45636900018022,46.924098000175725],[-121.45701000023773,46.92798100009089],[-121.45468200000926,46.92901999989956],[-121.45056899970054,46.93283599997338],[-121.44946400003585,46.9343529999214],[-121.45052000019506,46.9388470003053],[-121.4522490001988,46.94129999985064],[-121.45187900030297,46.943735999953034],[-121.45237200022245,46.94528499976649],[-121.45034699994267,46.94834899990292],[-121.45324000006067,46.951634999932146],[-121.45359300023809,46.953731999722244],[-121.45263199961515,46.95571200004506],[-121.45323900023575,46.95698899994831],[-121.45573499979541,46.957986999731446],[-121.45809499981095,46.95963800028015],[-121.45838000021628,46.96056999997763],[-121.45756799955625,46.9642409997074],[-121.45507799984436,46.964780999989166],[-121.45247199978157,46.96692700020634],[-121.44822999960141,46.96964600020242],[-121.44528799997794,46.97069099996953],[-121.44418999998594,46.97205400009402],[-121.44289799982518,46.97228400001268],[-121.44193899975035,46.97375100001532],[-121.44380300037162,46.97465800026866],[-121.44617500008273,46.978340000070325],[-121.44584100017187,46.98022400022925],[-121.44322699971315,46.98064600004031],[-121.44198899997909,46.982278000294265],[-121.43812000006781,46.98400600012135],[-121.43360699972601,46.984796999785125],[-121.43132200005357,46.98641399993042],[-121.42703600039079,46.98807800029855],[-121.420912000046,46.988577000223366],[-121.42012299985046,46.989272999773824],[-121.41925400018735,46.991908000137585],[-121.4134980000886,46.99517899984961],[-121.40912200001414,46.99518899980419],[-121.40645700040008,46.99874400016765],[-121.40665900006644,47.00075000012518],[-121.4093029997641,47.002844999956366],[-121.40939999984847,47.00406300023599],[-121.40781999980763,47.005673999822115],[-121.40615600010119,47.009016000021866],[-121.40619299991114,47.01217599971652],[-121.40375900027576,47.014977000275145],[-121.40171800010246,47.015360999810156],[-121.3971510002323,47.01829600004438],[-121.39614699995164,47.01940599999014],[-121.39474000016314,47.02327100015622],[-121.39708599993497,47.026250000076374],[-121.3965820001448,47.02894099993986],[-121.3995890000656,47.0317930000112],[-121.39980099977772,47.03346399975663],[-121.39881699958855,47.034768000231416],[-121.39702099963763,47.035566000079065],[-121.39262700001983,47.040984000212795],[-121.3863389996435,47.046096999945576],[-121.38651699991873,47.048507000282974],[-121.38585499994484,47.04922100029466],[-121.38295799962889,47.04960299990637],[-121.38106799996662,47.05037099999215],[-121.37904500023502,47.05252900006682],[-121.37931100037378,47.05386599990361],[-121.37647400033231,47.05484799988308],[-121.37411500014167,47.05700499995322],[-121.37662800031809,47.061525999793055],[-121.37677300008305,47.06382599995388],[-121.37526099981427,47.06708899990601],[-121.37511699987421,47.06858899980454],[-121.3758409997724,47.07088300026942],[-121.37538999968568,47.073279000137255],[-121.37887100015774,47.07562700019096],[-121.37981500016394,47.07683300002759],[-121.37972700030039,47.07855999980248],[-121.38262000041838,47.082188999990386],[-121.38330900015647,47.084794999828105],[-121.37996099975383,47.087248000062296],[-121.38230900007376,47.088247999730484],[-121.38663699956935,47.08726600026018],[-121.39226799999464,47.08887599974295],[-121.40015200030533,47.089063000305714],[-121.40279400035313,47.08836999974947],[-121.40684200036455,47.088627999831836],[-121.41197099975119,47.09069900001201],[-121.41646900002436,47.089600999872495],[-121.41738799991622,47.08839100025095],[-121.42190600028091,47.08806500009556],[-121.42398099989107,47.08731499998648],[-121.4282349997668,47.08734600011455],[-121.43494200044279,47.085697999899274],[-121.43834299965059,47.085500000122956],[-121.44175600035055,47.08440199985097],[-121.44707899990598,47.08603800020169],[-121.44986499989382,47.0884130001558],[-121.45473600043594,47.08935300027894],[-121.45855299957033,47.09266800015109],[-121.46058899972076,47.09316700013945],[-121.46607200000805,47.09611800007543],[-121.46819799967182,47.098488000248125],[-121.47134799970779,47.09945799987875],[-121.47364699962392,47.10202699997372],[-121.47577099963789,47.1033270000045],[-121.47599400011896,47.10524500004683],[-121.47818699972994,47.10815599997326],[-121.47994300039618,47.10847800022761],[-121.48114000012237,47.11085500012354],[-121.48333399955821,47.11090499975659],[-121.4863380000043,47.11240399973531],[-121.48772300005147,47.11479999994794],[-121.49056299956769,47.116775000182145],[-121.49321399983636,47.11589699999949],[-121.49766899955354,47.11658299982022],[-121.49964899962745,47.11827999970276],[-121.50373699982183,47.11864599973623],[-121.50506499996762,47.117943000091245],[-121.50669000021428,47.11869399986457],[-121.50653200003056,47.12013800023785],[-121.50902799959019,47.12225099982736],[-121.51251499991002,47.12299500002337],[-121.51593000025983,47.121557000245645],[-121.51717200019186,47.12241900001209],[-121.52482399980066,47.12407299988559],[-121.5277830000409,47.124004999791325],[-121.53151100038514,47.124578999834455],[-121.53537000025067,47.12264299984067],[-121.53803900006264,47.122928999746314],[-121.54074399985969,47.122337000286564],[-121.54328200015043,47.12315699980067],[-121.55123199968506,47.122924999800986],[-121.55454300027779,47.12234100027611],[-121.55989699979531,47.11962399983986],[-121.56292600035577,47.12004999981087],[-121.56591099963694,47.11923699986682],[-121.56697099999413,47.11961500001461],[-121.57080800011832,47.119281999908786],[-121.57314100036965,47.120226999945146],[-121.57604100016036,47.12016900020775],[-121.57718299963494,47.11942300011987],[-121.57933900033429,47.11955700022131],[-121.58196399976538,47.1186579999252],[-121.58911400013213,47.12023100009337],[-121.5904079999427,47.12124699987491],[-121.59329299966478,47.12165800014782],[-121.594460999977,47.122227999844455],[-121.59544500016615,47.12545200008403],[-121.59722000020069,47.1259080002039],[-121.59867700021788,47.128628000223294],[-121.60064499969792,47.12994100016022],[-121.60089400011826,47.13146399997629],[-121.60605600001519,47.13536000016634],[-121.606065000236,47.13715500001423],[-121.60964999956681,47.13838200021294],[-121.60976500009285,47.139650000214445],[-121.61113800044447,47.14114200005635],[-121.61146899998226,47.14299099993626],[-121.61520599964904,47.14354400026269],[-121.61760900022058,47.144679999704536],[-121.61745400040988,47.14668300016072],[-121.62104600031172,47.14781200004449],[-121.62079400041662,47.14939899969959],[-121.62318399967107,47.14987699993665],[-121.62435799983105,47.151271999851325],[-121.62684400024325,47.1522950002209],[-121.62830899975808,47.15199900010395],[-121.62897099973196,47.153122999940166],[-121.63099299963869,47.15351300023916],[-121.63755300000156,47.153308000188176],[-121.63948700004472,47.15447400001651],[-121.64382399976115,47.15559400010877],[-121.64871200002166,47.15497600030214],[-121.65370700041234,47.157153000214834],[-121.65584800014473,47.15860900014776],[-121.658358999773,47.158510000025785],[-121.66219800044533,47.16004400017357],[-121.66451599972973,47.15956399994121],[-121.66865300032791,47.1558700001976],[-121.67499199985956,47.15493199990939],[-121.68079300016413,47.15257000029902],[-121.68351399985467,47.14999299993137],[-121.68454800027258,47.149766000152354],[-121.68824800012943,47.149560999699155],[-121.69269000032614,47.15070399998672],[-121.69710499986034,47.15145799988367],[-121.70272899971462,47.15132300005307],[-121.7050710001868,47.151997000002616],[-121.71718699973357,47.151484000237076],[-121.71913599984535,47.1511159999726],[-121.72265499995227,47.15279500024862],[-121.72588000033126,47.15529100012014],[-121.7271559997002,47.15696599999928],[-121.72917500013216,47.15804999994527],[-121.73494200010155,47.159386000086464],[-121.73859400027784,47.16067199977279],[-121.74308599980493,47.16453799992491],[-121.74456799993649,47.16464200009384],[-121.74590600012802,47.163062000102634],[-121.7486560001309,47.16202599991156],[-121.75698499978219,47.16489900020173],[-121.76169399994257,47.16733600013766],[-121.76437199997541,47.16750200006998],[-121.76978400011757,47.16544299978659],[-121.77334699970709,47.166492000080694],[-121.77560899981331,47.16793300005863],[-121.77792899964585,47.17099900001646],[-121.77690699982185,47.172824999922426],[-121.77812700001257,47.173404000060415],[-121.78269700025578,47.17228500011323],[-121.78485200023191,47.172285999782076],[-121.78938099956892,47.172992000064745],[-121.79197400011127,47.17261900021554],[-121.79580399966444,47.1732260001669],[-121.7994259997035,47.16982699993988],[-121.80332800012505,47.16924799988925],[-121.80635199976429,47.1652839999643],[-121.80899399981209,47.16479700015562],[-121.81039899995076,47.16386699971936],[-121.81270299988981,47.16007199978862],[-121.81442199984782,47.15904200004997],[-121.81929699968956,47.15880200022548],[-121.82263400022156,47.15572400018313],[-121.82706899984724,47.152678000222636],[-121.83007999996602,47.15234900018414],[-121.83195299990982,47.15136400019174],[-121.83200899998631,47.14824100007646],[-121.83422900025974,47.14733599984183],[-121.83615300025717,47.14524499987019],[-121.83945700027891,47.14339699977817],[-121.84133199987252,47.14315899999407],[-121.8461249996985,47.14438999988804],[-121.84895099986937,47.1471080001807],[-121.85423099976707,47.1475289999295],[-121.85622099988672,47.147419000266176],[-121.85916800043138,47.146470000021026],[-121.86109599972846,47.14745400015597],[-121.86084899985626,47.15065100026081],[-121.8630759998024,47.151930000229825],[-121.8665470002287,47.15263299972117],[-121.8712000003126,47.1508519998866],[-121.8741350002634,47.150735999933936],[-121.87597600042015,47.151701000058615],[-121.87803199976372,47.153785000072425],[-121.87899400021159,47.15392699985901],[-121.88259299978611,47.15297699970914],[-121.88618700023608,47.15294699995508],[-121.88893600041402,47.15418699990446],[-121.8929119995571,47.15485600020035],[-121.89773000039574,47.15488600009848],[-121.90165700003331,47.15561699971279],[-121.90681499973228,47.15225300014373],[-121.90810699989302,47.15107300011743],[-121.90942199962,47.15054399996155],[-121.91419400042788,47.15006299996366],[-121.91785400010178,47.15030499971419],[-121.92088799978674,47.149955999702485],[-121.92459299966649,47.14899899990905],[-121.92819499961404,47.14735799982708],[-121.9278580002285,47.14481600009745],[-121.93091299982984,47.142702000296694],[-121.93136700028961,47.14010199972195],[-121.93365000031223,47.13830800006352],[-121.93488100037364,47.13821900005292],[-121.9393579998321,47.1390969997125],[-121.94203099984207,47.14003200001452],[-121.94354399993577,47.13996800004427],[-121.94776100000158,47.14279400019597],[-121.95063700040113,47.14559000019229],[-121.94993699989408,47.150952999755035],[-121.95210799976371,47.154514000164475],[-121.95867399997437,47.15723699992107],[-121.96320499985951,47.15648500009311],[-121.9646660000747,47.15598799989103],[-121.9700029998738,47.15648500009311],[-121.9731710003514,47.16070899987068],[-121.9790789998878,47.16388399983467],[-121.98025200022286,47.164461999907644],[-121.98103300002248,47.164633999759204],[-121.98224200034254,47.16472000008689],[-121.98313899959476,47.16473099984178],[-121.98395100025482,47.16465999977353],[-121.98851800012497,47.16297699998873],[-121.99051800029041,47.16289599973212],[-121.99144600040307,47.163236999729165],[-121.99380399987045,47.168291999761344],[-121.993931999917,47.17257000023878],[-121.9946109996093,47.17267500022087],[-121.99464199957144,47.17269199995999],[-121.99745100002386,47.17219200029414],[-122.00059699986184,47.17019599980215],[-122.00400700018878,47.17013800020707],[-122.00677399991008,47.17096399975521],[-122.00669500026734,47.17287699985853],[-122.00975800026467,47.1754029997237],[-122.01188499975338,47.17597299978521],[-122.0171019999019,47.174699000207994],[-122.02324999963781,47.17404800016639],[-122.02732000028885,47.17438599991117],[-122.02888299971293,47.174918999952425],[-122.03236099981193,47.174931999886596],[-122.03438899956642,47.1742319999835],[-122.03743900004326,47.172686999821785],[-122.04237300033455,47.17244199979947],[-122.04301699986678,47.171972000244445],[-122.04548300018752,47.17117599974563],[-122.04807300035681,47.17139600003925],[-122.05368299996738,47.17571999977063],[-122.05560799978973,47.17910499990475],[-122.0584289999377,47.17991200028503],[-122.06154600036169,47.18322099994909],[-122.0633849999703,47.18587900004131],[-122.06588300007809,47.18713200000068],[-122.06865599964715,47.18785699983085],[-122.07015799987019,47.18764399990094],[-122.07818299974788,47.189151999739046],[-122.08187500010712,47.19054600022153],[-122.083486999935,47.19250699996746],[-122.08781299978077,47.1940630000562],[-122.09376800007117,47.19463700004998],[-122.0950240002469,47.1951780000733],[-122.09393499957741,47.196727000022875],[-122.09483099990307,47.1981990001756],[-122.09731899996508,47.19972499980118],[-122.10047599967373,47.19996199976889],[-122.10162600044256,47.201099000049595],[-122.1078109999884,47.208415999836284],[-122.11030300024841,47.209942999908314],[-122.11137100010319,47.21296300005941],[-122.1125400002403,47.213715000205994],[-122.11588899956955,47.2162460000274],[-122.11388400027958,47.218653999860535],[-122.11541499991661,47.22002799975811],[-122.11565099991819,47.22083700020081],[-122.11395200005167,47.2224540001043],[-122.11317600027492,47.223357000092925],[-122.11318399977253,47.22376200021141],[-122.11675099956,47.225119999985544],[-122.1175680002429,47.22659000013987],[-122.11527099997657,47.22830000015787],[-122.11500700038596,47.22872300025586],[-122.11486400027079,47.22897000003113],[-122.11541099971866,47.22934999973709],[-122.11588500026991,47.22970799973838],[-122.11608500028645,47.23019599992811],[-122.11616099955612,47.23078199987363],[-122.11603000003487,47.23099600026847],[-122.11591100020915,47.23129700003413],[-122.12054900022446,47.23083299997772],[-122.12295299972259,47.23204300021706],[-122.12479899990223,47.23208200012669],[-122.1254590002263,47.232316000201635],[-122.12573000038795,47.232662999979944],[-122.12596300001644,47.23328499989916],[-122.12587299960477,47.23402599969701],[-122.12429400028715,47.23481500029848],[-122.12384900004822,47.23514300030223],[-122.12296500031648,47.236207000189566],[-122.12244399990958,47.237953999716346],[-122.12296799979119,47.239133999742776],[-122.12377500042838,47.23991000004311],[-122.12550899955669,47.240489000248914],[-122.12609400043603,47.24054699982082],[-122.12770299989086,47.241014999805515],[-122.12895999989152,47.241585999807164],[-122.13062500032117,47.24281499987541],[-122.13126399983054,47.243146000248686],[-122.13426400007864,47.24398700023131],[-122.135499000338,47.24659800017614],[-122.13758499981881,47.246820999752686],[-122.13833399983136,47.25064500027369],[-122.13683400015647,47.254503999768964],[-122.14397600012731,47.257526000164134],[-122.14419100021247,47.25752500027184],[-122.14439200005391,47.25752000020026],[-122.16575900041524,47.25754699972748],[-122.17453099975732,47.25753800008984],[-122.18682499957933,47.25747099996175],[-122.20834699975134,47.2574740002514],[-122.20965499980562,47.257476000037904],[-122.21609200014485,47.2574740002514],[-122.2230380002971,47.25749399994248],[-122.22389899956434,47.2575030001973],[-122.22949400000459,47.25753800008984],[-122.22949499982951,47.25755599997334],[-122.22979199993043,47.257559000258134],[-122.23876099981435,47.25748200000676],[-122.24018100002161,47.257472999748366],[-122.24501300020565,47.25743400023681],[-122.25039500021059,47.25740899983136],[-122.26215199973215,47.25737399985351],[-122.27149899990783,47.25736000009979],[-122.27220600008758,47.25733600016498],[-122.28212099962751,47.25730600023113],[-122.29115200033401,47.25720199992248],[-122.2937359997572,47.25725099980023],[-122.29459600009781,47.25724599970278],[-122.29485300001578,47.25724599970278],[-122.3091250002619,47.25732300029734],[-122.31648099959467,47.2573039998285],[-122.31832599994938,47.25732300029734],[-122.3256210000811,47.25735500001267],[-122.32979299994106,47.257364000291126],[-122.33132199992825,47.25736500018647],[-122.33491999967787,47.25759400011369],[-122.33483000016449,47.26310999997638],[-122.33587399972983,47.26381999994717],[-122.33699199981329,47.264581999838065],[-122.34735900016317,47.27164399982717],[-122.3556839996165,47.27746599991972],[-122.35793900005004,47.27902300002492],[-122.35835599980156,47.279416999710996],[-122.36326300032869,47.28275900028779],[-122.36735300017286,47.2855939997904],[-122.36858000003629,47.28644399983444],[-122.37636100041483,47.29179900024704],[-122.37680199955747,47.29215799970221],[-122.3815480004261,47.295341999948775],[-122.38178400042764,47.295501999782545],[-122.38466499995175,47.29750799980933],[-122.38529900033659,47.297750999738916],[-122.38956699955769,47.30059700008425],[-122.39128499969078,47.302019999767765],[-122.3912910004369,47.30239499983738],[-122.39506800028661,47.30476199991042],[-122.3998319998003,47.3080009997068],[-122.40668400024123,47.312695000015204],[-122.4176373417568,47.32038577995162],[-122.41823269751643,47.3202581033213],[-122.42353499988769,47.319120999732924],[-122.42915986122632,47.31959024844651],[-122.42997200022693,47.31965799996501],[-122.43182838672783,47.31368654976049],[-122.43246448647547,47.31164040544405],[-122.43295300020843,47.31006900003519],[-122.4346169999149,47.30749100002656],[-122.44435300025297,47.306099000097795],[-122.44436833718983,47.30579019357647],[-122.44463500028527,47.30042099989782],[-122.44240453374049,47.29962331584062],[-122.43980599957598,47.29869399996105],[-122.43678808153119,47.29845663537664],[-122.43633500004799,47.2984209997096],[-122.43261865444623,47.29706530957148],[-122.43247799983229,47.29701399977402],[-122.42423500039472,47.297521000164785],[-122.41373499997547,47.29392099989219],[-122.40921310900728,47.28857268789003],[-122.40919900006743,47.2885560000885],[-122.41070082332237,47.28740674526103],[-122.41382500038716,47.285016000294824],[-122.41180000010739,47.282505000002104],[-122.41845500000653,47.275893000279524],[-122.42130700011663,47.27024900015457],[-122.42605999975963,47.27040999996366],[-122.42962599972219,47.26847500013296],[-122.43319099985982,47.2634750001719],[-122.43675599999747,47.26186200010434],[-122.4403210001351,47.26202299981995],[-122.4442000000921,47.26672300030072],[-122.45313200016608,47.2723990001337],[-122.4610759998529,47.27544700001571],[-122.46462747675224,47.27607629891673],[-122.47165200044014,47.277320999855945],[-122.47732201829147,47.28093445194893],[-122.47978799974759,47.282506000032],[-122.48666899960253,47.28572900003945],[-122.49019899958007,47.2891399999364],[-122.49892361907912,47.29469814706269],[-122.49927499959408,47.29492199990949],[-122.49927299994427,47.296551999777364],[-122.50570753261142,47.30177232876624],[-122.50695245925463,47.30278233657851],[-122.50702599983538,47.30284199978839],[-122.50782199970357,47.305556999937906],[-122.51238299972599,47.30753399986469],[-122.51497399972017,47.306053999922916],[-122.51973300010926,47.30795499977515],[-122.53333800035861,47.316619999940905],[-122.54133499974891,47.31893199975445],[-122.54740800004006,47.317734000254674],[-122.54774699997377,47.31640300021529],[-122.54204799977643,47.31071400023801],[-122.53681899993236,47.30442800027054],[-122.5288679996745,47.29311300013774],[-122.52873799997818,47.290888000300924],[-122.52877730486513,47.29057484036904],[-122.52968899965708,47.28331100030252],[-122.53301600014333,47.27637699989844],[-122.53415406230205,47.27515434812601],[-122.54442500040871,47.26412000001807],[-122.54469326520031,47.263783428953396],[-122.55226799981318,47.254280000270256],[-122.55345700004177,47.25185999994361],[-122.55298099984071,47.249440000011454],[-122.55226799981318,47.248310999990146],[-122.5563090001519,47.244438999921826],[-122.56005051385296,47.24494651579702],[-122.5622510000235,47.245245000045486],[-122.56391499972993,47.24347100004739],[-122.56391499972993,47.239113999826856],[-122.56343900042718,47.236531999860226],[-122.56403086174033,47.235627041936084],[-122.56473200041285,47.23455499973821],[-122.56485086818617,47.22795555773392],[-122.56486499958392,47.227170999805026],[-122.5672420002162,47.2218440000555],[-122.57207708701154,47.21840392876801],[-122.5722330004089,47.218293000180424],[-122.57709491089861,47.21366995866393],[-122.57755106012853,47.213236220354666],[-122.58051699985434,47.21041600007587],[-122.58397700040999,47.199577999706484],[-122.58364199977594,47.19681799996175],[-122.58342022369858,47.195801000162376],[-122.58337282049935,47.19558362439065],[-122.58269100009703,47.19245700013078],[-122.58483000017964,47.18971099986198],[-122.58483000017964,47.187450000224146],[-122.58495337210579,47.187257856366024],[-122.59082899995262,47.17810699973081],[-122.5928529842378,47.17588382408267],[-122.5929119999587,47.175819000185385],[-122.59317529437185,47.175787391492165],[-122.59695199957417,47.17533399970921],[-122.60339312677382,47.17250945064119],[-122.60432000039916,47.172103000222805],[-122.6137510002404,47.16955499978032],[-122.61571899972047,47.16430400002197],[-122.61549100011482,47.16143800025849],[-122.61681925717873,47.15722315879879],[-122.61691700016986,47.1569129997989],[-122.62190800036258,47.14786100025463],[-122.62618700035264,47.1418799997628],[-122.62773949487782,47.14120114765759],[-122.6328420002518,47.13897000018397],[-122.63555407428166,47.13620167887177],[-122.63616899983973,47.13557399995947],[-122.64347978247268,47.135174062966584],[-122.6450530002331,47.13508800015148],[-122.65063400042969,47.13273799997775],[-122.65803599979324,47.12716599971559],[-122.66968199988506,47.114551000190424],[-122.67094031681592,47.11264367167678],[-122.6749109997291,47.106625000002644],[-122.6764790000744,47.10209599979474],[-122.68119802633166,47.09919140977175],[-122.68469499974779,47.097039000165246],[-122.68720100025149,47.097314999697545],[-122.6900099998056,47.10088700011644],[-122.69270440666878,47.10131572505645],[-122.69223199972883,47.09994399990636],[-122.69298199956629,47.09640599980342],[-122.69696099998073,47.09425499979285],[-122.6974370001818,47.09194300018191],[-122.6971569997993,47.08960599987706],[-122.69881600038119,47.088262000097814],[-122.70248699992571,47.087548999955104],[-122.70700799976512,47.08601299972265],[-122.70754400024063,47.085332000217505],[-122.70575999998529,47.08273500029237],[-122.70607700017771,47.08072700018551],[-122.70787700032658,47.0788630002521]]],[[[-122.6406379998006,47.14941299986992],[-122.64029825246857,47.148715576010616],[-122.63912200023218,47.14630099988237],[-122.63643400015361,47.14764500016104],[-122.63517100030515,47.15005900022615],[-122.63038799962662,47.1535430002846],[-122.62891227153236,47.15775471418949],[-122.62884699994382,47.15794100000517],[-122.62922900043355,47.16218100027677],[-122.63018000011246,47.16573600015235],[-122.63060774910468,47.166609059469316],[-122.63086869711827,47.16714166791063],[-122.63112999996646,47.167675000216335],[-122.63477170185632,47.164828436438526],[-122.6358840003327,47.163959000242514],[-122.63864900040416,47.15534200013027],[-122.6406379998006,47.14941299986992]]],[[[-122.66963500002937,47.276473999929216],[-122.67034800005692,47.27357099984541],[-122.66857100037258,47.270446999763514],[-122.65727199971205,47.262713999991234],[-122.64657999967221,47.25357099976229],[-122.64111300017674,47.24663299995849],[-122.63469599992901,47.24340600012519],[-122.63300299991025,47.24003199989741],[-122.62990599957776,47.23713700028118],[-122.62518800009487,47.23469199969746],[-122.62414789292964,47.23272327600925],[-122.62218399964878,47.22900600029991],[-122.61860699981557,47.22523900005325],[-122.61423599976396,47.22087199991798],[-122.60831300015897,47.21758299998388],[-122.60253899961856,47.21750600019205],[-122.59833099977357,47.22258699985302],[-122.59048699964586,47.22775199981233],[-122.58977399961833,47.23356199974472],[-122.58885999974935,47.23713700028118],[-122.6009545035097,47.24265356303154],[-122.60189599991122,47.243083000257755],[-122.60729999965746,47.249630000292],[-122.62157399955342,47.25855299971337],[-122.62709000035098,47.26050700005047],[-122.6281199996726,47.26747499976407],[-122.63109499980635,47.26801599984609],[-122.63336421967252,47.26730277784367],[-122.63445800027762,47.26695899981379],[-122.64182600020426,47.270345999837],[-122.64953600043769,47.27520800005748],[-122.65703800025867,47.27518400029023],[-122.66381100015855,47.27758799981264],[-122.66701999974573,47.277602999825056],[-122.66963500002937,47.276473999929216]]],[[[-122.72686799988051,47.207394000286264],[-122.72686799988051,47.204418000098265],[-122.72209799962074,47.2015030001682],[-122.71526899964435,47.199014000260206],[-122.7018810000283,47.197876000057455],[-122.69673000000203,47.19610699992115],[-122.69269000038658,47.193039000123],[-122.68769800036895,47.19255400006401],[-122.67771599998356,47.19110000007787],[-122.65727500008512,47.193523000143195],[-122.64775100035743,47.197281000057636],[-122.64239500029178,47.2008480002379],[-122.64180000026502,47.205013000011725],[-122.64418000037202,47.20917900008313],[-122.64871899975479,47.21564499998736],[-122.65964500014638,47.21929200012298],[-122.66250399992919,47.217420999975076],[-122.66202899955306,47.214192000084154],[-122.66464300001176,47.214031000191774],[-122.66868400035045,47.21580699993062],[-122.66749500012187,47.223393999829966],[-122.67605200027712,47.22613800007845],[-122.67987099995968,47.23118600021412],[-122.68522600020043,47.23237600030468],[-122.69177200031962,47.23118600021412],[-122.70247699987998,47.23118600021412],[-122.70457300030483,47.23098000007503],[-122.70718799969016,47.22484700014866],[-122.70980200014891,47.222263999971574],[-122.71669499969943,47.21677499997446],[-122.71972699973458,47.21096000018769],[-122.72686799988051,47.207394000286264]]],[[[-122.74173699980321,47.15504499988674],[-122.74292799968164,47.151474000243645],[-122.73333299980884,47.146018000276264],[-122.72976799967122,47.14068300021345],[-122.72216200009318,47.13712699993477],[-122.71199800013291,47.12768199977366],[-122.70482019690809,47.1248188339227],[-122.70243400022227,47.12386700001601],[-122.69882775483666,47.12481900017367],[-122.69474800027828,47.12589599981656],[-122.69296300019805,47.13065299996307],[-122.69696799965341,47.13567099992763],[-122.69534300030503,47.140175000156624],[-122.69482899957084,47.143755000106346],[-122.68841100039647,47.143431999872234],[-122.68424899968396,47.13985699973175],[-122.67549800025827,47.141963999780465],[-122.67747800033219,47.145047999928764],[-122.6772399997825,47.14844299976971],[-122.67343699999348,47.14989800000189],[-122.67415000002102,47.16783700007904],[-122.67392700043824,47.174675000080825],[-122.68165600003994,47.181216999753396],[-122.69257599968543,47.1843380001256],[-122.69577900032311,47.18900099979778],[-122.70671300021233,47.18738499997245],[-122.7108080000794,47.18538300012775],[-122.71764600027663,47.179147000127244],[-122.72389199992185,47.17645999971191],[-122.72984300001428,47.16694299999217],[-122.72976799967122,47.16363600002038],[-122.72715300028588,47.160727000272146],[-122.73238200012995,47.15927200026428],[-122.73757900018695,47.15683000015108],[-122.74173699980321,47.15504499988674]]],[[[-122.83088448717747,47.24561958426206],[-122.83279900006718,47.24341199985866],[-122.8277390002775,47.23879100001755],[-122.82393599959015,47.23104499999219],[-122.81870699974611,47.22781700002811],[-122.81062599979191,47.225717999741214],[-122.80729900020395,47.22216700005549],[-122.80737521596762,47.22055777403829],[-122.80749541684084,47.21801986695321],[-122.80753600003045,47.21716300020472],[-122.80646900000059,47.210586999810445],[-122.79751299963716,47.19941700000741],[-122.78971000041565,47.18761200020449],[-122.78424399984678,47.18518900012424],[-122.77901500000272,47.18535000025587],[-122.77785199971339,47.18248200029527],[-122.77626802283078,47.1785753904046],[-122.77547599980436,47.17662200025733],[-122.77518262620221,47.17416981329741],[-122.774973999664,47.17242600025722],[-122.77442807190629,47.17156081355686],[-122.77161899958865,47.16710899993124],[-122.76882963810499,47.166757474956434],[-122.76380299994834,47.166123999921396],[-122.75643500002167,47.16967899975642],[-122.75215699985652,47.1724159999302],[-122.75211652536308,47.172547086138906],[-122.7512060001776,47.17549600002608],[-122.74407599990235,47.17856499984162],[-122.7474030003886,47.180989000144606],[-122.74787899969134,47.18341200021902],[-122.74621499998493,47.18551199992961],[-122.74716599966382,47.18922699987361],[-122.74431399955374,47.192619000090005],[-122.73849300005594,47.19923000026299],[-122.74038627767067,47.20014849278359],[-122.74046119267376,47.20018483671988],[-122.7405109997647,47.200208999875635],[-122.74573999960879,47.19923999981232],[-122.74574299998181,47.19923999981232],[-122.74978000012256,47.19923999981232],[-122.75031833891276,47.20106850074744],[-122.75239500040622,47.20812199980143],[-122.75300891266465,47.20846942464337],[-122.75524699961801,47.20973600002259],[-122.75393276705228,47.21171277991459],[-122.75070526935679,47.216567362898395],[-122.74859199971887,47.2197459999762],[-122.74811600041615,47.21086600021716],[-122.74573999960879,47.20650700026397],[-122.74098600014086,47.20618400007041],[-122.73738400019329,47.20822100020687],[-122.73702817840757,47.20997254946039],[-122.73694499980215,47.210381999731055],[-122.73645711488989,47.21065238721083],[-122.72791399999396,47.215387000118106],[-122.7198330000398,47.22087599981449],[-122.71888200036088,47.22652500024955],[-122.71964924605516,47.227166358011466],[-122.72197200012238,47.229108000216904],[-122.723237097537,47.232114603726544],[-122.72478975106397,47.23580460445205],[-122.7248240002325,47.235885999729234],[-122.7247514388154,47.23594143161761],[-122.72292199997636,47.23733899979085],[-122.72275380660909,47.239051833048094],[-122.72220899994883,47.24460000016855],[-122.71698000010477,47.24798800014992],[-122.71797987083009,47.250477160299454],[-122.71815024261193,47.25090129681692],[-122.71840600015982,47.25153799980038],[-122.72125900009485,47.251698999811836],[-122.72219889749515,47.25093337236531],[-122.7248240002325,47.24879499999239],[-122.73385599986558,47.25008600013573],[-122.73789600037935,47.25540999980658],[-122.73789600037935,47.25791799978575],[-122.73789600037935,47.261217000181105],[-122.73627121932162,47.26388148110155],[-122.73624205821083,47.26392930250491],[-122.73504400026927,47.26589399969771],[-122.74122399979223,47.266056000293524],[-122.74571937249323,47.26071603120756],[-122.74597700033354,47.260410000017174],[-122.74954199957286,47.259604000208554],[-122.74956060727568,47.25973640070801],[-122.75001799977392,47.26299100021213],[-122.75001799977392,47.26311204953939],[-122.75001799977392,47.26686200001988],[-122.74649199999435,47.2725010000185],[-122.74906600027013,47.27380599971534],[-122.75109917162573,47.272881209264476],[-122.75263200023268,47.27218399973858],[-122.7564454384453,47.27360702039849],[-122.75684339840436,47.27375552309487],[-122.75738599970059,47.2739579997809],[-122.75738599970059,47.27630800015787],[-122.75738599970059,47.276700000278815],[-122.75407676699234,47.279402124538294],[-122.75234400035258,47.28081699996764],[-122.75204399987862,47.29061699971512],[-122.74811100039328,47.296000000248775],[-122.74391090751944,47.304950783765705],[-122.74248900018881,47.30798100021812],[-122.73672824800218,47.31414631102717],[-122.73327599990746,47.317841000280225],[-122.72804500041353,47.32881700017031],[-122.72844500044663,47.331716999896464],[-122.73024499969719,47.33331700000156],[-122.73050175886662,47.33663581824061],[-122.7305279995544,47.33697500016365],[-122.72962299990627,47.338685999799004],[-122.7255570003515,47.33832099981589],[-122.71917100006588,47.34209900026957],[-122.71101599959354,47.34433599981825],[-122.70669800014373,47.349666999959595],[-122.70393989464205,47.35068431117549],[-122.6946360001253,47.354116000102835],[-122.69218499987318,47.35618299998905],[-122.68946791504065,47.358791971260466],[-122.68755766375861,47.3606262128323],[-122.68703300002201,47.361129999822424],[-122.6839430002605,47.36515500002018],[-122.68227488267684,47.36548455866468],[-122.67253399999517,47.3674090001372],[-122.67188879672047,47.36761010459258],[-122.66897600042853,47.36851800012924],[-122.66587900009604,47.3712719997908],[-122.65922400019693,47.37191600023794],[-122.65017400012216,47.37457499977027],[-122.6364070003894,47.380767999850534],[-122.6285083108272,47.38225413871765],[-122.62785000023416,47.38237800013185],[-122.627374999858,47.37964199985715],[-122.62618700035264,47.37561799990669],[-122.62838175437336,47.373016923791],[-122.62903899956444,47.37223800025019],[-122.63307900007823,47.369984000248564],[-122.63664500004079,47.366281999949436],[-122.63807100009586,47.36257899990629],[-122.64173499996768,47.36050300010104],[-122.64852899978399,47.3585539997174],[-122.65374900030555,47.35516000000847],[-122.65660999973818,47.35275800002454],[-122.65993700022445,47.35259700014195],[-122.66706800032463,47.34551099978538],[-122.67125600007812,47.34377399990037],[-122.67134599959147,47.3413239999555],[-122.6663550002971,47.337940999804495],[-122.66160099993087,47.33713600021497],[-122.65851100016937,47.33310900023909],[-122.65971112693109,47.331391567107815],[-122.66058187651238,47.33014548769106],[-122.66065000025198,47.33004799976301],[-122.66334240477038,47.33179336000809],[-122.6650707795467,47.33291378430894],[-122.6661169997474,47.3335920001891],[-122.66968199988506,47.332464999725204],[-122.6751490002788,47.33294800008582],[-122.67800100038893,47.33149800004242],[-122.67949600004093,47.327833000122304],[-122.6782390000403,47.32328200014517],[-122.6785053954378,47.32273487598932],[-122.67976535718397,47.320147162071564],[-122.68061800032238,47.31839600002066],[-122.6842379998133,47.31406199997775],[-122.68940999975597,47.31006900003519],[-122.69021300019516,47.30743700013779],[-122.6841809999119,47.3031390002498],[-122.68674400031699,47.29941599974394],[-122.69121900012566,47.29807600008031],[-122.69540799970405,47.28848100027728],[-122.69737799973224,47.28396899977655],[-122.6958270000037,47.281375999884496],[-122.69242599989761,47.28002599999935],[-122.68631999999448,47.27944099999616],[-122.68089399960859,47.280088999923294],[-122.67942700044398,47.282988000059035],[-122.67847599986678,47.28589000028329],[-122.67134599959147,47.28621299987004],[-122.66356199973822,47.28401899986503],[-122.65993700022445,47.28234299978272],[-122.65447099965559,47.28266599969851],[-122.64852899978399,47.279925000071124],[-122.64830606667655,47.27987896169394],[-122.6375949998948,47.27766699970819],[-122.63167244765079,47.277251081056804],[-122.63070300016919,47.27718299969943],[-122.62279409137231,47.27280312015272],[-122.62242734697104,47.27260002038849],[-122.62064515951595,47.27161306201299],[-122.61905600025247,47.27073300019364],[-122.61430299971116,47.26960400001367],[-122.60741000016063,47.270893999749504],[-122.60027999988534,47.27202299984029],[-122.5966595278806,47.27202299984029],[-122.59243599975764,47.27202299984029],[-122.59433800001375,47.268958999936686],[-122.59885399983028,47.26686200001988],[-122.60010199961012,47.262418000296904],[-122.59675205704983,47.26081717265963],[-122.59623900044497,47.26057199971559],[-122.59579158104299,47.26019697681972],[-122.5910599999313,47.2562310000227],[-122.5902040689589,47.25584195536965],[-122.58793996948985,47.25481285884064],[-122.58582600006434,47.25385200010675],[-122.5781750002805,47.25589400017448],[-122.57696606194418,47.256807349517466],[-122.57197824178759,47.26057563448073],[-122.56557799961143,47.2654110002618],[-122.55885332817552,47.27148653843455],[-122.55791199975896,47.272336999808836],[-122.5567208435737,47.27360020917692],[-122.55535385295131,47.27504988919281],[-122.55060499993166,47.280085999696475],[-122.54752100001797,47.285344000224896],[-122.5501339997535,47.29049599988878],[-122.55560500034521,47.29701000014211],[-122.56021542926779,47.30111477433962],[-122.56629099963897,47.30652399999503],[-122.56752438203249,47.308791099540635],[-122.57123900017396,47.31561900024406],[-122.57179701656048,47.31624397837235],[-122.57344524993536,47.31808999972275],[-122.57373899993156,47.318418999710715],[-122.57498125947673,47.32284434182905],[-122.57582360432875,47.32584505459829],[-122.57595520751788,47.32631386850898],[-122.57598500014427,47.32641999992104],[-122.57509739188002,47.326572679941506],[-122.57389537685958,47.326779441994944],[-122.57133999955799,47.3272189997098],[-122.56795500024371,47.334397999890164],[-122.55583999962352,47.34751899972253],[-122.55153600041739,47.359540000104],[-122.54822800019772,47.36579899971213],[-122.54398199981961,47.36806599972606],[-122.53848299963879,47.37593999982315],[-122.53983976833152,47.377925610967445],[-122.54156400007777,47.380449000225845],[-122.54680200014265,47.38334299974496],[-122.5499406742195,47.38770489505796],[-122.5513179999592,47.389618999990994],[-122.55147247245883,47.3904300615667],[-122.55226799981318,47.39460700023245],[-122.5519351308813,47.396719783483874],[-122.55087704213906,47.40343566708407],[-122.55704800011868,47.40342100009591],[-122.56996299990674,47.40343500009886],[-122.58893000006954,47.40367499991792],[-122.61039799981486,47.4034700000899],[-122.62470100002315,47.40350399988522],[-122.62551799980773,47.40351799986606],[-122.62713200018378,47.40349200024608],[-122.63063899969677,47.403377999889976],[-122.63400200016807,47.40326900017207],[-122.6371110001961,47.403219999991165],[-122.65309300017942,47.40309099999175],[-122.66407099955123,47.4033110002909],[-122.69495599979243,47.40349599972073],[-122.71321699960042,47.40326399989514],[-122.71782299982864,47.40320599993108],[-122.71905800008797,47.403338999743475],[-122.76403499975194,47.40342999983764],[-122.76425499985996,47.40343100001156],[-122.80119900014863,47.40357799982883],[-122.80120499999641,47.38935799986522],[-122.80133700024089,47.38879600018624],[-122.80105594613458,47.358611098307996],[-122.8004159998009,47.35859499976243],[-122.797381000291,47.360675000089834],[-122.79552500006562,47.36084400022258],[-122.79363299985525,47.36069900000124],[-122.79076775049302,47.36091498350012],[-122.79074099956217,47.360917000065655],[-122.78916999974217,47.36152199971246],[-122.78806300042764,47.36031200017455],[-122.78620700020227,47.35796699991322],[-122.79131200019779,47.3556450000119],[-122.79067000031537,47.35291200000833],[-122.79131200019779,47.35179900022072],[-122.79463200011304,47.35100099979663],[-122.79530300030777,47.350600000010196],[-122.79680999965535,47.34826799969687],[-122.79613199978793,47.34698599981043],[-122.79534199976752,47.34616199975078],[-122.78009899975103,47.341720999702815],[-122.77079400030644,47.34128199974781],[-122.7700300487343,47.34095232279736],[-122.76906299975454,47.34053500016822],[-122.77003972358993,47.339088408652856],[-122.77004035151234,47.339087952698605],[-122.77857999980952,47.337940000214175],[-122.78024799971391,47.3387170000449],[-122.78904800044174,47.33841699988587],[-122.79407572106828,47.322036526515944],[-122.79493099986377,47.31924999998736],[-122.79270964223596,47.31093960884929],[-122.79256300035065,47.31039099984651],[-122.79330499979218,47.3076229999285],[-122.79103950074793,47.306763250144485],[-122.788805888303,47.305915601424616],[-122.78849600007267,47.30579800024337],[-122.78713865735648,47.3000163049522],[-122.78705900014698,47.299677000223696],[-122.78795330175842,47.29852950583622],[-122.78936899993379,47.29671299997596],[-122.79496281100462,47.28942971004383],[-122.7955869999899,47.288616999775336],[-122.80337099984318,47.283948999727926],[-122.81140300029186,47.27616800010742],[-122.81517978364762,47.27515293472467],[-122.81527999970072,47.275126000248974],[-122.81870699974611,47.26912000001252],[-122.82487597604221,47.2578668806453],[-122.82500380810379,47.25763369638213],[-122.82823200019699,47.25174499989944],[-122.82868999995641,47.24815000004603],[-122.83083816195659,47.245673000246825],[-122.83088448717747,47.24561958426206]]],[[[-122.8416416671777,47.25803034405192],[-122.84185800036275,47.25766000019639],[-122.83805100037576,47.25527999991651],[-122.83640490409297,47.25591346696698],[-122.83410899977126,47.256796999880926],[-122.83220800023838,47.261798000005676],[-122.82815900040207,47.26598899997178],[-122.82531499978957,47.27050699996057],[-122.8288799999272,47.270991000078396],[-122.8323360002849,47.272887999855094],[-122.83553499982631,47.2698619999161],[-122.84005099964287,47.268087999724024],[-122.84089227280475,47.26569741499807],[-122.84137700013882,47.26432000013686],[-122.84040908697973,47.26078462634908],[-122.84028900019258,47.260345999992204],[-122.8416416671777,47.25803034405192]]]]}},
    {"type":"Feature","id":"53055","properties":{"STATE":"53","COUNTY":"055","GEOID":"53055","NAME":"San Juan County"},"geometry":{"type":"MultiPolygon","coordinates":[[[[-123.2033089997634,48.59554899979764],[-123.20125599989453,48.58748199995323],[-123.1978589999864,48.586248000182685],[-123.1946140004142,48.58644199989109],[-123.18391800017638,48.58534100004051],[-123.1805909996901,48.58282600003398],[-123.17430099966396,48.57803000010571],[-123.17108399968089,48.57575000012664],[-123.17177757633533,48.57428052918783],[-123.17227200008455,48.573233000078346],[-123.17608599974422,48.56851200021494],[-123.17686599971888,48.566164999944895],[-123.1763290003168,48.56236299996285],[-123.17203600008301,48.55523499994325],[-123.16837700023403,48.55327100026499],[-123.16941999997442,48.551684000184345],[-123.1670649999818,48.55006800022119],[-123.16381299983858,48.550083999967455],[-123.16146500041694,48.548239999770004],[-123.16214300028439,48.546172999711885],[-123.16086299981919,48.54271499991775],[-123.16216300037587,48.539059999940584],[-123.16410599974157,48.535215999825496],[-123.1632079997661,48.530055000056066],[-123.15741499985744,48.52434999994948],[-123.15778999977613,48.522474000173794],[-123.15635200002552,48.52079600001086],[-123.15304200015599,48.52011999982357],[-123.15177199973655,48.518665999911526],[-123.15274300040525,48.51621599979173],[-123.15016800030457,48.51312300022354],[-123.14560442930386,48.512943971967225],[-123.14461100039745,48.512905000122494],[-123.14538499962603,48.50967100022584],[-123.1414809995547,48.50547300010666],[-123.13853499973325,48.504747999749846],[-123.13583900015705,48.502250999813285],[-123.1356240000719,48.500238000083094],[-123.13298000037426,48.49830899998694],[-123.12711299994741,48.49784799994647],[-123.1241260001181,48.495854999758095],[-123.11903199999323,48.49186300027658],[-123.11190099989304,48.491704999902964],[-123.10724799980915,48.49059799998061],[-123.10204800027738,48.488679999966564],[-123.09710399994036,48.485050999831515],[-123.0956999996266,48.48318099977357],[-123.09241200039672,48.4817809999081],[-123.08582100007169,48.482327000004034],[-123.08314200021394,48.483356000240214],[-123.0788640000488,48.48130799990943],[-123.0755359997376,48.480835000263816],[-123.07220900014964,48.48241099995519],[-123.07045313243405,48.481235323820734],[-123.06841999970602,48.47987400015673],[-123.06722999965253,48.47690200025287],[-123.06544499957226,48.47273599972814],[-123.0601539998039,48.47075299985658],[-123.0540839998858,48.46976599977668],[-123.05403799985505,48.4677059999659],[-123.05129299987507,48.4664960002769],[-123.04731500018386,48.46421999977094],[-123.04061099988093,48.46173500014255],[-123.03688799955954,48.45786700010931],[-123.03227899985657,48.459877000225],[-123.0279639998815,48.45867200028046],[-123.02306800012336,48.45691499980252],[-123.0174600001626,48.457840000141324],[-123.01155799957564,48.45598900020425],[-123.00691600026073,48.45640899975782],[-122.97475899995025,48.45356599976201],[-122.96704000039435,48.450782000110834],[-122.96253200007538,48.45013000024292],[-122.96097499960078,48.451206999915065],[-122.96026199957325,48.45530599977787],[-122.96192500035308,48.458616000137766],[-122.95935899957492,48.46070299982247],[-122.95896100009,48.462029000158324],[-122.9601519999684,48.46381399986422],[-122.96382699971088,48.467127000200044],[-122.96907800019457,48.46857499975175],[-122.97085599970383,48.46797900025499],[-122.97145099973056,48.46381399986422],[-122.97333399972013,48.46255599973773],[-122.97618599983025,48.46224100011794],[-122.98117700002292,48.46302900003938],[-122.98692300007595,48.46262400028412],[-123.00589600008655,48.47090900002394],[-123.00922400039771,48.47610900014778],[-123.0073220001416,48.48099299996879],[-123.00893399996949,48.48403900014307],[-123.01777999982973,48.49249300011138],[-123.0199189999123,48.49516999983848],[-123.01708000022101,48.49639599975282],[-123.01777999982973,48.49958000025555],[-123.02063199993984,48.50099800020344],[-123.0199189999123,48.50288799996916],[-123.01583400009099,48.50379399992943],[-123.01540300009579,48.506351999937785],[-123.01896900005832,48.507927000149735],[-123.01944400043449,48.510919000121945],[-123.0168059996863,48.51233499991907],[-123.01669100005857,48.51394299990753],[-123.0182550002059,48.515800000117],[-123.01635399977468,48.51863400018647],[-123.01475750037702,48.51863400018647],[-123.01278899963702,48.51863400018647],[-123.00494500040763,48.52083800027054],[-122.99947899983879,48.519262999722514],[-122.99757699958268,48.51658699981271],[-122.99193600000996,48.51472900017089],[-122.9866440004167,48.516428999733336],[-122.98236600025152,48.51454000003547],[-122.97204599975734,48.5203250001962],[-122.97143300018722,48.52524500001316],[-122.96848300016782,48.52746600020679],[-122.96848300016782,48.53281800011153],[-122.9697689995825,48.5361059999468],[-122.97880100011389,48.53421700000404],[-122.98216200003702,48.536387999816895],[-122.98973400017819,48.53516100020698],[-122.99520099967364,48.53547600029567],[-122.99781500013235,48.53673500020967],[-123.00119799979682,48.53935999982166],[-123.00518300005902,48.54145600003616],[-123.00541847005456,48.543119151470904],[-123.00548318289098,48.54357622840226],[-123.00589600008655,48.546492000187406],[-123.00476799995734,48.55125799980445],[-123.00801300042781,48.55539100005344],[-123.01112499993062,48.55656100011437],[-123.01130700040382,48.559585999837694],[-123.01635399977468,48.562066000197774],[-123.02201799981194,48.56256100022455],[-123.02412990041734,48.562744710795656],[-123.03569800040435,48.5637510002538],[-123.0486779995914,48.56977399991955],[-123.05175800020547,48.57564900005849],[-123.06083500004439,48.582494000145275],[-123.06562200002259,48.58544600016878],[-123.07469899986151,48.59185999987766],[-123.07870900023806,48.592978000096466],[-123.08504299974685,48.59398800015816],[-123.1004930003509,48.599017999772634],[-123.10075831777007,48.59972039422561],[-123.10144300020488,48.60153300008826],[-123.10001700014983,48.60546200006271],[-123.09697000004606,48.61193499986791],[-123.10073000017736,48.61583400022519],[-123.10054000020658,48.6190759998192],[-123.10530100024548,48.622643000008644],[-123.11094699984108,48.62239799982123],[-123.11213900044271,48.621176000013676],[-123.1173680002868,48.62211900007188],[-123.12069499987473,48.62007599994921],[-123.12469199983252,48.621718999822264],[-123.12948999968138,48.62149000021507],[-123.13131345484231,48.62110256730405],[-123.1361449995805,48.62007599994921],[-123.14113599977317,48.62039099987171],[-123.13757099963554,48.6230609997812],[-123.14575200004714,48.62502300024976],[-123.15254500003856,48.62321900014888],[-123.15111800015856,48.62196199979663],[-123.15135599980995,48.61929099992147],[-123.15658499965403,48.616776999717366],[-123.15812298728565,48.6169155337762],[-123.16181400039642,48.61724799995119],[-123.16751799971831,48.61913399975742],[-123.17417299961745,48.62007599994921],[-123.17965699972964,48.62204699980963],[-123.18207600019471,48.61684000029447],[-123.18684800010429,48.61240900003036],[-123.1917620003041,48.609391000284425],[-123.19571700042907,48.6077729999232],[-123.19887900016057,48.600709999742435],[-123.2033089997634,48.59554899979764]]],[[[-122.76656700019491,48.70780100026332],[-122.7670530004417,48.70701199990905],[-122.7661570001161,48.701791000063885],[-122.76600751146967,48.70133467423309],[-122.76505400010122,48.69842399974893],[-122.76434400044675,48.695658000129804],[-122.76346639222822,48.69521122916808],[-122.76153499999434,48.694228000084806],[-122.76076400024048,48.69428200010876],[-122.7595969997532,48.695668999772025],[-122.76001900042591,48.696132999740975],[-122.76033075445704,48.69621421518649],[-122.76146999969698,48.69651099980549],[-122.76283700020082,48.698601999947066],[-122.76284300004862,48.700716000031235],[-122.76484499986384,48.70742699984413],[-122.76563300023444,48.708013000277816],[-122.76656700019491,48.70780100026332]]],[[[-122.77716700017326,48.69915600001316],[-122.77745500005334,48.69678699997979],[-122.77625800032715,48.69593000028078],[-122.77481100035573,48.6964240001974],[-122.77469113006252,48.69660636550002],[-122.77366399995994,48.69816899998056],[-122.77350800032431,48.70206399984855],[-122.77447304965426,48.70298575225035],[-122.77451099988176,48.70302199994919],[-122.77541606510691,48.70276513996701],[-122.77593100008902,48.70261899990771],[-122.77716700017326,48.69915600001316]]],[[[-122.82175399984989,48.59090799974055],[-122.82174299997922,48.58923600000041],[-122.82035100025936,48.58875300007584],[-122.81540600009743,48.58993799985295],[-122.80815000032374,48.59302900005004],[-122.8045209997137,48.59621799998614],[-122.80457299959224,48.5977819998074],[-122.80974799990796,48.59886100013152],[-122.81326199999195,48.60058200023483],[-122.81483500036009,48.60002800027824],[-122.81824800016179,48.59265200010904],[-122.82175399984989,48.59090799974055]]],[[[-122.83108299958388,48.57252599998984],[-122.82941899987748,48.561831000134674],[-122.82731599977987,48.554519999972854],[-122.82371499965724,48.55239199985848],[-122.82038700024437,48.554122000281055],[-122.81682200010674,48.55223400028097],[-122.81848599981315,48.55003199988165],[-122.82128100002186,48.54650999983555],[-122.81634699973057,48.53996100001004],[-122.81254399994155,48.536184000106],[-122.81135499971296,48.53319400021427],[-122.80768599981825,48.53132200019619],[-122.80256099973127,48.53240699976669],[-122.79471800032675,48.534452999771695],[-122.79210300004311,48.53822999974923],[-122.78748599994425,48.54141700016712],[-122.78744699958617,48.542524999767544],[-122.78010799997185,48.54658699974471],[-122.77797700028519,48.549011999836054],[-122.77220699994272,48.55244699978381],[-122.77158500015177,48.555764999982266],[-122.76902000009686,48.55928000018813],[-122.77094999994205,48.56308899970925],[-122.77570299958508,48.56560600000898],[-122.77855499969517,48.5695380001825],[-122.79103099999038,48.58010099985806],[-122.81088000023514,48.58887899977787],[-122.81631999996638,48.58600799972732],[-122.81848599981315,48.58369000022593],[-122.8220509999508,48.58384800020013],[-122.82434099964613,48.58366800018281],[-122.82894400039959,48.57928800027668],[-122.8271480004487,48.5766750002328],[-122.82799299982238,48.57456999972011],[-122.83108299958388,48.57252599998984]]],[[[-122.84826800003948,48.74712199985009],[-122.84661900040167,48.746001999807746],[-122.83435099962061,48.74351600018965],[-122.8322090000633,48.744369000214945],[-122.8304429589271,48.744153192234215],[-122.82984400002486,48.74408000020988],[-122.8281280004399,48.74527800016984],[-122.82851199968117,48.74697900006542],[-122.8406659997611,48.749522000163516],[-122.84305500008894,48.74809799981598],[-122.84644299977626,48.74852000023065],[-122.84826800003948,48.74712199985009]]],[[[-122.91844900018893,48.766968000225944],[-122.91991999955151,48.76024600019547],[-122.91767500006203,48.757660000040524],[-122.9195649997243,48.754934999758724],[-122.91651599997068,48.75281300012532],[-122.91216099981263,48.750582000042094],[-122.90561399986852,48.750061999733205],[-122.90306300005732,48.74801099995379],[-122.89908600019099,48.74659299984522],[-122.89569401557709,48.74695599135931],[-122.89046100026371,48.74751600015889],[-122.88660900007088,48.74863499979795],[-122.88597200021135,48.750677000286004],[-122.88339100026288,48.752117999890295],[-122.88319000042144,48.75355999994991],[-122.889016999767,48.75711099989739],[-122.89864699979987,48.75674200022561],[-122.90743699958361,48.75933900020076],[-122.9122710003158,48.762356000288676],[-122.91032800005179,48.76675399988923],[-122.90630799962948,48.767394999890705],[-122.9044070000966,48.765984999760434],[-122.8911659998953,48.764805999797886],[-122.88875300017635,48.765639999797564],[-122.88941400032532,48.76729500021576],[-122.89869500037875,48.76991999984437],[-122.91385200018155,48.76974299975251],[-122.91844900018893,48.766968000225944]]],[[[-122.94573300030748,48.477766999778666],[-122.94566299998729,48.47587399999018],[-122.94285799973285,48.47367500022429],[-122.94172299993092,48.47067200022192],[-122.94457500004103,48.46878100020653],[-122.94528200022079,48.46559899993487],[-122.94243599995845,48.46358100020279],[-122.94304900042685,48.460763999775466],[-122.94433700038967,48.457907000211996],[-122.93457000008942,48.45489099974848],[-122.9341170003529,48.45806400019125],[-122.9300760000142,48.45885200002292],[-122.92627300022517,48.46058600003959],[-122.92128200003248,48.45869500009777],[-122.91747900024347,48.45601500028319],[-122.91676600021594,48.452232000158986],[-122.91629099983977,48.44939400008953],[-122.91961800032604,48.442930000294844],[-122.92532300037118,48.44324599989438],[-122.9307670003004,48.44273800020411],[-122.92624700028593,48.437045999945475],[-122.90892299991313,48.440564999860364],[-122.9044070000966,48.43977699987883],[-122.90488199957441,48.44245699983994],[-122.9044070000966,48.44624099991857],[-122.89709500024642,48.44596899997691],[-122.89055599979996,48.44537400009075],[-122.87659800027149,48.44529500025867],[-122.86847899978419,48.44302900017908],[-122.86423900015214,48.44229999986933],[-122.86210000006956,48.43961899996322],[-122.86590299985858,48.43567699976417],[-122.86923000034484,48.43520399971512],[-122.86899299962006,48.43315399983087],[-122.87160700007878,48.43220800020739],[-122.87517200021644,48.433626999892105],[-122.87398399981276,48.4374119998478],[-122.87731100029902,48.43914600026172],[-122.88396600019816,48.438672999731786],[-122.88877099971967,48.437045999945475],[-122.88936599974645,48.435855999892986],[-122.88444200039922,48.43346899992165],[-122.87731100029902,48.43189199989065],[-122.87707399957424,48.4287380002255],[-122.87968800003297,48.426371999888154],[-122.88277799979447,48.42716100000373],[-122.88871999966605,48.427792000051426],[-122.88967100024328,48.42716100000373],[-122.89352400026101,48.42336300000086],[-122.89530900034127,48.420982000209094],[-122.88416500038977,48.41861399985029],[-122.87270400024586,48.41801099985463],[-122.85366799958777,48.41979200012087],[-122.84891999996763,48.42211500025256],[-122.84950300029882,48.42306000025042],[-122.8566329996758,48.42511099990707],[-122.86257500044573,48.426371999888154],[-122.86067400001451,48.430473000032976],[-122.85330600008784,48.428423000013574],[-122.84831400007025,48.4276339998197],[-122.84472399981824,48.426407000228465],[-122.84221800021285,48.424731999922244],[-122.83904499971239,48.425184000186704],[-122.84332299987754,48.43031499979186],[-122.83904499971239,48.431735000049414],[-122.83643000032706,48.428579999954515],[-122.83225300044423,48.426932999714715],[-122.82739899962056,48.42558399972685],[-122.82756600002513,48.422484999981975],[-122.82316700038446,48.420725999816625],[-122.82026800041866,48.42069400027309],[-122.81262199975937,48.420982000209094],[-122.8090969998047,48.42369099994748],[-122.8074840001519,48.42654700015651],[-122.80213700030706,48.42624199977567],[-122.80346999957737,48.43017200013474],[-122.80069299981032,48.43251299994893],[-122.80163400034179,48.433225999751315],[-122.80481899963952,48.431577000156004],[-122.80885999997824,48.43110400008467],[-122.81242500011587,48.43015700025157],[-122.8140889998223,48.43078800005487],[-122.8109990000608,48.43331200018483],[-122.80767099974965,48.43662299976327],[-122.8090969998047,48.438831000205894],[-122.80793500023859,48.44119699970305],[-122.80767099974965,48.443560999984435],[-122.80291800010664,48.44434900025902],[-122.80013299994367,48.44715900028829],[-122.80172899987805,48.45049800019224],[-122.80341976488836,48.451573698555464],[-122.80489300015768,48.45251099996599],[-122.81191600030284,48.452598000271365],[-122.81559799971804,48.45489099974848],[-122.81860499963886,48.457433999840205],[-122.81916799987854,48.46024300003328],[-122.81765399995996,48.46389599984594],[-122.8146949997197,48.46935800013132],[-122.81321699978614,48.47067200022192],[-122.81333399996198,48.47259900008049],[-122.81670300028104,48.47508400019754],[-122.81892699985413,48.47728800012108],[-122.8181290003361,48.4805990001723],[-122.8161929997448,48.4822540002596],[-122.81748400008063,48.48450499988267],[-122.81619699994275,48.48778499991788],[-122.79933000040278,48.494323999892394],[-122.79651099990463,48.49667200006359],[-122.79269700024496,48.50186400007219],[-122.79287600034512,48.50521600004783],[-122.7899620003107,48.507958000242006],[-122.78468999991063,48.51015200014996],[-122.77595600020337,48.50773500007746],[-122.7697980004217,48.50783500020585],[-122.76920300039495,48.50961700005445],[-122.7694050000613,48.51209999979028],[-122.7745510000647,48.51794800021458],[-122.77740999984752,48.517695000165766],[-122.78648599986153,48.522554000226435],[-122.78825699969808,48.52437200021778],[-122.79296199966049,48.52537199983501],[-122.80339299958446,48.52422199982165],[-122.81599000025352,48.524852000284966],[-122.82868999995641,48.52329999988548],[-122.83191500033541,48.518240000092575],[-122.83701299975992,48.516757999942136],[-122.83904499971239,48.51178500008584],[-122.84058399974533,48.503075000226325],[-122.83678400032937,48.48930699999852],[-122.83405400041799,48.485167999778845],[-122.83334100039046,48.474768999722016],[-122.83403799962615,48.469760999742476],[-122.82976299983402,48.464518000129914],[-122.82668599959304,48.460744000257954],[-122.83148699981491,48.456978999722075],[-122.8369059996298,48.45065499984634],[-122.84135399967428,48.45001599992162],[-122.84415399990586,48.447754000117214],[-122.84926499974915,48.44718699983368],[-122.85116700000526,48.44923700011169],[-122.84855199972162,48.45349299974338],[-122.84379900007859,48.45759100009076],[-122.84355499968113,48.46112999974103],[-122.84712599966657,48.45995600000984],[-122.85173899956749,48.459748999867855],[-122.85734599970333,48.45806400019125],[-122.8594849997859,48.460113000205],[-122.85758400025303,48.46358100020279],[-122.85306800043645,48.470986999927774],[-122.85425599994186,48.4739809998416],[-122.85188300040585,48.47511699992997],[-122.85069099980417,48.47760500014451],[-122.85070000002504,48.481658999835766],[-122.8540190001154,48.48154400027503],[-122.85449399959322,48.4837500000574],[-122.85354299991431,48.48611299990203],[-122.85782199990439,48.48721600024736],[-122.86043600036312,48.48894900022808],[-122.86237899972882,48.49227900000588],[-122.86495200017967,48.49461899992709],[-122.86616499979938,48.49712799976971],[-122.87089400005125,48.49887200001868],[-122.87350900033492,48.502651000167006],[-122.87327099978525,48.505959000038956],[-122.86637800023475,48.51131200023905],[-122.86140399976048,48.525084999952945],[-122.85924799995944,48.53272199973912],[-122.85425599994186,48.5347680001016],[-122.84831400007025,48.536341999831386],[-122.84665100018873,48.5335090000493],[-122.84427399955645,48.53366599985849],[-122.84451200010612,48.53587000015174],[-122.84308600005107,48.538544999775944],[-122.84177399979885,48.53995499994643],[-122.84474899993259,48.54295099991872],[-122.84879000027131,48.53917400006916],[-122.85235500040893,48.53775799982807],[-122.85639599984933,48.53870200002792],[-122.85829700028054,48.54232200016815],[-122.86233799972092,48.54326599970991],[-122.86994300037237,48.54232200016815],[-122.87374600016139,48.54468199990981],[-122.87350900033492,48.54908799987439],[-122.86994300037237,48.55302099992354],[-122.86613999968505,48.554122000281055],[-122.86457600043603,48.55539200015551],[-122.86542699965752,48.558213000103066],[-122.86497499974588,48.56137100013969],[-122.86613999968505,48.563874999993956],[-122.86914099975807,48.564346000172684],[-122.87232000010631,48.56293200019844],[-122.87327099978525,48.55915599988467],[-122.87184499973017,48.556639000266216],[-122.87208199955663,48.554122000281055],[-122.87849999962928,48.55349300022725],[-122.88301600034417,48.55522399997454],[-122.88204800004848,48.558311999832284],[-122.88349099982199,48.560728999889385],[-122.8829700003134,48.5637520001906],[-122.88372900037169,48.566548999883366],[-122.88254000014311,48.569694999991704],[-122.88297841842592,48.57110442119513],[-122.88325700036857,48.57199999990416],[-122.88467900022569,48.57315499995601],[-122.89014599972111,48.56906599978179],[-122.89181000032586,48.56481899995792],[-122.89085899974863,48.558213000103066],[-122.89846500022497,48.55648199976171],[-122.90107899978543,48.554751999765074],[-122.90583300015165,48.55018900018368],[-122.91248800005076,48.54971699998057],[-122.91890500029852,48.5514479998754],[-122.92029600019346,48.55066299994314],[-122.92199500006001,48.53886000022175],[-122.91866799957374,48.53256400001868],[-122.91910600013996,48.52984199970448],[-122.91747900024347,48.52799999977502],[-122.91605300018841,48.52296299992709],[-122.92029600019346,48.522704999765864],[-122.92722399990407,48.5212310002054],[-122.93197800027032,48.517452999893976],[-122.93351800012819,48.513894999705315],[-122.9341170003529,48.50674600023301],[-122.93696899956468,48.50375400028338],[-122.94118900000355,48.498077999873466],[-122.94253968979676,48.49273506065589],[-122.9450500004172,48.48280499996781],[-122.94433700038967,48.479810999735015],[-122.94573300030748,48.477766999778666]]],[[[-122.97036299978433,48.78636300029444],[-122.97124599969115,48.78486699987078],[-122.96827499975535,48.783627000123964],[-122.95724148988887,48.78222861588522],[-122.94801299995706,48.78105900005079],[-122.94159700043254,48.78417500014328],[-122.94224500016273,48.785758000227915],[-122.9446229997216,48.78673099988808],[-122.94855799975511,48.78530300021515],[-122.9565829996328,48.78571900013477],[-122.96907499982152,48.788578999966646],[-122.97074199990101,48.787893000145665],[-122.97036299978433,48.78636300029444]]],[[[-123.01743199967521,48.59014099973946],[-123.01743199967521,48.589437000284235],[-123.01581273786654,48.58752455811918],[-123.01480300004617,48.58633200022137],[-123.01314500018749,48.58290400009243],[-123.01654100027075,48.58134799996275],[-123.01416000033883,48.57897199985211],[-122.99936000001313,48.58023099996377],[-122.99222999973784,48.57504199985924],[-122.98945999964349,48.572468999778216],[-122.98509899963764,48.569694999991704],[-122.98465699977176,48.566120000160666],[-122.9808210003708,48.56796500009255],[-122.97773099971097,48.56418999973596],[-122.97250199986694,48.55868400009178],[-122.97464099994949,48.55836999999201],[-122.97796900026067,48.55805500027198],[-122.97913900022267,48.56035399979332],[-122.9824850000772,48.561831000134674],[-122.98474200016058,48.56242799997508],[-122.98799099993072,48.561836000008235],[-122.98703799970367,48.55707899970881],[-122.98436499969371,48.55553199997926],[-122.98034599999463,48.55553799998007],[-122.98094799969407,48.55355399978646],[-122.97799699984975,48.551845999789556],[-122.97321499989445,48.55239199985848],[-122.96822399970172,48.555065999727056],[-122.96615499993933,48.54911099973048],[-122.95919200006867,48.549401999902585],[-122.9539630002246,48.54877300004361],[-122.94825900000434,48.546885000266315],[-122.94303000016028,48.54798599974308],[-122.94261000003573,48.55024799975085],[-122.93992600015511,48.551845999789556],[-122.94255399995922,48.55522399997454],[-122.94136599955553,48.55758299971917],[-122.93778600024761,48.55754200026694],[-122.93706499982416,48.55946000024113],[-122.93922700037126,48.56277400024421],[-122.93233399992248,48.56403300007579],[-122.92639200005088,48.56371799995052],[-122.92890699987709,48.55945400011097],[-122.92755100014223,48.554699000198454],[-122.92472900016934,48.55459399982737],[-122.92326399975623,48.55660199976706],[-122.92116300020679,48.56230199972905],[-122.91854899974807,48.564347000097676],[-122.90385200025281,48.57569099998776],[-122.90280199994137,48.57850200003534],[-122.90280199994137,48.580399000290875],[-122.90476299974875,48.582432999828356],[-122.91498399961041,48.584005000144124],[-122.91898300011631,48.58705899998589],[-122.92211399988568,48.58714900027546],[-122.92449099961966,48.58479099979458],[-122.92850500019419,48.58515499994],[-122.93019499983987,48.5819609997584],[-122.93325799983717,48.58087500026559],[-122.92995700018848,48.575671000025785],[-122.93257199957384,48.57378399982407],[-122.93780100031621,48.57456999972011],[-122.93754600004812,48.57659100019129],[-122.94303000016028,48.579445000121744],[-122.94255399995922,48.5819609997584],[-122.93975000042802,48.58273999979957],[-122.94087199981112,48.58610899989691],[-122.95090500025015,48.58802000001213],[-122.95729099963745,48.58840699989121],[-122.96086099979794,48.58991600015287],[-122.96608499961914,48.590450999839526],[-122.96513399994026,48.59280900003385],[-122.96657599988883,48.594673000124736],[-122.96894599995012,48.59441899974602],[-122.97083800016047,48.59155100008478],[-122.97440400012304,48.59296600006497],[-122.97989699955775,48.59324599985947],[-122.98751100043,48.590865999976735],[-122.9998860004429,48.58705899998589],[-123.00339999962857,48.585734000215716],[-123.00696599959113,48.585734000215716],[-123.00955199956248,48.58740499989264],[-123.0106496366351,48.58937199933693],[-123.01161000035249,48.5910930000672],[-123.01286200033029,48.59117599978813],[-123.01567900028031,48.590596000067244],[-123.01743199967521,48.59014099973946]]],[[[-123.01736899992599,48.603926999905106],[-123.01830799990933,48.60330600006365],[-123.01724400025253,48.602601999891725],[-123.01611699994821,48.60239600027742],[-123.01555399970852,48.602809000206335],[-123.01536600028585,48.603348000178876],[-123.01486499997044,48.60446500010135],[-123.01449000005171,48.605913999944946],[-123.01505300029143,48.606825000175824],[-123.01636800001839,48.60711399981216],[-123.01718200032826,48.60628700017191],[-123.0168690003338,48.60512799977157],[-123.01736899992599,48.603926999905106]]],[[[-123.026196000418,48.599662999917214],[-123.02563200035335,48.59837999982066],[-123.02431799955299,48.597675999904894],[-123.02444300012478,48.59643399987879],[-123.02525700043465,48.59486100007855],[-123.0250060003645,48.594074000264776],[-123.02356699989063,48.59403300009404],[-123.01899699964743,48.594447000000116],[-123.01837099965854,48.594819999952335],[-123.01811999958836,48.59556500001122],[-123.01937199956613,48.59552299995962],[-123.0202489996252,48.596020000213926],[-123.0198109999573,48.596558000269034],[-123.01918499996839,48.5974280001497],[-123.0208749996141,48.59726199972435],[-123.02237699983715,48.59858700020951],[-123.02300299982603,48.59962200012367],[-123.02506900011369,48.59953900001954],[-123.026196000418,48.599662999917214]]],[[[-123.03034200033868,48.629890000099095],[-123.0299709997196,48.62094099976504],[-123.02796300005657,48.610849000108544],[-123.02193999999415,48.60931300012673],[-123.01647299960037,48.61119799980762],[-123.00797300024483,48.61513899987599],[-123.00720300031591,48.62093999977177],[-123.00316299980211,48.62093999977177],[-123.00035900027088,48.61513899987599],[-122.9931799995918,48.609469999948175],[-122.99274399957372,48.60562099997655],[-122.99104100040755,48.60365500021507],[-122.99703199978464,48.60181399970508],[-123.00797300024483,48.59895699979598],[-123.00778400009895,48.59464400007591],[-123.00387599982963,48.59296600006497],[-122.99555700022408,48.59249500029051],[-122.98846399975872,48.59419999976976],[-122.99008999983032,48.597367999901444],[-122.98866399977527,48.60113999981592],[-122.98367299958258,48.60113999981592],[-122.97701799968344,48.59909700021728],[-122.975353999977,48.602082999892666],[-122.9712280001478,48.60381599994862],[-122.97085599970383,48.609428000172414],[-122.97418700038806,48.6137060002532],[-122.97823000037658,48.61889700002982],[-122.98384199963697,48.62226400025543],[-122.98747600026992,48.6225119997922],[-122.98818900029744,48.62643900004443],[-122.98465699977176,48.62703699978145],[-122.98512999959978,48.629890000099095],[-122.98890200032497,48.631466000131724],[-122.99127900005892,48.63115200025009],[-122.99294299976536,48.63460800015443],[-122.98961500035249,48.63649200018425],[-122.98581199966516,48.63806299994052],[-122.98498700038294,48.639613000240296],[-122.98391100013227,48.642147000076626],[-122.98010800034328,48.641203999706065],[-122.97844399973852,48.63774900015475],[-122.97464099994949,48.63507900022757],[-122.96932900026475,48.62978799976773],[-122.96680299966957,48.628514999883365],[-122.96333399979139,48.630225000272326],[-122.96037999957402,48.631466000131724],[-122.95782799993789,48.62754900018662],[-122.95301199964737,48.625339000081794],[-122.9537249996749,48.62093999977177],[-122.95609999975902,48.61846899979477],[-122.95134899976586,48.60758400024539],[-122.95384500022381,48.6060030002191],[-122.95325000019707,48.602711999785726],[-122.9508729995648,48.60145399988907],[-122.94932000018642,48.598394000040166],[-122.94820575506084,48.59765033266606],[-122.94754599997682,48.59721000001575],[-122.94367644760169,48.597365393595574],[-122.93970199984912,48.59752500002403],[-122.93684999973901,48.59705300010238],[-122.93689999996771,48.593470000122636],[-122.93399799962889,48.59296600006497],[-122.92636600011159,48.591395999784666],[-122.9199749998031,48.592337000018496],[-122.91498399961041,48.59123700024772],[-122.91118099982141,48.59170899984384],[-122.90547599977627,48.59296600006497],[-122.90096099978463,48.592022999718544],[-122.8964449999681,48.59076499980757],[-122.89097799957433,48.59092300024191],[-122.88880099985691,48.58838800025039],[-122.88415500034404,48.58872100008264],[-122.88075800043589,48.591865999728],[-122.87139100016874,48.594673000124736],[-122.87029999984945,48.59909700021728],[-122.86494399978375,48.60145999978825],[-122.86235000031482,48.60419100028252],[-122.86187699958849,48.612282000046086],[-122.86507100000536,48.61496999971474],[-122.86806500040568,48.61608899991093],[-122.87576600041827,48.62266900013804],[-122.8774300001247,48.62690999978259],[-122.87933200038084,48.63083800019555],[-122.88001430856835,48.63412729757211],[-122.88035900022771,48.63578899994427],[-122.8813860000746,48.63798099975023],[-122.89656799999176,48.646787000204455],[-122.9042880002709,48.64905599983291],[-122.90518200004838,48.65178299983034],[-122.90975499976635,48.653923999987526],[-122.91141799964787,48.65832000028488],[-122.91165600019754,48.6628729998037],[-122.91308200025261,48.66632600000588],[-122.9093999999391,48.66860200003761],[-122.90880400008744,48.6705639997613],[-122.91118099982141,48.67291900000013],[-122.91308200025261,48.674958999763746],[-122.91640999966548,48.67935300012783],[-122.9161300001813,48.68318899997756],[-122.9202130003528,48.686101000089515],[-122.9180730004453,48.68955299984869],[-122.91308200025261,48.69080799996204],[-122.90756200015541,48.69127999972418],[-122.90637566971984,48.69101650943378],[-122.89899400012949,48.68937699991608],[-122.89852100030149,48.69080400019138],[-122.89953399990466,48.69331899978361],[-122.89471400031452,48.694611000002574],[-122.8905030000965,48.69300500016271],[-122.88503599970274,48.690023999705105],[-122.88242200014231,48.68516000018062],[-122.8837660001816,48.68223999991515],[-122.88218399959263,48.67794099996623],[-122.88360899982277,48.674958999763746],[-122.88329300035358,48.6603470002671],[-122.88170800028986,48.65345300021568],[-122.87814300015226,48.64984099978798],[-122.87576600041827,48.64560199990798],[-122.87291400030817,48.644030999901055],[-122.8695869998219,48.646701000239986],[-122.86602199968425,48.64497300013198],[-122.86102999966664,48.639477000237434],[-122.85247400023465,48.62816699980758],[-122.84819600006945,48.622040000009555],[-122.83813699969119,48.61815599985219],[-122.83623899963303,48.61917699980175],[-122.83397099967898,48.61922099983681],[-122.8334069996144,48.62013899997219],[-122.8319930001532,48.620504000216954],[-122.83102499985756,48.619811000056615],[-122.83114700005628,48.61892799987955],[-122.83006499995783,48.61658599973071],[-122.82794599996676,48.615828999752694],[-122.82825899996118,48.611982999771094],[-122.83043900005165,48.60605299980372],[-122.83065499996172,48.60211699987842],[-122.82978399975045,48.60120199991693],[-122.82688499978465,48.6016399999956],[-122.82408999957595,48.60080900003952],[-122.81952400042901,48.60205800022047],[-122.81792199974855,48.605646999963405],[-122.81360251628189,48.60678480629585],[-122.81337400014493,48.60684500028408],[-122.80992899965791,48.60569800019575],[-122.8042450004275,48.60251600004532],[-122.7999429999729,48.60181200014883],[-122.79868400032241,48.60273699972822],[-122.80251600042375,48.60746200011857],[-122.80537500020655,48.612603999824074],[-122.80928199975263,48.61610299997283],[-122.80880399990173,48.619915999810715],[-122.80349899988968,48.62176300001677],[-122.79968000020715,48.624708000139094],[-122.795249999706,48.62941399995522],[-122.78908600007655,48.631399000260465],[-122.78497299976783,48.632723000062825],[-122.78337400035872,48.6357450001051],[-122.77876200028273,48.63914400021003],[-122.77574199994314,48.63940799987755],[-122.76907500034844,48.64152200007087],[-122.76381899984187,48.64418799977645],[-122.75930300002533,48.646701000239986],[-122.75479899990434,48.64940300002575],[-122.75483300023953,48.65638799986208],[-122.75089900003096,48.6573250001787],[-122.74517300006943,48.659553999759815],[-122.74147800023545,48.6603470002671],[-122.74195100006347,48.66225100023886],[-122.77308900002463,48.67103499983496],[-122.78771799974783,48.675852999737444],[-122.794776999878,48.67890899975929],[-122.8008970000248,48.67982399989194],[-122.80140099981497,48.6826530001625],[-122.81468100037432,48.68872099981549],[-122.8166659995728,48.69127999972418],[-122.82198700037672,48.69234600000482],[-122.82701100018134,48.69561399975802],[-122.83726200018025,48.69990800028975],[-122.84799600005293,48.70254099979472],[-122.85841600010625,48.704926999999344],[-122.8664950004106,48.70569499970532],[-122.87029999984945,48.70947599992774],[-122.87757900008761,48.71269600016146],[-122.88069099959041,48.711837999876366],[-122.88423663205053,48.712073188947585],[-122.88527400025244,48.71214199975674],[-122.88810600027107,48.713113999878615],[-122.89271800034706,48.714414999860885],[-122.89891100028882,48.71464799983641],[-122.90625247116851,48.71446954723964],[-122.90804400020423,48.71442600014604],[-122.91713399956366,48.71372699982505],[-122.92709599985757,48.710836999723135],[-122.93129799985476,48.71134300010094],[-122.93892100004953,48.70968599997439],[-122.94588200027042,48.711828000180574],[-122.95181999994405,48.71221899984632],[-122.94992299971078,48.7108869997598],[-122.94646100040363,48.70945000008681],[-122.94200300031342,48.70540799987834],[-122.94231700013276,48.70210399985983],[-122.94667499976555,48.69785099997317],[-122.94880299997749,48.69370999976736],[-122.95388000038392,48.69098400022984],[-122.96038799996994,48.69033099972137],[-122.95857299975243,48.68682600013475],[-122.95889156840336,48.68655983442707],[-122.96240900005175,48.6836210001474],[-122.97068800037263,48.68085599980011],[-122.98435499964798,48.67479700022846],[-122.98723799972021,48.66915200004454],[-122.99127900005892,48.66663999986002],[-122.9955789999654,48.664377999933016],[-122.9978610001631,48.66159600023789],[-123.00393899957882,48.65839300025827],[-123.01010200028169,48.654962999893534],[-123.01457100024257,48.64905599983291],[-123.01529400031583,48.642909999786085],[-123.01939400020576,48.638931000253706],[-123.0232699997897,48.63447900016896],[-123.03034200033868,48.629890000099095]]],[[[-123.03364499963718,48.59250100006548],[-123.03489699961496,48.591632000282466],[-123.03333199964273,48.59080300026555],[-123.03151700032357,48.59146599982575],[-123.02976400003037,48.59212800022335],[-123.02863699972605,48.59295599993751],[-123.02957599970938,48.59320500020508],[-123.03214300031246,48.59316399992327],[-123.03364499963718,48.59250100006548]]],[[[-123.03997599967119,48.73257600013868],[-123.0394190001776,48.73223799992948],[-123.03890500034169,48.73178300013889],[-123.03841599972183,48.7315740000648],[-123.03757999967067,48.731602000068456],[-123.03629699973074,48.731602000068456],[-123.03499200004951,48.73144700027585],[-123.03423600036427,48.73147400017853],[-123.033429999552,48.731602000068456],[-123.03246700017756,48.731870000245344],[-123.03180400037876,48.73212399973563],[-123.03186799995284,48.732604000176785],[-123.03210399995439,48.73309799976626],[-123.03449999995492,48.73288599998765],[-123.03550500006052,48.733070000003245],[-123.03691699987186,48.733084000182934],[-123.03854299994346,48.73297100027174],[-123.0393770003448,48.732758999957625],[-123.03997599967119,48.73257600013868]]],[[[-123.0541600000538,48.61853100000084],[-123.05418500016815,48.61751799994575],[-123.05185199991682,48.61604600020557],[-123.05165400044841,48.613484999868916],[-123.05043900028053,48.61192700027556],[-123.0478089999283,48.610829999997826],[-123.04602100037329,48.61094200017219],[-123.04376900031278,48.611976999934164],[-123.04079599982886,48.61089999983896],[-123.03862300030941,48.61048899995243],[-123.03825800043643,48.61211999981296],[-123.04008500034946,48.61697800029415],[-123.04247100030426,48.61869299985426],[-123.04432199960843,48.61947200014003],[-123.04763200037625,48.619540999855644],[-123.04846699970423,48.62092199988919],[-123.04993200011731,48.62133800028584],[-123.05145100005882,48.620665000271835],[-123.0541600000538,48.61853100000084]]],[[[-123.06793099998447,48.70030000028731],[-123.07118899997546,48.699346000237],[-123.04705800026592,48.69577199997087],[-123.03636000037824,48.69007999970468],[-123.03677200010691,48.68810700022127],[-123.03567199956677,48.68534999985203],[-123.04164500029881,48.67863300004247],[-123.04321100009598,48.67757299985625],[-123.04233700040997,48.6756629998298],[-123.0289510004437,48.678333000182405],[-123.02121500027103,48.681415999898434],[-123.01444900004383,48.6849780002602],[-123.00508599997463,48.694342000199256],[-123.00470799968285,48.697790000258614],[-123.00779800034266,48.699828999917585],[-123.00874800019665,48.70281000025164],[-123.00501499982954,48.70390900011534],[-123.00500399995887,48.70533800013494],[-123.00891100040327,48.712719000247525],[-123.00983899961766,48.717175000251],[-123.00751100028748,48.71886299977152],[-123.00978699973909,48.72229100023575],[-123.01969899980429,48.72131199997386],[-123.02548599986518,48.71796599978262],[-123.02925699986717,48.71645800002693],[-123.04017900006079,48.717296000172915],[-123.0457269997471,48.709003000013944],[-123.05442000034478,48.703804999836805],[-123.06793099998447,48.70030000028731]]],[[[-123.08512499976258,48.64807300027451],[-123.08687800005582,48.645237000155355],[-123.08492499974608,48.64492500014112],[-123.08160300018099,48.64518999992859],[-123.07838799984773,48.64599400005983],[-123.07696199979266,48.64772200020121],[-123.07838799984773,48.64960600008507],[-123.08184668976136,48.64925177261676],[-123.0818640002969,48.649249999870726],[-123.08512499976258,48.64807300027451]]],[[[-123.13828399966307,48.65180399990638],[-123.13828399966307,48.65054800004089],[-123.1359069999291,48.64992000024526],[-123.13139100011257,48.648507000150744],[-123.12354799980976,48.64772200020121],[-123.12639999991988,48.64944899986526],[-123.12804299970993,48.65074500026185],[-123.13115299956289,48.65086200026976],[-123.13566900027774,48.652588999809346],[-123.13828399966307,48.65180399990638]]],[[[-123.1518310001861,48.641126000027214],[-123.1518310001861,48.638770000294585],[-123.14731600019446,48.638456000160666],[-123.148029000222,48.63986899991445],[-123.14992999975489,48.64144000016115],[-123.1518310001861,48.641126000027214]]],[[[-123.16358199985991,48.649189000040224],[-123.1639249999916,48.64781199982896],[-123.16090600037522,48.64690700011683],[-123.14673600023634,48.64265800014574],[-123.1381449997459,48.63853500005134],[-123.12653800001213,48.63547900026011],[-123.11855300031742,48.63337700024096],[-123.11166400006658,48.63374399981198],[-123.10833599975538,48.632486999788874],[-123.10514800008463,48.63337700024096],[-123.10786100027757,48.635786000253276],[-123.11570399968205,48.637513000239196],[-123.11649299987756,48.6395649998971],[-123.12783099999781,48.64368800008735],[-123.13504800031173,48.64437499987871],[-123.14066100029535,48.64410999996371],[-123.15044699996383,48.64779700019891],[-123.15670799967768,48.649189000040224],[-123.16358199985991,48.649189000040224]]],[[[-123.23606100010062,48.68498799995356],[-123.23782299971633,48.68390299999741],[-123.23040000043642,48.679735999905375],[-123.23173600007978,48.67826799977952],[-123.22931300031505,48.676024999722664],[-123.22382099980696,48.675335000207404],[-123.22008499996508,48.67282399994217],[-123.21974400038154,48.67071800009095],[-123.20035600026925,48.66259400017081],[-123.18922400001334,48.660802000003045],[-123.18282299965914,48.657435999978816],[-123.18009399957265,48.660169999930446],[-123.17940200035983,48.663264999783436],[-123.16701499975309,48.66362399994178],[-123.15801099970909,48.666248000025924],[-123.13574200007267,48.65709299995692],[-123.13058500019862,48.65571999977702],[-123.12748700004123,48.65674999997484],[-123.14351300040545,48.66436400021065],[-123.14913899990957,48.66912499991361],[-123.15848699991015,48.672996999738956],[-123.16870699994689,48.67723500016872],[-123.1725159995837,48.6808090001558],[-123.18320500014885,48.684296999924015],[-123.18798100025637,48.685275999877945],[-123.1952060000679,48.68572599983566],[-123.20206799965625,48.686902999819274],[-123.20697299963524,48.68884699972591],[-123.21587999959486,48.689925000040546],[-123.22001299999506,48.68920499985935],[-123.22822100017083,48.689618999738954],[-123.23747299991196,48.68905600003518],[-123.23606100010062,48.68498799995356]]]]}},
    {"type":"Feature","id":"53057","properties":{"STATE":"53","COUNTY":"057","GEOID":"53057","NAME":"Skagit County"},"geometry":{"type":"MultiPolygon","coordinates":[[[[-122.70227900041156,48.49439300025207],[-122.70291899974585,48.492010999712726],[-122.6963180002734,48.490996000235995],[-122.69156499973208,48.49052400004046],[-122.68799899976952,48.49194200027876],[-122.6763529996777,48.489578999950545],[-122.6682719997235,48.48627099983762],[-122.66719350395299,48.4840550243289],[-122.6671891929379,48.48404616613196],[-122.66589499998958,48.4813870002777],[-122.6646229999203,48.47812799999921],[-122.65775299993601,48.472940000078616],[-122.65753753991343,48.47154372698318],[-122.65611699981868,48.46233800017511],[-122.65444399989143,48.4575580002795],[-122.65484399992448,48.454087000111976],[-122.6588929997608,48.45310499990701],[-122.66161699982439,48.452546999925524],[-122.6615339999837,48.44808299977759],[-122.66311599967437,48.446538999759746],[-122.66470699958587,48.446083999726916],[-122.66724900007459,48.442502999853275],[-122.67408499972368,48.44197899995627],[-122.67418799965583,48.44332699979768],[-122.677071999553,48.44405900001735],[-122.67892799977837,48.43946600019142],[-122.67584100038995,48.43654099983187],[-122.67415800041691,48.42472599992332],[-122.66874700009967,48.42022100025521],[-122.6656580001631,48.42006299973748],[-122.66375599990697,48.41753899975589],[-122.66533799959764,48.41645299988499],[-122.66375599990697,48.41517299977634],[-122.65947799974181,48.41611999978689],[-122.65615000032894,48.41596200023606],[-122.65401100024636,48.417854999892526],[-122.65115900013623,48.415646000257645],[-122.65163399961408,48.412491000085936],[-122.65701999981701,48.412198999954754],[-122.65781400003537,48.41043999985226],[-122.65615000032894,48.40775799976823],[-122.65465863615887,48.40761634934034],[-122.65282299984267,48.407442000085794],[-122.64983900038641,48.40852599977885],[-122.64970253461665,48.4085315717468],[-122.64850692907577,48.408580389053306],[-122.64550851884572,48.40870281464938],[-122.64545499991603,48.40870500013659],[-122.6451990366539,48.40870500013659],[-122.64218269964405,48.40870500013659],[-122.6409390000995,48.40870500013659],[-122.63670091387901,48.40969357550654],[-122.6363989999935,48.40976399984624],[-122.6361332936038,48.40982607231338],[-122.63377500038733,48.41037699970568],[-122.63119400043885,48.413595000284275],[-122.62644000007265,48.41517299977634],[-122.6241813614622,48.41429868858677],[-122.62358799996251,48.414068999854884],[-122.62305489835043,48.41300728199923],[-122.622874999935,48.41264900028681],[-122.61859699976984,48.41264900028681],[-122.61455600032946,48.41375300003588],[-122.61396186448201,48.41518286392281],[-122.61265499989824,48.41832799986606],[-122.60980299978812,48.42132500012991],[-122.60552499962296,48.4233760000481],[-122.60214886308728,48.42262900849366],[-122.60195899966041,48.42258700019109],[-122.59577999996233,48.42242899987368],[-122.58579699975205,48.42574100009284],[-122.58219262825214,48.42875439236933],[-122.58160700034871,48.429244000020965],[-122.57819100017399,48.434258000114575],[-122.57843759400771,48.43567401441682],[-122.57890500002647,48.4383579997228],[-122.57819001382381,48.44084729314565],[-122.57795400034753,48.44166900000829],[-122.57581500026495,48.44513800012205],[-122.5712990004484,48.44671400029117],[-122.56834799970581,48.44498999978414],[-122.56607180531975,48.445517406257494],[-122.56226699991701,48.44639900009211],[-122.56166120034392,48.44615992302778],[-122.55729800036394,48.4444380000669],[-122.55466100033898,48.44403400028886],[-122.55398563523029,48.445658285490026],[-122.55275999990779,48.44860600003382],[-122.55189659495224,48.44854860940523],[-122.55140566385285,48.44851597671619],[-122.55038300017381,48.448448000172206],[-122.54824400009123,48.44545299979997],[-122.54895700011876,48.44182700010285],[-122.55122099987481,48.439465000183596],[-122.55830099992139,48.425821999890786],[-122.55792400035286,48.422023999978954],[-122.56797100013725,48.421482999705894],[-122.57112100017319,48.41974800000938],[-122.57153399972674,48.41875800025063],[-122.57084800036169,48.41761900026297],[-122.56738000030846,48.41740799986106],[-122.56416800034823,48.41817000002283],[-122.56226699991701,48.41943199971577],[-122.55548200032158,48.42011699988666],[-122.55347299993532,48.41643499993545],[-122.55204699988028,48.41043999985226],[-122.55377099986113,48.4064110002799],[-122.55176274238164,48.405138761183125],[-122.54967000014628,48.40381300004295],[-122.54952163529228,48.40354569839335],[-122.54906411433494,48.40272140514656],[-122.54774711765307,48.400348634048676],[-122.54750705726644,48.39991612809071],[-122.54749199970564,48.399889000099535],[-122.53944900028462,48.39719000011476],[-122.53756675577822,48.39286463594294],[-122.53345200016145,48.38340899991939],[-122.53310706416035,48.38001137944258],[-122.5328796825956,48.37777167306692],[-122.53281199992884,48.3771050000335],[-122.53395400030176,48.37581199982267],[-122.53312187019283,48.37522587254057],[-122.53278699981449,48.37499000028881],[-122.52295699976504,48.37700199983602],[-122.52096800036861,48.37582899976297],[-122.52143799982359,48.37377899994065],[-122.51941199971888,48.370574000184],[-122.51860400015512,48.37023600017278],[-122.50387199960147,48.37211999983158],[-122.50186646042403,48.37298586014902],[-122.49980699987162,48.373874999957515],[-122.49860681741438,48.3739460049692],[-122.49546299958422,48.374132000013134],[-122.4914339998394,48.372160000020166],[-122.491264999785,48.369848000081284],[-122.49420913919549,48.36869045715469],[-122.49676899998869,48.36768399992552],[-122.50134199970665,48.36698299984531],[-122.50641599974001,48.3646780002173],[-122.50626199975422,48.363795000053635],[-122.5046060004437,48.36366200018206],[-122.50449699976546,48.362830999762316],[-122.50546199968805,48.36205399983737],[-122.50773399984004,48.36148099983985],[-122.50792100033611,48.360459999848366],[-122.50581700041361,48.35942600000765],[-122.50054900021149,48.35931499971938],[-122.49781099990419,48.36116499980656],[-122.49759099979615,48.36301300011237],[-122.49328900023986,48.36491299993179],[-122.4926542506601,48.36551946139271],[-122.49144899990802,48.366670999719624],[-122.4889139999903,48.36692200007243],[-122.48597999986443,48.36483399976018],[-122.48460099966503,48.364372000254065],[-122.48507299966815,48.362346000136995],[-122.47908654396977,48.36050908293483],[-122.47798799959871,48.360171999783695],[-122.47739199974706,48.359004999972534],[-122.47509399965581,48.35938500017132],[-122.47244400011036,48.35666400001967],[-122.47266199967027,48.35282199975569],[-122.46220399998211,48.35187399979022],[-122.45430299995301,48.34623399984668],[-122.45008300041246,48.3423980002513],[-122.44267799977759,48.33793399972508],[-122.43690499996038,48.337745999842156],[-122.43313599960825,48.335766000077385],[-122.42410200032533,48.334346000086306],[-122.42267399972212,48.33128400027091],[-122.41869600003093,48.32888699970901],[-122.41466800011102,48.32770199980089],[-122.4087179998435,48.326413000217016],[-122.40499299987228,48.32334199977338],[-122.39754799995276,48.31855100017654],[-122.39866600003621,48.31577599986944],[-122.39310699958097,48.31351499985882],[-122.38824299960987,48.309869999820656],[-122.38845799969502,48.30652800002845],[-122.38348999996687,48.30452399999692],[-122.3843729998737,48.300900000154314],[-122.37626699980518,48.30058200025898],[-122.37174000011797,48.299251000032285],[-122.37294773830507,48.297663306692115],[-122.3532049997753,48.29757200016337],[-122.32473800017428,48.29752299989177],[-122.30398599993121,48.297575000190655],[-122.25184300000696,48.297462000036745],[-122.20391200012564,48.297619000172396],[-122.19433999981908,48.297672999989445],[-122.18357400015937,48.297279000034365],[-122.17538799972488,48.29724399990039],[-122.1618510001459,48.29723300012653],[-122.14030499968446,48.297806999775716],[-121.99862500018384,48.29749900024161],[-121.9447359996391,48.2974179999197],[-121.92266299982127,48.29750699992705],[-121.9048609995976,48.29764100014903],[-121.85797199963179,48.29747899982733],[-121.85660199965322,48.297490999957276],[-121.8351110003417,48.29798800007479],[-121.76255000008523,48.2988600002553],[-121.69263900027252,48.298957999977766],[-121.6860909996052,48.29898800002598],[-121.63641900002456,48.29847300023851],[-121.57750099965229,48.29896699981482],[-121.57756500012471,48.297362000204885],[-121.56670700040347,48.29738200006742],[-121.56058899990647,48.29713599989924],[-121.44496400011283,48.296037999768004],[-121.00165799998351,48.29600900021737],[-121.00375000021042,48.2994279997032],[-121.00728199983779,48.30008100005801],[-121.01085399964812,48.30016300009702],[-121.01940499995557,48.30199900001585],[-121.02078499997988,48.302831999896654],[-121.02549300031538,48.30226800014713],[-121.02852500035054,48.303877000220254],[-121.02935800002865,48.306051000050694],[-121.02888600002555,48.30762299976491],[-121.03177900014352,48.309166000208585],[-121.03461799983485,48.31148399990626],[-121.03667999992453,48.31155200007219],[-121.03949000020187,48.31074399986822],[-121.04090500038626,48.30959899997652],[-121.04506700020049,48.308865000010094],[-121.04659500036279,48.309182000103945],[-121.05173100032044,48.312121000008894],[-121.05416599978071,48.314416999991174],[-121.0580430000879,48.31616699970382],[-121.05992500025255,48.3164760001407],[-121.06459699970468,48.31518599995679],[-121.06721299981324,48.315131000083056],[-121.07148299958247,48.31795600005628],[-121.06886800019714,48.31998299998164],[-121.0691540004274,48.32141600014874],[-121.0678229999086,48.32431400023542],[-121.06659500022027,48.32457899970984],[-121.06591800017775,48.32805900010994],[-121.06720600014054,48.32994999993225],[-121.07005400005268,48.33040500029052],[-121.07111100003681,48.33231999972617],[-121.07006200044863,48.33369000012067],[-121.06917799981854,48.339041000145585],[-121.06565899971167,48.33824200006782],[-121.06520799962496,48.340698000229644],[-121.06394099957855,48.343578999761526],[-121.06068599996063,48.346475000144295],[-121.05944700040165,48.34668000019408],[-121.05378599983912,48.345028000296075],[-121.0456670002501,48.34596200026501],[-121.04303199987497,48.34572600023324],[-121.04063099985156,48.347899999714656],[-121.04068100008027,48.35011299980893],[-121.04189799989797,48.35086300027848],[-121.04233100044131,48.35371900014923],[-121.04083900026401,48.35641299985352],[-121.042013000424,48.35882199982373],[-121.04167199994217,48.360315999721124],[-121.04350399987808,48.36399299995503],[-121.04672599988403,48.3663590000698],[-121.04916200006755,48.37026000022287],[-121.05257999989209,48.37363599998394],[-121.06003300020755,48.3779699999043],[-121.06183599983119,48.37964800017551],[-121.05881800003971,48.38240200012799],[-121.05895699995686,48.38569799971826],[-121.05987199965075,48.38786300011546],[-121.06278700040839,48.38939800015847],[-121.06576300036706,48.39178900019141],[-121.06642899964059,48.393539000116725],[-121.06471999972831,48.39644599974273],[-121.0650210000272,48.3992499997668],[-121.06227500022231,48.4016269998648],[-121.06233999962133,48.405282000040344],[-121.05545899976637,48.412637999760356],[-121.05392099955834,48.41254699981327],[-121.04704399990135,48.410452000240426],[-121.04158800027658,48.41127100021626],[-121.04624800003316,48.41889200028989],[-121.04549499982265,48.421128999777224],[-121.04374999992537,48.42369999983076],[-121.04334499986942,48.426643000190786],[-121.04214599959509,48.43076600029275],[-121.03767900018234,48.432080999986226],[-121.03713000018635,48.43302700018606],[-121.0388249998549,48.43532900029606],[-121.03826599981318,48.438075000088624],[-121.04036899991075,48.442062000005684],[-121.04099400007475,48.44573699992702],[-121.04507499969809,48.44793799979876],[-121.04764499977588,48.447176000226925],[-121.05553699958418,48.450175000064135],[-121.05614699967956,48.45156699986151],[-121.05887599976602,48.45243199991571],[-121.06082800025085,48.455157999879454],[-121.06126099989588,48.4582100000853],[-121.06323099992407,48.45979200028912],[-121.06055799991411,48.46266899975462],[-121.06003900005534,48.467187000118415],[-121.05674799955408,48.47140999979196],[-121.05653400019217,48.476370000184836],[-121.05393999982489,48.47939200010067],[-121.05276099964205,48.48201300020237],[-121.0497140004366,48.48539899976786],[-121.04257499994047,48.49058499987021],[-121.03907699975,48.49188800026797],[-121.03623399986071,48.495297000051465],[-121.02362899969408,48.49544199989157],[-121.01558999957268,48.494310000023646],[-121.00108899989601,48.49420299975101],[-120.99811299993733,48.49503900008236],[-120.9971370001441,48.497035999866874],[-120.99293000012403,48.49904499986373],[-120.99063000038296,48.49895199984151],[-120.98522699956331,48.49779999997505],[-120.98240200011568,48.49950499971757],[-120.97963100019642,48.498972999803804],[-120.97693600044515,48.500066000147605],[-120.97529399958171,48.49928599994023],[-120.9742509998413,48.49994600002692],[-120.97179700011444,48.49952900009227],[-120.96882600017864,48.50010699973182],[-120.96660599990521,48.498878000188355],[-120.96379499980299,48.498574000222526],[-120.95994699980812,48.500014999878026],[-120.95547899967217,48.50027200011895],[-120.95194899969465,48.499206000049284],[-120.95106800033592,48.4996369998521],[-120.94887099962868,48.505105999865236],[-120.94946900002849,48.506128999848244],[-120.94870599977224,48.5082110001132],[-120.94894000012398,48.51021699998254],[-120.95057899971607,48.51196399970659],[-120.95098100029726,48.51369600029124],[-120.9500389999409,48.51527599987677],[-120.95222099968116,48.51811700002308],[-120.95429399964152,48.52236900017318],[-120.95083900000706,48.52645299985958],[-120.95050199972317,48.52958100002953],[-120.94906399997257,48.53000100019416],[-120.94069000011541,48.53002199978377],[-120.93532499982888,48.52931099999631],[-120.92695599999463,48.52600700011657],[-120.92274700032473,48.525211000072396],[-120.90459600012164,48.52365299975377],[-120.90312999988362,48.524757999908644],[-120.90257699968964,48.527271000214306],[-120.90429200034801,48.53011699991464],[-120.90396000008698,48.53340099990173],[-120.90210600040974,48.53377699983895],[-120.89968299974676,48.532581999861115],[-120.89810199988098,48.532795999943126],[-120.89432099983328,48.53587600010469],[-120.88998499994179,48.53592399970287],[-120.88540100035318,48.5381869997899],[-120.88166600033622,48.53670200012723],[-120.87673100022003,48.53549699999397],[-120.87475299979593,48.53418499999121],[-120.87338600019044,48.53200300003643],[-120.87182600024107,48.531052999916184],[-120.86321300000931,48.530074000203115],[-120.86194900033595,48.53087899988285],[-120.86146300008916,48.53352900002931],[-120.85794300015736,48.53567100021819],[-120.85772200022443,48.537405999996054],[-120.86087300008529,48.54206000022585],[-120.8607269995971,48.544212999861585],[-120.85742699977334,48.547676000272524],[-120.85386400018383,48.54906500000787],[-120.85089599972275,48.548419999855355],[-120.84728999957723,48.5491470001306],[-120.84465500010043,48.55055200011913],[-120.8422749999934,48.55008599978672],[-120.83863500041102,48.55083600017449],[-120.83710100040093,48.54915599978065],[-120.83385299955738,48.54803100019896],[-120.83078600026042,48.54770600016998],[-120.82636699962995,48.54652000023197],[-120.82394700023829,48.54503000025496],[-120.82649100037683,48.54199199970589],[-120.82433700022563,48.540208999835905],[-120.81704799994168,48.53773699987799],[-120.81636199967836,48.53522400026252],[-120.81039899989035,48.53058299970366],[-120.80931199976901,48.52862600009593],[-120.810197000224,48.52760399983932],[-120.81634400013499,48.52343199992362],[-120.81760000031075,48.52214800009538],[-120.8167869998258,48.51960400016505],[-120.81390700012658,48.51751200013318],[-120.8041170002601,48.512221999826046],[-120.80182699966649,48.510452999717494],[-120.79185699987497,48.50753700013371],[-120.78793199988723,48.50709999986467],[-120.77855399974939,48.50830900021322],[-120.77438899956215,48.50798700002316],[-120.76562700026582,48.50887299970408],[-120.75822199963092,48.511395000005656],[-120.75519700016675,48.51159199997579],[-120.75190800021363,48.51289899982797],[-120.75021299964678,48.51553900007632],[-120.74654899977493,48.51740399978425],[-120.74184299998758,48.51811000010208],[-120.73461499980301,48.51773199995542],[-120.73086600044068,48.51786299997459],[-120.72496700022678,48.51982800007205],[-120.71835300033553,48.52273299987924],[-120.71539900011815,48.523269999801784],[-120.70948200036094,48.52334000016774],[-120.70534300011293,48.526188000228366],[-120.70355600038287,48.52640099988637],[-120.70305199969437,48.52779500012429],[-120.70358999981971,48.53032500028655],[-120.70206900022842,48.531589000281684],[-120.70389299976843,48.533654999959694],[-120.70508299982194,48.53597799979122],[-120.70746499957876,48.53683500020194],[-120.70740699985244,48.53809000023167],[-120.70867600044699,48.54180199981548],[-120.70523900035586,48.546085999881996],[-120.7054589995656,48.54772799980598],[-120.70454300004677,48.549168999734825],[-120.70197700016692,48.5510740001449],[-120.70033000017892,48.555759000008415],[-120.70099200015285,48.55662300021437],[-120.70049599986028,48.559021000134116],[-120.69919399965379,48.55968799990412],[-120.69636900020616,48.559518000273734],[-120.69293499958978,48.56069499999527],[-120.68809999993101,48.56295199984892],[-120.68609700029087,48.56649600019224],[-120.68673099977735,48.57089099975291],[-120.68873199976768,48.572852000236615],[-120.68851500003272,48.57570499995643],[-120.69280099969548,48.57751300017979],[-120.69505799977884,48.579762000181205],[-120.69741199994658,48.581191000085376],[-120.70012099994157,48.583779999978425],[-120.70190500019692,48.586922000293804],[-120.7039899998528,48.589148999948925],[-120.70648499958753,48.590758999826456],[-120.71224300023442,48.59141900001257],[-120.71546600006532,48.59366400003077],[-120.7149920004124,48.59455599990778],[-120.71720099991687,48.59507200027431],[-120.71921199995292,48.596432000109566],[-120.72258499957161,48.59614299994765],[-120.72438200024577,48.58894799970793],[-120.72752200023596,48.585716999763335],[-120.72930899996604,48.58523000024501],[-120.73065999967804,48.582304000201596],[-120.73522599972327,48.58068599978091],[-120.74158100004675,48.57887800011951],[-120.74413000020817,48.57884299971285],[-120.74547900027032,48.579521999829645],[-120.75385800015033,48.58055600025107],[-120.76045799979786,48.58276100009144],[-120.76465999979507,48.58625600027727],[-120.76585800024449,48.58901099994932],[-120.76913899980168,48.589930999760334],[-120.77383200006855,48.59307999995214],[-120.77404100030593,48.59442599981103],[-120.77858399988664,48.59737000022772],[-120.77956100040312,48.59859800025235],[-120.78365899974493,48.601863999872634],[-120.7853119995807,48.60516400010126],[-120.78530900010597,48.608289999768054],[-120.7839590002189,48.611126000004255],[-120.7821149996891,48.61273299990411],[-120.78243699990436,48.61394000019962],[-120.78752199980839,48.62247200010255],[-120.78830699980595,48.625114999826266],[-120.78714600006477,48.62626200001623],[-120.78230200018517,48.62859700002272],[-120.78060199959542,48.63028700028734],[-120.77748099987177,48.63532199999026],[-120.77407700029094,48.63755900023892],[-120.77329700031625,48.64100000006281],[-120.77169200016105,48.642627000032356],[-120.76639800001966,48.64436399971732],[-120.75946500028618,48.644099999872466],[-120.75760800023589,48.64456099976239],[-120.75425599963528,48.647523999979924],[-120.75289300022773,48.649378000043804],[-120.75261100019543,48.652299999979085],[-120.75062400044881,48.653723999913815],[-120.75190400001567,48.657001999813694],[-120.90835700007783,48.65700300027915],[-120.90835799990276,48.64090100020922],[-121.6884559996436,48.6431169998631],[-121.72971699955716,48.64347999983944],[-121.73837800036777,48.643560999855346],[-121.92022099978999,48.644718999884184],[-121.94222300036101,48.6447699998216],[-121.96480300034203,48.64432400013541],[-121.9835439996507,48.644774999801044],[-121.99447099986725,48.64501399990252],[-122.09468500031318,48.645209000164414],[-122.12121200002328,48.645364999831116],[-122.14937300020088,48.64551900000279],[-122.1504030004208,48.645598000108755],[-122.16037700041026,48.64536399972827],[-122.16193999983437,48.64556999972471],[-122.21032099997748,48.64568900006245],[-122.21583600005181,48.64569000015885],[-122.21725100023623,48.645691999758064],[-122.258690000425,48.645695000047084],[-122.2625400000697,48.64553999971996],[-122.26931799999247,48.64526199981618],[-122.32699199988457,48.64538699971487],[-122.34047499993518,48.645200999909804],[-122.35203399998836,48.64510599983087],[-122.35637800027577,48.64507199970916],[-122.37639999987456,48.64518000005144],[-122.37844100004787,48.645191000034885],[-122.37920699977884,48.6451150002084],[-122.46521099990291,48.64533599980784],[-122.48879395362734,48.64540487335208],[-122.48687799983989,48.64312200000642],[-122.47741000018873,48.63736499974893],[-122.46425000017828,48.62571700000268],[-122.44870199966495,48.622624000179606],[-122.44424000027507,48.618225000178974],[-122.44478699972292,48.615126000249134],[-122.4425809996932,48.614633999713234],[-122.43819799994604,48.613083999945225],[-122.43390100041263,48.608575999809446],[-122.4323740000752,48.604540000258694],[-122.42527099956413,48.599522000052936],[-122.42917299998565,48.59401600005692],[-122.43305899961533,48.5816090001408],[-122.43759100022372,48.57708000027848],[-122.44295200031229,48.575827999811715],[-122.44390200016625,48.57331199982814],[-122.44572499988136,48.56974300021088],[-122.44886755468022,48.56922868200863],[-122.45060700029411,48.568943999954115],[-122.45195678907709,48.56847609324812],[-122.45238399997845,48.568328000295175],[-122.45350461954928,48.56667510190195],[-122.45385189835665,48.566162871762415],[-122.45412300002795,48.5657630001364],[-122.4605400002757,48.566234999859965],[-122.46260200036541,48.56724199979604],[-122.46534599962216,48.56586600012566],[-122.46572800011187,48.56335799978303],[-122.46600699977112,48.56025799991631],[-122.46885899988126,48.557268999920176],[-122.47456300010147,48.55679699976321],[-122.47843100018783,48.55930300016781],[-122.48240600040427,48.55965299988703],[-122.48842100007082,48.56466500022318],[-122.49143800003738,48.56780800026214],[-122.48644699984467,48.570166999871006],[-122.49191400023844,48.570796000057165],[-122.49473950453923,48.572542660133216],[-122.49519300014579,48.57282300014666],[-122.49583432449512,48.57562281761838],[-122.49590399962517,48.575927000130164],[-122.49595982363189,48.57593041169686],[-122.50416507586124,48.576431907119066],[-122.50459200020002,48.57645799998869],[-122.52286367918008,48.57566727462338],[-122.52372500004415,48.575629999781846],[-122.5347869999799,48.575960000193234],[-122.53997800018912,48.57633899982363],[-122.54251300010684,48.57913400003066],[-122.54743800017731,48.58078500009462],[-122.55112600033857,48.58166900008688],[-122.55180900022889,48.5832190001552],[-122.5510939996532,48.58510599998172],[-122.55267299986913,48.586971999751704],[-122.55457699977508,48.588399000137144],[-122.55661600029855,48.587623000145896],[-122.55697899962342,48.58533100018673],[-122.56028699984309,48.58316499996129],[-122.56084099986197,48.581646000175404],[-122.55740799996879,48.579674999865986],[-122.55641999958166,48.577151000209014],[-122.5591460001934,48.574415000234495],[-122.55537400036651,48.57488500000993],[-122.55199800037477,48.575843000034524],[-122.54743800017731,48.57507400019274],[-122.5366039998472,48.574368999743534],[-122.53163399957091,48.57207299997526],[-122.52799300016359,48.569796000065644],[-122.52239299970044,48.566979000001126],[-122.51221399967157,48.56572999995699],[-122.51051011027494,48.56552100783204],[-122.50442800016849,48.56477500008156],[-122.5000930001019,48.557635999831945],[-122.49863899955943,48.554735999711056],[-122.50046999967046,48.550661000146675],[-122.49789100027012,48.54584600025259],[-122.49781900030011,48.54276899989913],[-122.49553600027747,48.54009699987315],[-122.49153599994668,48.53775299995401],[-122.48811099955111,48.536184000106],[-122.48795499991549,48.53206799979392],[-122.48528799975333,48.52810600004668],[-122.48387199974398,48.521891000116824],[-122.48313554380609,48.520029344716626],[-122.4824719996282,48.51835200021052],[-122.48834900010078,48.513517000243226],[-122.48499599967528,48.50962000009855],[-122.48324759156979,48.50092957311192],[-122.48282800017867,48.498843999812806],[-122.48292343000793,48.49793450883328],[-122.48294830795142,48.49769741205693],[-122.48350100002322,48.4924299998848],[-122.48219999964165,48.48830599972404],[-122.47903999955997,48.48537699984259],[-122.47885100031237,48.48173600011566],[-122.47623194413524,48.48071370354596],[-122.47376300003532,48.47975000004614],[-122.47246847381199,48.478728592417696],[-122.47004700028495,48.47681800011154],[-122.46966999981808,48.47497500004441],[-122.46837400035767,48.473226999939165],[-122.47022399983696,48.46877500004899],[-122.47290699989263,48.46795399979432],[-122.47456200027656,48.46599099991502],[-122.47628802056852,48.466196851823504],[-122.47841899959396,48.46645100002988],[-122.49027599957294,48.462790000078954],[-122.48752499974518,48.45890100014677],[-122.48965499960693,48.45720299999657],[-122.49519099959765,48.458616999768495],[-122.49761500008559,48.45715599993578],[-122.49946899976283,48.458486999946274],[-122.50305200034214,48.45768800009775],[-122.50545500001537,48.45901099989999],[-122.50927899972078,48.45774400007269],[-122.5109769997624,48.458826999832105],[-122.5109280002569,48.4629500002717],[-122.51473699989371,48.465603999783504],[-122.51626699970582,48.464894000265026],[-122.51475299978723,48.46177400001166],[-122.51471946208441,48.46166826722854],[-122.51384899996398,48.458923999860374],[-122.51471357901761,48.45824569635097],[-122.51476799985583,48.458203000230554],[-122.51629099999526,48.45857100005278],[-122.518060000182,48.46018099985425],[-122.5209120002921,48.46072299995185],[-122.52205799996469,48.45792299988679],[-122.52496899962603,48.458310999839775],[-122.52767000012341,48.461397261929285],[-122.53015700036055,48.46423900018586],[-122.53327913555468,48.465593904186825],[-122.53399600013456,48.46590500000846],[-122.5366973267204,48.466273091117905],[-122.537158999691,48.46633599994533],[-122.54324200002789,48.475029000198724],[-122.54834500037357,48.485880999903465],[-122.5542549995598,48.49391100005578],[-122.55683399985845,48.498812000068725],[-122.55870199977939,48.49981700013094],[-122.56742999963883,48.499270000210245],[-122.57217399995935,48.49715100001695],[-122.57898799986712,48.49238500001525],[-122.57853599995549,48.4914249998326],[-122.57641199994153,48.49102699996771],[-122.57641100011662,48.48919499997943],[-122.57798500030968,48.487455999740064],[-122.57462600003636,48.484538000036615],[-122.57367600018237,48.477447999865774],[-122.57366414331894,48.477403794804346],[-122.57177399992626,48.47035699975182],[-122.57177399992626,48.46829299996485],[-122.57177399992626,48.466260000191845],[-122.57486399968775,48.463265000256875],[-122.58056799990798,48.46373799990814],[-122.58555999992558,48.466260000191845],[-122.58642984400508,48.46845909021577],[-122.58915690193389,48.47535348170217],[-122.58936199988968,48.47587200021731],[-122.59229175817079,48.481226165613876],[-122.59256800000212,48.48173100007011],[-122.5913341531796,48.48273001034042],[-122.59062399991322,48.48330499983315],[-122.59137999959846,48.48422000014924],[-122.59457116403397,48.485123953871295],[-122.59570100031964,48.48544399988295],[-122.60056899959037,48.492508000040374],[-122.60142599955795,48.49791700027224],[-122.60195899966041,48.50233700001586],[-122.60172199983394,48.50469899985155],[-122.60623799965049,48.506903000285696],[-122.60528699997157,48.509107999920694],[-122.60433600029266,48.51178500008584],[-122.59846899986584,48.5121689997588],[-122.59776400023424,48.51448900004815],[-122.59995099999738,48.520945999843406],[-122.60696099972375,48.522152000156524],[-122.61518300014325,48.521426999832755],[-122.61551544507032,48.5213237992954],[-122.63645510786783,48.51482353627336],[-122.65798786895861,48.50813915828855],[-122.67138599977444,48.503979999892366],[-122.67692199976518,48.504484000162876],[-122.67824653151564,48.506478624561176],[-122.67912199994714,48.50779699988273],[-122.68452099967051,48.50912300029008],[-122.6887369999114,48.506291999914076],[-122.68884099966849,48.504316999955336],[-122.6912790004001,48.50304200023109],[-122.69193399980303,48.500150999887595],[-122.69297273254584,48.50014844095102],[-122.69964599968624,48.500131999825015],[-122.70164400020184,48.497621999783384],[-122.70083800028789,48.49598300012636],[-122.70227900041156,48.49439300025207]]],[[[-122.53819300010886,48.362907000289304],[-122.53710299961448,48.36179399987064],[-122.53362100021585,48.36092599986581],[-122.53211399996992,48.36123500010383],[-122.52747799960447,48.359723999762736],[-122.52524800018361,48.360730999875145],[-122.52498714289982,48.361268483273804],[-122.52445399996523,48.36236699992845],[-122.5260149997395,48.36425799971581],[-122.53021500008686,48.36574500007011],[-122.53521799997512,48.36526799994594],[-122.53819300010886,48.362907000289304]]],[[[-122.55177700044183,48.52716000024933],[-122.55242000014917,48.52488999971669],[-122.55066299965799,48.52148799996275],[-122.54674299969312,48.51990099987022],[-122.54536900041491,48.52062300003323],[-122.54357299956568,48.523265999828965],[-122.54489300021385,48.52588899972498],[-122.54663700028621,48.52718500008578],[-122.54959399997833,48.52834499986749],[-122.55177700044183,48.52716000024933]]],[[[-122.55897399976594,48.53530399980469],[-122.55826599976128,48.534480999933244],[-122.55500100009762,48.53470400015732],[-122.55415500000072,48.53545099979371],[-122.55440299969784,48.53690399978997],[-122.55512816201599,48.5370091933035],[-122.55731900028034,48.5373270000709],[-122.55810000007995,48.537100999897945],[-122.55897399976594,48.53530399980469]]],[[[-122.57021800017486,48.53798800004198],[-122.57061099963694,48.53719199977046],[-122.57016700012122,48.535842000163534],[-122.5674170001184,48.535263000144354],[-122.56678899958135,48.536057999926406],[-122.56767999988409,48.537400000224416],[-122.5686280000883,48.53796400003747],[-122.57021800017486,48.53798800004198]]],[[[-122.57890500002647,48.395765000254855],[-122.57857119864327,48.39572202614691],[-122.57469499963334,48.395223000020785],[-122.56965400011023,48.39613999981829],[-122.56229000038157,48.3979250000728],[-122.5606030002106,48.39860599987317],[-122.55989000018307,48.40081500024544],[-122.56012799983444,48.402708999779],[-122.56416800034823,48.40192000002056],[-122.56749599976108,48.40192000002056],[-122.57153600027488,48.40034200016894],[-122.573155337542,48.40141636787189],[-122.57319999998131,48.401445999920625],[-122.57533900006389,48.400972999747474],[-122.57771599979785,48.39844800017637],[-122.57890500002647,48.395765000254855]]],[[[-122.58121200033852,48.41342499976171],[-122.5811629999347,48.412003000192264],[-122.5794840001597,48.411785000043515],[-122.5773100232732,48.41362260393231],[-122.5767759999896,48.41407400000795],[-122.57692699960235,48.414870999993475],[-122.57792900023318,48.415203000035916],[-122.58121200033852,48.41342499976171]]],[[[-122.61447699978841,48.61314699978571],[-122.61465500006365,48.61100400011948],[-122.61154500021067,48.60849500004937],[-122.60795199958564,48.60699899984258],[-122.60611499962684,48.60588499981504],[-122.6027599995515,48.605293000180815],[-122.60167608424482,48.60570998413505],[-122.60007999986883,48.60632399995826],[-122.5984799997365,48.60767400020846],[-122.5989030002341,48.61137599998632],[-122.60172199983394,48.614026999728],[-122.60683400040047,48.61367900012108],[-122.61077699993156,48.61573500027957],[-122.61322800018368,48.61433400017671],[-122.61447699978841,48.61314699978571]]],[[[-122.61518599961798,48.58018199998601],[-122.61424889957145,48.57963973970517],[-122.61336799992577,48.57912999971704],[-122.60932800031028,48.58085999975295],[-122.61004100033782,48.582432999828356],[-122.61103402500234,48.58254232992024],[-122.61289300044791,48.582747000293985],[-122.61518599961798,48.58018199998601]]],[[[-122.65361200003818,48.54897499970565],[-122.65434199978415,48.53795600003344],[-122.65204100021816,48.531329000076056],[-122.64925600005523,48.528768999708795],[-122.64041400039292,48.525860000075674],[-122.63573799984451,48.52602100015489],[-122.61985799996845,48.52924600026905],[-122.59994799962435,48.53690399978997],[-122.5901939997429,48.536258999894095],[-122.58936199988968,48.533823999709156],[-122.58356499978304,48.532339999923956],[-122.57589100043296,48.52930399983748],[-122.57296700035279,48.52902799994319],[-122.57276700033628,48.531015999743786],[-122.57402299961369,48.532949999731585],[-122.5772310002743,48.534167000123794],[-122.5743890002099,48.538544999775944],[-122.57749499986491,48.544671999744885],[-122.57885599962265,48.548130000228575],[-122.5839849999076,48.55153399982318],[-122.59290100008803,48.55363500022798],[-122.59714400009311,48.55436800004477],[-122.60193299972114,48.55802900016973],[-122.61084100040398,48.56114599970424],[-122.62049800020105,48.56780800026214],[-122.62932099959674,48.57220000001872],[-122.63566300039973,48.5786659998153],[-122.63713600031048,48.58431899975752],[-122.64259699995813,48.588338999861485],[-122.64559499965812,48.58889400028737],[-122.64940500001813,48.58845700025669],[-122.65238500017477,48.58343199992841],[-122.65092099958656,48.57645699970876],[-122.65190300012591,48.574568999997204],[-122.6516119998728,48.56921199996834],[-122.6464750000902,48.56484299971223],[-122.64521700026464,48.560887000286485],[-122.64688099997107,48.55758299971917],[-122.65078599986734,48.554019000160125],[-122.65361200003818,48.54897499970565]]],[[[-122.69926599974464,48.62111500007702],[-122.69833278491176,48.61731433329309],[-122.69821999963119,48.61685500022236],[-122.69465500039188,48.61748400023267],[-122.69220300031483,48.61689300005925],[-122.69182922839312,48.616669612013325],[-122.68613599987147,48.61326700014109],[-122.68452268760495,48.612712186085794],[-122.67679600026679,48.61005500023569],[-122.67570389681633,48.609853237379106],[-122.6673429171409,48.608308572582956],[-122.66614900043277,48.60808799999224],[-122.65701599961903,48.60989100015444],[-122.65791500031773,48.6123400000692],[-122.66239900034721,48.61434099985757],[-122.66245299987555,48.617399999725485],[-122.66291200035818,48.620378999820176],[-122.666356000122,48.6219589998774],[-122.67151700019403,48.62482699981821],[-122.67289999969306,48.62920700004839],[-122.67417299958723,48.629944000226],[-122.67946099988085,48.62914400006307],[-122.68257913487702,48.62838183590921],[-122.6853850002091,48.627695999926466],[-122.691721000266,48.62490200001568],[-122.69805999979762,48.62308000003949],[-122.69926599974464,48.62111500007702]]],[[[-122.71280499987178,48.46729500026924],[-122.71249600007529,48.46473099992589],[-122.71007099976245,48.46162100026186],[-122.70725200016258,48.46121700016984],[-122.70590700029838,48.46093500000483],[-122.70568999966508,48.459175999976445],[-122.6996339999907,48.4577699998486],[-122.69584299989722,48.45979799972159],[-122.69487399977669,48.46243600019817],[-122.69489200021835,48.46468400028269],[-122.69726899995229,48.466101999869906],[-122.69845700035597,48.468308999939794],[-122.69964599968624,48.46972700009252],[-122.706062999934,48.46862400001956],[-122.70843999966796,48.46783600000312],[-122.71186099986558,48.468147999924845],[-122.71280499987178,48.46729500026924]]],[[[-122.71374300003019,48.47836800021708],[-122.71321999997348,48.47622099988551],[-122.71034100009918,48.47571499993514],[-122.7041620004011,48.473824000258745],[-122.6951299998697,48.4739809998416],[-122.69094100029132,48.47277600002498],[-122.68799499957156,48.475024999990744],[-122.690138999677,48.476029999896966],[-122.68799899976952,48.47823600008889],[-122.68799899976952,48.4809140001778],[-122.68990100002564,48.48233199999088],[-122.687285999742,48.484380000060945],[-122.68609800023663,48.48690100008266],[-122.68681100026414,48.487846000065595],[-122.68966300037428,48.48753100024169],[-122.6953680004194,48.48469499980759],[-122.70083400008994,48.4837500000574],[-122.705337000386,48.48416999973837],[-122.70915299969549,48.48406500014421],[-122.7100130000361,48.48206499988663],[-122.71171899957534,48.47928499990929],[-122.71374300003019,48.47836800021708]]],[[[-122.7404820003507,48.584985999858965],[-122.73783399955677,48.58160600020107],[-122.73761099997401,48.57825000027873],[-122.73954199964413,48.5761339997914],[-122.7394400004352,48.573892999725764],[-122.73838897065446,48.57230786269672],[-122.73619900016264,48.56900499990472],[-122.73047999987384,48.565601999813836],[-122.72792999988752,48.56466199987241],[-122.72626600018106,48.56560600000898],[-122.72270100004343,48.56450499989399],[-122.71889800025441,48.561831000134674],[-122.7212749999884,48.55899900005694],[-122.72351000033044,48.55295500016007],[-122.72403099983902,48.54990600027541],[-122.72173000027304,48.54742300005309],[-122.72240700031556,48.5406059997259],[-122.7172780000306,48.53973900015696],[-122.71652454078101,48.53981733552414],[-122.706062999934,48.540905000167214],[-122.69869500000733,48.54342300018784],[-122.69538232046334,48.54348568545961],[-122.69319900019958,48.5435270002098],[-122.68943999989318,48.54390299987869],[-122.68585999968695,48.54310800018431],[-122.68407982355974,48.5442080642604],[-122.68401379558973,48.54424886636536],[-122.68229500044761,48.545311000067464],[-122.6813439998704,48.54830099971536],[-122.6817627441502,48.550623721143275],[-122.6820479996771,48.5522059998302],[-122.68957999963527,48.553781999905254],[-122.69237999986684,48.55234099992837],[-122.6951869997711,48.552177999958516],[-122.69666899990266,48.5531129998646],[-122.69607399987594,48.55434400007699],[-122.68700299988477,48.55801199991269],[-122.68311047129959,48.56051143893561],[-122.67741899988265,48.564166000266276],[-122.67660399974785,48.56629799987902],[-122.67493300036872,48.56642900029011],[-122.67294900009685,48.56396499995056],[-122.67064799963255,48.56446200026171],[-122.67044099994332,48.56563599997632],[-122.66894443273112,48.56617614496178],[-122.66822999989071,48.56643399970914],[-122.66920599968397,48.569356999907384],[-122.67163699984462,48.569183999997804],[-122.67789799955845,48.5766999999847],[-122.68701200010561,48.579873999717584],[-122.69655599992475,48.58809300012554],[-122.69489200021835,48.58950800008994],[-122.69140499989851,48.59026100009963],[-122.69236228868269,48.59119678683266],[-122.69465500039188,48.59343800014582],[-122.6934660001633,48.59563899981923],[-122.69805010665141,48.600034111437154],[-122.69821999963119,48.600196999955756],[-122.70154700011746,48.601297000096494],[-122.7029730001725,48.602711999785726],[-122.70439900022757,48.604441000146245],[-122.70939100024519,48.607111999871734],[-122.71105400012671,48.60931300012673],[-122.71451200013422,48.60877999988348],[-122.7181450000439,48.607339000028254],[-122.71970499999328,48.6049500001405],[-122.72492999963937,48.603263000164056],[-122.72543400032787,48.60204399982838],[-122.72467600009449,48.596982000204626],[-122.72964399982264,48.59569799984536],[-122.73064499973027,48.592893999816056],[-122.72932400015551,48.58971499999182],[-122.73357700020632,48.586761000193945],[-122.7404820003507,48.584985999858965]]]]}},
    {"type":"Feature","id":"53059","properties":{"STATE":"53","COUNTY":"059","GEOID":"53059","NAME":"Skamania County"},"geometry":{"type":"Polygon","coordinates":[[[-122.25013599974451,45.765818999781004],[-122.25021000026268,45.750873000249676],[-122.2494600004252,45.74410400011743],[-122.24974699958207,45.73032700010054],[-122.24925200001275,45.722151999992775],[-122.2492269998984,45.715704999820545],[-122.24924000031719,45.67291500023531],[-122.2498699996057,45.6647589998229],[-122.24985200006236,45.664109999923866],[-122.24923699994413,45.63567399983496],[-122.24900000011768,45.613941000055654],[-122.24898300039922,45.58844400001493],[-122.24897099980535,45.58151500019479],[-122.24896900015554,45.57773199982317],[-122.24921699985266,45.54865299985562],[-122.2489119472535,45.54777309980597],[-122.20170000024814,45.56414099974901],[-122.19752754584063,45.56728221683361],[-122.18369499963485,45.57769599971873],[-122.16682999884641,45.58037115173568],[-122.14074999992339,45.5845079999313],[-122.12954800024556,45.582945000089644],[-122.12948999962096,45.58296699988093],[-122.1261970003682,45.58257299974167],[-122.1261970003682,45.582617000235885],[-122.11235600011729,45.581409000151595],[-122.10167499994806,45.58351599976783],[-122.10017601447112,45.58419615599245],[-122.04437400032485,45.609516000207186],[-122.02257099994547,45.6151509999974],[-122.00368999999638,45.61592999973098],[-121.98303800021075,45.622812000013745],[-121.9797969999382,45.624839000147716],[-121.9635470001663,45.632784000307396],[-121.96125801736387,45.63594076239767],[-121.9557340000007,45.643559000241396],[-121.9518380003253,45.64495099983635],[-121.93514900016223,45.64416900009034],[-121.92202885211273,45.64916189887526],[-121.90826699972659,45.65439900017901],[-121.9044480144171,45.65832159127222],[-121.90085799979205,45.66200899984127],[-121.90089739271389,45.662353020831986],[-121.90185500040002,45.6707159999941],[-121.87790856675213,45.68629070858925],[-121.87569540086136,45.68773014633342],[-121.8671670003698,45.69327700021663],[-121.85820524450038,45.6954401549727],[-121.83811275949114,45.70029000259776],[-121.81130399959892,45.70676100013052],[-121.73510399958496,45.694039000212385],[-121.71171158841382,45.69468818012187],[-121.70735800040738,45.69480899992145],[-121.67595871197106,45.70308074275487],[-121.66836200007478,45.70508199976051],[-121.6381190113941,45.70473643530034],[-121.63116699971593,45.704656999694976],[-121.60932038792615,45.709532447396754],[-121.56272713580975,45.71993053371824],[-121.53425243315513,45.72628515402145],[-121.53310599959629,45.726540999809814],[-121.5319830210495,45.726345626699704],[-121.52368585320029,45.724902102070686],[-121.52150999973318,45.731943999882034],[-121.52276199971098,45.735488999862476],[-121.52303299987263,45.739091999839765],[-121.52411900016905,45.74085300020428],[-121.52501100029671,45.744034000190965],[-121.5228260001834,45.747204999687554],[-121.52150700025844,45.747643999973725],[-121.52523300005456,45.749736000214305],[-121.52644800022243,45.75081400021838],[-121.52901599975209,45.75469999987221],[-121.53127600020849,45.755706999863875],[-121.53284700002851,45.75910200000955],[-121.5344560003817,45.76033200004016],[-121.53678000041218,45.760635000061335],[-121.5367610001456,45.76337600031204],[-121.53838800004212,45.76595100015185],[-121.53808300044359,45.77092900003507],[-121.53600399973716,45.77250100010488],[-121.53247299993468,45.7730980002627],[-121.53072100036472,45.774140000206735],[-121.52937599960222,45.77682300025651],[-121.5283549996031,45.77737799994947],[-121.51970499956144,45.77789100020883],[-121.51705300036619,45.77883500002604],[-121.51561600044049,45.78004799974478],[-121.51438000035621,45.78211399996961],[-121.51739099957666,45.78198899988368],[-121.6092460002341,45.782519000227495],[-121.60845299984062,45.842611000218085],[-121.60849700022158,45.8581339998891],[-121.60861799969706,45.87035699991413],[-121.61250199967694,45.87041500027601],[-121.61255799975342,45.89886500017418],[-121.6122320002385,46.044093000193456],[-121.52232099967,46.044005999715715],[-121.52232400004303,46.388224000161244],[-121.52232400004303,46.38862700010264],[-121.73131300038985,46.38862700010264],[-121.9714180000582,46.38862600002807],[-121.98989800014928,46.38862600002807],[-121.98990399999707,46.387982000238054],[-122.03213999987899,46.38780999997836],[-122.11446800043568,46.38831500010827],[-122.11429099998534,46.38647999975981],[-122.24099000030861,46.38586399985177],[-122.24096600001917,46.38536100024278],[-122.23948100041287,46.3854189999524],[-122.2404120000003,46.356238000106984],[-122.2403840004112,46.35588900027229],[-122.24119399962478,46.31280599991238],[-122.24116500021078,46.31238999970936],[-122.24200799993466,46.21161999982394],[-122.24546299956913,46.21132800018408],[-122.24667699991208,46.200574999851426],[-122.24621400012981,46.14279600014824],[-122.24603599985456,46.12815400014068],[-122.24580499987589,46.06324699975765],[-122.24585599992952,46.05385300020429],[-122.24555299998082,46.03257900018912],[-122.24615499968026,45.953904999857315],[-122.24518399990987,45.93853100009524],[-122.24451500026326,45.86656099985787],[-122.2497979996357,45.86663300029734],[-122.24913599966182,45.83636099970058],[-122.25011700037625,45.82275600015946],[-122.24984100019171,45.818941000081196],[-122.24960099999221,45.81559499971385],[-122.249502000258,45.80847599973781],[-122.24978199974218,45.80508999971073],[-122.24966299991648,45.79421799981456],[-122.25013599974451,45.765818999781004]]]}},
    {"type":"Feature","id":"53061","properties":{"STATE":"53","COUNTY":"061","GEOID":"53061","NAME":"Snohomish County"},"geometry":{"type":"MultiPolygon","coordinates":[[[[-122.40547365514318,48.25197809059538],[-122.40254900019119,48.24736900005134],[-122.4008329997079,48.24632900015687],[-122.4008329997079,48.24466700014446],[-122.39915300010794,48.242100999840304],[-122.39553600009175,48.23986900020998],[-122.3936780002166,48.238757999792355],[-122.39297699988462,48.23743000021838],[-122.39467770475358,48.229867488204],[-122.39416699993812,48.23009199989499],[-122.39321799990906,48.2301710000003],[-122.39232900015442,48.23060599985763],[-122.39066899974763,48.22989499996458],[-122.38995800026824,48.22874999975134],[-122.38811999958624,48.22712999976347],[-122.38789600017856,48.226267000155566],[-122.38740800028192,48.226024999879094],[-122.38657800007852,48.22614300012715],[-122.38391099991635,48.227485999798105],[-122.38225100040786,48.226300999840596],[-122.37626299960722,48.22416799995922],[-122.37122399973393,48.21970500021358],[-122.36831899992038,48.21460900013365],[-122.36897099984853,48.21065899971506],[-122.37163899983564,48.205246000048135],[-122.36974199960237,48.20093900001283],[-122.36778499999302,48.19710599976636],[-122.36908999967422,48.19493299999268],[-122.37021600015365,48.192995999948465],[-122.37024867277881,48.19185799658558],[-122.37027499970486,48.19094100007242],[-122.36719300033928,48.18920199995984],[-122.36375399970004,48.184458999994035],[-122.36342696442759,48.18429548189312],[-122.36161999964031,48.183392000138554],[-122.35747000041998,48.1822850002799],[-122.35883299982756,48.179359999803445],[-122.36347900023873,48.174437999899105],[-122.37025299996354,48.164808999869216],[-122.37017202672214,48.16454666688824],[-122.36735399999777,48.155417000174836],[-122.36474399973699,48.15130400003874],[-122.36499399998223,48.14585300025635],[-122.36379700025604,48.142758999924446],[-122.36400499977019,48.14000500018292],[-122.36528230978111,48.13878094134896],[-122.36762699980925,48.13653399989542],[-122.36782900037394,48.134930000085454],[-122.36355100020876,48.133342999744876],[-122.36212500015371,48.12985299998508],[-122.36507799964782,48.125822000259596],[-122.36384199956358,48.12393000019269],[-122.36347813426279,48.12330713148462],[-122.36164899995265,48.120175999707804],[-122.3588360002006,48.11753999977468],[-122.35163399995528,48.114429999733616],[-122.34772800023411,48.11069199983979],[-122.34736199963793,48.10671700002731],[-122.34482800044343,48.104955000161844],[-122.34397300012567,48.10297099984541],[-122.34469000035115,48.100880999859335],[-122.34324099983156,48.0976309997005],[-122.33399599976316,48.095440999864984],[-122.32611900002348,48.09287699975029],[-122.32170899961382,48.08550700007465],[-122.32141900008392,48.080991000123745],[-122.31779999592635,48.079231319784085],[-122.30583799995861,48.07341499997423],[-122.30490514085855,48.073013274749385],[-122.30100099975168,48.07133199990494],[-122.29834299981032,48.068458000019426],[-122.29834500035848,48.06532000000772],[-122.2934319999836,48.061899999989656],[-122.29272599962876,48.064151000102065],[-122.29151999968173,48.06503999989601],[-122.28956600044536,48.0649840002912],[-122.28649000002927,48.06437300024779],[-122.28554372189552,48.064436363676855],[-122.28399600011946,48.064540000110405],[-122.2824579999114,48.06359500017037],[-122.28000500000945,48.06306700020402],[-122.27834299995284,48.0614279999801],[-122.27692899959337,48.0585109999821],[-122.27547400012432,48.05751100020636],[-122.273493389196,48.05668301515922],[-122.27347899998178,48.056677000056006],[-122.27369092872696,48.05645451099181],[-122.27406099958974,48.05606599988219],[-122.27435199984286,48.05487099987002],[-122.27397799974905,48.05389800002986],[-122.27214900018618,48.05370400000105],[-122.27216574298646,48.053485334472605],[-122.27218350806949,48.053253317178175],[-122.27223200002686,48.05261999988926],[-122.27306300005516,48.05206500012015],[-122.2737700002349,48.050813999720695],[-122.27493400034915,48.050424999877656],[-122.27717899983863,48.05106400022528],[-122.27784400018557,48.05181399986149],[-122.27816296319688,48.05180708225892],[-122.2803799999282,48.05175900009119],[-122.28254099975209,48.051953000242015],[-122.2872800000497,48.05389800002986],[-122.28856899983742,48.054982000258285],[-122.28860093314913,48.05499849099671],[-122.2894829997064,48.05545399992399],[-122.29097999990657,48.05478800011037],[-122.29093800007375,48.053536999811755],[-122.28985699980018,48.05242599984934],[-122.28624099960894,48.05137000018062],[-122.28083699986267,48.05017499987396],[-122.27439399967565,48.04822999998717],[-122.27057280540889,48.04628050478829],[-122.26564590540161,48.043766901055925],[-122.2610830000525,48.0414389998795],[-122.25135325558203,48.03645734876121],[-122.24691899976142,48.03418699996469],[-122.2382369999327,48.03058499980101],[-122.2317610001337,48.02987599987524],[-122.2298762026153,48.03033232874065],[-122.22742000021937,48.03092700002626],[-122.22680631972626,48.02985653823143],[-122.22468600011003,48.02615799984863],[-122.22319164993993,48.02461701690885],[-122.21898199988978,48.0202759997267],[-122.22349799970634,48.02035599976543],[-122.22585900044508,48.01834499976559],[-122.2259363588658,48.018188659281314],[-122.22876699973335,48.01246799978078],[-122.23110400018268,48.0087490000876],[-122.23086599963298,48.00533100023081],[-122.22920199992657,47.99936700008505],[-122.2296684312732,47.988690045179936],[-122.22967800012763,47.988471000295434],[-122.23015799962835,47.984861000294806],[-122.23193670431507,47.98319999978341],[-122.23367900028337,47.9815730001374],[-122.23080899973158,47.98010799972753],[-122.22826499959305,47.97509699998414],[-122.2297960001284,47.973436999960335],[-122.23004600037366,47.97091699982745],[-122.23069163483972,47.97043846157943],[-122.23663000012766,47.96603700024651],[-122.240165054027,47.96417193575045],[-122.24874599967444,47.9596447010856],[-122.24900699979038,47.95950700014031],[-122.25974867666545,47.95840102155729],[-122.27804699967687,47.95651699997442],[-122.28917999975768,47.952554999810026],[-122.2911109985295,47.952051951744096],[-122.29683800011259,47.95056000025674],[-122.30460917651517,47.949461683869224],[-122.30704800010359,47.94911700015406],[-122.30869400026668,47.946344999893796],[-122.31114799999352,47.93671699975842],[-122.30974700005284,47.929116999825276],[-122.31074700013552,47.925116999892225],[-122.31218431357328,47.9237047513329],[-122.31843100042968,47.91756699981799],[-122.31922768032257,47.91655868733655],[-122.32194700016352,47.91311700024661],[-122.32219080652489,47.911526606202386],[-122.32255100041108,47.909177000279115],[-122.32747884005617,47.899921373777175],[-122.32854599998613,47.89791700012033],[-122.32776699983638,47.89402199971422],[-122.32805965748122,47.893324000253976],[-122.33354300002662,47.88024599977928],[-122.33290074681929,47.87931456341812],[-122.33014500029357,47.87531799979663],[-122.32954500024394,47.869418000043645],[-122.33055399964914,47.86672199972248],[-122.3330900002901,47.86476600002195],[-122.33504500024965,47.86131799980776],[-122.33495764357987,47.85993218080058],[-122.33490770623322,47.859139983104164],[-122.33472899988216,47.856304999816366],[-122.3359499998978,47.85230599969927],[-122.33979812745343,47.8469220900448],[-122.33994400038085,47.84671800009582],[-122.34132198009407,47.845820225443525],[-122.34654400002839,47.84241799992443],[-122.35324400013336,47.84061799989366],[-122.36035881708369,47.83401028284409],[-122.37400899989689,47.821332999854576],[-122.37765773829037,47.817705259411575],[-122.38148099958062,47.81390399996646],[-122.38349221431406,47.81272617455065],[-122.39204399974908,47.807718000058415],[-122.39563700037412,47.806808000271396],[-122.39494400043807,47.80331799984252],[-122.39493944328463,47.80330422954037],[-122.39133599974441,47.79241499984322],[-122.39214300038158,47.78541899997908],[-122.39680700033614,47.78237800025856],[-122.3970430003377,47.77971899999208],[-122.39520333328082,47.77792176596963],[-122.39317199987829,47.777928999785786],[-122.38287900004659,47.777871999725896],[-122.37752200015602,47.77785000003556],[-122.37733399983503,47.777848000063216],[-122.37208400007457,47.777800999786294],[-122.3616170001656,47.77777700009084],[-122.36132599991244,47.77776399994938],[-122.35594999975528,47.7777659999249],[-122.35149000001525,47.777781000040875],[-122.34628600028553,47.7777940001781],[-122.33532300008399,47.77776999987578],[-122.32993900042923,47.777620000300836],[-122.32722899971104,47.7776570002402],[-122.32684499957148,47.777679000012185],[-122.31765200027992,47.77761799971601],[-122.3083589996326,47.77753300014382],[-122.3030079995898,47.777472999971565],[-122.3029790001758,47.777472999971565],[-122.2975939997978,47.77741999999321],[-122.29008699995396,47.777349000040026],[-122.28686300029817,47.777321999845334],[-122.27103299975253,47.777094999889876],[-122.26704699966541,47.77708699988401],[-122.26068300001941,47.7770829998806],[-122.25316600012984,47.77705899985377],[-122.24993900010101,47.77704299982973],[-122.24939299957975,47.77704000012651],[-122.24377600029648,47.77696100023287],[-122.24162399979511,47.776949999894285],[-122.238370999827,47.776900000301616],[-122.23303900005077,47.776815999863544],[-122.22760699981711,47.77674500029296],[-122.2231999997805,47.776686000125416],[-122.2169349998687,47.77660199994531],[-122.20703399967417,47.7764899998965],[-122.19628200025817,47.77642400025066],[-122.19148900043218,47.77641600014155],[-122.19120999987462,47.77640800003122],[-122.18678199992164,47.77639399983515],[-122.17003300038245,47.77626000018261],[-122.16944300037855,47.77625899986406],[-122.16674600007912,47.77624900029942],[-122.1544439998612,47.7761999997487],[-122.15415699980602,47.77619600028074],[-122.15384200016176,47.77619600028074],[-122.13183399974294,47.77604599978709],[-122.11294500029625,47.77594899978884],[-122.1094350004102,47.77591700026006],[-122.10222599959388,47.77588500010789],[-122.09951400012416,47.77587200009705],[-122.08701600008764,47.776126999902175],[-122.08089699976573,47.77605399995313],[-122.07467700005978,47.775978000137144],[-122.07464699992256,47.77597600009279],[-122.05506700018967,47.77568299971151],[-122.05470599961632,47.77567799987407],[-122.04958300007745,47.77573200014574],[-122.03393500000496,47.775679999929835],[-122.02871700003156,47.77562999971966],[-122.00774200020574,47.77543999993127],[-122.00036500005825,47.77539200016088],[-122.00034599979169,47.77539000009398],[-121.99177500029104,47.77534900021568],[-121.96779099999627,47.77618299974397],[-121.96040600035118,47.776281000227584],[-121.923045000311,47.7769929997228],[-121.86455299991108,47.77730100022081],[-121.86193900035066,47.77730500020745],[-121.85140899979416,47.7768520000679],[-121.84069199963993,47.77736600026721],[-121.82046500000175,47.777094999889876],[-121.81915100009967,47.776996999733136],[-121.7554580003431,47.77710499989547],[-121.74445900015654,47.77775999999804],[-121.73254000025328,47.77770400004364],[-121.71317300005737,47.77711800020176],[-121.66680600032338,47.77721099983671],[-121.64571500014661,47.777098999892374],[-121.58454100041416,47.77705400014864],[-121.58446000022332,47.7770549998482],[-121.5404910001397,47.777848000063216],[-121.49986399971263,47.77782799973223],[-121.48456600034282,47.777996999902584],[-121.45554499982461,47.77842599972546],[-121.45553499977886,47.78057600004182],[-121.19567200010236,47.77914399979853],[-121.19562600007163,47.78010199972605],[-121.11917900018547,47.77993299975783],[-121.12069700030203,47.782603999889226],[-121.12031200033755,47.78427800008031],[-121.11642499998464,47.786843999797334],[-121.11170999997648,47.78775800023236],[-121.10940199983949,47.78972199978703],[-121.10935400015894,47.7927690001656],[-121.10516200020747,47.79569500012237],[-121.0998849997845,47.79712999978562],[-121.09758800041651,47.798467000134586],[-121.0946469997196,47.79939100006066],[-121.09257100028454,47.8007250000075],[-121.09238100031372,47.80512899989341],[-121.08921899968392,47.805908000122606],[-121.08469899966943,47.80770700019533],[-121.08417999981063,47.809804000053404],[-121.08275200010576,47.81180300001234],[-121.08173899960427,47.81601199986378],[-121.07895799963927,47.81836799970909],[-121.07450899976988,47.822835999980086],[-121.07336300009732,47.824969999928285],[-121.07068500006446,47.82661599973344],[-121.0708709998373,47.83018300028607],[-121.0731649997306,47.830458000166225],[-121.07667999963951,47.831640999738745],[-121.07803200007471,47.83355700027309],[-121.08022200021092,47.83412300014926],[-121.08573999975998,47.83275100016933],[-121.09580800035911,47.83269200026256],[-121.09807200011517,47.83126699989299],[-121.10090900015666,47.83090800022596],[-121.10693200021913,47.82897400005395],[-121.11188599970357,47.8294600002657],[-121.11880599991657,47.830997999890286],[-121.12123799990212,47.83271500009113],[-121.12127600043526,47.836625999814906],[-121.12371699974332,47.83839699979705],[-121.13047899977256,47.83888499983129],[-121.13341200007353,47.83974599970712],[-121.13434299966094,47.843044000111576],[-121.13691899958653,47.84340199999378],[-121.1392450001652,47.842934000244384],[-121.14690400034496,47.84345899992216],[-121.14981900020426,47.844002000066126],[-121.15351200038845,47.84531199977005],[-121.15389900000274,47.84670700005465],[-121.15323000035613,47.85104600004589],[-121.1520600003941,47.85297200001409],[-121.14848299966258,47.855960000254285],[-121.14722900003498,47.85753300017482],[-121.14754000037962,47.85899300003678],[-121.14991999958829,47.861820000062494],[-121.15205600019615,47.8667590000897],[-121.15232200033492,47.868954999937266],[-121.15701499970349,47.87422299970881],[-121.15826400020653,47.87664400023921],[-121.15728500004022,47.88228099975785],[-121.15881999987523,47.88191000019375],[-121.1629449998795,47.87941999994904],[-121.16679600024742,47.879585999993424],[-121.16795199996574,47.88187199970678],[-121.16954500042537,47.88315299988233],[-121.17157300017988,47.883541000005366],[-121.17535500005249,47.885878000092326],[-121.17618500025588,47.88879100015387],[-121.17630400008156,47.891984999806],[-121.1769610000326,47.89397499974744],[-121.17665999973374,47.895355000296604],[-121.17863800015783,47.89610399984619],[-121.18077600041552,47.898769000062096],[-121.17892799968773,47.90111599981455],[-121.17723200019425,47.90421200004871],[-121.17734699982198,47.90545799997649],[-121.17326200000065,47.908779000185056],[-121.17136899996538,47.91217699990108],[-121.17136099956946,47.91329600000655],[-121.17368200012524,47.91534999978893],[-121.17875500033368,47.91699899976598],[-121.17951299966875,47.91878099971691],[-121.17898999961201,47.919543000056535],[-121.17359199971354,47.923253999782645],[-121.17048699988345,47.92440299973553],[-121.17274300014188,47.92967000027832],[-121.17278599979959,47.93369600004491],[-121.17113799998671,47.93642399994698],[-121.16641399975768,47.938163000035395],[-121.16330700027777,47.94293600029577],[-121.16217999997345,47.94407899989765],[-121.16186799980393,47.94829399973265],[-121.16272800014454,47.950694000142704],[-121.16496799961115,47.95450499999148],[-121.16508899998495,47.95621000004637],[-121.16236400009649,47.958397000029734],[-121.1582700000543,47.95950499994693],[-121.15750699979809,47.96086600023565],[-121.15575900042606,47.96188300011718],[-121.15323399965577,47.96417600013702],[-121.15261299968975,47.967265000238214],[-121.14844599985268,47.970694999865934],[-121.1487570001973,47.978249999820754],[-121.14714100017143,47.981476999913625],[-121.14072899994657,47.98350899971809],[-121.14002599996478,47.98341599989147],[-121.1359379997704,47.98283399992549],[-121.13454500022564,47.98538000020993],[-121.13057199965898,47.98679599994716],[-121.12814600041955,47.989992000285035],[-121.12480800006261,47.99371999979839],[-121.12129499980352,47.99628100001263],[-121.11818300030072,47.99710299975423],[-121.11799499997976,48.00153500005989],[-121.11897499997099,48.003139999995774],[-121.11793399988038,48.006283000176055],[-121.12302200015743,48.008685000202284],[-121.12518299998133,48.01029900015688],[-121.12594299986455,48.012369000011994],[-121.12850899974438,48.01384000018302],[-121.129220999947,48.01982600020006],[-121.13109899991368,48.02162299998858],[-121.1339440003511,48.02183700011065],[-121.13601200028857,48.023959999988925],[-121.13911799994358,48.02528300013978],[-121.14738999969347,48.02946600019152],[-121.14858099957188,48.030571000298515],[-121.14896800008448,48.03415600005281],[-121.15062199974518,48.03671100010353],[-121.15325999959506,48.03969300015399],[-121.15322500033326,48.040739999988396],[-121.15027500031384,48.042016000051916],[-121.14420799987047,48.04232500029632],[-121.13727099993905,48.04431700008736],[-121.13308499983538,48.04417700015858],[-121.13051899995556,48.045179999868324],[-121.12820599979568,48.04812800019027],[-121.12196799964806,48.05096900002038],[-121.12042899961511,48.05229300014872],[-121.1175129999309,48.05696799983521],[-121.11597600044608,48.05796300029859],[-121.10984500042858,48.0566799998021],[-121.10519700036758,48.057768999974655],[-121.10176600012423,48.061762000261574],[-121.10159600024492,48.06267100027718],[-121.09702900037475,48.06440100009004],[-121.09014400032186,48.064941999797234],[-121.08461900020177,48.061932000230506],[-121.08304500000872,48.06155699981721],[-121.07542000016412,48.065277999787895],[-121.07208500018025,48.06768200006006],[-121.06459300040501,48.07014700002494],[-121.05760200004693,48.07044300013995],[-121.05410999970422,48.07000499996979],[-121.04863200033812,48.07021900025828],[-121.04246000031274,48.072871999890964],[-121.04124699979471,48.07269800002161],[-121.03772500021311,48.07505500020227],[-121.03621700014226,48.076837999901045],[-121.03410900002184,48.077614999750224],[-121.03011999956166,48.078144999716734],[-121.02515699985638,48.07816799977851],[-121.01594199992518,48.07479500010991],[-121.01116099979478,48.07917699988424],[-121.0067000002298,48.08017600021637],[-121.00466699955415,48.08142599970102],[-121.00247300011827,48.084729999999375],[-120.99882199976693,48.08825899993884],[-120.99936200044039,48.089717999832494],[-120.99552899961583,48.08917199994224],[-120.99300399974385,48.089933000009644],[-120.98733300003394,48.09386299971078],[-120.98475700010833,48.09326599981863],[-120.98131099979639,48.09437900011438],[-120.98044999963085,48.095188999743065],[-120.98039799975233,48.098101999931735],[-120.97778599984171,48.10113200022725],[-120.9722080000182,48.1040480002127],[-120.97139600025646,48.106158000084626],[-120.97248099982967,48.108533999817496],[-120.97123700024778,48.10918499972376],[-120.96885100029301,48.108830999708516],[-120.96374100027464,48.10972099999565],[-120.96012599990827,48.10843300005316],[-120.95616099973753,48.10807200024103],[-120.95473200020777,48.10868400013452],[-120.9529479999524,48.11128400024553],[-120.94875600000097,48.11209299999787],[-120.94709999979213,48.11332699983351],[-120.94631099959665,48.1151800002563],[-120.94905899994967,48.11567800018347],[-120.95262800028527,48.117223000275224],[-120.95344199969684,48.119011999737786],[-120.9553909998086,48.12026399975224],[-120.95673300019807,48.122640999972],[-120.95572300006963,48.12520700005378],[-120.9582849997515,48.1292019999105],[-120.96312899963112,48.131410000214835],[-120.96521599983517,48.13396200029934],[-120.9638440002068,48.135628999741435],[-120.96438300015706,48.13807099973795],[-120.9656190002413,48.14033299993391],[-120.9644169995939,48.142982999777246],[-120.96032900029786,48.1455180001033],[-120.95595300022342,48.147698999780225],[-120.9555659997108,48.15198099996498],[-120.95397300014947,48.15308700002999],[-120.9513839998051,48.15364599998385],[-120.94842100026523,48.155032000278354],[-120.943526000332,48.15546499985976],[-120.9382749998483,48.15506799971712],[-120.93664100027908,48.156017000200286],[-120.93321599988354,48.15677100002343],[-120.93425299977618,48.15950300013219],[-120.93194399981427,48.161620000062356],[-120.92703700018549,48.16113899997108],[-120.92339199968191,48.160406999954105],[-120.92144400029333,48.16076900001227],[-120.91748400014548,48.15966400025817],[-120.91524299995565,48.159682999964275],[-120.91275599971853,48.161739000191275],[-120.90742499976719,48.163184000100756],[-120.90739899982795,48.16562500020174],[-120.90982099976776,48.170148999976256],[-120.9105430000161,48.17359099980186],[-120.91536699980422,48.17845799985896],[-120.91736199994675,48.1797549999995],[-120.91951799974775,48.185563000202166],[-120.92058800015067,48.187311000161564],[-120.91927099987558,48.190387999966944],[-120.92132200009459,48.19152600004406],[-120.9255390001604,48.19177599998111],[-120.92870300044005,48.19361999988754],[-120.93266100003976,48.19713800029847],[-120.93674800040922,48.1986570002065],[-120.93788200038622,48.19854800023402],[-120.94241699957102,48.20019800000646],[-120.94702600017231,48.20104900018931],[-120.94844499965633,48.20234099989866],[-120.94979500044175,48.20593100012072],[-120.95157600032404,48.20731000014074],[-120.95230600006998,48.20911299980402],[-120.95670499971068,48.20960500016119],[-120.95872800034064,48.21030000021586],[-120.96093500019528,48.209896000199244],[-120.96373100022888,48.21070800009185],[-120.96476899994641,48.21132799980748],[-120.96574800011273,48.21778600024663],[-120.96358599956562,48.220089999989916],[-120.96185800028508,48.22372299985569],[-120.96208000004292,48.22499500025132],[-120.9603329995975,48.22637099975471],[-120.95984800007393,48.22776900011473],[-120.96273100014616,48.230167000270605],[-120.9650149999937,48.23064800023411],[-120.9679640001882,48.23289000004553],[-120.97313699995577,48.235298000293085],[-120.9743639998192,48.238759000155234],[-120.97773200031337,48.24203000020452],[-120.97822600005777,48.2439319997164],[-120.98123600035163,48.246657999789726],[-120.98249099980414,48.25134099981337],[-120.9859010001311,48.25360600010307],[-120.99041100009984,48.25562899972319],[-120.99514299982646,48.26039199998911],[-120.99991700028417,48.262941999934526],[-121.00563800022282,48.27008300002154],[-121.00466099970636,48.27115599996788],[-121.00570299962186,48.27220800024841],[-121.0044880003523,48.27390199997698],[-121.00610500020306,48.27429500007935],[-121.00897499985652,48.27689399971729],[-121.01126299990202,48.278191000002806],[-121.01209399993031,48.27990900000782],[-121.01154599975925,48.283497000125976],[-121.00831799990549,48.28495299989874],[-121.00437899967405,48.28536600026157],[-121.00250099970735,48.28625999972676],[-121.00298000028147,48.286890000104144],[-121.00064799985503,48.29053300012029],[-121.00068499966498,48.29448099989455],[-121.00165799998351,48.29600900021737],[-121.44496400011283,48.296037999768004],[-121.56058899990647,48.29713599989924],[-121.56670700040347,48.29738200006742],[-121.57756500012471,48.297362000204885],[-121.57750099965229,48.29896699981482],[-121.63641900002456,48.29847300023851],[-121.6860909996052,48.29898800002598],[-121.69263900027252,48.298957999977766],[-121.76255000008523,48.2988600002553],[-121.8351110003417,48.29798800007479],[-121.85660199965322,48.297490999957276],[-121.85797199963179,48.29747899982733],[-121.9048609995976,48.29764100014903],[-121.92266299982127,48.29750699992705],[-121.9447359996391,48.2974179999197],[-121.99862500018384,48.29749900024161],[-122.14030499968446,48.297806999775716],[-122.1618510001459,48.29723300012653],[-122.17538799972488,48.29724399990039],[-122.18357400015937,48.297279000034365],[-122.19433999981908,48.297672999989445],[-122.20391200012564,48.297619000172396],[-122.25184300000696,48.297462000036745],[-122.30398599993121,48.297575000190655],[-122.32473800017428,48.29752299989177],[-122.3532049997753,48.29757200016337],[-122.37294773830507,48.297663306692115],[-122.37346599974869,48.296982000133276],[-122.37699699955114,48.295627999789474],[-122.37810600031209,48.292666000155556],[-122.37475600025964,48.29162699999296],[-122.36999500022068,48.29311000011833],[-122.36759099982424,48.29172399992839],[-122.38710699998306,48.273701000235036],[-122.3872669998166,48.27045100005179],[-122.39160600008115,48.26778999994775],[-122.39470400023856,48.259538999978545],[-122.3953279996793,48.25718699980977],[-122.39702800026907,48.25317800017079],[-122.40547365514318,48.25197809059538]]],[[[-122.3316399999456,48.02055599991993],[-122.33452399984274,48.01891599990304],[-122.3261149998255,48.01029500009877],[-122.3211537141058,48.00852096418681],[-122.3173700002476,48.00716799979266],[-122.30662899980393,48.00439700006412],[-122.30345500037686,48.00560300020509],[-122.30884800025245,48.009832000292896],[-122.30971100006781,48.01279699987482],[-122.3148849996603,48.013461000095354],[-122.31639500027924,48.01559000006035],[-122.32028599993181,48.01693200014571],[-122.3213549996115,48.018771000197795],[-122.3223620002652,48.02103700029599],[-122.32834299959654,48.02133499997753],[-122.3316399999456,48.02055599991993]]]]}},
    {"type":"Feature","id":"53063","properties":{"STATE":"53","COUNTY":"063","GEOID":"53063","NAME":"Spokane County"},"geometry":{"type":"Polygon","coordinates":[[[-117.82296299986783,47.40942700022774],[-117.82362900003969,47.260220000002725],[-117.74921199955787,47.26018199991804],[-117.68676800030431,47.25988100024071],[-117.68605000025391,47.25997999971578],[-117.67430999955246,47.25999000000351],[-117.6656319999217,47.25996500019519],[-117.57297700009644,47.25988200008852],[-117.5633510002615,47.25988699993704],[-117.49940599971153,47.25954100028289],[-117.49336299955758,47.25945099991062],[-117.48870000032626,47.259485999734856],[-117.47328400005738,47.259523999709444],[-117.32674999973311,47.25984500021943],[-117.22558200013353,47.25958199977853],[-117.22083100014034,47.25966099972831],[-117.21927000036607,47.259559999949],[-117.21649000022597,47.259630000039905],[-117.21500899991933,47.25956999970638],[-117.214069999936,47.25968999969575],[-117.19310900035387,47.259659000024286],[-117.17283199958865,47.25962199999935],[-117.17214000037585,47.25955299975193],[-117.08863099998646,47.259485999734856],[-117.06767399970398,47.25985199976821],[-117.06461200042992,47.2597120000809],[-117.04001899986469,47.25927199978589],[-117.03991637722496,47.31054204817757],[-117.0398430001376,47.34720099985508],[-117.03984315644445,47.34721399833496],[-117.04006933785993,47.36602785821898],[-117.04017600022351,47.37490000029367],[-117.03988199959733,47.39908500023925],[-117.0399130130342,47.405163106081595],[-117.03995000026772,47.412411999969045],[-117.03994799971957,47.434884999828725],[-117.03994800870272,47.43489592529028],[-117.0399710001841,47.46330900013696],[-117.03994500024483,47.4778229997926],[-117.04051319095026,47.52228770830232],[-117.0405140003323,47.52235099974138],[-117.04051983489009,47.52333188231801],[-117.04054500029446,47.52756200023811],[-117.04074500031099,47.53290900011988],[-117.04127599986535,47.55820999977285],[-117.04117399975809,47.55852999980895],[-117.04090419615237,47.57151557880431],[-117.040849999893,47.574124000075365],[-117.040881469674,47.57975805845249],[-117.04090928690509,47.58473802073918],[-117.0409862913896,47.598524166194906],[-117.04111657136026,47.62184809763184],[-117.04112616896077,47.62356627857505],[-117.04143099967602,47.678139999709124],[-117.04143099967602,47.67818499971198],[-117.04143099967602,47.67999999993383],[-117.04153199995837,47.683193999957396],[-117.04158513081583,47.69540136957604],[-117.04159186099396,47.696947787744506],[-117.04159505360649,47.697681443964356],[-117.04159573452948,47.697837817380346],[-117.04161002043743,47.701120192928144],[-117.04161283935078,47.70176776689379],[-117.04162489653852,47.70453817091704],[-117.04162603111075,47.70479874221708],[-117.0416330002407,47.70640000029558],[-117.0416340108454,47.70676641379052],[-117.04163408540558,47.7067933073377],[-117.04167800044657,47.722710000038994],[-117.04164864799466,47.73110861045337],[-117.04163400006561,47.73529999982223],[-117.0416661247185,47.73586427272401],[-117.04166937033163,47.73592127109315],[-117.04213500038105,47.74409999981327],[-117.04205900021307,47.74510000007886],[-117.04265699971455,47.7608570001099],[-117.04262300027769,47.76122299982334],[-117.04252100017041,47.76489599999558],[-117.04248500018541,47.76652499995312],[-117.04206400023594,47.77863000027371],[-117.04199899993861,47.82239899973517],[-117.04228530110449,47.832495526193796],[-117.04247000011681,47.83900900005757],[-117.04245073484722,47.861310208648256],[-117.04243937924372,47.87445501090895],[-117.04242927679002,47.886149132396106],[-117.04239871969732,47.921522297854516],[-117.0423668923868,47.95836475260106],[-117.04235999961364,47.9663429998595],[-117.0422640837958,47.977451511538874],[-117.04167682634846,48.04546427168451],[-117.17372299989141,48.04578900024146],[-117.17583699985964,48.04571199982569],[-117.1867880003656,48.045806000192925],[-117.18717300033006,48.04585999978968],[-117.19721900028956,48.046001999793575],[-117.21797599965718,48.04587300001774],[-117.21844600001046,48.04598399998389],[-117.24012899984093,48.04604099975993],[-117.30657099977549,48.04633599985803],[-117.34380600031729,48.04659600019266],[-117.3930539995754,48.04689899995672],[-117.42474399990563,48.047079999879024],[-117.43690300000844,48.04720599993716],[-117.43699300042013,48.04720699983631],[-117.53587799999707,48.047873999700414],[-117.5370689998755,48.047865000123494],[-117.53660299972016,48.041192000148364],[-117.5368870003006,48.03320299970828],[-117.53659400039766,47.98728200008401],[-117.53607800001362,47.93169900014643],[-117.53582199992057,47.925309000205424],[-117.53527700012253,47.920899000160944],[-117.53527600029764,47.91683699990144],[-117.53567499960748,47.91553700000753],[-117.53535599976524,47.90288000014368],[-117.53503899957286,47.88937300005462],[-117.53461299960051,47.84890400006509],[-117.53465500033161,47.83064000004654],[-117.53422599998622,47.81755200010909],[-117.53380000001387,47.795181000103206],[-117.53526200005392,47.795470000029376],[-117.53526200005392,47.794458000211385],[-117.53737799967197,47.79712999978562],[-117.54000200017646,47.79780999983795],[-117.55164900009318,47.80154600011013],[-117.55552100037751,47.8016990001274],[-117.56122499969939,47.80121899971012],[-117.56525400034253,47.801316000226215],[-117.56783699994082,47.80066500005347],[-117.57190800041676,47.79614199999133],[-117.5714959997898,47.79462999992485],[-117.57580200044238,47.79352200022635],[-117.57892099961785,47.79343300015142],[-117.58651899969827,47.79486199975921],[-117.58998900029968,47.79649600026947],[-117.59488300040799,47.79912300008915],[-117.60011899992476,47.80301900027936],[-117.60215400025028,47.80593000000517],[-117.60762499994365,47.8105239997789],[-117.61004000021077,47.813824999997074],[-117.61311300025383,47.81667100007497],[-117.61501299996182,47.81777900011889],[-117.61642200029843,47.81947199997315],[-117.61767799957586,47.823450999855524],[-117.61814899975404,47.826247000262995],[-117.62002000004803,47.828313999887875],[-117.62345200011627,47.828603000029524],[-117.6267839997271,47.830582000028066],[-117.63006500018263,47.83422499974952],[-117.63250899986373,47.83512400019502],[-117.63650800036964,47.835834999987455],[-117.64078800018461,47.83601300001443],[-117.64579899957049,47.835525000102045],[-117.64787200042913,47.834874999775906],[-117.65111100015356,47.83472000021206],[-117.65193200013611,47.835255000073936],[-117.65273200020225,47.83670399970198],[-117.65595599985807,47.838899000075926],[-117.6567819998635,47.84094100011688],[-117.6608869997763,47.843634000241764],[-117.66370999957408,47.84858399978316],[-117.66424699987454,47.85019899984438],[-117.66442099995179,47.85436000028339],[-117.66391899981146,47.85686500002765],[-117.6649909998642,47.86024700002008],[-117.6675829996833,47.86374999999668],[-117.66722100018339,47.86576900020353],[-117.66746100038289,47.87019499975509],[-117.66602600010701,47.87457900021078],[-117.66593700041855,47.87788900008996],[-117.66651099963057,47.880438999824804],[-117.67137600032488,47.88747500021107],[-117.67275499962598,47.888669000208694],[-117.67520699970302,47.889098999823105],[-117.67823299989038,47.88884299979625],[-117.68518300024061,47.88650099973724],[-117.69220700021069,47.883420999867795],[-117.69439599962367,47.881005000254206],[-117.69752200026846,47.87479500012881],[-117.69935699967913,47.86906299997927],[-117.70179399968754,47.865115999717105],[-117.70152400024912,47.862445000060724],[-117.6985370004198,47.86033399970413],[-117.69797099980703,47.85920300025947],[-117.69777400016356,47.85627800026364],[-117.6997359997958,47.85520000000452],[-117.70370199979145,47.85505799977602],[-117.7075060003037,47.852406000207175],[-117.70995300035784,47.84894900028552],[-117.71271900025424,47.84709799986582],[-117.71504599975948,47.84589399976302],[-117.72004000032521,47.84484999978777],[-117.73266600040827,47.839387000212064],[-117.73616600024857,47.83745700025812],[-117.73891700007636,47.83350100013937],[-117.742658999766,47.83050200022891],[-117.74629800042179,47.82972299983884],[-117.75301199987214,47.82682199979552],[-117.7559290002796,47.82765600024027],[-117.75846900022017,47.82953499977762],[-117.7611670003445,47.830644000149405],[-117.76545700020522,47.831812999962594],[-117.76711300041404,47.831820000134954],[-117.77132999958154,47.83019799974693],[-117.77341500013577,47.82895699982147],[-117.77753599994209,47.82824400002675],[-117.7811620001791,47.82645299998026],[-117.78273399982402,47.82435899993938],[-117.78484600014244,47.82030300006728],[-117.78584799987496,47.8173890002445],[-117.7889000000016,47.81435899971088],[-117.79045900012606,47.81135599975256],[-117.79235100033644,47.81102499976657],[-117.79889999993033,47.81191100025108],[-117.80600000006838,47.81222799982228],[-117.8090610004159,47.813994999751685],[-117.81162399992269,47.81749799985167],[-117.81802100007894,47.821305000136434],[-117.82094699980888,47.8257750002874],[-117.82042899977503,47.78870499989046],[-117.82022100026091,47.74491800002895],[-117.82009999988706,47.70156599986071],[-117.82017699987996,47.68708500026492],[-117.81971999994548,47.67880900006549],[-117.81981700002986,47.67257099982509],[-117.81964899980038,47.65815799991391],[-117.81978199986975,47.65727000024599],[-117.81961899966313,47.630222999920974],[-117.81949900001251,47.628816000033545],[-117.8194050003012,47.61459700020545],[-117.82177299981434,47.614588000266174],[-117.82191500010457,47.57986000015822],[-117.82212299961868,47.55133000009628],[-117.822849000065,47.4205559998406],[-117.82296299986783,47.40942700022774]]]}},
    {"type":"Feature","id":"53065","properties":{"STATE":"53","COUNTY":"065","GEOID":"53065","NAME":"Stevens County"},"geometry":{"type":"Polygon","coordinates":[[[-118.40240699965926,48.02638199979875],[-118.40240699965926,48.02498200006004],[-118.4011070000009,48.02288199974871],[-118.39890699981898,48.021281999710475],[-118.39590599974595,48.01818199974672],[-118.38870600004876,48.01168199984075],[-118.38150499962836,48.00618199976443],[-118.37850500027857,48.00348200020023],[-118.37535400041772,47.99988199992766],[-118.37390499989813,47.99620699981456],[-118.37064500025734,47.98556900011313],[-118.35214300042492,47.974758000166766],[-118.34873999977069,47.97178200029422],[-118.34962299967755,47.9656179998859],[-118.35237900042648,47.953586000204695],[-118.35608900032906,47.929316999767195],[-118.35018300044248,47.916293999811394],[-118.33999600001768,47.9001780001868],[-118.34093800037407,47.894315999858414],[-118.33449099998907,47.89379400029701],[-118.3325619999688,47.894192999822955],[-118.32672200020443,47.896348999767675],[-118.32171099992027,47.89628900011534],[-118.32002100027456,47.897323999731505],[-118.32112900031231,47.900765999963596],[-118.31919500026915,47.90435399990578],[-118.31716300031665,47.908775000086905],[-118.31563599997928,47.90997500001904],[-118.3137589998375,47.91020500013016],[-118.30581400032577,47.91373100022294],[-118.30332000041595,47.91546100018697],[-118.29925999981066,47.916736000260684],[-118.29377900007152,47.91896099972876],[-118.28993699992445,47.921318000147636],[-118.28576400023957,47.92333500026655],[-118.27790099984529,47.92669599977622],[-118.27406999956885,47.928923000232125],[-118.27255300017553,47.9305099999394],[-118.27186299971422,47.93268499978301],[-118.26999899999124,47.9337159999281],[-118.26715600010195,47.934018999920525],[-118.26268899979091,47.9336139998411],[-118.26086699990073,47.934166000069766],[-118.2599780001461,47.93478199996203],[-118.2592380003544,47.9375899999474],[-118.25537899959059,47.94100999994216],[-118.2510929999278,47.94287800012392],[-118.24610299956002,47.94360399980447],[-118.2428680000336,47.94321299993885],[-118.24045100011666,47.941198000229384],[-118.23782699961218,47.940122000176274],[-118.23284999966316,47.93998099994869],[-118.22955200038756,47.94022999987284],[-118.22394899955135,47.941678999807664],[-118.2214170000067,47.9427070001826],[-118.218032999619,47.944722000042695],[-118.21553700005937,47.94528900008684],[-118.21061399963875,47.94523000007607],[-118.20894699955926,47.94454599975742],[-118.20624400031038,47.94224700026373],[-118.20224999982734,47.935429000037956],[-118.20111300037561,47.93088700010216],[-118.20003100027711,47.92838399977374],[-118.19850700031279,47.92799599977804],[-118.19369199984718,47.9278400000825],[-118.19023600038778,47.92627399989713],[-118.18946399991073,47.92474100027435],[-118.18844200008671,47.91982900006515],[-118.1847940001084,47.91628700020436],[-118.1817660002712,47.914874000014265],[-118.1773099998308,47.911774000014255],[-118.17661299969677,47.910455000269714],[-118.17869099968,47.90426100028092],[-118.17850900010512,47.90198600020503],[-118.17736000005951,47.901397000116006],[-118.16834599996977,47.90311199983425],[-118.16682500037848,47.90276699987887],[-118.163399000158,47.90017600010653],[-118.16240200044834,47.898699000119095],[-118.16020599956605,47.89721000019065],[-118.1596180001103,47.89517599992038],[-118.16181200044446,47.89292500005541],[-118.16246000017466,47.88982800013212],[-118.16154799995549,47.88673499993072],[-118.16058600040594,47.88510200002137],[-118.15839799991957,47.88390300006151],[-118.15618699986696,47.88428699980562],[-118.15438400024335,47.886591999938126],[-118.15249100020806,47.88718099978133],[-118.14858600031178,47.88666799998333],[-118.14376900019637,47.884711000031686],[-118.14147600012802,47.882127999848684],[-118.13796399969382,47.8753690000935],[-118.13389899996398,47.86972900018628],[-118.13037800020727,47.86556699970347],[-118.12612500015646,47.861902000141704],[-118.12289499975456,47.857270999879624],[-118.12295000000614,47.856401999901806],[-118.12061699975482,47.85188300019794],[-118.11894100035283,47.84637300005111],[-118.11855600038835,47.84349200029631],[-118.12003599997178,47.83966200015708],[-118.1188979997968,47.83681299975746],[-118.11955800012088,47.83462599997093],[-118.11924500012643,47.833518000089434],[-118.11781200039869,47.83263100001248],[-118.11284200012238,47.83280500023985],[-118.10778099960949,47.83251400030088],[-118.10548400024147,47.83039099982093],[-118.09713100030073,47.82844899974115],[-118.09706500017849,47.82714999997547],[-118.09920000006312,47.82493299989564],[-118.09925899961434,47.823624000091264],[-118.0962340001502,47.82119099979246],[-118.09005399972891,47.81485199987644],[-118.08362099958762,47.80955100010426],[-118.08158600016044,47.80576400000317],[-118.08106399992862,47.80373899993816],[-118.07818199968128,47.80006200013768],[-118.07546799966342,47.79944800005872],[-118.06978100005995,47.80017800012579],[-118.0676319999316,47.799421999749754],[-118.06348099998804,47.79728799970584],[-118.06011099984408,47.797415999999274],[-118.05624000028301,47.799251999962046],[-118.05376100044181,47.798806000182196],[-118.05258899993164,47.79794400006406],[-118.04815299958273,47.792294999984506],[-118.04634199956321,47.79288400014349],[-118.04619000012555,47.795169999999075],[-118.04431299998379,47.79686499998656],[-118.04038299997318,47.79941000006699],[-118.03870000000016,47.801028999916255],[-118.03595400019525,47.80271599975742],[-118.03153299991499,47.803839999727394],[-118.02425899969965,47.80212900026748],[-118.01621399973047,47.804530999983186],[-118.01340299962824,47.80558199978378],[-118.01189100025776,47.806840999821574],[-118.01026500018617,47.80969899988787],[-118.00979900003087,47.813477999792546],[-118.00814899966983,47.8173159997322],[-118.0042119999865,47.82324799973619],[-117.9946940001066,47.83219299976852],[-117.99007399963467,47.83439999986181],[-117.98905699983354,47.83468200009658],[-117.98360600023162,47.83436599993102],[-117.97965799977933,47.83442799975267],[-117.97346599966248,47.833285999829116],[-117.97056000002401,47.833116999748064],[-117.96609000023821,47.832234000033516],[-117.96272699976694,47.83010899978661],[-117.95685600004046,47.82808099995843],[-117.9518320002358,47.827700000266155],[-117.94827799996881,47.82712600015026],[-117.9420950000728,47.82548400013142],[-117.9387390001725,47.825237999833796],[-117.93527899961688,47.82320800023114],[-117.93224900012984,47.8235800002289],[-117.92623699993804,47.82528699999095],[-117.92086099978088,47.82766199983476],[-117.92049699973283,47.828280000191135],[-117.91871199965254,47.82900899980559],[-117.91724299993977,47.832402000134024],[-117.91709499980179,47.832559000267565],[-117.91443000018774,47.83361499998178],[-117.91290399967528,47.835218000137026],[-117.90720299982807,47.83526699991738],[-117.90519000014218,47.836947000059546],[-117.90160200043832,47.83593000022351],[-117.89921800013339,47.83580399972045],[-117.89520899958173,47.83628600022094],[-117.88630599982005,47.83833499989403],[-117.88492099977289,47.83962499974505],[-117.88383600019968,47.842202999783616],[-117.88408499972171,47.84441899987213],[-117.88323600015006,47.84607899970132],[-117.88045099998709,47.84773900006055],[-117.87618700006563,47.84741099979376],[-117.8701990001633,47.84549699997545],[-117.86678200016365,47.84506100021577],[-117.86423899985002,47.844472999857786],[-117.85905799968651,47.84300600006325],[-117.85231900012181,47.838788000143055],[-117.8458680004372,47.83707600005492],[-117.84151699957879,47.83679100029578],[-117.84117199979728,47.83727399981652],[-117.83995800035264,47.838040000079815],[-117.83852499972656,47.83592099985315],[-117.83086700027,47.83434100002087],[-117.82830499968982,47.83331800021778],[-117.82094699980888,47.8257750002874],[-117.81802100007894,47.821305000136434],[-117.81162399992269,47.81749799985167],[-117.8090610004159,47.813994999751685],[-117.80600000006838,47.81222799982228],[-117.79889999993033,47.81191100025108],[-117.79235100033644,47.81102499976657],[-117.79045900012606,47.81135599975256],[-117.7889000000016,47.81435899971088],[-117.78584799987496,47.8173890002445],[-117.78484600014244,47.82030300006728],[-117.78273399982402,47.82435899993938],[-117.7811620001791,47.82645299998026],[-117.77753599994209,47.82824400002675],[-117.77341500013577,47.82895699982147],[-117.77132999958154,47.83019799974693],[-117.76711300041404,47.831820000134954],[-117.76545700020522,47.831812999962594],[-117.7611670003445,47.830644000149405],[-117.75846900022017,47.82953499977762],[-117.7559290002796,47.82765600024027],[-117.75301199987214,47.82682199979552],[-117.74629800042179,47.82972299983884],[-117.742658999766,47.83050200022891],[-117.73891700007636,47.83350100013937],[-117.73616600024857,47.83745700025812],[-117.73266600040827,47.839387000212064],[-117.72004000032521,47.84484999978777],[-117.71504599975948,47.84589399976302],[-117.71271900025424,47.84709799986582],[-117.70995300035784,47.84894900028552],[-117.7075060003037,47.852406000207175],[-117.70370199979145,47.85505799977602],[-117.6997359997958,47.85520000000452],[-117.69777400016356,47.85627800026364],[-117.69797099980703,47.85920300025947],[-117.6985370004198,47.86033399970413],[-117.70152400024912,47.862445000060724],[-117.70179399968754,47.865115999717105],[-117.69935699967913,47.86906299997927],[-117.69752200026846,47.87479500012881],[-117.69439599962367,47.881005000254206],[-117.69220700021069,47.883420999867795],[-117.68518300024061,47.88650099973724],[-117.67823299989038,47.88884299979625],[-117.67520699970302,47.889098999823105],[-117.67275499962598,47.888669000208694],[-117.67137600032488,47.88747500021107],[-117.66651099963057,47.880438999824804],[-117.66593700041855,47.87788900008996],[-117.66602600010701,47.87457900021078],[-117.66746100038289,47.87019499975509],[-117.66722100018339,47.86576900020353],[-117.6675829996833,47.86374999999668],[-117.6649909998642,47.86024700002008],[-117.66391899981146,47.85686500002765],[-117.66442099995179,47.85436000028339],[-117.66424699987454,47.85019899984438],[-117.66370999957408,47.84858399978316],[-117.6608869997763,47.843634000241764],[-117.6567819998635,47.84094100011688],[-117.65595599985807,47.838899000075926],[-117.65273200020225,47.83670399970198],[-117.65193200013611,47.835255000073936],[-117.65111100015356,47.83472000021206],[-117.64787200042913,47.834874999775906],[-117.64579899957049,47.835525000102045],[-117.64078800018461,47.83601300001443],[-117.63650800036964,47.835834999987455],[-117.63250899986373,47.83512400019502],[-117.63006500018263,47.83422499974952],[-117.6267839997271,47.830582000028066],[-117.62345200011627,47.828603000029524],[-117.62002000004803,47.828313999887875],[-117.61814899975404,47.826247000262995],[-117.61767799957586,47.823450999855524],[-117.61642200029843,47.81947199997315],[-117.61501299996182,47.81777900011889],[-117.61311300025383,47.81667100007497],[-117.61004000021077,47.813824999997074],[-117.60762499994365,47.8105239997789],[-117.60215400025028,47.80593000000517],[-117.60011899992476,47.80301900027936],[-117.59488300040799,47.79912300008915],[-117.58998900029968,47.79649600026947],[-117.58651899969827,47.79486199975921],[-117.57892099961785,47.79343300015142],[-117.57580200044238,47.79352200022635],[-117.5714959997898,47.79462999992485],[-117.57190800041676,47.79614199999133],[-117.56783699994082,47.80066500005347],[-117.56525400034253,47.801316000226215],[-117.56122499969939,47.80121899971012],[-117.55552100037751,47.8016990001274],[-117.55164900009318,47.80154600011013],[-117.54000200017646,47.79780999983795],[-117.53737799967197,47.79712999978562],[-117.53526200005392,47.794458000211385],[-117.53526200005392,47.795470000029376],[-117.53380000001387,47.795181000103206],[-117.53422599998622,47.81755200010909],[-117.53465500033161,47.83064000004654],[-117.53461299960051,47.84890400006509],[-117.53503899957286,47.88937300005462],[-117.53535599976524,47.90288000014368],[-117.53567499960748,47.91553700000753],[-117.53527600029764,47.91683699990144],[-117.53527700012253,47.920899000160944],[-117.53582199992057,47.925309000205424],[-117.53607800001362,47.93169900014643],[-117.53659400039766,47.98728200008401],[-117.5368870003006,48.03320299970828],[-117.53660299972016,48.041192000148364],[-117.5370689998755,48.047865000123494],[-117.53587799999707,48.047873999700414],[-117.43699300042013,48.04720699983631],[-117.43682000016774,48.07654499974759],[-117.43698900022216,48.07736199998698],[-117.4373380002016,48.101786999860884],[-117.43737400018662,48.104510999954925],[-117.43762899955644,48.13468799990137],[-117.50237099979952,48.1347079998607],[-117.50212200027751,48.173168000121414],[-117.50246100021124,48.19471100003294],[-117.50224799977589,48.203828999927254],[-117.50223799973014,48.223362000251385],[-117.50085100003315,48.22336599991443],[-117.5008059998273,48.23049200002969],[-117.5001430000285,48.238114999938105],[-117.50005199979188,48.26204400001174],[-117.50000699958606,48.28851999984553],[-117.50039999994644,48.30888299977415],[-117.49997599962393,48.39484899995252],[-117.50053600038889,48.394848000259664],[-117.50039900012153,48.4329279998814],[-117.50038999990069,48.442950000274976],[-117.5005720003739,48.48404100018941],[-117.50121400025631,48.484037999822114],[-117.50099900017116,48.571666999863275],[-117.5007849999109,48.571664999708275],[-117.4999520002328,48.65276700001601],[-117.49997499979901,48.65618700018024],[-117.56393200004457,48.65620400005744],[-117.56764799979494,48.65604100026614],[-117.60720700036725,48.65613099988116],[-117.60879099970774,48.655951999789984],[-117.62924099982702,48.6558519997209],[-117.62942099975206,48.74263400018714],[-117.59591000025488,48.7429040000909],[-117.56381099967074,48.74296099984564],[-117.56401800025829,48.75824399992151],[-117.56395799998383,48.78611799974729],[-117.56385800042472,48.836671000106705],[-117.4984960000405,48.83689999981314],[-117.49895700017294,48.92315900011043],[-117.43037699998072,48.92316799975145],[-117.42996799972683,49.00036448316468],[-117.60732299981989,49.000843000121414],[-117.63090608829154,49.00081694077234],[-117.876100000027,49.00054600005496],[-117.88439799971614,48.99991200023015],[-118.0011060003315,48.99991100010504],[-118.00204600013973,49.00043700006649],[-118.03992103145686,49.000431134927766],[-118.19737505208789,49.00040675145479],[-118.19483000002212,48.9969270000809],[-118.19746200002423,48.993834000179476],[-118.1997120004349,48.9936029997341],[-118.20381200032483,48.99470400009673],[-118.20771300002315,48.997040000230605],[-118.20992999992352,48.99745600025216],[-118.21516399979048,48.997762000220845],[-118.21995499996665,48.997409000284954],[-118.21902900040207,48.99496400018538],[-118.21611899966733,48.9937080001229],[-118.21112599982482,48.9902670001146],[-118.20700199964543,48.989709000102295],[-118.20605099996652,48.98873299980785],[-118.2059010001787,48.98743300004425],[-118.21003200003078,48.985628000273124],[-118.21458999968011,48.98602200005297],[-118.21617200026908,48.98423900011751],[-118.2167279999378,48.98107499982567],[-118.21590100010745,48.97753899974359],[-118.21778900011985,48.97346999995924],[-118.22165999968095,48.97050199974589],[-118.2198849996464,48.96834800008626],[-118.21690299983997,48.967674000152485],[-118.21417100027877,48.9684099999113],[-118.21122200008426,48.96698499995994],[-118.20724000019511,48.963082000272344],[-118.20836300030147,48.961221999728316],[-118.20998699982493,48.960772000058164],[-118.21130099972699,48.95925899990619],[-118.21049300016321,48.95760299993976],[-118.2112170000614,48.95639099990065],[-118.21462900003817,48.95327599998368],[-118.21580999987084,48.951108999923875],[-118.21909299997618,48.942553999912185],[-118.22083100020076,48.94077700016464],[-118.22059699984904,48.93909900024609],[-118.22166899990177,48.937098000107774],[-118.21998599992878,48.93402799972513],[-118.21783500015059,48.92875299978464],[-118.21527000009567,48.92559600021268],[-118.21178100012602,48.92238299971424],[-118.20572200007855,48.91867799979235],[-118.20476499965356,48.9168789997165],[-118.20117000027699,48.91481800027335],[-118.19905700013369,48.915059999837],[-118.19692700027194,48.91445099993005],[-118.1959530001285,48.913262000024346],[-118.19764100012438,48.91176399979148],[-118.20014400025504,48.907618999817444],[-118.20083399981803,48.90421900012513],[-118.20316200004649,48.90152599986125],[-118.20949100043069,48.899830999738256],[-118.21025499961354,48.89846000013559],[-118.20930700030767,48.897906000044536],[-118.20932200037629,48.89520799988472],[-118.21200600025693,48.89060199993389],[-118.21448300044833,48.88816100017608],[-118.21411600002719,48.886729999886626],[-118.21249400015354,48.885595000252486],[-118.21287400009516,48.881872000142266],[-118.21380499968257,48.88018299977029],[-118.2136370003514,48.8779730002508],[-118.21274699987353,48.87607600001131],[-118.21021299978075,48.87367799984495],[-118.21011200039672,48.8722909999091],[-118.20698800030004,48.87034999997489],[-118.2058800002623,48.870537000291684],[-118.20285400007492,48.86955599982936],[-118.19848100037352,48.86726999987155],[-118.20113900031485,48.860634999945155],[-118.2014360004158,48.85759199973631],[-118.19880199986557,48.85504200021308],[-118.19658300031536,48.854109999707255],[-118.194214000079,48.85154400018285],[-118.19381499987081,48.848781000248394],[-118.19607399960401,48.84254600026507],[-118.1955079998896,48.84072499989956],[-118.18988400003529,48.83872999977171],[-118.1866269998692,48.83809899970665],[-118.18214200001484,48.838330000207726],[-118.17931699966891,48.837638999902715],[-118.17856199980857,48.835203999950686],[-118.17753199958862,48.83422200003187],[-118.17646100025912,48.831677999707914],[-118.17475800019466,48.8300440000699],[-118.17106300036068,48.828030999919946],[-118.17052400041041,48.825551999932955],[-118.16798500029475,48.818105000119594],[-118.16625100026812,48.814601000264126],[-118.162449000304,48.81123900007388],[-118.16092299979155,48.8089580000704],[-118.16063400008653,48.805694999954525],[-118.15976299987526,48.804712999777294],[-118.15986400015757,48.80124799985491],[-118.15877700003624,48.80001300012797],[-118.16085500001947,48.79486500000784],[-118.160217000335,48.79331799995285],[-118.15740399968466,48.790971000290384],[-118.15436800034983,48.78984099999147],[-118.14806200043016,48.78814399990333],[-118.14615500015115,48.785961000040984],[-118.14525399980265,48.78086699989993],[-118.1432140003526,48.77928700007002],[-118.14191999964372,48.779050000215946],[-118.13853399960621,48.77976699997289],[-118.13579299982419,48.78300200013314],[-118.13408300008699,48.78379000014033],[-118.12970000033985,48.78488499981336],[-118.12682700031336,48.78618899978496],[-118.12572400029845,48.785414000273505],[-118.12463399980409,48.78317799991584],[-118.12199900032726,48.779258000180455],[-118.12235199960637,48.776302000133114],[-118.12362700004867,48.77446499984377],[-118.12480600023154,48.774666999845614],[-118.12751799970124,48.77693799971958],[-118.13100199964802,48.77765299976404],[-118.13277000000984,48.77693500014254],[-118.13462399968708,48.77407900003576],[-118.13398699982753,48.771595000018],[-118.13386600035201,48.768199999760064],[-118.1332460002109,48.76636300025275],[-118.13067899960784,48.7649269999823],[-118.12703900002545,48.76514300000275],[-118.12538199999169,48.76392600007584],[-118.12535299967941,48.76160999995859],[-118.12674000027471,48.76074199971154],[-118.13135499982545,48.76048299999382],[-118.13302899957762,48.75967899979798],[-118.13364000039621,48.75741200018706],[-118.13229700018182,48.75627400018083],[-118.12937399992659,48.755068999718894],[-118.12610500006495,48.75372400019497],[-118.12356199975135,48.75169499971695],[-118.12231300014663,48.74990300018304],[-118.12266600032402,48.745810000052785],[-118.12427399995396,48.74521199981175],[-118.12856399981469,48.74536699981545],[-118.12996599958032,48.7446680000206],[-118.12875499961041,48.73992600013783],[-118.12483899984349,48.736704999848236],[-118.11844599988518,48.737637999780965],[-118.11800300019439,48.73723000002638],[-118.11785199968335,48.73445299973023],[-118.12095599968853,48.7314870000387],[-118.12610400024006,48.72774999970475],[-118.1258249996825,48.72467500029586],[-118.12251599963788,48.72124900008954],[-118.12007899962948,48.71996799994626],[-118.11934499968554,48.71886899993559],[-118.11976099961215,48.71577400023061],[-118.12065500028795,48.71296600022555],[-118.12038800032427,48.71138899972132],[-118.11820400003586,48.708342999982825],[-118.12018599975957,48.70519000013675],[-118.12095599968853,48.7022699999523],[-118.11940800033305,48.69616000022088],[-118.11694700003518,48.69262399999671],[-118.11425700030678,48.68390299999741],[-118.11546800027668,48.68035200014164],[-118.11850000031185,48.67932700014731],[-118.11732600015189,48.677136000274814],[-118.1173629999618,48.67473599986931],[-118.11638799999346,48.674002999754876],[-118.11180600005467,48.67403900019806],[-118.11019900024966,48.67132499981894],[-118.11000799955562,48.6682500002525],[-118.10912800002183,48.667023000179434],[-118.10871799994301,48.6622740002364],[-118.10615000041334,48.65763499970888],[-118.10496000035984,48.6535030002805],[-118.10452299961851,48.64602399979451],[-118.10515199998045,48.64370100007436],[-118.10713000040457,48.64092699983582],[-118.11453500014113,48.638651000252636],[-118.11614199994615,48.63658800014331],[-118.11638299997058,48.63150500003353],[-118.11708500012746,48.630638999790364],[-118.11983900032828,48.630653999773635],[-118.12006899958372,48.62932700022687],[-118.11892000043643,48.62835700006446],[-118.1181160001723,48.6259560001536],[-118.11786699975195,48.62341399975538],[-118.12053300008924,48.619761999859065],[-118.12306200015915,48.61856600023679],[-118.12544899993885,48.615985000008315],[-118.12610300041517,48.61375700006746],[-118.12701100043637,48.612987000253995],[-118.12722300014846,48.6118100002276],[-118.12610300041517,48.609956999860024],[-118.12764699957268,48.60945700004961],[-118.128444999989,48.60481800002897],[-118.12721599957746,48.6006769997983],[-118.12744499990632,48.59755000015745],[-118.1270289999797,48.593321999985804],[-118.12755000038662,48.59048099992075],[-118.12552799958158,48.58573099992657],[-118.12544499974088,48.58451499998075],[-118.12861800024137,48.57987799997238],[-118.13349599955784,48.57473500008841],[-118.13487700030538,48.57288400017306],[-118.1364759997145,48.569697000224636],[-118.13792400040916,48.56553200021158],[-118.13861899999503,48.561674000286104],[-118.13848000007786,48.558598999850076],[-118.13978800013214,48.55418600005432],[-118.14024599989153,48.551289000140116],[-118.14310200019962,48.54822599992811],[-118.1434400003084,48.54617599996995],[-118.14202599994891,48.54080600027837],[-118.14229700011056,48.53690500025744],[-118.14190899977305,48.535209999794326],[-118.13992600022438,48.53143399994227],[-118.14192300001675,48.526690000193796],[-118.14704899992867,48.52165699986113],[-118.14970900041817,48.520568000033514],[-118.15385299979069,48.52032299979604],[-118.15672300034248,48.52058400018022],[-118.16338999993718,48.52235899976513],[-118.16914900040896,48.52321999982115],[-118.17071500020613,48.523087000274906],[-118.17487399964728,48.521317999915034],[-118.17730800018097,48.51796900004191],[-118.1791190002005,48.51680100024927],[-118.1787469997565,48.51485699989051],[-118.17964100043231,48.51249400002872],[-118.18126800032881,48.50642599998818],[-118.18112400038876,48.50406799998896],[-118.18170199979878,48.49989700024815],[-118.18330600012905,48.495297000051465],[-118.18920600016787,48.48159700021374],[-118.19520599976579,48.477995999842044],[-118.19710700019698,48.47649599996856],[-118.20330699981146,48.47279600016161],[-118.2065070000761,48.47029600001149],[-118.21050700040692,48.463996000080236],[-118.21220700009836,48.457695000023556],[-118.21260700013144,48.452895000005824],[-118.21180700006528,48.44999499994424],[-118.21200700008183,48.44999499994424],[-118.20480599966146,48.44489499975069],[-118.20290599995347,48.4421950000319],[-118.20270599993691,48.43879500005809],[-118.20350600000307,48.43389499989549],[-118.20140600027855,48.42979500013932],[-118.20040600019584,48.42629500024685],[-118.2007059997715,48.423294999928785],[-118.2024439999961,48.41872200018878],[-118.20313399955907,48.41541200027964],[-118.20350500017818,48.40969400007313],[-118.20260499965455,48.406793999924666],[-118.20050499993003,48.4033939998347],[-118.19610499956615,48.39879400007349],[-118.19285800034415,48.39502299989569],[-118.18970400011023,48.39149400002796],[-118.1876040003857,48.38739400007634],[-118.18690399987865,48.38199400016755],[-118.18580400023686,48.37819400011835],[-118.18320300019688,48.37519400010458],[-118.18190299964023,48.37289399978153],[-118.18120300003147,48.3668939998685],[-118.18020299994878,48.363693999801455],[-118.18020299994878,48.35829300007416],[-118.17960299989915,48.35289300009479],[-118.18010300038968,48.34799300010773],[-118.1794020000577,48.34259299995528],[-118.18000200010734,48.340792999749],[-118.18020200012387,48.33569299984529],[-118.1794020000577,48.333293000190494],[-118.17596900016454,48.326357000060625],[-118.17560199974344,48.31949200003753],[-118.17284800044092,48.316180999707996],[-118.16890099981354,48.31239200020095],[-118.16490100038105,48.30449200026817],[-118.15870000004335,48.30099199989362],[-118.15629999984486,48.29869200029332],[-118.154499999696,48.29589200021432],[-118.1522829997956,48.289850000148206],[-118.15181099979249,48.28576100013284],[-118.15075399980839,48.282252999921525],[-118.14845800026526,48.27801000007212],[-118.14412900004648,48.27513400026925],[-118.14000200039236,48.268327000093336],[-118.14147699995291,48.260154999955084],[-118.14409700025942,48.25544499990823],[-118.14459299965367,48.2534019998555],[-118.14639799982541,48.24989100008258],[-118.14799799995774,48.24539100000962],[-118.14931299968472,48.2434249997169],[-118.15159800025548,48.24069100002867],[-118.15449800004616,48.23789099970523],[-118.15829800036043,48.2350900000679],[-118.16529899986597,48.230390000283386],[-118.17419900015291,48.22538999999943],[-118.18029900020825,48.221489999742786],[-118.18809999977995,48.21748999985223],[-118.19069999999498,48.21588900004289],[-118.19490000034234,48.212488999726034],[-118.19490000034234,48.2118890001081],[-118.1917999996368,48.210388999937805],[-118.18949999989573,48.207588999758286],[-118.18939899961339,48.205189000062724],[-118.18809899995506,48.20158899980699],[-118.18759900036284,48.19908899981045],[-118.18789899993848,48.19708900011174],[-118.18919899959687,48.19618900016393],[-118.19319899992769,48.194789000225526],[-118.19619900017581,48.19148899975336],[-118.19659900020889,48.19058900025052],[-118.19599900015923,48.179087999705104],[-118.19229900030241,48.167088000276756],[-118.1912980003948,48.158587999709844],[-118.19399800016893,48.14918800027132],[-118.19649799992654,48.14528700018413],[-118.20049800025735,48.141186999874776],[-118.2056979997891,48.138586999965824],[-118.20749899976289,48.13828700024135],[-118.22119900044682,48.138086999850806],[-118.22530000016164,48.137186999841866],[-118.23009999966033,48.135187000156876],[-118.23329999992495,48.13468699990315],[-118.2426029997197,48.135476000200576],[-118.24760599960797,48.13465799994771],[-118.25110299997354,48.13274500028275],[-118.25439199992668,48.128529999900735],[-118.25358199981476,48.122837000245354],[-118.2536830000971,48.12004899987538],[-118.25468099963167,48.11736099999124],[-118.25358799966254,48.11297900028746],[-118.2510999996005,48.110785999717315],[-118.2477000002176,48.10948600020766],[-118.24320000029459,48.108285999940556],[-118.2393990001554,48.10628600001366],[-118.23749900044741,48.104786000132535],[-118.23569900029855,48.101086000232414],[-118.23509900024892,48.09798600017591],[-118.23219899955993,48.09198500014543],[-118.23109800009321,48.088284999983735],[-118.23129800010973,48.084784999952035],[-118.2340980003413,48.081184999949556],[-118.23499799996658,48.07908500017942],[-118.23529800044055,48.07548499980345],[-118.2335979998508,48.0703849997121],[-118.23319799981773,48.06528500022714],[-118.23439799991698,48.06178499984169],[-118.23819800023126,48.058183999826475],[-118.2413979995976,48.056183999971665],[-118.24519799991188,48.05468399998394],[-118.25009799986798,48.05508400029048],[-118.25603800008975,48.059317000253216],[-118.25789199976695,48.059777999998396],[-118.26128399965226,48.05932699989426],[-118.26447200022136,48.058276999960896],[-118.26665399996162,48.056729000234206],[-118.26564800003116,48.051281000061266],[-118.26720200013271,48.047059000139654],[-118.27040499987211,48.04289800022324],[-118.27547600043074,48.040567000234425],[-118.28331999966015,48.040729999740655],[-118.29976399960083,48.041525000162025],[-118.31070000003815,48.04117199982648],[-118.31609999958647,48.04164799997439],[-118.31955799959398,48.04266800006661],[-118.33240299996012,48.047455000046384],[-118.33947499961077,48.04976100017264],[-118.34707699988917,48.050492000299386],[-118.35441700022673,48.050118999711586],[-118.35890499955585,48.04942700009993],[-118.36628599990131,48.04440399972267],[-118.36826599997522,48.04328799983913],[-118.3694610000516,48.0426150001147],[-118.37610599990501,48.04071599999124],[-118.37970600020273,48.03938300028788],[-118.38400600010921,48.037082000296486],[-118.3894059996575,48.035282000253474],[-118.39660700007789,48.031682000142396],[-118.39890699981898,48.030282000192514],[-118.40080700042525,48.02868199976439],[-118.40240699965926,48.02638199979875]]]}},
    {"type":"Feature","id":"53067","properties":{"STATE":"53","COUNTY":"067","GEOID":"53067","NAME":"Thurston County"},"geometry":{"type":"Polygon","coordinates":[[[-123.20088699982358,47.01040700012087],[-123.20310100024928,46.99697300010887],[-123.18051700007028,46.99671699979364],[-123.1583639998865,46.99587100013297],[-123.15943799958903,46.98136999978179],[-123.16010600030906,46.938998000218156],[-123.16063699986339,46.90967800001189],[-123.1605609996954,46.895486999798685],[-123.16056300024354,46.89534099978919],[-123.16051600038787,46.837478999807445],[-123.16049999959603,46.82716100001519],[-123.16058599980975,46.82411100022449],[-123.16062500016783,46.82219599979426],[-123.16059400020568,46.803256999824235],[-123.16028200003615,46.79962100013763],[-123.16030299995255,46.79916999994409],[-123.16032700024199,46.79866400001167],[-123.16035499983107,46.79812399969632],[-123.16058800035788,46.79338300017391],[-123.16090899984995,46.76433000007992],[-123.12779199963975,46.76399100021571],[-123.11811999977407,46.763889000225745],[-123.03305299998348,46.76452500001557],[-123.00426099979411,46.76448600008492],[-122.9930089998876,46.76453400004289],[-122.99246900011244,46.764530000304426],[-122.99227800031672,46.764527999819705],[-122.99180100029074,46.76452300014601],[-122.97142599961622,46.76429499976431],[-122.92944900020039,46.76402800000147],[-122.9289010000293,46.76402199972197],[-122.89727699982132,46.76371999976294],[-122.81386000039176,46.76401099972055],[-122.80324100014683,46.763335999868254],[-122.78832000034558,46.76361100021368],[-122.78157400020987,46.76373400028749],[-122.76057699974443,46.76361500002037],[-122.69910900028412,46.763649000211394],[-122.68709400012138,46.763737000135684],[-122.67810299959785,46.76356499995382],[-122.64758999980063,46.76326800030035],[-122.63679999985148,46.76278399995504],[-122.61578700039084,46.76215499977034],[-122.57099599960141,46.76327799988022],[-122.50962600005042,46.762666999989406],[-122.48676599968691,46.76203800028484],[-122.48675099961827,46.763058000079354],[-122.4812449997648,46.76304999976759],[-122.20311500043253,46.76306099996523],[-122.2033730001754,46.76380900013463],[-122.20799399957392,46.76554199974152],[-122.2095569998963,46.768933000304365],[-122.2113000001438,46.77016400023635],[-122.21360900010569,46.76986200025439],[-122.21588999958018,46.76872899977191],[-122.21802500036313,46.768653000148134],[-122.21976100003957,46.7698459998047],[-122.22273899964804,46.77010200027631],[-122.22654999983298,46.768812000120995],[-122.22948899998175,46.76980600019796],[-122.23055400036178,46.77228000026858],[-122.23381499982746,46.773302999871916],[-122.23609899967502,46.7729309998035],[-122.23809600036569,46.7753209999066],[-122.24062200006256,46.77592800010849],[-122.24783900037649,46.77507200026713],[-122.24998299958364,46.77175600028925],[-122.25159199993678,46.771526000149],[-122.25684800044336,46.77263600029085],[-122.25953099960076,46.772148000035564],[-122.26096099985375,46.771328000290154],[-122.26208800015807,46.76882599993748],[-122.26162100017785,46.76599200000031],[-122.26247999979523,46.765197999893815],[-122.26590600001572,46.76547200004717],[-122.26962400031421,46.76679600025227],[-122.2778030001777,46.7749859998845],[-122.27994999975787,46.77639200003925],[-122.28090200016003,46.7762409998801],[-122.2847230003907,46.773726999886016],[-122.28576199993314,46.77410400000855],[-122.28711699984308,46.77683100024403],[-122.28871600015052,46.7782479997683],[-122.29304299982115,46.78050299992776],[-122.29536199982878,46.78442899982454],[-122.29674799970087,46.7856289998861],[-122.30058099962714,46.78598199977931],[-122.30328899979719,46.78848099990365],[-122.30489899997528,46.78902500018602],[-122.30846699958764,46.78916800004413],[-122.30969500017429,46.791563999962115],[-122.31140900010944,46.793212999988036],[-122.31252200017003,46.79596600013701],[-122.31121499994069,46.798215000254395],[-122.31030799974438,46.80087100025088],[-122.30772799962085,46.80310900011163],[-122.30625899990808,46.806310999908995],[-122.30247299983749,46.80902000000905],[-122.30259900023421,46.81114200014608],[-122.3041619996583,46.815245000259615],[-122.30416300038151,46.82282700015902],[-122.30281299959613,46.82560000009888],[-122.30357599985236,46.82811700025213],[-122.30567700030012,46.82915700016595],[-122.31011199992581,46.82985700027791],[-122.31568499972646,46.82925300027819],[-122.31857600019464,46.828362999808924],[-122.32133000039545,46.82893699972299],[-122.32510600042028,46.83048899977549],[-122.32558900029404,46.832101999883605],[-122.32388700005447,46.834374999698845],[-122.32476900013641,46.83596899996868],[-122.32937600018953,46.83891100007022],[-122.32808300020386,46.84039299969516],[-122.32555999998173,46.84140400015784],[-122.32553099966941,46.84245199999075],[-122.32768099962264,46.84434299979418],[-122.33053199990785,46.84336200015709],[-122.33413700022845,46.84210199984001],[-122.33826100040784,46.837955999900586],[-122.3442219996477,46.837051000043694],[-122.34682100003783,46.83697900028258],[-122.34987999983716,46.8374740001486],[-122.35204599968392,46.83852499980943],[-122.35598800028845,46.83903599973379],[-122.3574710002449,46.839969999833635],[-122.3604200004394,46.84330300004438],[-122.3633550003902,46.842843999787476],[-122.3640969998317,46.84165700030603],[-122.36880299961904,46.84368200007695],[-122.37119000029708,46.845407999826044],[-122.37291400027794,46.84518299999477],[-122.37492399959078,46.84370200008548],[-122.37851600039093,46.839357000000525],[-122.38296500026031,46.83997100021056],[-122.38486800034134,46.840927999695225],[-122.385568999775,46.84217200005257],[-122.38825000018088,46.844025999800444],[-122.38854399990875,46.84522899994679],[-122.39067799996847,46.845681000051705],[-122.39420799994599,46.84530900009012],[-122.4017049997441,46.84401900014774],[-122.40598499955907,46.84249399973271],[-122.40832600020634,46.842546999989295],[-122.40950299984107,46.84350899999981],[-122.4078099998223,46.845625999886025],[-122.41131899988345,46.846113999970115],[-122.4129630003967,46.8451750002128],[-122.41660999965178,46.84529699983048],[-122.41746900016751,46.846084000072665],[-122.41696500037736,46.84792699992279],[-122.41897300004038,46.84882200001093],[-122.42147100014817,46.84886400030223],[-122.42278699970002,46.848717999967434],[-122.42640899973908,46.85062200024054],[-122.42791000013722,46.850764000225425],[-122.43244000019747,46.85000800011214],[-122.43985300032996,46.85234199974458],[-122.4425520002792,46.85246199999749],[-122.44379900023411,46.85303499978112],[-122.44390499964099,46.854636000085655],[-122.44601000028672,46.85615700012266],[-122.44825300012636,46.85637899984386],[-122.44977000041803,46.855273999891686],[-122.44876600013734,46.85335999984998],[-122.45174000044622,46.85264800010531],[-122.45570399989369,46.85677300011086],[-122.45885200027982,46.85913299989264],[-122.45902399980893,46.86123399978105],[-122.45814000007721,46.863583000117046],[-122.4666160000416,46.86599000017628],[-122.46820500030326,46.86580400021739],[-122.4714940002564,46.86246299979005],[-122.4738400000282,46.86197099973588],[-122.47528699999965,46.86336499984911],[-122.47495700028678,46.86475499972847],[-122.47620300041676,46.86582399997314],[-122.47934099985883,46.86608799998121],[-122.4823090003199,46.86771199974235],[-122.4854919999678,46.86814600000476],[-122.48784199993759,46.8667219999368],[-122.49088800021644,46.867451999811905],[-122.49162100033547,46.87158800005359],[-122.49141200009808,46.87504599970591],[-122.48880400038547,46.87700200020376],[-122.48790700023494,46.878935000062334],[-122.4911099999743,46.880244999990566],[-122.49358700016569,46.8800349999658],[-122.49107099961624,46.88506399982759],[-122.49113900028662,46.888106000246644],[-122.49281600041185,46.88900600019863],[-122.49421900000237,46.89245900012321],[-122.49591299984604,46.893841999824694],[-122.49725299968735,46.89715200000351],[-122.49725699988532,46.899377999979734],[-122.49597200029558,46.90375099981392],[-122.49407300041248,46.90482300021964],[-122.49779599983557,46.90884300029957],[-122.50473899961477,46.91228200003177],[-122.50610699994353,46.91338999974483],[-122.51178600004938,46.9153299998546],[-122.51491599999385,46.915589000150646],[-122.51881400021743,46.91530499975264],[-122.5206229996888,46.91560599978747],[-122.52378500031863,46.91785800023238],[-122.5257340004304,46.92006599991619],[-122.52730199987738,46.92351100005266],[-122.52786900031506,46.924974999886714],[-122.53286700018042,46.92658700016516],[-122.53592599997978,46.92725399982114],[-122.54307399979841,46.92944299996966],[-122.54660700014898,46.930807999922834],[-122.55034399981575,46.930709999940234],[-122.55687900006428,46.93195699975068],[-122.56043599980602,46.93345699995913],[-122.5635259995675,46.935621999925694],[-122.56619899957747,46.939829000278394],[-122.56574400019112,46.94315000006969],[-122.56613199963033,46.94425000014405],[-122.56683799998517,46.94758299990666],[-122.56877899970101,46.94963700018719],[-122.56967599985155,46.953860000257215],[-122.5716500000777,46.95821099997682],[-122.57187500020858,46.961054999716936],[-122.56982700036262,46.962503000004354],[-122.56495300034577,46.96340199979422],[-122.56313599958015,46.964402999812535],[-122.56465399969672,46.96640800024963],[-122.56516300040806,46.96657300010504],[-122.5660179998275,46.96677500014159],[-122.57318400008778,46.964405000219486],[-122.57535599978233,46.96704100012469],[-122.57959100028978,46.96844200005942],[-122.58243400017906,46.96817000011516],[-122.58501599995243,46.9660449997571],[-122.58717699977633,46.966849000218986],[-122.58787399991036,46.96860699977081],[-122.58696900026219,46.970587999909334],[-122.5846190002924,46.97147399990455],[-122.57690400003614,46.970446999904084],[-122.57537199967587,46.97159599987919],[-122.57641000029173,46.97408900006502],[-122.57778500029315,46.97586800016547],[-122.58005499989697,46.977501999693686],[-122.581597000303,46.97717400002489],[-122.5827089996404,46.97555600020198],[-122.58452300003293,46.9742860001259],[-122.59000999961988,46.973965999929675],[-122.59599199967445,46.974039000148764],[-122.59847200023887,46.974638000030254],[-122.60122399989157,46.97613800022045],[-122.60441499993537,46.97655199998603],[-122.61104700026829,46.97669999995359],[-122.61135400041496,46.97476000014249],[-122.61045300006646,46.97149400010035],[-122.61160200011209,46.967213000004186],[-122.61849800003561,46.97020999969681],[-122.6198610003415,46.97053900018004],[-122.62442900003657,46.970604000086446],[-122.62911700028057,46.97146300003891],[-122.63123700009658,46.973198999715024],[-122.63513699996996,46.975601999949546],[-122.63739599970314,46.977096999930616],[-122.63855200031979,46.97908600006033],[-122.63818300024884,46.980815000298435],[-122.63668699987358,46.98310600020993],[-122.63151699958075,46.9880819999542],[-122.63074300035217,46.990302999827506],[-122.63048200023626,46.99594299993463],[-122.63030200031122,46.99833900019033],[-122.63283200020602,46.999184999987335],[-122.63603800031848,46.99826699994104],[-122.63812200014947,46.99821399972105],[-122.64058799957188,46.99987900016086],[-122.63923500021008,47.00143599981289],[-122.64223399973498,47.00294199979476],[-122.6464459997779,47.003944000140585],[-122.64870299986127,47.00654800003817],[-122.65203100017243,47.00736500027905],[-122.65357900042622,47.00506400002248],[-122.65702200036513,47.0029670000277],[-122.65986299970629,47.00322499998407],[-122.65938900005337,47.00434199972407],[-122.65701599961903,47.00613900026779],[-122.65877399993511,47.0095239999007],[-122.66069000043493,47.010459999883324],[-122.66485300007405,47.01176500030381],[-122.66663700032939,47.01361699990083],[-122.67161099990533,47.01484999979098],[-122.67239699972781,47.01541499972426],[-122.67442100018266,47.019093999983184],[-122.67442399965738,47.02061100019768],[-122.67256300030745,47.02362899969689],[-122.67317300040284,47.02467899997319],[-122.67550199955791,47.02610799994702],[-122.67806300031322,47.02694200020813],[-122.6798650001119,47.02819099988502],[-122.68036100040445,47.03055099992905],[-122.67952199998022,47.03275999973297],[-122.67702800007041,47.03514300006022],[-122.67549499988522,47.03719500014571],[-122.67552800039549,47.03826599993324],[-122.67731599995048,47.043277999710774],[-122.67995499962528,47.04556000021158],[-122.68437799955537,47.05070800011402],[-122.68566100039362,47.051565999737036],[-122.69320599987228,47.05329099982767],[-122.68989500017784,47.05741199995078],[-122.69134299997421,47.05801599974862],[-122.69557000008577,47.05941100023352],[-122.6961080002111,47.06176499999081],[-122.70134799992584,47.063292000300045],[-122.7032950003878,47.065004999807805],[-122.70063800027134,47.0678310000197],[-122.7038870000415,47.071688000054316],[-122.7040490004232,47.071869999937796],[-122.70547799995299,47.07481099994407],[-122.70811199960488,47.07760799982118],[-122.70787700032658,47.0788630002521],[-122.70607700017771,47.08072700018551],[-122.70575999998529,47.08273500029237],[-122.70754400024063,47.085332000217505],[-122.70700799976512,47.08601299972265],[-122.70248699992571,47.087548999955104],[-122.69881600038119,47.088262000097814],[-122.6971569997993,47.08960599987706],[-122.6974370001818,47.09194300018191],[-122.69696099998073,47.09425499979285],[-122.69298199956629,47.09640599980342],[-122.69223199972883,47.09994399990636],[-122.69270440666878,47.10131572505645],[-122.69440299959847,47.10158599972331],[-122.6996339999907,47.10091399991739],[-122.70320999999898,47.09574500001947],[-122.71104300025605,47.09571800004354],[-122.7131730001178,47.09347900004231],[-122.72572999970554,47.09389999993262],[-122.72763899963437,47.097162999946015],[-122.72701799966835,47.10050900024299],[-122.72797353404279,47.101023665906425],[-122.73548600013513,47.1050700002479],[-122.74098600014086,47.10646300002694],[-122.75354399955351,47.11182399983248],[-122.75368989134554,47.112055772513536],[-122.75599700035377,47.11572100025431],[-122.75950200021697,47.11785300014949],[-122.76219199994539,47.11832199972425],[-122.76260061751695,47.11888211217192],[-122.76336799975515,47.11993399988691],[-122.76531199984409,47.12030200022852],[-122.77460899979103,47.12041099972647],[-122.77721800022687,47.121287999982215],[-122.77647599988705,47.12287899979677],[-122.77687199972219,47.124597000248905],[-122.77890700004768,47.125804000016664],[-122.78384700018675,47.12596599979685],[-122.78625999990572,47.12707400027867],[-122.78789988433834,47.13256196366079],[-122.78923500003948,47.137030000178314],[-122.7870959999569,47.13913099990046],[-122.78780899998443,47.14284999987075],[-122.79137400012206,47.145113000073884],[-122.79327600037817,47.15254900006777],[-122.79684099961749,47.15384199979144],[-122.7987420000487,47.15933700011786],[-122.8046839999203,47.164669999728666],[-122.80919999973686,47.16515499987403],[-122.81252800004803,47.170971999747145],[-122.8151869998143,47.17910200006203],[-122.82151299982544,47.176572999699715],[-122.82607499967276,47.16563900007262],[-122.8277390002775,47.16095299977196],[-122.82726399990136,47.14899299987704],[-122.82861499961334,47.13947299993491],[-122.82707800012851,47.13568200019633],[-122.82913000017246,47.13292100007883],[-122.82952724507255,47.130208262548386],[-122.82987800036008,47.12781300017019],[-122.82821399975535,47.12554900017816],[-122.83059100038761,47.12069700001694],[-122.82987800036008,47.1168160000678],[-122.83111978739142,47.11588609589499],[-122.83225500009402,47.11503599984815],[-122.83677099991058,47.11908000006078],[-122.83986099967207,47.12441700010886],[-122.84199999975465,47.12942999994679],[-122.84293500043835,47.13050900003711],[-122.84426057153958,47.130319469405016],[-122.8464179996619,47.130010999706656],[-122.84727566438279,47.13037883561507],[-122.84780299970907,47.13060500023477],[-122.84716199965158,47.13201900004545],[-122.84530100030166,47.13277599977003],[-122.84640599996634,47.134697999711136],[-122.84660199978494,47.13595999989881],[-122.84446299970233,47.13659900004029],[-122.84299399998956,47.140639999861435],[-122.84390100018587,47.14268800019181],[-122.84413899983723,47.147698999961236],[-122.83843499961702,47.151256000041506],[-122.8408270003179,47.153559000016806],[-122.84009800039682,47.15545799980339],[-122.8405739996996,47.15836699972751],[-122.84176200010329,47.16127599981517],[-122.84176200010329,47.16321500020919],[-122.84413899983723,47.1645079999793],[-122.84770399997488,47.1625689997479],[-122.85204599971415,47.164358999815136],[-122.8567815109552,47.166971695870544],[-122.85835458768014,47.16783960053502],[-122.86499900003533,47.16539199969954],[-122.87143999967422,47.16114800025418],[-122.87732299999459,47.15900900029871],[-122.87994999997382,47.15833300023641],[-122.89287999983044,47.15778600009759],[-122.89553799977182,47.157144999974065],[-122.90352099981672,47.157533000183534],[-122.90749699985808,47.164903000043864],[-122.909336000365,47.1688339999416],[-122.90969399966698,47.171267000135835],[-122.91094099962189,47.173507999969075],[-122.91134099965497,47.1759559998751],[-122.9184259997244,47.177401999854574],[-122.92231399990224,47.17943600003046],[-122.93011100017428,47.179957000274285],[-122.93481699996163,47.18196799986617],[-122.93614500010739,47.18340900000914],[-122.93558900043871,47.18729299973377],[-122.93628300019965,47.18945700003246],[-122.9372160003352,47.19033699985218],[-122.93988500014723,47.18992999972695],[-122.94449899987308,47.18795100028189],[-122.94704600038465,47.18564100002852],[-122.947460999588,47.18407200014845],[-122.94714500011884,47.18153899980921],[-122.947544000327,47.177925000253744],[-122.94923499979762,47.1738919999813],[-122.95018800002467,47.17335599984599],[-122.95281900020184,47.17010299998912],[-122.96122499984602,47.164437000223764],[-122.96912300040042,47.16152500013433],[-122.97589999959996,47.16013300029494],[-122.98445199973236,47.1588560002958],[-122.9911169996772,47.15669100006783],[-122.99541900013182,47.15491100000068],[-123.00243499970598,47.15130199993999],[-123.00567199978056,47.14894099977503],[-123.00851499966981,47.14636999973275],[-123.01045600028401,47.14332599991818],[-123.01252300039656,47.13373500030172],[-123.01451400034115,47.126216999772204],[-123.01538899985205,47.12379199986842],[-123.01657399988272,47.12218099984848],[-123.02135900021108,47.118093999733055],[-123.0272590002499,47.115802999784236],[-123.03410900014268,47.115040999909844],[-123.04011700013652,47.11574399999357],[-123.04817499962616,47.116004999846695],[-123.05539199994008,47.11527999974287],[-123.06058300014932,47.11402500022133],[-123.06644899985294,47.11104199992885],[-123.07365399957297,47.106242000238765],[-123.07473599967143,47.10444899970058],[-123.07495699960437,47.090844000023445],[-123.07495800032758,47.09066100013358],[-123.07509600041986,47.084794999828105],[-123.08981300000659,47.08527399976304],[-123.09606799987264,47.08536300027637],[-123.18018599963415,47.084505000117545],[-123.20189100010425,47.08505900000576],[-123.20097999971001,47.06809700001592],[-123.20110199990876,47.0608340001812],[-123.2010149998701,47.014750999777974],[-123.20004099972668,47.014791999811806],[-123.2010130002203,47.014672999731246],[-123.20088699982358,47.01040700012087]]]}},
    {"type":"Feature","id":"53069","properties":{"STATE":"53","COUNTY":"069","GEOID":"53069","NAME":"Wahkiakum County"},"geometry":{"type":"Polygon","coordinates":[[[-123.72779900042669,46.307544999882005],[-123.72789556572647,46.28968523395641],[-123.72403799957212,46.295057999976244],[-123.72406042780983,46.295640456920005],[-123.72427299974878,46.301160999919325],[-123.7154121408554,46.30245640729157],[-123.70072899967006,46.304602999690054],[-123.6877629998284,46.299235000128604],[-123.68057400000188,46.2960250001256],[-123.6787599996093,46.29072099973379],[-123.6780690002214,46.28646900019323],[-123.67877283743304,46.283484954997625],[-123.68008000025748,46.27794299969578],[-123.67912500038061,46.27250199984183],[-123.67655990600255,46.27099076985153],[-123.6695010001955,46.266832000171966],[-123.65137099990878,46.26542299998245],[-123.63561900007926,46.26522200023841],[-123.62488299965845,46.26153699998392],[-123.61354399971327,46.259988000195044],[-123.60319700035323,46.2616380001396],[-123.5890940001615,46.26058799970934],[-123.58164199967092,46.26050199975557],[-123.57650200041365,46.26213699993695],[-123.56915731805684,46.26163895285321],[-123.56438000012078,46.26131500008853],[-123.56295400006572,46.26378000004855],[-123.55992299985544,46.26509800017087],[-123.5571581129717,46.26520983747564],[-123.5555603721023,46.265274464969444],[-123.55224534436216,46.265408555628674],[-123.5476359997061,46.26559499984252],[-123.54765900017065,46.25910900021223],[-123.53809199988696,46.260610000109146],[-123.52639100044188,46.26340400024798],[-123.51618800012352,46.26615299970982],[-123.50124499968267,46.271004000001774],[-123.47964399986796,46.26913099971058],[-123.4748440003693,46.26783099983553],[-123.46874299959072,46.26453100012498],[-123.46455181620787,46.2616183142411],[-123.44759200003782,46.249831999792676],[-123.43625485241876,46.23819897264617],[-123.42762899999025,46.22934800028152],[-123.42805414386814,46.22329913442825],[-123.43098700043865,46.18157100024009],[-123.4226454198818,46.175991926919764],[-123.39040400039251,46.15442800009006],[-123.37954099975008,46.15099799978499],[-123.37143300003173,46.14637199994963],[-123.3637431409253,46.14632461023497],[-123.36056100006681,46.14630499997774],[-123.34625200001076,46.145065000017475],[-123.34065499992067,46.146182999735856],[-123.33233499959188,46.146132000100415],[-123.30258899396065,46.14470651802223],[-123.30103400032239,46.14463200005351],[-123.28016599972837,46.14484300011928],[-123.25123299997202,46.156452000186675],[-123.24202600043674,46.16096800025596],[-123.23081299998998,46.16428700003995],[-123.22242999991197,46.16768199980443],[-123.21305400032232,46.17254099998937],[-123.21321900017877,46.172981000112216],[-123.21399499995549,46.19901199983172],[-123.21407500032144,46.206253999842055],[-123.21382799955092,46.213435000157176],[-123.21591999977781,46.2134020000762],[-123.21671800019416,46.2314090001903],[-123.21614599973361,46.26969599983665],[-123.21513700032838,46.28352299991652],[-123.21609800005304,46.324123000094076],[-123.21616300035038,46.326173000004786],[-123.21751200041253,46.34154600029586],[-123.21707800004427,46.35586200004117],[-123.21815199974684,46.36306600001947],[-123.21830900010566,46.369734999857194],[-123.21795000008046,46.385616999971255],[-123.23932599976428,46.384837999939094],[-123.24409799967387,46.38462499983573],[-123.25398899982267,46.38372399980899],[-123.25906799987891,46.38345800004612],[-123.27524700040401,46.3840140002403],[-123.2798150000991,46.38364099973327],[-123.3175719999744,46.383720999935385],[-123.32106900033997,46.38394800023484],[-123.35833400012066,46.38402500013017],[-123.49076699990303,46.38358299999365],[-123.51034900018409,46.38375499993936],[-123.52289499990123,46.383945999914175],[-123.55810900036118,46.38406800012913],[-123.65734399974252,46.384458000287665],[-123.72655699959631,46.384871999867045],[-123.72736000003553,46.31465099974321],[-123.72779900042669,46.307544999882005]]]}},
    {"type":"Feature","id":"53071","properties":{"STATE":"53","COUNTY":"071","GEOID":"53071","NAME":"Walla Walla County"},"geometry":{"type":"Polygon","coordinates":[[[-119.03991799970319,46.196256000281984],[-119.04149799974405,46.19266700030677],[-119.02756500032993,46.18510399969352],[-119.01750900032472,46.178614000101945],[-119.01420600012787,46.17619899992104],[-119.00958800020409,46.17123400005212],[-119.00485300010443,46.16716299979581],[-119.00050600034227,46.16405099984338],[-118.99501999968197,46.15943499993561],[-118.9846099996744,46.14913800014043],[-118.98103700003914,46.146554999893915],[-118.97944199992968,46.14443600005548],[-118.97411500017631,46.13878900030559],[-118.96804899955785,46.13083400030761],[-118.96679999995312,46.1275420002171],[-118.9666290002489,46.12507799993679],[-118.96710600027488,46.12279600015316],[-118.96901400037876,46.118816000234844],[-118.96784000021881,46.11560499990419],[-118.96407199969155,46.110372999695336],[-118.96258799991018,46.107874999950454],[-118.96102999961066,46.10403399971116],[-118.95807200009365,46.09893800024512],[-118.95066999983182,46.08936399995282],[-118.94649899979677,46.08288199987279],[-118.94298399988784,46.076393000291006],[-118.9423050001955,46.07442000026013],[-118.94169900029809,46.068067000057866],[-118.94195000036827,46.065325000258206],[-118.94282200040446,46.06263300003461],[-118.94562699976058,46.05577400015041],[-118.94718800043317,46.05144000012263],[-118.94773800025408,46.047541000078155],[-118.94704799979276,46.043631000087444],[-118.94409600012355,46.03862799994652],[-118.94121200022637,46.03001500021092],[-118.94165599974208,46.026979999996634],[-118.94416600044372,46.02566400011404],[-118.9526750000201,46.02328999993578],[-118.95901299972682,46.020767999753424],[-118.96170300035352,46.019332999960746],[-118.98254900030793,46.003545000055],[-118.98384999979119,46.002464999788984],[-118.98725799957002,45.9998549997806],[-118.98719609037558,45.99979055180612],[-118.98712899969858,45.9998549997806],[-118.97778709656383,46.00000137748941],[-118.9412420003636,46.00057399977637],[-118.86812798643845,46.000674215992284],[-118.78869472603645,46.000783093957345],[-118.78576563430528,46.000787108859406],[-118.72524219360332,46.00087006762861],[-118.67786999972766,46.000934999826704],[-118.658716999792,46.00095500002165],[-118.63933200005278,46.00099400010017],[-118.63772500024774,46.00097000000713],[-118.60678933502452,46.00088867317971],[-118.59049739201367,46.00084584346118],[-118.57990599969236,46.00081800000788],[-118.57571000044129,46.00071799996132],[-118.56939199992773,46.00077299991567],[-118.55490230285396,46.00080308110292],[-118.53711900016464,46.00084000020605],[-118.49702700038816,46.000619999702856],[-118.47075599987282,46.00063200013863],[-118.42402721264128,46.00060266705288],[-118.4153266590087,46.00059720504548],[-118.40381711480516,46.00058998019362],[-118.38730176796966,46.000579612797814],[-118.3872930947356,46.00057960780569],[-118.3783599996153,46.00057399977637],[-118.36778999977416,46.00062200029564],[-118.36716827486772,46.00062001031111],[-118.34049405206235,46.000534645584615],[-118.31498200040129,46.00045299986856],[-118.2835260004228,46.0007870002811],[-118.25636799980263,46.000439000042675],[-118.25252999985352,46.000458999792876],[-118.2366675288036,46.00041821464715],[-118.23658399985523,46.00041799998516],[-118.22894099956895,46.00042100026128],[-118.14602799992954,46.000700999941635],[-118.13101900026476,46.00028000021118],[-118.12619700012647,46.00028200019228],[-117.99694971290417,46.000786848645845],[-117.9964950000804,46.005967000277565],[-117.99550000002057,46.012889000188736],[-117.99310900004289,46.01972199974397],[-117.9934549996493,46.026815000176],[-117.99310900004289,46.03379200025363],[-117.99214999996806,46.03827200016348],[-117.9921459997701,46.0414300002008],[-117.99323700008942,46.06274000013453],[-117.99327499972425,46.063557999923475],[-117.99267800004768,46.07063900018239],[-117.99291099967618,46.077521000148494],[-117.99253599975745,46.084578999945535],[-117.99238000012184,46.12758199986639],[-117.99148100032146,46.207701999691984],[-118.04362300042081,46.20790300011037],[-118.116623999995,46.20805000017334],[-118.11676399973709,46.25019999974435],[-118.116363999704,46.279253000282935],[-118.11633899958964,46.28081900025453],[-118.11625800029711,46.28553499973426],[-118.1161169998318,46.29545500001123],[-118.13732900038241,46.29543299994238],[-118.18482900026851,46.29551300020693],[-118.24185200005735,46.295064000149864],[-118.24179599998087,46.33124300003418],[-118.24179500015595,46.33847299997979],[-118.24177199969141,46.33861900027342],[-118.24169999972139,46.367464000230214],[-118.2416729999572,46.410959000169356],[-118.24183299979079,46.454946999803816],[-118.24125000035791,46.469615000101165],[-118.24138000005424,46.47697399996802],[-118.24222500032624,46.55459200008121],[-118.24253300029781,46.556783000055205],[-118.24142400043516,46.56049299981943],[-118.2280130003546,46.56041300023295],[-118.22863500014552,46.59336199997848],[-118.23267999978385,46.59481600030691],[-118.2371870002779,46.59706200022505],[-118.24071300005747,46.59932799970837],[-118.24425700027872,46.600732000046825],[-118.25107799985918,46.60116200005697],[-118.25774500035222,46.59963999997872],[-118.26212599955122,46.59812300001818],[-118.26841700030057,46.5955470002703],[-118.27386100022981,46.59381600013892],[-118.27863099959126,46.59323999976564],[-118.2833930003534,46.59370999994686],[-118.28716699983009,46.594932000107285],[-118.29938000035959,46.60145299987446],[-118.30181599964477,46.603233999821974],[-118.30567899970823,46.60547700012479],[-118.30920799986086,46.606425000232065],[-118.31407600002993,46.60671699994368],[-118.32253899957551,46.60681200002831],[-118.32638800029362,46.60630899973224],[-118.3375899999714,46.60348800022006],[-118.35267300015434,46.60009699969745],[-118.35690600011368,46.59947099972099],[-118.36171700038132,46.59801399980435],[-118.36624499989344,46.59588699999416],[-118.37267499966164,46.59214499981944],[-118.37608599981353,46.58969199979386],[-118.37923400019963,46.58787800013654],[-118.3823869997103,46.584919999828],[-118.38564800007433,46.5825570001881],[-118.38972600022296,46.58060199994682],[-118.39757100017559,46.580445000233695],[-118.40441600004549,46.58083800002495],[-118.40937299990301,46.581325999753794],[-118.41527799996467,46.5820600002142],[-118.42318099964365,46.58374399977342],[-118.44455800005068,46.59249899979853],[-118.45263700035505,46.5969730000514],[-118.46236299974908,46.59864600010638],[-118.46734200024623,46.598576999796045],[-118.47164600035065,46.59726200024848],[-118.47593200001344,46.59514199984862],[-118.47948700010532,46.592212000210836],[-118.48438399968838,46.58522599991518],[-118.48673399965814,46.58312200003609],[-118.49114999991558,46.58010699987078],[-118.49652000022496,46.575533999825],[-118.5010939997678,46.573877999837364],[-118.51449200032793,46.57147600013234],[-118.52140599979484,46.569645999927396],[-118.52799399974681,46.56766400006295],[-118.53000499978288,46.56557800024478],[-118.5340770000837,46.56371700024377],[-118.53735500016619,46.561481000245074],[-118.54460400026716,46.55785999977147],[-118.54801100022104,46.555929000305504],[-118.55151100006134,46.55240300030236],[-118.55448600019511,46.547243999905724],[-118.56027599973075,46.53922099984469],[-118.56539699961978,46.53496199991758],[-118.57008800023681,46.53362200016934],[-118.58208599978283,46.531114000213904],[-118.58820900030271,46.5286959999079],[-118.59240899975175,46.52585699976658],[-118.59683199968188,46.52062499992966],[-118.60467800035775,46.514107000029426],[-118.61128600040121,46.50815499990776],[-118.61559200015546,46.504542999938984],[-118.61793399972932,46.5011559998692],[-118.61989600025989,46.4950279998971],[-118.62066899966356,46.488550999945225],[-118.62013200026145,46.48551299980256],[-118.61864699975685,46.48054800030828],[-118.61836399989964,46.47861099998947],[-118.61899099971342,46.47436200017795],[-118.62030700016362,46.47171899974815],[-118.62228399986454,46.46899300012453],[-118.62420799986194,46.46541499982717],[-118.63038699956002,46.456770999921005],[-118.6319499998824,46.45431500010107],[-118.63243699995411,46.451510999698954],[-118.63113399992271,46.44793799970319],[-118.63184299975228,46.446073999766305],[-118.63488999985606,46.44139500029684],[-118.63662800008066,46.43811599969687],[-118.63803300021931,46.43341499996784],[-118.6377019997832,46.43031099997734],[-118.63678999956403,46.427330999738146],[-118.63563200019593,46.425510000196326],[-118.634160999935,46.421972000088346],[-118.63385299996345,46.41881099997582],[-118.63382600019924,46.41402200023801],[-118.63441200000518,46.41258599998869],[-118.63738799996385,46.41067499971025],[-118.64489599963258,46.40842100017588],[-118.64754100005348,46.40790500023971],[-118.6551900001875,46.40573799993206],[-118.6581259999632,46.4043739997424],[-118.66077600040694,46.4025049996955],[-118.66242199967172,46.40037799979824],[-118.66535300032288,46.394338000193066],[-118.66752800039046,46.390975000161596],[-118.67002399995009,46.38810099985554],[-118.67454300013968,46.38524600015552],[-118.67873400026623,46.38392100023774],[-118.68619300042948,46.38269500002609],[-118.69117000037848,46.381099000263426],[-118.69440800027797,46.37820300029235],[-118.6953530001091,46.37599100023699],[-118.69710300002924,46.3632959997769],[-118.69809300006622,46.36194300006564],[-118.70089999997047,46.36003700023022],[-118.70489699992824,46.35959299999065],[-118.71198500037073,46.36051500017754],[-118.72086899986583,46.36128000006537],[-118.73380200009554,46.360608999716675],[-118.74242799984773,46.36085000011765],[-118.7461989998497,46.35951199978821],[-118.7503869996032,46.352591000259466],[-118.75165799984752,46.35120600009105],[-118.75740200025072,46.34332799978016],[-118.75884199965117,46.33988800016422],[-118.7594330003783,46.33713899976133],[-118.76038700043026,46.32839699986107],[-118.76185799979281,46.32551300026933],[-118.76425200014354,46.32345100011343],[-118.76720100033802,46.32167899988532],[-118.77239699967181,46.3190679999901],[-118.77374400008415,46.31804900011849],[-118.77462399961793,46.31523599998875],[-118.77431999984432,46.31313600017202],[-118.77337900021118,46.31233300024813],[-118.76871799973134,46.30773499979037],[-118.7673479997528,46.30568699980496],[-118.76661899983173,46.30358000010377],[-118.76689800038932,46.297915999967756],[-118.7681360001234,46.29532300008604],[-118.76950699992688,46.293997999748164],[-118.77304500030031,46.29184199976985],[-118.77734400038189,46.29015000026475],[-118.7808519997198,46.28946099976724],[-118.78375300023373,46.2894009999326],[-118.79278499986681,46.290497000078766],[-118.79885800015799,46.29080600006976],[-118.80683100015712,46.28986300012963],[-118.81574599961435,46.28794800022682],[-118.82125800021396,46.28601000019767],[-118.82709600032847,46.28338100026649],[-118.83007399993697,46.281624999805864],[-118.83131800041714,46.27964800022923],[-118.83209199964573,46.27628700025283],[-118.83304499987277,46.274703999823714],[-118.8350750001754,46.27267999998537],[-118.84304200032676,46.26948200010371],[-118.8464119995724,46.267678000172594],[-118.8482900004374,46.265822000228994],[-118.85067800004202,46.259808999877805],[-118.85432900039339,46.25638800001002],[-118.86073300022234,46.252454999929654],[-118.86346399995864,46.25138900030596],[-118.8682979997925,46.250541999784964],[-118.87611000013317,46.250456000226094],[-118.88288700023101,46.24985800005602],[-118.91472800017401,46.24398500002733],[-118.95100200009281,46.23932900006124],[-118.96041100019279,46.238928999929236],[-118.96985100025488,46.238862999947166],[-118.97282700021354,46.238704999799445],[-118.97649100008539,46.23755300022062],[-118.98341999962089,46.23288099981709],[-118.99029999965092,46.229265000083075],[-118.99346800012852,46.22796899986381],[-119.00116800031618,46.225419000149465],[-119.00637600024388,46.22235500021549],[-119.0101229999564,46.220738000024035],[-119.0164749999068,46.21852799997494],[-119.02121300037952,46.21747199970621],[-119.02345299984613,46.2166159997573],[-119.03196099959759,46.207376000106464],[-119.03721799992906,46.19805599973226],[-119.03991799970319,46.196256000281984]]]}},
    {"type":"Feature","id":"53073","properties":{"STATE":"53","COUNTY":"073","GEOID":"53073","NAME":"Whatcom County"},"geometry":{"type":"MultiPolygon","coordinates":[[[[-122.82246400040268,48.94491100006639],[-122.82163099982621,48.94136899979326],[-122.81823200026825,48.939062000009244],[-122.81288350652508,48.937619297465574],[-122.79527922908873,48.93287071974583],[-122.79315599982927,48.932297999804035],[-122.79159622356042,48.9321324976822],[-122.78753899964771,48.93170199992183],[-122.7704319999082,48.94252799976236],[-122.76609600001672,48.9419550000112],[-122.76479967985775,48.94154711465588],[-122.75562400008488,48.93866000000575],[-122.74920199981423,48.93481799972278],[-122.74860103587231,48.93387550567201],[-122.74659599975143,48.9307309998189],[-122.74537807017742,48.92128185333922],[-122.74537100043615,48.92122699988546],[-122.74751399981837,48.915582000173444],[-122.7512890000183,48.91123899989814],[-122.75639099964074,48.90862999976845],[-122.76488900024476,48.906862000139036],[-122.7698340004067,48.904815999978496],[-122.77101701785553,48.903628606008304],[-122.77605199956453,48.89857499986037],[-122.78374699972932,48.89463899988477],[-122.79258400026704,48.8947319999767],[-122.79317500009586,48.89292699987096],[-122.7856590000312,48.88506599984256],[-122.76529599995055,48.87381800005212],[-122.75635734964852,48.86936662400543],[-122.75633200008953,48.869354000185595],[-122.74730100028135,48.861536000038676],[-122.72822799981336,48.855297999993304],[-122.72648453873015,48.85452959420845],[-122.7226850001499,48.852854999930386],[-122.7170729999912,48.847189999778486],[-122.71373800000733,48.839455999763],[-122.71180499978905,48.832407999941765],[-122.70947018943242,48.81949479816168],[-122.70916899958901,48.817829000260126],[-122.71119999971656,48.79145999998423],[-122.71027300032709,48.787018000268276],[-122.70810199955915,48.78642199980298],[-122.70610999978966,48.78638199996315],[-122.70170799977595,48.78732900013056],[-122.70070699986832,48.78805099995558],[-122.69968699969411,48.78970099989006],[-122.70149699988875,48.790356000089076],[-122.703578000245,48.791845999887705],[-122.70448299989317,48.7953629997851],[-122.70412100039323,48.79643600001833],[-122.70620199985117,48.799118000190255],[-122.70683500041109,48.8023360000023],[-122.70403000015664,48.80382500027821],[-122.70032100007893,48.80477900005576],[-122.69842100037097,48.803765999933056],[-122.69588700027818,48.80305099973923],[-122.69606800002813,48.80239500025475],[-122.69407799990847,48.80072699986895],[-122.69118300014065,48.80096500028524],[-122.6884349997876,48.80141299995432],[-122.68557299963177,48.80227599973456],[-122.6830400002622,48.80328899977785],[-122.68024599987841,48.802750000248224],[-122.67941999987298,48.80209800017474],[-122.67625399994351,48.80072699986895],[-122.67461000032856,48.797367999735556],[-122.67334199955893,48.796446000048796],[-122.6675389996045,48.79222200009374],[-122.66657399968189,48.789580999830434],[-122.66635564708412,48.78940642101066],[-122.6653069996355,48.78856799992441],[-122.66226399972967,48.78970500008437],[-122.6575260001553,48.78844899974416],[-122.65454000015087,48.786184000227415],[-122.6488409999535,48.7856469997467],[-122.64677700021402,48.78501099982243],[-122.64574299979613,48.78153799981499],[-122.64596100025433,48.780571999790865],[-122.64675999959725,48.77962599978201],[-122.6488409999535,48.779566000172615],[-122.64761800028805,48.778552999955465],[-122.64744300038588,48.773998000268314],[-122.65012600044157,48.76964200001259],[-122.65432900026367,48.76632199975109],[-122.66111100038441,48.753962000284545],[-122.66695299979857,48.74844500029378],[-122.67480799979693,48.737384999764146],[-122.6734720001536,48.733081999903575],[-122.67052999963181,48.731585000152734],[-122.66506300013636,48.731899000247374],[-122.66203600012405,48.72803899997764],[-122.65817100041077,48.72060999993645],[-122.65187200016376,48.715905999927664],[-122.64735600034724,48.71763099990787],[-122.64569299956742,48.723902999795875],[-122.63808199996649,48.73248600020676],[-122.63714600035621,48.73570800014859],[-122.62780800040137,48.74466000015399],[-122.61009300021634,48.75686599988648],[-122.6081390000817,48.76277299986101],[-122.6008380001022,48.76617499984351],[-122.59554200031097,48.767160000249916],[-122.59102599959611,48.770918999913214],[-122.58625100021179,48.77259699975112],[-122.58080599955935,48.771075999901186],[-122.57239593054693,48.77367787881522],[-122.56916000036583,48.77467899987878],[-122.5634979999784,48.77852599988852],[-122.55334240375761,48.77764666741365],[-122.53580299995613,48.77612800026106],[-122.53034935301906,48.770602594118955],[-122.52820300022587,48.76842800025594],[-122.51415199991268,48.76319599972818],[-122.51449300039455,48.760893000247606],[-122.51331108428028,48.75881483914592],[-122.51259781026661,48.7575606916345],[-122.51235400031196,48.75713199989352],[-122.50641200044036,48.754625000257725],[-122.49708799983092,48.7532809998378],[-122.49552563012584,48.7533365373756],[-122.49452799979883,48.75337200018049],[-122.49040100014473,48.75112799993482],[-122.49045281497034,48.749197758342945],[-122.49048800018339,48.74788699976048],[-122.49439506800141,48.745613357300854],[-122.49452799979883,48.74553600019955],[-122.49126989380667,48.74246591831818],[-122.4912010002109,48.74240100011791],[-122.49558599960787,48.73862600004088],[-122.49894210101778,48.73393928236575],[-122.49963765486417,48.73296795777836],[-122.49972999987874,48.73283899973402],[-122.50260899975304,48.73252599973556],[-122.50612899968482,48.72804599987959],[-122.50579986504957,48.725441022751134],[-122.5056840003442,48.72452399994589],[-122.50760099977063,48.72170800006422],[-122.50827600465492,48.72180077740059],[-122.51330499999086,48.722491999942044],[-122.51551100002058,48.72099200023318],[-122.51924699986246,48.7171599999269],[-122.51917200041768,48.71309499975127],[-122.51622700042118,48.70834199994386],[-122.5161826568838,48.708246001447364],[-122.51431699976912,48.70420699974615],[-122.51526531977355,48.70224172631515],[-122.51560200025719,48.70154399977333],[-122.51303800002717,48.697080999815725],[-122.50717800017134,48.689925000040546],[-122.50640514359979,48.68964684282367],[-122.50563712265942,48.68937042575469],[-122.50558398731037,48.689351301617464],[-122.50456899973547,48.68898600008493],[-122.50451100000917,48.69143599974313],[-122.50688799974311,48.695358000281935],[-122.5080760001468,48.69880900021862],[-122.50427300035778,48.70069200019647],[-122.49999500019261,48.70273100028419],[-122.49737999990897,48.70069200019647],[-122.49879002701996,48.69859845792617],[-122.49928200016508,48.69786800002627],[-122.49787694972076,48.695781116413094],[-122.49643000005497,48.693632000079816],[-122.4912010002109,48.68359100024708],[-122.49072500000983,48.67621500004456],[-122.49024999963369,48.671191999869855],[-122.49405300032102,48.67025100023715],[-122.49785600011003,48.66742500013166],[-122.50332199978055,48.66569799976778],[-122.50926399965215,48.66915200004454],[-122.51144899976549,48.667819999868456],[-122.50993499984688,48.664369000027214],[-122.50349400020802,48.65666600014423],[-122.50030800018705,48.65616299989015],[-122.49398999967352,48.65159599989785],[-122.48879395362734,48.64540487335208],[-122.46521099990291,48.64533599980784],[-122.37920699977884,48.6451150002084],[-122.37844100004787,48.645191000034885],[-122.37639999987456,48.64518000005144],[-122.35637800027577,48.64507199970916],[-122.35203399998836,48.64510599983087],[-122.34047499993518,48.645200999909804],[-122.32699199988457,48.64538699971487],[-122.26931799999247,48.64526199981618],[-122.2625400000697,48.64553999971996],[-122.258690000425,48.645695000047084],[-122.21725100023623,48.645691999758064],[-122.21583600005181,48.64569000015885],[-122.21032099997748,48.64568900006245],[-122.16193999983437,48.64556999972471],[-122.16037700041026,48.64536399972827],[-122.1504030004208,48.645598000108755],[-122.14937300020088,48.64551900000279],[-122.12121200002328,48.645364999831116],[-122.09468500031318,48.645209000164414],[-121.99447099986725,48.64501399990252],[-121.9835439996507,48.644774999801044],[-121.96480300034203,48.64432400013541],[-121.94222300036101,48.6447699998216],[-121.92022099978999,48.644718999884184],[-121.73837800036777,48.643560999855346],[-121.72971699955716,48.64347999983944],[-121.6884559996436,48.6431169998631],[-120.90835799990276,48.64090100020922],[-120.90835700007783,48.65700300027915],[-120.75190400001567,48.657001999813694],[-120.74978000000172,48.65927200007499],[-120.74502599963547,48.659955000140414],[-120.74437999955511,48.66096199985352],[-120.73818599978843,48.66267800021],[-120.7330790001431,48.666192000224484],[-120.73059299973087,48.66604299995183],[-120.72564500009422,48.66442199971323],[-120.72077699992515,48.663895000144194],[-120.71733300016133,48.66452600006579],[-120.71765700002645,48.670045999836255],[-120.71863799984258,48.67159399978478],[-120.71866299995692,48.674492000066905],[-120.71637099971346,48.67673699971889],[-120.71324599979187,48.68229499971129],[-120.71316399977613,48.684805000091075],[-120.71199200016426,48.687870999957795],[-120.70842299982866,48.691281999887146],[-120.70338800015337,48.69691900027582],[-120.70122700032947,48.6973810000686],[-120.6954560001621,48.696651999709815],[-120.68884899994354,48.694991000244634],[-120.68418300033917,48.69421099998842],[-120.67997200012115,48.69429599982003],[-120.67808900013159,48.69619699993269],[-120.67778600018292,48.70139999999751],[-120.68005099976389,48.70394700018631],[-120.68022300019133,48.708121999783835],[-120.68158999979686,48.710649000184056],[-120.68115600032688,48.71247600006975],[-120.67819500043682,48.71782600016824],[-120.67709700044482,48.71862899992501],[-120.670717000007,48.720588000290235],[-120.66458199979157,48.72089100025533],[-120.65976800004918,48.719597999732265],[-120.65776700005888,48.72131199997386],[-120.65585700030513,48.72434200009889],[-120.65598000032877,48.72489699979483],[-120.6612200000435,48.72733999978347],[-120.66244299970899,48.72965799985297],[-120.66428300004083,48.73138599980594],[-120.66791699977543,48.73361999989918],[-120.67338099979612,48.733221999714296],[-120.67663499958915,48.734076999895144],[-120.67816299975146,48.73505200011034],[-120.6778620003509,48.73639900014366],[-120.67864499980033,48.73920200005584],[-120.68040399994132,48.741449000241595],[-120.68303199974541,48.74301399976749],[-120.6887329995926,48.745199999845],[-120.69147599992276,48.747916999844875],[-120.69172699999294,48.7498429999985],[-120.69059600038895,48.75199599988227],[-120.69173000036598,48.75504899974755],[-120.69289000028226,48.75639199998058],[-120.69502000014401,48.75622699988226],[-120.69946700036358,48.75728499993852],[-120.70285099985293,48.76151400008777],[-120.70336300003899,48.76361999970982],[-120.70597699959944,48.76569300007637],[-120.70876900033342,48.7691040001494],[-120.70991800037902,48.77181400025103],[-120.71220399987638,48.77230599998358],[-120.71946899987087,48.77289100001906],[-120.72278399976325,48.77255700014146],[-120.72552299989547,48.773389999954276],[-120.7308680000905,48.77952600019587],[-120.73363300016196,48.78311900014492],[-120.73542699956475,48.78648700021449],[-120.73402999982198,48.79249299995704],[-120.73724299960715,48.795833000237955],[-120.73701800037452,48.797726999951806],[-120.73583499999373,48.79906500028482],[-120.73618700034625,48.80149599978118],[-120.7353450004473,48.80375800001127],[-120.73844899955415,48.80659600001885],[-120.73901799964165,48.808282000282134],[-120.74205499969968,48.81130200015624],[-120.74272199969647,48.815931000253414],[-120.74201299986689,48.81780500012334],[-120.74239899965626,48.82206900022637],[-120.73737999987448,48.82567299976798],[-120.73764000016547,48.82836200016185],[-120.73528400034793,48.831444999961946],[-120.73580599968143,48.834841999909656],[-120.7397979996163,48.84138099984194],[-120.73972399999649,48.843914000178614],[-120.73666199982408,48.84447400009197],[-120.73175000017241,48.85327999975594],[-120.73135099996425,48.855014999938305],[-120.73605500010174,48.858165999949435],[-120.7362400000497,48.8595329998796],[-120.73522800027142,48.86243500001325],[-120.73528099997488,48.864373999908935],[-120.73985500041604,48.86469599981605],[-120.7435059998691,48.86634500024966],[-120.74825600003737,48.86684800015458],[-120.75267800014257,48.869405999855914],[-120.75855700026499,48.87200200001731],[-120.76234199961235,48.87301199985037],[-120.76423600037086,48.87544399998329],[-120.76694700001565,48.87641200005097],[-120.77022300044831,48.88182600003778],[-120.76899900005962,48.88424999987583],[-120.76373300040561,48.887788000071644],[-120.76312400013516,48.88853899984561],[-120.7642329999978,48.88933699987075],[-120.76620999969867,48.89316099991721],[-120.76361600022976,48.89704999982107],[-120.76270400001059,48.89951800014284],[-120.76523700027847,48.899826000292194],[-120.77096499988984,48.90429300025285],[-120.77213200037711,48.906705000052995],[-120.7714209999994,48.908328000113436],[-120.76788099997611,48.911425000130365],[-120.76883500002808,48.913290999753976],[-120.7704059998481,48.91435499971223],[-120.77195499992678,48.91667499987184],[-120.77129600032595,48.920146000081786],[-120.77237599987626,48.924200999845255],[-120.77205200001116,48.92650599977015],[-120.77036200036545,48.927403999785696],[-120.7631960001052,48.92855499994057],[-120.75894800007723,48.929668000240646],[-120.75525700044122,48.932241999987234],[-120.75404700029621,48.93626200001995],[-120.75484300016443,48.93958899987115],[-120.75559300000188,48.941844000259465],[-120.75741999991493,48.944322000154166],[-120.76307899992932,48.94846999990165],[-120.76851500036092,48.954489999915],[-120.76994600043885,48.95532700008488],[-120.77488599967963,48.95678699978266],[-120.77968000022882,48.95740299990441],[-120.78306399971817,48.95720300024688],[-120.78717700002689,48.957731000036986],[-120.79207199996011,48.95940600001709],[-120.79925800031191,48.95932900026581],[-120.80109899957036,48.95871900014951],[-120.8004120003804,48.95595600007128],[-120.80104599986687,48.95362599971869],[-120.804775999861,48.95210099985332],[-120.80768599969741,48.951812999850574],[-120.81138700027748,48.95067699985061],[-120.81509800000501,48.95063500026667],[-120.81381199969202,48.94719800023039],[-120.81417999993805,48.94596399988886],[-120.81905300012998,48.94431899997153],[-120.82009400022055,48.9411429998886],[-120.8261730003595,48.93892200014059],[-120.82970099978888,48.938151000150384],[-120.831783999795,48.938277000225874],[-120.83543599997128,48.93930700001461],[-120.83969400004496,48.947769999968685],[-120.84020399968288,48.94998099999282],[-120.84348099994044,48.951423000109536],[-120.84897900029635,48.955911000136865],[-120.8518220001856,48.955826999718056],[-120.85686299970871,48.95668899991988],[-120.8598959995688,48.95799600027731],[-120.86158699993771,48.96022199979715],[-120.86777999987949,48.961670999753785],[-120.87093900013626,48.96181199980266],[-120.87337899961942,48.96273400020992],[-120.88074700044437,48.966661999774374],[-120.88257500018234,48.96852299986976],[-120.88066899972826,48.971658999782676],[-120.88194300034567,48.97368199999446],[-120.88563999982946,48.975212000045765],[-120.88206399982118,48.977947000060375],[-120.87849100018592,48.978149000200936],[-120.8775599997002,48.97870200014812],[-120.87374299966747,48.97865400021356],[-120.86565599986551,48.979833000154386],[-120.86225599958432,48.98223199974213],[-120.86136199980683,48.98464399971132],[-120.85826500037263,48.98636700027798],[-120.85425900019405,48.99014099987845],[-120.85121499956502,48.993829999780274],[-120.8528549998803,48.994696000027155],[-120.85525099988082,48.99771700029134],[-120.85156090035673,49.00028008025809],[-120.97895499997882,49.00036700025089],[-121.05996600026042,49.0006210001734],[-121.12623999996546,49.00141200023492],[-121.22989999982505,49.00115800022105],[-121.24894900000362,49.00092499993692],[-121.25124399972181,49.00016700023563],[-121.25693299987341,49.000088000126226],[-121.34529500036322,49.000843000121414],[-121.39554299970405,48.99985100022483],[-121.43386975065839,48.999586802931454],[-121.75125200014796,48.99739899970941],[-121.94947419684283,49.000109881979185],[-121.97153466516244,49.00041158053141],[-121.98862351533995,49.00064528747903],[-122.07043113892054,49.001764086632306],[-122.09835699968264,49.00214600028453],[-122.13663742990768,49.00223323702245],[-122.13693967616986,49.002233925349884],[-122.14493768526653,49.00225215246873],[-122.25106300003227,49.00249399987425],[-122.25117512145785,49.002493815417594],[-122.2856370730232,49.00243709290539],[-122.29114406102354,49.00242802858881],[-122.36316169461915,49.00230949162084],[-122.40598899975704,49.002238999996386],[-122.4078205199926,49.002193212063005],[-122.4187407783529,49.00219810991709],[-122.46281267416413,49.00221874973173],[-122.5507089799258,49.002259913239044],[-122.60557794363085,49.00228560881154],[-122.65576092021645,49.00230911033046],[-122.70541189562618,49.002332362555855],[-122.7353378814195,49.002346377768134],[-122.73620088123486,49.002346782041755],[-122.73846588081582,49.002347842228566],[-122.74398787876623,49.0023504287543],[-122.7580200000854,49.00235700026161],[-122.75603699963844,48.99951199986781],[-122.75444300025221,48.99724599972909],[-122.75961799966959,48.995739999725714],[-122.76630699990392,48.991672000173196],[-122.768566651814,48.99149222577324],[-122.77427599970511,48.99103799998049],[-122.79688699964825,48.975025999769755],[-122.79721300006149,48.97227599970717],[-122.80044948180817,48.969358786825964],[-122.80815100014865,48.962417000168244],[-122.81722600033777,48.9559700000164],[-122.82246400040268,48.94491100006639]]],[[[-122.59334600032696,48.6514240002013],[-122.59286500010303,48.64999799997428],[-122.58525100012909,48.64952100020062],[-122.58192399964284,48.6480940001152],[-122.58382400024911,48.645237000155355],[-122.58001700026215,48.64475999986123],[-122.57763700015514,48.64761700013573],[-122.58382400024911,48.659987999908374],[-122.58667800000906,48.66046499975065],[-122.5871580004081,48.65523100006158],[-122.59334600032696,48.6514240002013]]],[[[-122.65044600010872,48.71229900029181],[-122.64497899971497,48.706965999844115],[-122.64117699975085,48.705240999956935],[-122.63024299986165,48.69692700003111],[-122.62239999955885,48.69394599994106],[-122.61598300020941,48.69394599994106],[-122.60956500013675,48.69677000015458],[-122.60590600028777,48.6997319997939],[-122.60648100022306,48.70316400013649],[-122.60855900020626,48.708106999724414],[-122.61122899984319,48.71402400007195],[-122.61412500033421,48.71510499978085],[-122.61527000018188,48.71339699986535],[-122.61740900026446,48.709946000116325],[-122.61645799968723,48.70775000007345],[-122.62002299982488,48.706808999859945],[-122.62406400016357,48.706965999844115],[-122.62739099975155,48.708534999979385],[-122.63190699956809,48.71057400005206],[-122.63737399996184,48.71073000015356],[-122.64117699975085,48.708847999922185],[-122.65044600010872,48.71229900029181]]],[[[-122.72226199965229,48.73162400022965],[-122.72018799986704,48.72801399989666],[-122.72198100034322,48.72337499990081],[-122.72114600011695,48.72163499996621],[-122.71833800038776,48.720451000256375],[-122.71883299995709,48.716817999740435],[-122.71354999968634,48.71624799979461],[-122.70938899969705,48.71692400012659],[-122.70222300033507,48.71700400020303],[-122.69935699998125,48.71586100017763],[-122.69994299978715,48.71366800024979],[-122.69179499988583,48.71149800021301],[-122.68706900000701,48.70487400023806],[-122.68514699965942,48.69802500003591],[-122.68348399977788,48.69551499981851],[-122.67869400032495,48.6908539999701],[-122.67850500017907,48.68789300027036],[-122.67353800027581,48.6808090001558],[-122.66772299972752,48.678416000045644],[-122.66559700006373,48.67562800004964],[-122.65770500025542,48.670478000011826],[-122.65454799964849,48.66642800002563],[-122.64949500042982,48.66491400019474],[-122.64837700034631,48.661753999792374],[-122.63529900035165,48.6518460000322],[-122.6311269995934,48.65083899981282],[-122.6213400001,48.64907999994534],[-122.61695599962961,48.64556300021984],[-122.60857199972673,48.640447999929215],[-122.60874800035214,48.64435599992218],[-122.61005499968321,48.65047499998346],[-122.6123340004062,48.65458899977977],[-122.61336799992577,48.65847700017812],[-122.61737599975419,48.668058000250184],[-122.61822500022414,48.670721000077286],[-122.62350699977166,48.67364299984],[-122.62470299967296,48.67672000024199],[-122.62712700016088,48.678965000256554],[-122.63152499997668,48.68102699991533],[-122.6349970002279,48.684846000088896],[-122.64490099989715,48.6913889998909],[-122.65187200016376,48.69426000021582],[-122.657576000384,48.694730999920765],[-122.6597160002915,48.69708400001094],[-122.66518199996202,48.69739800028042],[-122.66740999973305,48.70405799985486],[-122.66894700011622,48.70664399999057],[-122.66803400007215,48.70869099988173],[-122.67737200002696,48.71338699988667],[-122.68110700004394,48.71637599991633],[-122.68024300040366,48.71947900024148],[-122.6816689995604,48.7237949998373],[-122.68395900015405,48.72688199991636],[-122.69023499993648,48.73082999984347],[-122.68752400029167,48.73472100011491],[-122.69373899997474,48.735491000252495],[-122.6953680004194,48.737384999764146],[-122.70306000021115,48.74360200020256],[-122.71081700030024,48.74757300001395],[-122.71570899986041,48.74867200001995],[-122.71543100002607,48.74661599983245],[-122.71881799988846,48.74058399994334],[-122.72226199965229,48.73162400022965]]],[[[-123.09054600012561,49.00197599991243],[-123.08857699992234,48.99802299983536],[-123.08854400031039,48.99686400017304],[-123.08787300011566,48.99515200017488],[-123.08787599959037,48.99372999971601],[-123.08724299992879,48.99112699977565],[-123.08620900040923,48.98978400003331],[-123.08449799994881,48.986535000081545],[-123.08355899996548,48.982240000044456],[-123.08357099966103,48.97981699995481],[-123.08383400032507,48.97613899982237],[-123.08443900039757,48.97433400019365],[-123.08445299974296,48.97235500028526],[-123.08400599985421,48.9714550002545],[-123.0824359998591,48.971365000006486],[-123.08049699979307,48.97172500002368],[-123.07199700043755,48.97387799997042],[-123.06392599963081,48.97483100021875],[-123.06309344641537,48.97497550976694],[-123.06071700004362,48.97538799994057],[-123.05685399998013,48.97533999976286],[-123.04411800029223,48.97722999999518],[-123.0409670004314,48.977304999841095],[-123.03537500036414,48.97593899982466],[-123.0341450001277,48.97533899973412],[-123.03140799964531,48.97455000027117],[-123.02809100010309,48.97394300016534],[-123.02651799973495,48.97413999975762],[-123.02199100004775,48.976473000004816],[-123.02145899977019,48.97729899990475],[-123.02222100020153,48.97857900003899],[-123.02439700009403,48.97925699975639],[-123.02515899962705,48.97976500015505],[-123.02510000007582,48.9821219998762],[-123.0245979999355,48.98289999993111],[-123.0246120001792,48.98401799971531],[-123.02575200000398,48.985814999714634],[-123.02741499988548,48.987471000155786],[-123.02875200025211,48.99083000013072],[-123.03345700021453,48.99759299979063],[-123.03401241058837,48.99890148529293],[-123.03539299990751,49.00215399974696],[-123.06789520032378,49.0020491026128],[-123.09054600012561,49.00197599991243]]]]}},
    {"type":"Feature","id":"53075","properties":{"STATE":"53","COUNTY":"075","GEOID":"53075","NAME":"Whitman County"},"geometry":{"type":"Polygon","coordinates":[[[-118.24912200007472,46.73413800026114],[-118.24920300026557,46.73257900013274],[-118.24771699993606,46.730276999994366],[-118.24601999971934,46.72876200019048],[-118.24348700034977,46.72337400024708],[-118.24185899973003,46.72087599988965],[-118.24110600041784,46.71877700030489],[-118.23946000025478,46.716970999749726],[-118.23609199976063,46.711210000212546],[-118.23511799961719,46.708623000124966],[-118.23373500011817,46.706734999813634],[-118.23284800001335,46.703486999955665],[-118.23006500039854,46.70103800028251],[-118.22604400015132,46.693815000214435],[-118.22286499980306,46.68959900018125],[-118.22084999956903,46.68419300003651],[-118.21886500037054,46.68067800030453],[-118.21751499958515,46.6791449999526],[-118.21795499980121,46.67705900018843],[-118.22160299977952,46.675278999910105],[-118.22368300031088,46.67380900008289],[-118.22264499969502,46.67229100027293],[-118.22399100028244,46.671982999887575],[-118.22439999963807,46.66930499971903],[-118.22367200044023,46.666540999826616],[-118.22490000012859,46.66638900023341],[-118.22372299959555,46.66410900005028],[-118.22411799960574,46.66339500005891],[-118.22720999991536,46.66250899976195],[-118.22815399992159,46.66082500018886],[-118.22823099991449,46.659018999927646],[-118.23075900015948,46.65704200020621],[-118.23073200039529,46.65643699999],[-118.22752499955963,46.65320100007534],[-118.22799800028596,46.650926999841985],[-118.22546800039115,46.6465760001808],[-118.22241399971635,46.645287000067874],[-118.22194000006341,46.642927000000846],[-118.21941500019147,46.64063500007595],[-118.21529299966188,46.63954100004795],[-118.21464099973373,46.6386889999627],[-118.21652899974616,46.63545599988515],[-118.21647400039289,46.63330299982525],[-118.21541099966268,46.632098000273686],[-118.21312199979225,46.63086600004612],[-118.2096889998991,46.62986399975864],[-118.2052810000376,46.6269800002682],[-118.19979600010049,46.624186000222345],[-118.19830100044845,46.621959999786284],[-118.19861899956746,46.61849399992524],[-118.19961799982526,46.6177899999387],[-118.19923799988365,46.61472200004799],[-118.19826399974022,46.61171999977428],[-118.19839699980959,46.61054399991165],[-118.20008300015567,46.607596999775645],[-118.201238999874,46.607826000068776],[-118.20402900005979,46.60997500009835],[-118.20641099981663,46.610344999872524],[-118.20827500043792,46.60971800010362],[-118.20781400030546,46.60500700017123],[-118.20931700035342,46.604486000015015],[-118.21110200043368,46.600755999746866],[-118.21388300039867,46.59959400000823],[-118.21387500000274,46.59820799981194],[-118.21231300040355,46.59844700018036],[-118.21085499966316,46.596631999773756],[-118.21216600009046,46.5934529999483],[-118.21502099967533,46.59124200009937],[-118.215660000083,46.58892399978931],[-118.2111030002586,46.58759200028347],[-118.20607299970784,46.583285000029946],[-118.2047119999501,46.581831999915416],[-118.20081200007672,46.57903400021706],[-118.19296799994899,46.57183599988998],[-118.18503699978265,46.5673289999699],[-118.18336300003047,46.566101999919454],[-118.17884300001599,46.560535000203686],[-118.1725520001649,46.55694700023082],[-118.16529200019329,46.55513499982341],[-118.16180499987345,46.55472000024596],[-118.1583440003912,46.55486000023482],[-118.15010100005532,46.556908999842534],[-118.14313300016175,46.55777699983028],[-118.13537900044571,46.55712400022581],[-118.12719399983614,46.556762000268115],[-118.11844800043332,46.556783000055205],[-118.11386999979419,46.557357999804125],[-118.1103590000832,46.55841099993502],[-118.10700300018296,46.559922000017295],[-118.10439600029524,46.56156600005887],[-118.10246200025205,46.56412599991528],[-118.10168999977499,46.56740499971159],[-118.1000510001829,46.57024599991372],[-118.09663900020615,46.57312099996735],[-118.09289499996835,46.574529000221],[-118.0889209995768,46.57493099982756],[-118.08334500030142,46.575066000215955],[-118.07309599995233,46.57450000002969],[-118.06909499979662,46.574675000075544],[-118.05599199968758,46.5770669999912],[-118.04826599956064,46.57930900015346],[-118.03912299959948,46.58378400028257],[-118.03515599977892,46.58515999970351],[-118.02747599968274,46.586055000108225],[-118.02286399960674,46.586188999813075],[-118.01210899981764,46.58792800004223],[-118.00860399995449,46.588236000049314],[-118.00095700036857,46.58806900026869],[-117.99995700028586,46.58836899980597],[-117.99305600033944,46.58786900027209],[-117.9889559995512,46.58676899975621],[-117.98525499986943,46.586868999715286],[-117.98005399961447,46.58776900030575],[-117.97425400003307,46.58886999977022],[-117.96915400006043,46.58936999994797],[-117.95805299976665,46.59177000018109],[-117.95345300028453,46.59207000022279],[-117.94555200025539,46.59037000004778],[-117.93885100032554,46.589769999856],[-117.93185099974659,46.58806999976983],[-117.9216499999764,46.58657000004821],[-117.91704899977103,46.58567100008684],[-117.90904900000768,46.58477099985434],[-117.90179999990673,46.58485600021684],[-117.89186199990229,46.58538199981543],[-117.88762300009518,46.58632100011989],[-117.88503200010098,46.587847000048406],[-117.8831049997305,46.589839000268505],[-117.88185699995067,46.592193000025325],[-117.88044599996422,46.59797200004848],[-117.87984599991461,46.60377199985268],[-117.87824599978228,46.60887199979839],[-117.87404600033324,46.61557199997814],[-117.87054599959461,46.618772000080966],[-117.86644599970468,46.62117300004058],[-117.86164500038109,46.623072999722915],[-117.85964500021568,46.62357300018165],[-117.85184999959343,46.624669999933005],[-117.84935099966074,46.62476299987509],[-117.84522700037968,46.62432000003238],[-117.82909100041059,46.6220540001733],[-117.82585099996295,46.621963000116196],[-117.81989200037292,46.62224099973596],[-117.8091829997163,46.62360899997228],[-117.80465900040217,46.6246250003017],[-117.80071400032291,46.62564500023908],[-117.7972420000717,46.62704000003706],[-117.79229699990977,46.629518000009995],[-117.78996700003147,46.63103000010826],[-117.78009199977618,46.638443000265376],[-117.77598299966543,46.64186299973932],[-117.77246799975649,46.64537999973769],[-117.76692199972003,46.65256399983539],[-117.76503100023287,46.655853000048374],[-117.76365100020858,46.658813000179435],[-117.76244000023867,46.6630690001323],[-117.76033100029333,46.675542999920374],[-117.75889099999455,46.67983200024708],[-117.7561689995808,46.684385999836294],[-117.75446899988933,46.68653800020594],[-117.75115900001983,46.68970100025047],[-117.74938999983308,46.6908520001673],[-117.74086799983797,46.69458300009386],[-117.73823699966078,46.69467900000402],[-117.73412699972508,46.693708999840226],[-117.73290099968659,46.69379099986893],[-117.72420499961417,46.696173000024615],[-117.71922500019045,46.69708699983818],[-117.71162499956189,46.698007999756044],[-117.69926700016575,46.699024000259044],[-117.69609500038852,46.69957899979299],[-117.68747999960863,46.70259400001915],[-117.68427600004432,46.70310299970637],[-117.68109199967319,46.70316799988123],[-117.67598900022581,46.70250200004044],[-117.67100600042906,46.702720000271256],[-117.66530800005661,46.702585999973635],[-117.65792500006131,46.70197799982423],[-117.65172600027178,46.70080200026537],[-117.64825300019567,46.69980499996346],[-117.64535800042782,46.698430000279004],[-117.64317199959126,46.696852999718516],[-117.63939200026681,46.693391999955956],[-117.6341900001869,46.68677599999826],[-117.63015800006903,46.68248599972276],[-117.62629400018064,46.67919699999693],[-117.62060800040207,46.67612199996545],[-117.61646300030633,46.67441600019771],[-117.61109100034712,46.67321200018925],[-117.60271800031487,46.67249699982728],[-117.59779200041952,46.67254300012323],[-117.58733300000814,46.674697000206635],[-117.57930700030556,46.67538500008789],[-117.56753399999212,46.6778860001982],[-117.55954900029741,46.67919899995024],[-117.54962499963834,46.68029900002553],[-117.54415599959475,46.68014000027305],[-117.5365340001232,46.67843700005842],[-117.53041800017431,46.677375000080275],[-117.52673099983797,46.67709900020668],[-117.51716399955426,46.67696400010349],[-117.51441699992444,46.67728500030317],[-117.50914700007249,46.67857499983596],[-117.50417199977332,46.680330000201856],[-117.50064699981864,46.68205300024438],[-117.49842700044353,46.684342999713884],[-117.4976099997606,46.686119000273486],[-117.49695600018264,46.68993299976303],[-117.4935049998478,46.69326400006819],[-117.4900040001826,46.695374999794055],[-117.4840709996335,46.6979310002757],[-117.4803039998295,46.69931500017327],[-117.47558499962336,46.70035599990655],[-117.47199299972155,46.699905999954616],[-117.4681439999018,46.700039000228166],[-117.46476899973494,46.6996259997346],[-117.4624139997423,46.69859499997058],[-117.46013400009271,46.69706800010061],[-117.454373999796,46.69153199970039],[-117.45313699988681,46.68844599983246],[-117.4524720004382,46.68493100012723],[-117.45143299999742,46.683508999728154],[-117.44834599971067,46.674865000154526],[-117.44526900036797,46.670373999929375],[-117.4418079999874,46.666507999947235],[-117.43963799994266,46.66473400007435],[-117.43596300020019,46.662579999947226],[-117.43560099980192,46.661900999714696],[-117.43273899964608,46.65945300028252],[-117.42829999982241,46.65710699970954],[-117.42585500031642,46.656224999709956],[-117.42017000036277,46.65509299985269],[-117.41315399989031,46.65588299996679],[-117.41041899995606,46.65652900013212],[-117.40232499958307,46.65569100020143],[-117.39635199974933,46.65479899995591],[-117.39302799963613,46.654019000147755],[-117.39026400028787,46.6527750001283],[-117.3861760000935,46.64970199998569],[-117.38520399959991,46.64792799996925],[-117.38500000028371,46.64292200015406],[-117.3855569997773,46.63919100008736],[-117.38699600025116,46.635843999947134],[-117.38854299978172,46.63050699992453],[-117.38863800021629,46.62508699987821],[-117.38621499955325,46.61888499992047],[-117.3839369995535,46.61590099994484],[-117.38274200037543,46.61468400002996],[-117.37859800010456,46.61198300005771],[-117.37536699987778,46.61031700003474],[-117.37101400026786,46.60904499989613],[-117.36741399997011,46.60664500009338],[-117.36396400035851,46.60519700000006],[-117.35907400044816,46.60226800015422],[-117.35621499976703,46.59938199980064],[-117.35452099992338,46.59552600005762],[-117.3527130002769,46.59302599995341],[-117.35260199994882,46.591738999849625],[-117.34984400044836,46.58850799989917],[-117.34600700032415,46.58555100017826],[-117.34254500011866,46.58368100020819],[-117.3395409996726,46.58297400027247],[-117.33753700020756,46.58197199971421],[-117.33251099985472,46.58154300017087],[-117.32680699963454,46.58078099983595],[-117.3185900001362,46.58106800005978],[-117.31144700034048,46.580765999743726],[-117.30956699982565,46.579935000254544],[-117.30602400032762,46.57931100009623],[-117.30136899969561,46.577487999714826],[-117.29603500026953,46.57445099984152],[-117.29295499965549,46.57201300009877],[-117.29081999977083,46.5692849999901],[-117.28570200025489,46.56373899975945],[-117.2829659995974,46.56128599973314],[-117.28060399993207,46.55991799993689],[-117.27492200035144,46.55786700017745],[-117.27108500022726,46.555762999948456],[-117.26893500027403,46.555004999798456],[-117.25979200031284,46.54943499999041],[-117.2578950000796,46.54736599982915],[-117.25352800022596,46.54425799984738],[-117.25264100012119,46.54212599981662],[-117.2505720003588,46.53882500005138],[-117.24991399968451,46.53572599975531],[-117.24648099979137,46.530352000278235],[-117.24580399974884,46.52541699976548],[-117.24491400016933,46.52274999984139],[-117.24126000034322,46.51846299979614],[-117.24041500007121,46.516371999892485],[-117.23571599995655,46.508789000255064],[-117.2330990000231,46.50619400005465],[-117.23226299997191,46.50475700016431],[-117.23200299968094,46.50190299972067],[-117.23133700040736,46.50058399995401],[-117.23188399985523,46.497331000263685],[-117.23336299961373,46.49324600010856],[-117.23374699975331,46.490847000231085],[-117.2352470003265,46.48883800002414],[-117.23689500013943,46.48483100025768],[-117.23876499971017,46.481187000238606],[-117.23929199996486,46.47713100024897],[-117.23850399959426,46.47180700024315],[-117.23789000019924,46.470056000039605],[-117.23699700024667,46.4683089998304],[-117.23292999996869,46.46397700028866],[-117.23166700012025,46.463281000140114],[-117.2281200004243,46.46224499995083],[-117.22574000031727,46.4612489997146],[-117.22172599974274,46.46030199975566],[-117.21542400002105,46.45718400025847],[-117.21226499976427,46.454781999714456],[-117.20842000014244,46.45013000000122],[-117.20653200013004,46.44887400010467],[-117.20579200033832,46.44748599999549],[-117.20609100008907,46.44604799982223],[-117.2086970001519,46.443148000024884],[-117.2128949999511,46.43601699998538],[-117.21450599995411,46.432238000160844],[-117.21448699968754,46.43037199999118],[-117.21355600010013,46.427715999804924],[-117.21070599963981,46.424786999862015],[-117.20862799965661,46.42370700018736],[-117.19985999961418,46.42017699979579],[-117.19671399977618,46.42002499996572],[-117.18970200039999,46.42047299978076],[-117.18597900007862,46.42092500003813],[-117.17962399975512,46.42218999972559],[-117.17441500000254,46.42438999970268],[-117.16982399984293,46.42602400011685],[-117.1636829997797,46.4278860000224],[-117.15588600040594,46.42997900000434],[-117.15159099962403,46.430560999793464],[-117.14446399972182,46.43022100003527],[-117.13186199992822,46.42701600002512],[-117.12862999987651,46.425824999943146],[-117.11703400001343,46.421118000169606],[-117.11018900014348,46.42029199996832],[-117.10181500028635,46.41980299985171],[-117.09817200033089,46.418816000059756],[-117.09622099967099,46.4177070000604],[-117.09288400003727,46.41699299999591],[-117.08946000036494,46.416779000108946],[-117.08615399979507,46.41735399969909],[-117.08084200011034,46.42061400027554],[-117.07531199996738,46.42294099979251],[-117.07219899974137,46.424717000118726],[-117.06837400021104,46.42659300005915],[-117.06753700033495,46.42699300024601],[-117.06155600010528,46.428774000239876],[-117.05791499979966,46.429732999756865],[-117.05542199971475,46.4298729998929],[-117.05291699993428,46.43001400022365],[-117.04832300029994,46.42914999984358],[-117.03981207473562,46.42590412343843],[-117.03979504357615,46.434722091058426],[-117.0397572550454,46.45428791919551],[-117.03975211039378,46.4569512739829],[-117.03974100003035,46.462703999991284],[-117.03976299977164,46.46956999981816],[-117.03977100016756,46.47177900001674],[-117.03965680004045,46.5417092337121],[-117.03952769596442,46.62076664810037],[-117.0395276223026,46.620811745337356],[-117.03949941699929,46.63808327263619],[-117.03949253949749,46.642294707210326],[-117.03939799989867,46.70018599995478],[-117.03940600927774,46.70233278492256],[-117.03946664825436,46.7185863300634],[-117.03947917166774,46.72194323577905],[-117.03951818819547,46.73240117068859],[-117.03951819358535,46.73240270442542],[-117.03953434259921,46.73673126916694],[-117.03982800006898,46.8154430002901],[-117.03981759039146,46.816073359416144],[-117.03971589750802,46.82223143701053],[-117.03965700036473,46.82579800010726],[-117.03965711445079,46.82600867514581],[-117.03968291945564,46.873428981237886],[-117.03970411430646,46.91237687341239],[-117.03973062628543,46.96109608816716],[-117.03973402551048,46.967342629586156],[-117.03977842743834,47.04893747690558],[-117.03980085837097,47.09015734001155],[-117.03980133268144,47.09102905060769],[-117.03981877437101,47.12307917962782],[-117.0398210542952,47.12726896249747],[-117.03982471133672,47.13399002139648],[-117.03983599956659,47.154733999829205],[-117.03987099972667,47.1818580000568],[-117.03988800034344,47.20328199984677],[-117.03989900021409,47.22551499997146],[-117.03995127048552,47.24021911011368],[-117.04001899986469,47.25927199978589],[-117.06461200042992,47.2597120000809],[-117.06767399970398,47.25985199976821],[-117.08863099998646,47.259485999734856],[-117.17214000037585,47.25955299975193],[-117.17283199958865,47.25962199999935],[-117.19310900035387,47.259659000024286],[-117.214069999936,47.25968999969575],[-117.21500899991933,47.25956999970638],[-117.21649000022597,47.259630000039905],[-117.21927000036607,47.259559999949],[-117.22083100014034,47.25966099972831],[-117.22558200013353,47.25958199977853],[-117.32674999973311,47.25984500021943],[-117.47328400005738,47.259523999709444],[-117.48870000032626,47.259485999734856],[-117.49336299955758,47.25945099991062],[-117.49940599971153,47.25954100028289],[-117.5633510002615,47.25988699993704],[-117.57297700009644,47.25988200008852],[-117.6656319999217,47.25996500019519],[-117.67430999955246,47.25999000000351],[-117.68605000025391,47.25997999971578],[-117.68676800030431,47.25988100024071],[-117.74921199955787,47.26018199991804],[-117.82362900003969,47.260220000002725],[-117.8326199996649,47.260119999913776],[-117.83706000021178,47.26018999987394],[-117.83725000018258,47.26023999987593],[-117.96092999999112,47.26056799976666],[-117.96042500037606,47.22108600005699],[-117.95984000039506,47.12234100027611],[-117.96005600030512,47.11929399995431],[-117.95973499991474,47.072602000043354],[-117.95955400016479,47.06098099994365],[-117.96000899955114,47.017100000265145],[-117.95961199989111,46.93148800029652],[-117.95961299971603,46.929578999784276],[-117.95933499988166,46.91481100020623],[-117.96709899964344,46.91483100010491],[-117.97090700035363,46.867215999795725],[-117.97285800011525,46.86612399971422],[-117.97664400018584,46.86329099984424],[-117.98324300000846,46.86224299996359],[-117.98711299974461,46.862028000295176],[-117.98827100001107,46.86072900026161],[-117.98837200029341,46.85808499993071],[-117.99246700016047,46.85413300016763],[-117.99578600025082,46.85166600023199],[-117.99933299994679,46.84985599988696],[-118.00411999992498,46.84837199974384],[-118.00474400026405,46.84747500028472],[-118.00409300016082,46.84537100005781],[-118.00506300010629,46.843601999968485],[-118.00417699982641,46.8400749999836],[-118.00339199982885,46.8388129998209],[-117.99782800024904,46.83785300012943],[-117.99222600013606,46.838065000105594],[-117.99168200016294,46.83755499997185],[-117.99170800010221,46.83673199977997],[-117.99369400002391,46.83524199992918],[-117.9923419995887,46.8332840002271],[-117.99242199995463,46.83193400018301],[-117.99692400042578,46.829730000252376],[-117.99825699969611,46.827698000211555],[-117.9990509999145,46.825170000307],[-117.99788199977739,46.82341299979857],[-117.99752399957711,46.82254399973364],[-118.00108000039224,46.82057299992212],[-118.00364700009698,46.82016500030278],[-118.00670800044446,46.81861399985031],[-118.00760200022195,46.81712099999198],[-118.01157499989029,46.81480599979335],[-118.01290499968586,46.814567999711706],[-118.01824400003312,46.815389000130544],[-118.01932600013158,46.814810000100834],[-118.01988099997537,46.81215399969846],[-118.01802499975,46.80910600012986],[-118.0173550002785,46.805468000201174],[-118.01637299973913,46.80414100013184],[-118.01791400032022,46.79911500014187],[-118.01703700026115,46.79601299974781],[-118.01565700023687,46.793797000066014],[-118.01362399956118,46.79301199985695],[-118.01244199990359,46.79077999984135],[-118.01460000025274,46.789065000279216],[-118.01459799970462,46.78657699990472],[-118.01556699982518,46.78487299995097],[-118.0198409997924,46.78299800013669],[-118.0217289998048,46.78324599983067],[-118.02295099964536,46.78551299987939],[-118.02575099987695,46.78783299988159],[-118.02852000014637,46.78780599978829],[-118.0294940002898,46.786667000167725],[-118.03586100030886,46.78501699993698],[-118.03689700037656,46.78422500016795],[-118.03940499963178,46.78014200016809],[-118.04113100016082,46.77653199986962],[-118.04173500040841,46.774515000053036],[-118.04187299960233,46.77115700016185],[-118.04443799965726,46.76916400029121],[-118.04797799968055,46.768224000236536],[-118.05275700016114,46.76977799984024],[-118.07031199961428,46.77245399988564],[-118.07253100006281,46.77372199983563],[-118.07270299959193,46.77602899972844],[-118.07450500028895,46.776544000101794],[-118.07819299955193,46.77606500013805],[-118.08075299958399,46.775239000095624],[-118.08462300021846,46.775369999786584],[-118.08555800000384,46.776597999883144],[-118.09244899990453,46.77763000019891],[-118.09539999974882,46.77898599970291],[-118.09807600013185,46.77618500030423],[-118.09996999999206,46.77307000024223],[-118.10145399977343,46.7724969999625],[-118.10579800006082,46.77347699987526],[-118.10960599987273,46.77220599970236],[-118.11092599962257,46.77102699988095],[-118.11221500030858,46.76843099980722],[-118.11644300024501,46.766204000282684],[-118.11714299985377,46.76491999986794],[-118.12609500001925,46.76138900015038],[-118.13508300016971,46.760116000233076],[-118.14255700040155,46.76031100003689],[-118.14609999989958,46.75992099972352],[-118.14780799998695,46.75862200028471],[-118.14986400022885,46.75852400016093],[-118.15505000041523,46.75953499977378],[-118.15606999969111,46.75935300002431],[-118.15653599984641,46.75569599981146],[-118.15504600021725,46.753377000021146],[-118.16148199983327,46.74708199995653],[-118.16305000017854,46.746539000293225],[-118.16964999982608,46.746630000032255],[-118.17783100023767,46.74690800025187],[-118.1790780001926,46.74688600002992],[-118.18425900035609,46.747882999758076],[-118.18599599985745,46.7494000001869],[-118.18992099984521,46.75146700027605],[-118.19908999974565,46.747042000067104],[-118.20271299960959,46.743390000145936],[-118.2054710000084,46.73971400005421],[-118.21024299991798,46.73883299991495],[-118.21626799963025,46.73787199972727],[-118.22025299989245,46.736765000038496],[-118.2272390002277,46.73656699986557],[-118.23069600041029,46.73446100027436],[-118.23349699956847,46.73386600001324],[-118.23631000021884,46.73478900017039],[-118.23812600026123,46.73707699974974],[-118.2398850004022,46.73811299985163],[-118.24550500005853,46.7347980002389],[-118.24912200007472,46.73413800026114]]]}},
    {"type":"Feature","id":"53077","properties":{"STATE":"53","COUNTY":"077","GEOID":"53077","NAME":"Yakima County"},"geometry":{"type":"Polygon","coordinates":[[[-121.52028399969467,46.87917699985149],[-121.52306999968253,46.872783000060416],[-121.5151679998285,46.87096699969798],[-121.50753200011323,46.864802999944885],[-121.49734499968844,46.86286599980854],[-121.49553899969179,46.85491000019728],[-121.49089700037686,46.847845999761745],[-121.48543500000596,46.841013999786256],[-121.4841970002719,46.834274000175036],[-121.47469699993535,46.831401000203044],[-121.47018799979152,46.82627299997568],[-121.4708909997733,46.82396600029351],[-121.47241700028579,46.82317400024174],[-121.47126900006504,46.821900000298584],[-121.47408699983998,46.819982000005574],[-121.4718280001068,46.818335000038736],[-121.46965100038939,46.817835000063894],[-121.46457599963276,46.81474700029492],[-121.46344199965579,46.81327399969288],[-121.46074400042977,46.81197200008616],[-121.4581910000704,46.81197599998967],[-121.45699799964386,46.810712000303134],[-121.45819299972021,46.807810999906806],[-121.456663999733,46.806819000006385],[-121.45681400041914,46.80549400025321],[-121.45501799956993,46.802051000113],[-121.45060999970843,46.80057699996518],[-121.44932299957051,46.797489999903014],[-121.44416599969648,46.794862999905156],[-121.44251700005866,46.792660999994254],[-121.44846200030332,46.79185200003776],[-121.45044499985197,46.78990300013297],[-121.45383400026253,46.78817899992432],[-121.45556099971816,46.785880999760515],[-121.45521799958648,46.78379700023347],[-121.45502699979075,46.780602000306324],[-121.45251199996454,46.776676000018526],[-121.44963200026532,46.773840999924],[-121.44777500021506,46.7731099998859],[-121.4475669998026,46.76992600015969],[-121.4468139995921,46.76775099997073],[-121.44541199982649,46.7682020001016],[-121.4432009997739,46.76761899971334],[-121.44058100036567,46.76524499991134],[-121.43864499977437,46.762561000069454],[-121.43846099965135,46.76120199991244],[-121.44213600029215,46.759430999904275],[-121.44151000030327,46.758263999848],[-121.4336639996274,46.759206000227614],[-121.43166099998729,46.75900599993134],[-121.43063699961513,46.758144999806966],[-121.42866400011219,46.75818400002002],[-121.42528800012045,46.75742599986382],[-121.42428100036503,46.75662900004296],[-121.42493900014098,46.75384000022433],[-121.42382899955511,46.75233200003795],[-121.4261719998522,46.74944600023005],[-121.42642799994525,46.7480199997194],[-121.4289179996571,46.7461769997359],[-121.4305100002918,46.74387599989291],[-121.43116999971758,46.74188699991259],[-121.43073399969948,46.740607999956055],[-121.4289679998858,46.73922300016748],[-121.42137800020132,46.738008000078054],[-121.4171109999068,46.73620900006417],[-121.41243400043177,46.73555899991472],[-121.40986400035398,46.73276500004067],[-121.40920300020498,46.73021700022613],[-121.40802800022009,46.72826199979026],[-121.40601399981097,46.727393999847074],[-121.40231599960393,46.72824199994877],[-121.40006299971853,46.7273099997271],[-121.39486800020968,46.72685999971576],[-121.39280799976979,46.727642000024574],[-121.38701999988398,46.72724799971589],[-121.38332699969983,46.728487999946665],[-121.38133300028053,46.72843100000197],[-121.37909100026576,46.727196999762484],[-121.3744900000604,46.72725599980078],[-121.36883799971872,46.72616900017643],[-121.3651670001742,46.72377100013406],[-121.36335600015464,46.72297900008164],[-121.35962100013771,46.71798400004682],[-121.3582820001213,46.71675599979256],[-121.35473799990004,46.715302999903635],[-121.35318200014866,46.71195000006503],[-121.35432199997346,46.71128299985498],[-121.35812999978532,46.71218099979048],[-121.35996699974413,46.71192599977288],[-121.36246900004987,46.710789999811404],[-121.36870499964932,46.70887699999762],[-121.3692949996532,46.706848000131906],[-121.37343300007628,46.70616599984443],[-121.37586599988674,46.70527599989092],[-121.3797840002018,46.70176399976168],[-121.38022900044072,46.700940000207446],[-121.38020400032637,46.699174000029615],[-121.37822500007736,46.69626499969761],[-121.3744950000833,46.69286800005385],[-121.37503999988131,46.688856999970305],[-121.37668000019661,46.686485999832094],[-121.37867100014121,46.68595299989266],[-121.38319399963046,46.68595999977795],[-121.38668699979806,46.68725899985143],[-121.38940699966368,46.686941000173526],[-121.39195699965002,46.687423000267486],[-121.39518899970173,46.6872269998174],[-121.39894899983302,46.68808000015386],[-121.4010879999156,46.685843000079444],[-121.40366100036648,46.68456500004974],[-121.40881099966951,46.68347899973261],[-121.40834899971213,46.68280099970469],[-121.40890500027915,46.680558999740576],[-121.41146899961086,46.67732799987984],[-121.41321699988117,46.675868000085686],[-121.4131619996296,46.67449599980283],[-121.41177300028278,46.67240499973436],[-121.41227600024803,46.66841500002972],[-121.41153200025836,46.665640999820816],[-121.41463999956319,46.663115999787244],[-121.41646800019946,46.65952100006788],[-121.41679000041475,46.65502000008622],[-121.4165190002531,46.651923000033506],[-121.41374099976282,46.64871400021946],[-121.41192600044366,46.64821400013624],[-121.40833299981861,46.648438000138235],[-121.40496299967465,46.647409000084295],[-121.40288999971429,46.647294000067944],[-121.40072899989042,46.64614000013882],[-121.39603099960068,46.64641499995363],[-121.39518899970173,46.64582499984412],[-121.39711400042236,46.64354300016351],[-121.39797899988756,46.64179400020898],[-121.3961450003018,46.640180000250794],[-121.39227100036767,46.639934999708956],[-121.38927500031751,46.6387070000772],[-121.38638300002442,46.63604099971817],[-121.38723400014423,46.63315699997555],[-121.38885699984279,46.630931000164026],[-121.38960199965734,46.62873700023779],[-121.38918499990584,46.6256550000405],[-121.38814800001322,46.62482000007902],[-121.38681800021762,46.620832000304304],[-121.38831100021983,46.617934999715054],[-121.38962000009903,46.61670500024678],[-121.39594000026239,46.61452299993366],[-121.39648300041061,46.61322500019988],[-121.3996810001271,46.61189399971056],[-121.40098699963329,46.609342999885314],[-121.40071200017198,46.60664099975604],[-121.40351300022847,46.606391000302835],[-121.40552300043962,46.60525999986114],[-121.4071279996965,46.6028589997691],[-121.40758899982895,46.60147500013014],[-121.40481399971172,46.598252999794006],[-121.40474500011477,46.59719300002753],[-121.40232099962682,46.59425800014921],[-121.40273699955341,46.588417999764026],[-121.40519899967622,46.585035000261094],[-121.40571099986226,46.582343999786964],[-121.40859099956147,46.58095700023724],[-121.41157300026624,46.58090099980668],[-121.41299299957521,46.57863200015349],[-121.414652999982,46.57651200025811],[-121.41720700016626,46.5758320001181],[-121.41925599983716,46.57654999988363],[-121.42222299957498,46.57252899982853],[-121.42460100003218,46.57001000005227],[-121.42315400006072,46.569275000279255],[-121.42147799976041,46.566820999937256],[-121.4214619998669,46.56517499994288],[-121.41596600005914,46.56069300012263],[-121.41447300005693,46.560295000040746],[-121.41270999971798,46.55866799990273],[-121.4164709996742,46.55537700016173],[-121.41940200032536,46.55413300005824],[-121.42083400022818,46.551263999791956],[-121.41721399983896,46.54926100027813],[-121.4166459995764,46.54824000003326],[-121.41983800034345,46.544749000307],[-121.42686800016128,46.54122700019475],[-121.42743800007369,46.539999000177716],[-121.43008299959625,46.539162000220834],[-121.43392599956823,46.53933399999255],[-121.44011100001238,46.53601200001448],[-121.44616699968681,46.53529499992027],[-121.45096600025887,46.533894000189974],[-121.45061300008146,46.53063499996778],[-121.45235999962856,46.529192999998955],[-121.45259399998028,46.52572600004893],[-121.45463299960545,46.524078000065465],[-121.45456900003137,46.52040900010473],[-121.45598099984271,46.51672799973558],[-121.45562500019055,46.51326599995574],[-121.45232399964355,46.51044299971165],[-121.45171199989838,46.5090170002689],[-121.45255600034547,46.50656400023879],[-121.45106800036612,46.5059650001696],[-121.45014000025344,46.50352600028354],[-121.44687499969145,46.50253399988369],[-121.44448600026193,46.50092300030473],[-121.43856500030674,46.49995200015036],[-121.43322500013458,46.49836499999976],[-121.42997800001426,46.49839200023301],[-121.42729699960839,46.49698700006665],[-121.42637699989163,46.49495600015059],[-121.4232419999243,46.49274300008463],[-121.42339300043534,46.4914230000916],[-121.4285119997762,46.48956299975657],[-121.4298750000821,46.48767899988666],[-121.43179599970648,46.486659999969305],[-121.4319799998295,46.485011000173586],[-121.43507600033709,46.48222100011557],[-121.43513800026135,46.48039999974385],[-121.4365700001642,46.478213000107345],[-121.43585600031174,46.47590700022379],[-121.43442500023383,46.47435099994429],[-121.42974500038575,46.47098499970819],[-121.42772599995376,46.468010000211315],[-121.42614799956274,46.46684299972553],[-121.42537099996115,46.46408500012229],[-121.41914700005721,46.46257500019293],[-121.41558000026974,46.459800000202414],[-121.41238099983,46.45980500023931],[-121.41329300004918,46.45688899980664],[-121.41481600018861,46.45507900001045],[-121.41464399976117,46.45142399997525],[-121.41359699982279,46.45065799981016],[-121.41232099955553,46.44699000011374],[-121.41070500042802,46.44611900028301],[-121.41005400032479,46.441857000059976],[-121.4080499999614,46.43877799984285],[-121.40767599986756,46.43459800008406],[-121.40821599964274,46.433313999721136],[-121.40729799957582,46.429902999875246],[-121.40471400015264,46.429105000170935],[-121.40203399957164,46.42476799988753],[-121.39677799996339,46.42253799999893],[-121.39319199990935,46.417186999972195],[-121.39087100025189,46.416149999731985],[-121.39032100043097,46.414794999858685],[-121.38655700010173,46.41060099988422],[-121.387352000145,46.40853000024855],[-121.39087399972662,46.404993999833046],[-121.38857399998557,46.401935000045164],[-121.3899359995682,46.40143899998139],[-121.39172499984642,46.397159999753484],[-121.39150700028654,46.395274999913546],[-121.3929840003952,46.39423800001007],[-121.39385700025629,46.39076599998171],[-121.39385800008121,46.39054100023052],[-121.39373400023266,46.39020400012664],[-121.39375900034702,46.39003999982348],[-121.39466800019314,46.38942800005426],[-121.3954919996504,46.38891499975381],[-121.39575500031445,46.38877300026203],[-121.3961240003854,46.38862700010264],[-121.39655500038064,46.388234999822465],[-121.39981699967124,46.38862700010264],[-121.40267200015441,46.38804399998264],[-121.44570899992742,46.38801999979004],[-121.44723500043989,46.38472900024602],[-121.44911400023148,46.38489200025219],[-121.45363199969783,46.3866119997652],[-121.45654200043259,46.38862700010264],[-121.45943700020038,46.38846600025077],[-121.48671499957283,46.388119000129166],[-121.52232400004303,46.388224000161244],[-121.52232099967,46.044005999715715],[-121.42719399967622,46.04435099979418],[-121.42552800031997,46.04439899973198],[-121.416884999951,46.04468299986144],[-121.2557190004288,46.04488700026536],[-121.24995099973614,46.04463799991851],[-121.23726199990392,46.04470500006964],[-121.11187800020596,46.04420899999385],[-121.0912029999558,46.042943999847],[-121.06870900018848,46.04217300004726],[-121.04958100036721,46.04287000021087],[-120.62463999980291,46.04091500014002],[-120.61429300044287,46.04095999999771],[-120.5929579998686,46.04076399974],[-120.57312200004266,46.041541999884856],[-120.48995099976209,46.04173900005314],[-120.47983500038072,46.041502000157365],[-120.45228400029848,46.04148500020205],[-120.43880700009565,46.04106099980816],[-120.42832599994298,46.0401690002216],[-120.38676700010356,46.04153300013576],[-120.36641900009155,46.041625999966534],[-120.34025300005649,46.041423000174056],[-120.33107199956218,46.04148699994034],[-120.17671400009996,46.04147999992077],[-120.16756699994085,46.04131899985008],[-120.16502600017537,46.041423000174056],[-120.14725400008892,46.04143700022669],[-120.14613000015767,46.041482000282755],[-120.03153499968563,46.041064999938826],[-119.9900510001893,46.04097400016769],[-119.86582900005747,46.040857999810406],[-119.86559499970572,46.127152000246596],[-119.86669799972061,46.1870589998664],[-119.8666559998878,46.195366000242814],[-119.86665300041305,46.19599800028007],[-119.86653700006211,46.214576999728344],[-119.87356199985709,46.21460500021641],[-119.87336299966545,46.22917999998929],[-119.8734370001836,46.25104099993094],[-119.87345499972697,46.263875999808974],[-119.87359100016941,46.27300399984421],[-119.87369099972852,46.302089000137634],[-119.87364399987285,46.30219500025441],[-119.87359500036736,46.31684399995015],[-119.87428699958016,46.47641200006845],[-119.87448099974894,46.517756999948624],[-119.87420100026479,46.534003000163466],[-119.87422100035627,46.5627600000167],[-119.87672500031182,46.562733000263],[-119.87508400017163,46.57728299984701],[-119.87433699980889,46.62837200023458],[-119.87404200025613,46.6282830002966],[-119.8761529998513,46.629337000133916],[-119.88154800027502,46.6306310000123],[-119.89476799966161,46.632331000269545],[-119.8975820001369,46.63327099991722],[-119.90148299983518,46.635601999700775],[-119.90964400015532,46.64383900022165],[-119.91039599964259,46.64466900003095],[-119.91241900027251,46.6469049998253],[-119.91448899985981,46.64972900020906],[-119.91465000041664,46.65015500009933],[-119.91580799978475,46.653502999944756],[-119.91730099978696,46.65542300021124],[-119.91982700038214,46.6576299999082],[-119.92153700011933,46.658709000271806],[-119.93046099979739,46.66255100002177],[-119.93308799977659,46.66455899988358],[-119.93855500017035,46.669326000295236],[-119.94421800038272,46.673241999721796],[-119.94644000030596,46.675934999835036],[-119.94786200016303,46.6788620003035],[-119.94901200003359,46.682202000087855],[-119.95220599955213,46.68682699994939],[-119.95415200018918,46.69024000004561],[-119.95674800020629,46.693518000117216],[-119.96298200015592,46.70482400005218],[-119.96378899989477,46.7060219997478],[-119.96869999972152,46.71442599985532],[-119.97270599990013,46.723239000024776],[-119.97360800007357,46.729447999914306],[-119.97303599961303,46.737125999940936],[-119.98006200013123,46.73703200006265],[-120.00152200037894,46.737517999867634],[-120.38216699972313,46.737527999916395],[-120.38564499982212,46.737534999887906],[-120.4504489999895,46.737592999880626],[-120.51000000002337,46.7379460000512],[-120.5086019995574,46.78095100019502],[-120.50860499993045,46.82486200006863],[-120.61839499998264,46.8258069997271],[-120.62514899961594,46.825790999923846],[-120.6339810001308,46.82577600014235],[-120.6338880002444,46.869337999776704],[-120.63336900038563,46.905527000247375],[-120.63456199991387,46.91213000001227],[-120.65560799988478,46.91175399975914],[-120.79732400026874,46.91132500011814],[-120.80504799984755,46.91128799975081],[-120.81429100026614,46.91097299975192],[-121.00788500026046,46.9112729999097],[-121.02661999972135,46.91130799973692],[-121.02659200013224,46.914926999882795],[-121.03186600018218,46.91489099975612],[-121.03185699996133,46.918534000005764],[-121.03716000032357,46.91856899999962],[-121.03716799982118,46.922149999722194],[-121.04244199987109,46.92214000021933],[-121.04246299978749,46.93302100015817],[-121.05298699959785,46.93302500025129],[-121.05297200042759,46.936673000021614],[-121.05826099964779,46.93669100013074],[-121.05826300019592,46.943904000040554],[-121.06353600042094,46.943955000192766],[-121.06353800007074,46.94753200014452],[-121.06881499959538,46.94757600026684],[-121.06877899961037,46.95129700025479],[-121.06884999975551,46.95846500014425],[-121.07012199982476,46.95845200003942],[-121.07411200010984,46.958432999880564],[-121.07416200033856,46.962019999786584],[-121.07941299992395,46.9620650002005],[-121.07939899968022,46.96562999969901],[-121.08474700024827,46.96572400003559],[-121.08469700001959,46.96925699975598],[-121.08995699982579,46.969294999735176],[-121.09005399991017,46.99100700028664],[-121.1008139997221,46.99102299986898],[-121.10202700024014,46.993442999962824],[-121.10596499974835,46.995724999777806],[-121.11110200042926,46.995113999792906],[-121.11265700035574,46.99541600029159],[-121.11460599956922,46.997289000271344],[-121.11719400008867,46.997238999993975],[-121.12082199997549,46.998208999720745],[-121.12200100015836,46.99921999995329],[-121.12347700044212,46.998968999917786],[-121.12371500009348,47.00006299975085],[-121.12240799986412,47.001751999924394],[-121.12283700020953,47.00323500027072],[-121.12689500026667,47.00505400007822],[-121.1269970003739,47.00690699993385],[-121.12892300002116,47.009170999702484],[-121.13109700026386,47.00964299981653],[-121.13318899959246,47.01192400029082],[-121.13402600036687,47.01533299996927],[-121.13576500041637,47.01723299987714],[-121.13883799956109,47.018682999917814],[-121.14049600031805,47.01870399970729],[-121.14227800002526,47.02000599991999],[-121.1432239996813,47.02198600010722],[-121.14753700000657,47.02338700000346],[-121.14792000032122,47.024899000149446],[-121.15185600017962,47.026871999839884],[-121.15345299993889,47.02650800024166],[-121.1592550000684,47.02910299995399],[-121.16047899955879,47.03148399974556],[-121.16359199978481,47.033203000034455],[-121.16556900038401,47.035496000000606],[-121.16851500020543,47.0356730002139],[-121.17219099977287,47.0378220002823],[-121.1738059999738,47.03808899974995],[-121.17898100028951,47.040048000235636],[-121.17885300024298,47.041627000245505],[-121.18112700004478,47.04289600010111],[-121.18173100029234,47.04437400026348],[-121.18348299986232,47.044597999772236],[-121.18549200024857,47.04456800010575],[-121.1892809997939,47.042516999797996],[-121.19085800035998,47.04259799976918],[-121.19435400000235,47.044001999930416],[-121.19464400043059,47.045620000248356],[-121.19624399966459,47.04685200028494],[-121.19822999958629,47.047510000221976],[-121.20063900000562,47.04919299985019],[-121.1990389998733,47.05018800002372],[-121.20029900024701,47.05080499992878],[-121.20537099973222,47.050951000295456],[-121.20722799978252,47.05275499976617],[-121.21015900043366,47.053500000065796],[-121.2109510001039,47.05521200019285],[-121.212561000282,47.0555739997988],[-121.21500499996307,47.05834000022508],[-121.21496700032824,47.06030800005513],[-121.21814599977819,47.061926000190944],[-121.21830899998483,47.06536400009433],[-121.22079600022194,47.065882999837626],[-121.22240600040003,47.066851000140716],[-121.22447699981223,47.065755999926466],[-121.22880900040407,47.06648599991707],[-121.23038000022407,47.06717200011923],[-121.23203200023494,47.068878999875665],[-121.23391100002652,47.06952599983724],[-121.23773300008212,47.072262000258455],[-121.24035699968827,47.07336300019441],[-121.2448099997556,47.073512000275954],[-121.24828399965668,47.075431999880415],[-121.25182799987793,47.07634299975693],[-121.25510599996038,47.079102999997076],[-121.25637999967948,47.0795320000366],[-121.25652399961952,47.0820130001188],[-121.25926199992682,47.08207899975645],[-121.26101299967186,47.082698999886865],[-121.26406499979853,47.082810999709245],[-121.26831000035175,47.08461400014122],[-121.27205399969122,47.08456099999483],[-121.27406399990237,47.08527800009169],[-121.27629000002356,47.08687300016332],[-121.27735899970327,47.086902999885424],[-121.28101000005461,47.08875000020368],[-121.28429499980977,47.08824600028935],[-121.29079099970025,47.086092000168755],[-121.29431099963203,47.08575300028425],[-121.29672800044729,47.08611299973335],[-121.30137499978507,47.085187999964255],[-121.30443199993461,47.08313600008931],[-121.30658199988783,47.08222799993535],[-121.30875199993258,47.078645999901305],[-121.31125900026116,47.076915000122206],[-121.31737000018718,47.076059999872676],[-121.31847499985187,47.075562999819454],[-121.32190400044539,47.07569799987272],[-121.32624500035973,47.076377000288254],[-121.32780000028623,47.07517499978358],[-121.33567299982793,47.07584299973025],[-121.33792599971335,47.07770200019315],[-121.3413310000174,47.07935299998375],[-121.34242099961348,47.07895700024533],[-121.34713599962167,47.07873900007247],[-121.35155100005417,47.076379000174875],[-121.3562819999559,47.07197000018741],[-121.35923600017327,47.07073999986276],[-121.36313600004662,47.07120899972363],[-121.36626299961804,47.0736969997236],[-121.36609699993672,47.07539299985505],[-121.36723500011166,47.07702500000616],[-121.36985299987003,47.07880099989251],[-121.37627400031577,47.08147400022134],[-121.37818900009236,47.08369600020518],[-121.37968200009458,47.08749500024175],[-121.37996099975383,47.087248000062296],[-121.38330900015647,47.084794999828105],[-121.38262000041838,47.082188999990386],[-121.37972700030039,47.07855999980248],[-121.37981500016394,47.07683300002759],[-121.37887100015774,47.07562700019096],[-121.37538999968568,47.073279000137255],[-121.3758409997724,47.07088300026942],[-121.37511699987421,47.06858899980454],[-121.37526099981427,47.06708899990601],[-121.37677300008305,47.06382599995388],[-121.37662800031809,47.061525999793055],[-121.37411500014167,47.05700499995322],[-121.37647400033231,47.05484799988308],[-121.37931100037378,47.05386599990361],[-121.37904500023502,47.05252900006682],[-121.38106799996662,47.05037099999215],[-121.38295799962889,47.04960299990637],[-121.38585499994484,47.04922100029466],[-121.38651699991873,47.048507000282974],[-121.3863389996435,47.046096999945576],[-121.39262700001983,47.040984000212795],[-121.39702099963763,47.035566000079065],[-121.39881699958855,47.034768000231416],[-121.39980099977772,47.03346399975663],[-121.3995890000656,47.0317930000112],[-121.3965820001448,47.02894099993986],[-121.39708599993497,47.026250000076374],[-121.39474000016314,47.02327100015622],[-121.39614699995164,47.01940599999014],[-121.3971510002323,47.01829600004438],[-121.40171800010246,47.015360999810156],[-121.40375900027576,47.014977000275145],[-121.40619299991114,47.01217599971652],[-121.40615600010119,47.009016000021866],[-121.40781999980763,47.005673999822115],[-121.40939999984847,47.00406300023599],[-121.4093029997641,47.002844999956366],[-121.40665900006644,47.00075000012518],[-121.40645700040008,46.99874400016765],[-121.40912200001414,46.99518899980419],[-121.4134980000886,46.99517899984961],[-121.41925400018735,46.991908000137585],[-121.42012299985046,46.989272999773824],[-121.420912000046,46.988577000223366],[-121.42703600039079,46.98807800029855],[-121.43132200005357,46.98641399993042],[-121.43360699972601,46.984796999785125],[-121.43812000006781,46.98400600012135],[-121.44198899997909,46.982278000294265],[-121.44322699971315,46.98064600004031],[-121.44584100017187,46.98022400022925],[-121.44617500008273,46.978340000070325],[-121.44380300037162,46.97465800026866],[-121.44193899975035,46.97375100001532],[-121.44289799982518,46.97228400001268],[-121.44418999998594,46.97205400009402],[-121.44528799997794,46.97069099996953],[-121.44822999960141,46.96964600020242],[-121.45247199978157,46.96692700020634],[-121.45507799984436,46.964780999989166],[-121.45756799955625,46.9642409997074],[-121.45838000021628,46.96056999997763],[-121.45809499981095,46.95963800028015],[-121.45573499979541,46.957986999731446],[-121.45323900023575,46.95698899994831],[-121.45263199961515,46.95571200004506],[-121.45359300023809,46.953731999722244],[-121.45324000006067,46.951634999932146],[-121.45034699994267,46.94834899990292],[-121.45237200022245,46.94528499976649],[-121.45187900030297,46.943735999953034],[-121.4522490001988,46.94129999985064],[-121.45052000019506,46.9388470003053],[-121.44946400003585,46.9343529999214],[-121.45056899970054,46.93283599997338],[-121.45468200000926,46.92901999989956],[-121.45701000023773,46.92798100009089],[-121.45636900018022,46.924098000175725],[-121.4568310001376,46.923145999879075],[-121.46028400012221,46.92146100028131],[-121.46438200036232,46.92077099985732],[-121.4659060003267,46.92016700006887],[-121.46798400030991,46.91789000021063],[-121.4701660000502,46.91769199973166],[-121.4736869998069,46.915237999765615],[-121.47537599962769,46.91327199994591],[-121.47823600013373,46.91348500002857],[-121.48089099970203,46.91263300014135],[-121.48495399978204,46.912835000050386],[-121.48812899993234,46.91186099998712],[-121.48964899969872,46.91001399979909],[-121.49170400011572,46.909108999794924],[-121.49419600037571,46.90876100028124],[-121.49698599966322,46.90834200024252],[-121.49777400003384,46.9073899998405],[-121.5028399996713,46.90127000020278],[-121.51044299977458,46.896611000075055],[-121.5142449997387,46.89098699989536],[-121.51326499974748,46.884805000000284],[-121.52028399969467,46.87917699985149]]]}}
  ]
}
